run_name,model_name,checkpoint,checkpoint_sha256,lr,seed,best_epoch,val_loss,val_top1_accuracy,val_macro_accuracy,val_top5_accuracy,test_loss,test_top1_accuracy,test_macro_accuracy,test_top5_accuracy
mot_base-large_1d-bs.512-ep.300,mot_base_1d,/data/seokhyeon/MotionJEPA/output/mot_base-large_1d-bs.512-ep.300/motion-jepa-1d-latest.pth.tar,30bb77c1974cdb4f5ea5656afcc7cc24485dcb1e9bb2b9f256163f810e705a0a,0.001,0,39,2.6770712974650452,0.4829827915869981,0.4617113769054413,0.7292543021032505,2.7200006486444686,0.45562356541698545,0.4276711940765381,0.7065799540933435
mot_base-large_1d-bs.512-ep.300,mot_base_1d,/data/seokhyeon/MotionJEPA/output/mot_base-large_1d-bs.512-ep.300/motion-jepa-1d-latest.pth.tar,30bb77c1974cdb4f5ea5656afcc7cc24485dcb1e9bb2b9f256163f810e705a0a,0.001,1,46,2.6706070967431734,0.4803059273422562,0.4606822729110718,0.7239005736137667,2.7135660978520106,0.45791889824024484,0.43250155448913574,0.7054322876817138
mot_base-large_1d-bs.512-ep.300,mot_base_1d,/data/seokhyeon/MotionJEPA/output/mot_base-large_1d-bs.512-ep.300/motion-jepa-1d-latest.pth.tar,30bb77c1974cdb4f5ea5656afcc7cc24485dcb1e9bb2b9f256163f810e705a0a,0.001,2,44,2.6698866076496772,0.487189292543021,0.46460795402526855,0.7246653919694073,2.7134016076389305,0.45371078806426934,0.4271560609340668,0.7008416220351951
mot_base-large_1d-bs.512-ep.300,mot_base_1d,/data/seokhyeon/MotionJEPA/output/mot_base-large_1d-bs.512-ep.300/motion-jepa-1d-latest.pth.tar,30bb77c1974cdb4f5ea5656afcc7cc24485dcb1e9bb2b9f256163f810e705a0a,0.003,0,42,1.9279540344588388,0.6137667304015296,0.5969112515449524,0.8087954110898662,1.9807466683537338,0.5864575363427696,0.5677821636199951,0.8006885998469778
mot_base-large_1d-bs.512-ep.300,mot_base_1d,/data/seokhyeon/MotionJEPA/output/mot_base-large_1d-bs.512-ep.300/motion-jepa-1d-latest.pth.tar,30bb77c1974cdb4f5ea5656afcc7cc24485dcb1e9bb2b9f256163f810e705a0a,0.003,1,41,1.9343605026916153,0.6065009560229445,0.5898808836936951,0.8091778202676865,1.9872926188135476,0.5899005355776588,0.5700713396072388,0.7983932670237185
mot_base-large_1d-bs.512-ep.300,mot_base_1d,/data/seokhyeon/MotionJEPA/output/mot_base-large_1d-bs.512-ep.300/motion-jepa-1d-latest.pth.tar,30bb77c1974cdb4f5ea5656afcc7cc24485dcb1e9bb2b9f256163f810e705a0a,0.003,2,43,1.9291882662654607,0.6084130019120458,0.5908455848693848,0.8087954110898662,1.980764740737413,0.5876052027543994,0.5674495697021484,0.7949502677888294
mot_base-large_1d-bs.512-ep.300,mot_base_1d,/data/seokhyeon/MotionJEPA/output/mot_base-large_1d-bs.512-ep.300/motion-jepa-1d-latest.pth.tar,30bb77c1974cdb4f5ea5656afcc7cc24485dcb1e9bb2b9f256163f810e705a0a,0.01,0,37,1.4100705279902792,0.7024856596558318,0.688983142375946,0.8669216061185469,1.4609507273970985,0.6710022953328233,0.6553908586502075,0.8530986993114001
mot_base-large_1d-bs.512-ep.300,mot_base_1d,/data/seokhyeon/MotionJEPA/output/mot_base-large_1d-bs.512-ep.300/motion-jepa-1d-latest.pth.tar,30bb77c1974cdb4f5ea5656afcc7cc24485dcb1e9bb2b9f256163f810e705a0a,0.01,1,39,1.406905004672749,0.7043977055449331,0.6910492181777954,0.865774378585086,1.4577574040384447,0.675592960979342,0.6609311103820801,0.8515684774292273
mot_base-large_1d-bs.512-ep.300,mot_base_1d,/data/seokhyeon/MotionJEPA/output/mot_base-large_1d-bs.512-ep.300/motion-jepa-1d-latest.pth.tar,30bb77c1974cdb4f5ea5656afcc7cc24485dcb1e9bb2b9f256163f810e705a0a,0.01,2,43,1.4028952604042184,0.702868068833652,0.689220130443573,0.8627151051625239,1.4516671522938758,0.6752104055087987,0.6600069999694824,0.8519510328997705
mot_base-large_1d-bs.512-ep.300,mot_base_1d,/data/seokhyeon/MotionJEPA/output/mot_base-large_1d-bs.512-ep.300/motion-jepa-1d-latest.pth.tar,30bb77c1974cdb4f5ea5656afcc7cc24485dcb1e9bb2b9f256163f810e705a0a,0.03,0,39,1.1336811014616694,0.7525812619502869,0.7450501918792725,0.8860420650095602,1.1745885368878366,0.7283856159143076,0.7149791717529297,0.8806426931905126
mot_base-large_1d-bs.512-ep.300,mot_base_1d,/data/seokhyeon/MotionJEPA/output/mot_base-large_1d-bs.512-ep.300/motion-jepa-1d-latest.pth.tar,30bb77c1974cdb4f5ea5656afcc7cc24485dcb1e9bb2b9f256163f810e705a0a,0.03,1,31,1.1479600355684416,0.7502868068833652,0.7421190738677979,0.8848948374760994,1.1879916727406066,0.7245600612088753,0.7115745544433594,0.8771996939556236
mot_base-large_1d-bs.512-ep.300,mot_base_1d,/data/seokhyeon/MotionJEPA/output/mot_base-large_1d-bs.512-ep.300/motion-jepa-1d-latest.pth.tar,30bb77c1974cdb4f5ea5656afcc7cc24485dcb1e9bb2b9f256163f810e705a0a,0.03,2,35,1.1394071925438614,0.7506692160611854,0.7422162890434265,0.8864244741873805,1.177267615997618,0.7295332823259373,0.7149596214294434,0.8783473603672532
mot_base-large_1d-bs.512-ep.300,mot_base_1d,/data/seokhyeon/MotionJEPA/output/mot_base-large_1d-bs.512-ep.300/motion-jepa-1d-latest.pth.tar,30bb77c1974cdb4f5ea5656afcc7cc24485dcb1e9bb2b9f256163f810e705a0a,0.1,0,45,1.0111144581898677,0.767112810707457,0.7606691718101501,0.8933078393881453,1.0402381301564667,0.7521040550879877,0.7386496067047119,0.8940321346595256
mot_base-large_1d-bs.512-ep.300,mot_base_1d,/data/seokhyeon/MotionJEPA/output/mot_base-large_1d-bs.512-ep.300/motion-jepa-1d-latest.pth.tar,30bb77c1974cdb4f5ea5656afcc7cc24485dcb1e9bb2b9f256163f810e705a0a,0.1,1,40,1.0159698471740373,0.7678776290630975,0.7621656060218811,0.8967495219885278,1.045769184348961,0.7555470543228768,0.7421902418136597,0.8947972456006121
mot_base-large_1d-bs.512-ep.300,mot_base_1d,/data/seokhyeon/MotionJEPA/output/mot_base-large_1d-bs.512-ep.300/motion-jepa-1d-latest.pth.tar,30bb77c1974cdb4f5ea5656afcc7cc24485dcb1e9bb2b9f256163f810e705a0a,0.1,2,38,1.0180453911338208,0.767112810707457,0.7611985206604004,0.8963671128107075,1.0415899514604727,0.7501912777352716,0.7380186319351196,0.8928844682478959
mot_base-large_1d-bs.512-ep.300,mot_base_1d,/data/seokhyeon/MotionJEPA/output/mot_base-large_1d-bs.512-ep.300/motion-jepa-1d-latest.pth.tar,30bb77c1974cdb4f5ea5656afcc7cc24485dcb1e9bb2b9f256163f810e705a0a,0.3,0,47,1.0730783422408094,0.7678776290630975,0.7636440992355347,0.8933078393881453,1.1056536475300516,0.7498087222647284,0.7356730699539185,0.8955623565416986
mot_base-large_1d-bs.512-ep.300,mot_base_1d,/data/seokhyeon/MotionJEPA/output/mot_base-large_1d-bs.512-ep.300/motion-jepa-1d-latest.pth.tar,30bb77c1974cdb4f5ea5656afcc7cc24485dcb1e9bb2b9f256163f810e705a0a,0.3,1,47,1.0740029329551566,0.7674952198852772,0.7632787227630615,0.8925430210325048,1.1058352761534944,0.7513389441469013,0.7387112975120544,0.8947972456006121
mot_base-large_1d-bs.512-ep.300,mot_base_1d,/data/seokhyeon/MotionJEPA/output/mot_base-large_1d-bs.512-ep.300/motion-jepa-1d-latest.pth.tar,30bb77c1974cdb4f5ea5656afcc7cc24485dcb1e9bb2b9f256163f810e705a0a,0.3,2,46,1.0756183317924777,0.768642447418738,0.7643422484397888,0.8936902485659656,1.1057936034315674,0.7524866105585309,0.7392656803131104,0.8967100229533282
mot_base-large_1d-bs.512-ep.300,mot_base_1d,/data/seokhyeon/MotionJEPA/output/mot_base-large_1d-bs.512-ep.300/motion-jepa-1d-latest.pth.tar,30bb77c1974cdb4f5ea5656afcc7cc24485dcb1e9bb2b9f256163f810e705a0a,1.0,0,50,1.8673601562616702,0.7510516252390057,0.7475954294204712,0.8864244741873805,1.9229390349384474,0.7260902830910482,0.7139007449150085,0.8917368018362662
mot_base-large_1d-bs.512-ep.300,mot_base_1d,/data/seokhyeon/MotionJEPA/output/mot_base-large_1d-bs.512-ep.300/motion-jepa-1d-latest.pth.tar,30bb77c1974cdb4f5ea5656afcc7cc24485dcb1e9bb2b9f256163f810e705a0a,1.0,1,42,1.8979598400925588,0.752963671128107,0.7488360404968262,0.8841300191204589,1.9431450135304715,0.7276205049732212,0.7132118940353394,0.8898240244835501
mot_base-large_1d-bs.512-ep.300,mot_base_1d,/data/seokhyeon/MotionJEPA/output/mot_base-large_1d-bs.512-ep.300/motion-jepa-1d-latest.pth.tar,30bb77c1974cdb4f5ea5656afcc7cc24485dcb1e9bb2b9f256163f810e705a0a,1.0,2,39,1.9253337210952437,0.7495219885277247,0.7455532550811768,0.8829827915869981,1.958326859244337,0.7241775057383321,0.7105928659439087,0.8886763580719205
mot_base-small_1d-bs.512-ep.300,mot_base_1d,/data/seokhyeon/MotionJEPA/output/mot_base-small_1d-bs.512-ep.300/motion-jepa-1d-latest.pth.tar,8b42dde186c095b881cfc807e803435d2e72082e71838930e0ebe872a9713244,0.001,0,42,2.182554836528479,0.5854684512428299,0.5677500367164612,0.7850860420650095,2.1875704274254164,0.5757459831675593,0.5533998608589172,0.777735271614384
mot_base-small_1d-bs.512-ep.300,mot_base_1d,/data/seokhyeon/MotionJEPA/output/mot_base-small_1d-bs.512-ep.300/motion-jepa-1d-latest.pth.tar,8b42dde186c095b881cfc807e803435d2e72082e71838930e0ebe872a9713244,0.001,1,46,2.1666258540253795,0.5869980879541109,0.5684657096862793,0.7873804971319311,2.185639641899687,0.5680948737566948,0.5438454747200012,0.7819433817903596
mot_base-small_1d-bs.512-ep.300,mot_base_1d,/data/seokhyeon/MotionJEPA/output/mot_base-small_1d-bs.512-ep.300/motion-jepa-1d-latest.pth.tar,8b42dde186c095b881cfc807e803435d2e72082e71838930e0ebe872a9713244,0.001,2,42,2.1773020815439024,0.5889101338432122,0.5704247951507568,0.7847036328871893,2.191488608934538,0.5726855394032134,0.5506899952888489,0.7804131599081867
mot_base-small_1d-bs.512-ep.300,mot_base_1d,/data/seokhyeon/MotionJEPA/output/mot_base-small_1d-bs.512-ep.300/motion-jepa-1d-latest.pth.tar,8b42dde186c095b881cfc807e803435d2e72082e71838930e0ebe872a9713244,0.003,0,44,1.5430192294585774,0.7024856596558318,0.6933164000511169,0.8531548757170172,1.5475193452725633,0.6962509563886764,0.6781001091003418,0.8496557000765111
mot_base-small_1d-bs.512-ep.300,mot_base_1d,/data/seokhyeon/MotionJEPA/output/mot_base-small_1d-bs.512-ep.300/motion-jepa-1d-latest.pth.tar,8b42dde186c095b881cfc807e803435d2e72082e71838930e0ebe872a9713244,0.003,1,42,1.5406714488625755,0.6978967495219885,0.6865089535713196,0.8527724665391969,1.555569305069682,0.6878347360367253,0.6706529259681702,0.8519510328997705
mot_base-small_1d-bs.512-ep.300,mot_base_1d,/data/seokhyeon/MotionJEPA/output/mot_base-small_1d-bs.512-ep.300/motion-jepa-1d-latest.pth.tar,8b42dde186c095b881cfc807e803435d2e72082e71838930e0ebe872a9713244,0.003,2,44,1.5434306974392775,0.7005736137667304,0.6911584734916687,0.8512428298279159,1.550125618243637,0.6920428462127008,0.6737346649169922,0.8515684774292273
mot_base-small_1d-bs.512-ep.300,mot_base_1d,/data/seokhyeon/MotionJEPA/output/mot_base-small_1d-bs.512-ep.300/motion-jepa-1d-latest.pth.tar,8b42dde186c095b881cfc807e803435d2e72082e71838930e0ebe872a9713244,0.01,0,37,1.1283667453160477,0.7766730401529637,0.7700662016868591,0.8868068833652007,1.1155920152729855,0.7735271614384086,0.7608175873756409,0.8944146901300689
mot_base-small_1d-bs.512-ep.300,mot_base_1d,/data/seokhyeon/MotionJEPA/output/mot_base-small_1d-bs.512-ep.300/motion-jepa-1d-latest.pth.tar,8b42dde186c095b881cfc807e803435d2e72082e71838930e0ebe872a9713244,0.01,1,38,1.1248095671031944,0.7789674952198853,0.772594690322876,0.8879541108986616,1.1189538507673151,0.7723794950267788,0.7586357593536377,0.8925019127773527
mot_base-small_1d-bs.512-ep.300,mot_base_1d,/data/seokhyeon/MotionJEPA/output/mot_base-small_1d-bs.512-ep.300/motion-jepa-1d-latest.pth.tar,8b42dde186c095b881cfc807e803435d2e72082e71838930e0ebe872a9713244,0.01,2,40,1.1255078915656183,0.7755258126195028,0.7675498723983765,0.8894837476099426,1.1128046040144601,0.7750573833205815,0.7621501684188843,0.8959449120122418
mot_base-small_1d-bs.512-ep.300,mot_base_1d,/data/seokhyeon/MotionJEPA/output/mot_base-small_1d-bs.512-ep.300/motion-jepa-1d-latest.pth.tar,8b42dde186c095b881cfc807e803435d2e72082e71838930e0ebe872a9713244,0.03,0,34,0.9075233692876695,0.8122370936902485,0.8085407018661499,0.9074569789674952,0.8813617096297506,0.8171384850803366,0.8058836460113525,0.9120122417750574
mot_base-small_1d-bs.512-ep.300,mot_base_1d,/data/seokhyeon/MotionJEPA/output/mot_base-small_1d-bs.512-ep.300/motion-jepa-1d-latest.pth.tar,8b42dde186c095b881cfc807e803435d2e72082e71838930e0ebe872a9713244,0.03,1,38,0.9002715714347066,0.8137667304015297,0.8097435832023621,0.9070745697896749,0.8796499481434665,0.8156082631981637,0.804555356502533,0.9116296863045141
mot_base-small_1d-bs.512-ep.300,mot_base_1d,/data/seokhyeon/MotionJEPA/output/mot_base-small_1d-bs.512-ep.300/motion-jepa-1d-latest.pth.tar,8b42dde186c095b881cfc807e803435d2e72082e71838930e0ebe872a9713244,0.03,2,40,0.9003447042140632,0.8095602294455067,0.8067746758460999,0.908604206500956,0.8764170929048476,0.8182861514919664,0.8078640103340149,0.9108645753634277
mot_base-small_1d-bs.512-ep.300,mot_base_1d,/data/seokhyeon/MotionJEPA/output/mot_base-small_1d-bs.512-ep.300/motion-jepa-1d-latest.pth.tar,8b42dde186c095b881cfc807e803435d2e72082e71838930e0ebe872a9713244,0.1,0,37,0.7762228088670662,0.8355640535372849,0.8301598429679871,0.9208413001912046,0.7561451110022617,0.8358837031369548,0.8255817294120789,0.9223412394797246
mot_base-small_1d-bs.512-ep.300,mot_base_1d,/data/seokhyeon/MotionJEPA/output/mot_base-small_1d-bs.512-ep.300/motion-jepa-1d-latest.pth.tar,8b42dde186c095b881cfc807e803435d2e72082e71838930e0ebe872a9713244,0.1,1,39,0.7769376415595498,0.8359464627151052,0.8308684825897217,0.9219885277246654,0.757025968964627,0.8347360367253251,0.8241732716560364,0.9227237949502678
mot_base-small_1d-bs.512-ep.300,mot_base_1d,/data/seokhyeon/MotionJEPA/output/mot_base-small_1d-bs.512-ep.300/motion-jepa-1d-latest.pth.tar,8b42dde186c095b881cfc807e803435d2e72082e71838930e0ebe872a9713244,0.1,2,37,0.7765942341966793,0.8390057361376673,0.833637535572052,0.9227533460803059,0.7569838569833746,0.836266258607498,0.8273786902427673,0.9215761285386381
mot_base-small_1d-bs.512-ep.300,mot_base_1d,/data/seokhyeon/MotionJEPA/output/mot_base-small_1d-bs.512-ep.300/motion-jepa-1d-latest.pth.tar,8b42dde186c095b881cfc807e803435d2e72082e71838930e0ebe872a9713244,0.3,0,41,0.7775434636249141,0.8416826003824092,0.8365522027015686,0.931548757170172,0.763867783199856,0.8397092578423871,0.829896092414856,0.9292272379495027
mot_base-small_1d-bs.512-ep.300,mot_base_1d,/data/seokhyeon/MotionJEPA/output/mot_base-small_1d-bs.512-ep.300/motion-jepa-1d-latest.pth.tar,8b42dde186c095b881cfc807e803435d2e72082e71838930e0ebe872a9713244,0.3,1,46,0.7745811936504299,0.8432122370936902,0.8373323082923889,0.9323135755258126,0.7619279965062861,0.8416220351951033,0.8321772813796997,0.928079571537873
mot_base-small_1d-bs.512-ep.300,mot_base_1d,/data/seokhyeon/MotionJEPA/output/mot_base-small_1d-bs.512-ep.300/motion-jepa-1d-latest.pth.tar,8b42dde186c095b881cfc807e803435d2e72082e71838930e0ebe872a9713244,0.3,2,40,0.7788610950710668,0.8405353728489484,0.8355765342712402,0.9334608030592734,0.768011926418967,0.8358837031369548,0.8260759711265564,0.9292272379495027
mot_base-small_1d-bs.512-ep.300,mot_base_1d,/data/seokhyeon/MotionJEPA/output/mot_base-small_1d-bs.512-ep.300/motion-jepa-1d-latest.pth.tar,8b42dde186c095b881cfc807e803435d2e72082e71838930e0ebe872a9713244,1.0,0,45,1.349821616586718,0.8325047801147227,0.8261271715164185,0.9281070745697897,1.358631598101195,0.819433817903596,0.8083454370498657,0.9265493496557001
mot_base-small_1d-bs.512-ep.300,mot_base_1d,/data/seokhyeon/MotionJEPA/output/mot_base-small_1d-bs.512-ep.300/motion-jepa-1d-latest.pth.tar,8b42dde186c095b881cfc807e803435d2e72082e71838930e0ebe872a9713244,1.0,1,44,1.3495382976349635,0.8298279158699808,0.8230109214782715,0.9304015296367113,1.340528599068511,0.822876817138485,0.812160849571228,0.928079571537873
mot_base-small_1d-bs.512-ep.300,mot_base_1d,/data/seokhyeon/MotionJEPA/output/mot_base-small_1d-bs.512-ep.300/motion-jepa-1d-latest.pth.tar,8b42dde186c095b881cfc807e803435d2e72082e71838930e0ebe872a9713244,1.0,2,38,1.3558797103269151,0.8282982791586998,0.8222157955169678,0.9277246653919694,1.3566469339897547,0.8240244835501148,0.8121781349182129,0.9246365723029839
mot_base_1d-bs.512-ep.300,mot_base_1d,/data/seokhyeon/MotionJEPA/output/mot_base_1d-bs.512-ep.300/motion-jepa-1d-latest.pth.tar,714f25a0c402deea68d42ecefb913378039a522670d7d07ba60a8bbf37ee710d,0.001,0,43,3.0629787992109074,0.38393881453154877,0.36733192205429077,0.6588910133843212,3.0985538217067354,0.39441469013006886,0.36778268218040466,0.663733741392502
mot_base_1d-bs.512-ep.300,mot_base_1d,/data/seokhyeon/MotionJEPA/output/mot_base_1d-bs.512-ep.300/motion-jepa-1d-latest.pth.tar,714f25a0c402deea68d42ecefb913378039a522670d7d07ba60a8bbf37ee710d,0.001,1,43,3.06397627471282,0.38087954110898664,0.36826804280281067,0.675717017208413,3.096408858587474,0.3905891354246366,0.36730942130088806,0.662203519510329
mot_base_1d-bs.512-ep.300,mot_base_1d,/data/seokhyeon/MotionJEPA/output/mot_base_1d-bs.512-ep.300/motion-jepa-1d-latest.pth.tar,714f25a0c402deea68d42ecefb913378039a522670d7d07ba60a8bbf37ee710d,0.001,2,44,3.0571016446582218,0.38049713193116635,0.3658936321735382,0.6703632887189293,3.0974811124911086,0.38905891354246364,0.36229974031448364,0.6560826319816373
mot_base_1d-bs.512-ep.300,mot_base_1d,/data/seokhyeon/MotionJEPA/output/mot_base_1d-bs.512-ep.300/motion-jepa-1d-latest.pth.tar,714f25a0c402deea68d42ecefb913378039a522670d7d07ba60a8bbf37ee710d,0.003,0,45,2.256196378339545,0.5445506692160612,0.5345543026924133,0.7869980879541109,2.2848095766168197,0.553557765876052,0.5327651500701904,0.7727620504973222
mot_base_1d-bs.512-ep.300,mot_base_1d,/data/seokhyeon/MotionJEPA/output/mot_base_1d-bs.512-ep.300/motion-jepa-1d-latest.pth.tar,714f25a0c402deea68d42ecefb913378039a522670d7d07ba60a8bbf37ee710d,0.003,1,47,2.2532490484117322,0.5529636711281071,0.5453510880470276,0.7850860420650095,2.279860997801987,0.5577658760520275,0.5367267727851868,0.7708492731446059
mot_base_1d-bs.512-ep.300,mot_base_1d,/data/seokhyeon/MotionJEPA/output/mot_base_1d-bs.512-ep.300/motion-jepa-1d-latest.pth.tar,714f25a0c402deea68d42ecefb913378039a522670d7d07ba60a8bbf37ee710d,0.003,2,48,2.2527288345716197,0.5495219885277247,0.5413711071014404,0.7889101338432123,2.283911931943419,0.5543228768171384,0.5337367057800293,0.7689364957918898
mot_base_1d-bs.512-ep.300,mot_base_1d,/data/seokhyeon/MotionJEPA/output/mot_base_1d-bs.512-ep.300/motion-jepa-1d-latest.pth.tar,714f25a0c402deea68d42ecefb913378039a522670d7d07ba60a8bbf37ee710d,0.01,0,42,1.6257806023037913,0.6653919694072657,0.6586961150169373,0.8458891013384321,1.6448833112417511,0.6579954093343535,0.6404122710227966,0.836266258607498
mot_base_1d-bs.512-ep.300,mot_base_1d,/data/seokhyeon/MotionJEPA/output/mot_base_1d-bs.512-ep.300/motion-jepa-1d-latest.pth.tar,714f25a0c402deea68d42ecefb913378039a522670d7d07ba60a8bbf37ee710d,0.01,1,42,1.625656833976906,0.6695984703632887,0.6644928455352783,0.8401529636711281,1.6427339701225672,0.6564651874521805,0.6377426981925964,0.836266258607498
mot_base_1d-bs.512-ep.300,mot_base_1d,/data/seokhyeon/MotionJEPA/output/mot_base_1d-bs.512-ep.300/motion-jepa-1d-latest.pth.tar,714f25a0c402deea68d42ecefb913378039a522670d7d07ba60a8bbf37ee710d,0.01,2,46,1.6230628894346395,0.6653919694072657,0.6587724089622498,0.8447418738049713,1.6423511694840283,0.6591430757459832,0.6403948068618774,0.8351185921958684
mot_base_1d-bs.512-ep.300,mot_base_1d,/data/seokhyeon/MotionJEPA/output/mot_base_1d-bs.512-ep.300/motion-jepa-1d-latest.pth.tar,714f25a0c402deea68d42ecefb913378039a522670d7d07ba60a8bbf37ee710d,0.03,0,37,1.2879231221361325,0.724282982791587,0.7183794975280762,0.8745697896749522,1.303943453075873,0.7142310635042081,0.6976540088653564,0.8706962509563887
mot_base_1d-bs.512-ep.300,mot_base_1d,/data/seokhyeon/MotionJEPA/output/mot_base_1d-bs.512-ep.300/motion-jepa-1d-latest.pth.tar,714f25a0c402deea68d42ecefb913378039a522670d7d07ba60a8bbf37ee710d,0.03,1,40,1.285897377845662,0.7223709369024857,0.7167401909828186,0.8734225621414914,1.2984755763409241,0.7188217291507268,0.7017941474914551,0.8733741392501913
mot_base_1d-bs.512-ep.300,mot_base_1d,/data/seokhyeon/MotionJEPA/output/mot_base_1d-bs.512-ep.300/motion-jepa-1d-latest.pth.tar,714f25a0c402deea68d42ecefb913378039a522670d7d07ba60a8bbf37ee710d,0.03,2,41,1.2839907410951692,0.7235181644359464,0.7173745632171631,0.877246653919694,1.29885423247287,0.7176740627390972,0.7020871043205261,0.8737566947207345
mot_base_1d-bs.512-ep.300,mot_base_1d,/data/seokhyeon/MotionJEPA/output/mot_base_1d-bs.512-ep.300/motion-jepa-1d-latest.pth.tar,714f25a0c402deea68d42ecefb913378039a522670d7d07ba60a8bbf37ee710d,0.1,0,37,1.0924620823468123,0.7510516252390057,0.7441838979721069,0.8936902485659656,1.1063371350405868,0.7471308339709258,0.7313085198402405,0.8890589135424637
mot_base_1d-bs.512-ep.300,mot_base_1d,/data/seokhyeon/MotionJEPA/output/mot_base_1d-bs.512-ep.300/motion-jepa-1d-latest.pth.tar,714f25a0c402deea68d42ecefb913378039a522670d7d07ba60a8bbf37ee710d,0.1,1,30,1.1032450178157303,0.7518164435946463,0.7440825700759888,0.892925430210325,1.1172043669743672,0.7448355011476664,0.7277027368545532,0.8882938026013772
mot_base_1d-bs.512-ep.300,mot_base_1d,/data/seokhyeon/MotionJEPA/output/mot_base_1d-bs.512-ep.300/motion-jepa-1d-latest.pth.tar,714f25a0c402deea68d42ecefb913378039a522670d7d07ba60a8bbf37ee710d,0.1,2,34,1.0963935283128436,0.7541108986615679,0.746018648147583,0.8933078393881453,1.1073742292268456,0.7471308339709258,0.7314419746398926,0.8882938026013772
mot_base_1d-bs.512-ep.300,mot_base_1d,/data/seokhyeon/MotionJEPA/output/mot_base_1d-bs.512-ep.300/motion-jepa-1d-latest.pth.tar,714f25a0c402deea68d42ecefb913378039a522670d7d07ba60a8bbf37ee710d,0.3,0,36,1.068205264877407,0.7606118546845124,0.753009021282196,0.8986615678776291,1.0691802003680975,0.75592960979342,0.7416753172874451,0.8940321346595256
mot_base_1d-bs.512-ep.300,mot_base_1d,/data/seokhyeon/MotionJEPA/output/mot_base_1d-bs.512-ep.300/motion-jepa-1d-latest.pth.tar,714f25a0c402deea68d42ecefb913378039a522670d7d07ba60a8bbf37ee710d,0.3,1,32,1.0730140926733072,0.7598470363288718,0.7500916123390198,0.8986615678776291,1.076073206556418,0.7501912777352716,0.7352471351623535,0.8925019127773527
mot_base_1d-bs.512-ep.300,mot_base_1d,/data/seokhyeon/MotionJEPA/output/mot_base_1d-bs.512-ep.300/motion-jepa-1d-latest.pth.tar,714f25a0c402deea68d42ecefb913378039a522670d7d07ba60a8bbf37ee710d,0.3,2,37,1.062442189466429,0.7609942638623327,0.752596914768219,0.9017208413001913,1.0659543265800213,0.7551644988523336,0.7398777604103088,0.8967100229533282
mot_base_1d-bs.512-ep.300,mot_base_1d,/data/seokhyeon/MotionJEPA/output/mot_base_1d-bs.512-ep.300/motion-jepa-1d-latest.pth.tar,714f25a0c402deea68d42ecefb913378039a522670d7d07ba60a8bbf37ee710d,1.0,0,44,1.3024711608886719,0.7460803059273422,0.7384124994277954,0.8986615678776291,1.265073907585115,0.7475133894414691,0.7321259379386902,0.8982402448355011
mot_base_1d-bs.512-ep.300,mot_base_1d,/data/seokhyeon/MotionJEPA/output/mot_base_1d-bs.512-ep.300/motion-jepa-1d-latest.pth.tar,714f25a0c402deea68d42ecefb913378039a522670d7d07ba60a8bbf37ee710d,1.0,1,46,1.304535292849714,0.7445506692160612,0.7345801591873169,0.8998087954110898,1.2641170490034317,0.7475133894414691,0.7339814901351929,0.8967100229533282
mot_base_1d-bs.512-ep.300,mot_base_1d,/data/seokhyeon/MotionJEPA/output/mot_base_1d-bs.512-ep.300/motion-jepa-1d-latest.pth.tar,714f25a0c402deea68d42ecefb913378039a522670d7d07ba60a8bbf37ee710d,1.0,2,46,1.3003427056919776,0.7430210325047801,0.7346547842025757,0.8990439770554494,1.261218203053551,0.7501912777352716,0.7361548542976379,0.8955623565416986
mot_giant_1d-bs.512-ep.300,mot_giant_1d,/data/seokhyeon/MotionJEPA/output/mot_giant_1d-bs.512-ep.300/motion-jepa-1d-latest.pth.tar,f1109bc53e367c006456fb0d98537459bfc0cfd961e510ceaea691af9f62fae8,0.001,0,44,2.7286316180548296,0.6003824091778203,0.5803688764572144,0.8087954110898662,2.7477764371888003,0.5967865340474369,0.5712041854858398,0.8014537107880643
mot_giant_1d-bs.512-ep.300,mot_giant_1d,/data/seokhyeon/MotionJEPA/output/mot_giant_1d-bs.512-ep.300/motion-jepa-1d-latest.pth.tar,f1109bc53e367c006456fb0d98537459bfc0cfd961e510ceaea691af9f62fae8,0.001,1,45,2.7310451237694937,0.6118546845124283,0.5931776165962219,0.8019120458891014,2.7524887441038266,0.5925784238714613,0.565615713596344,0.8026013771996939
mot_giant_1d-bs.512-ep.300,mot_giant_1d,/data/seokhyeon/MotionJEPA/output/mot_giant_1d-bs.512-ep.300/motion-jepa-1d-latest.pth.tar,f1109bc53e367c006456fb0d98537459bfc0cfd961e510ceaea691af9f62fae8,0.001,2,48,2.723378002392858,0.609942638623327,0.5908606648445129,0.8022944550669217,2.748057037797153,0.5998469778117828,0.5754075646400452,0.8014537107880643
mot_giant_1d-bs.512-ep.300,mot_giant_1d,/data/seokhyeon/MotionJEPA/output/mot_giant_1d-bs.512-ep.300/motion-jepa-1d-latest.pth.tar,f1109bc53e367c006456fb0d98537459bfc0cfd961e510ceaea691af9f62fae8,0.003,0,48,1.7242617517766716,0.7491395793499044,0.7427043318748474,0.8810707456978968,1.7344436470387816,0.7540168324407039,0.7437900304794312,0.8737566947207345
mot_giant_1d-bs.512-ep.300,mot_giant_1d,/data/seokhyeon/MotionJEPA/output/mot_giant_1d-bs.512-ep.300/motion-jepa-1d-latest.pth.tar,f1109bc53e367c006456fb0d98537459bfc0cfd961e510ceaea691af9f62fae8,0.003,1,47,1.7253787388993038,0.7502868068833652,0.7444604635238647,0.8783938814531549,1.737044336600621,0.7566947207345065,0.7460692524909973,0.8768171384850804
mot_giant_1d-bs.512-ep.300,mot_giant_1d,/data/seokhyeon/MotionJEPA/output/mot_giant_1d-bs.512-ep.300/motion-jepa-1d-latest.pth.tar,f1109bc53e367c006456fb0d98537459bfc0cfd961e510ceaea691af9f62fae8,0.003,2,41,1.7333249152276529,0.7460803059273422,0.7405083179473877,0.8833652007648184,1.745831747135317,0.7563121652639633,0.7458784580230713,0.8771996939556236
mot_giant_1d-bs.512-ep.300,mot_giant_1d,/data/seokhyeon/MotionJEPA/output/mot_giant_1d-bs.512-ep.300/motion-jepa-1d-latest.pth.tar,f1109bc53e367c006456fb0d98537459bfc0cfd961e510ceaea691af9f62fae8,0.01,0,44,1.0554567559499357,0.8336520076481836,0.830406665802002,0.9162523900573614,1.0570221676932279,0.8404743687834736,0.8327713012695312,0.9120122417750574
mot_giant_1d-bs.512-ep.300,mot_giant_1d,/data/seokhyeon/MotionJEPA/output/mot_giant_1d-bs.512-ep.300/motion-jepa-1d-latest.pth.tar,f1109bc53e367c006456fb0d98537459bfc0cfd961e510ceaea691af9f62fae8,0.01,1,36,1.0714005377278957,0.8309751434034417,0.8277113437652588,0.9131931166347992,1.0721361602456312,0.8347360367253251,0.8263418078422546,0.9108645753634277
mot_giant_1d-bs.512-ep.300,mot_giant_1d,/data/seokhyeon/MotionJEPA/output/mot_giant_1d-bs.512-ep.300/motion-jepa-1d-latest.pth.tar,f1109bc53e367c006456fb0d98537459bfc0cfd961e510ceaea691af9f62fae8,0.01,2,43,1.0573378641336415,0.8321223709369024,0.8286999464035034,0.9139579349904398,1.0591402294623005,0.8420045906656465,0.8337320685386658,0.909716908951798
mot_giant_1d-bs.512-ep.300,mot_giant_1d,/data/seokhyeon/MotionJEPA/output/mot_giant_1d-bs.512-ep.300/motion-jepa-1d-latest.pth.tar,f1109bc53e367c006456fb0d98537459bfc0cfd961e510ceaea691af9f62fae8,0.03,0,39,0.7313965398084593,0.8711281070745698,0.8709564208984375,0.9319311663479923,0.7280990816567267,0.8718439173680184,0.8646515011787415,0.9261667941851568
mot_giant_1d-bs.512-ep.300,mot_giant_1d,/data/seokhyeon/MotionJEPA/output/mot_giant_1d-bs.512-ep.300/motion-jepa-1d-latest.pth.tar,f1109bc53e367c006456fb0d98537459bfc0cfd961e510ceaea691af9f62fae8,0.03,1,49,0.7276859225096256,0.8695984703632887,0.8707043528556824,0.9323135755258126,0.7212174918328703,0.8756694720734507,0.8679853677749634,0.9273144605967866
mot_giant_1d-bs.512-ep.300,mot_giant_1d,/data/seokhyeon/MotionJEPA/output/mot_giant_1d-bs.512-ep.300/motion-jepa-1d-latest.pth.tar,f1109bc53e367c006456fb0d98537459bfc0cfd961e510ceaea691af9f62fae8,0.03,2,39,0.7342393185850767,0.8711281070745698,0.8716256618499756,0.931548757170172,0.7269079789188679,0.8745218056618209,0.8672106266021729,0.9269319051262433
mot_giant_1d-bs.512-ep.300,mot_giant_1d,/data/seokhyeon/MotionJEPA/output/mot_giant_1d-bs.512-ep.300/motion-jepa-1d-latest.pth.tar,f1109bc53e367c006456fb0d98537459bfc0cfd961e510ceaea691af9f62fae8,0.1,0,45,0.5359925016618368,0.8948374760994264,0.8947661519050598,0.9426386233269598,0.5228746789233231,0.8974751338944147,0.8899447917938232,0.9445294567712318
mot_giant_1d-bs.512-ep.300,mot_giant_1d,/data/seokhyeon/MotionJEPA/output/mot_giant_1d-bs.512-ep.300/motion-jepa-1d-latest.pth.tar,f1109bc53e367c006456fb0d98537459bfc0cfd961e510ceaea691af9f62fae8,0.1,1,44,0.5362645814797162,0.8936902485659656,0.8928787708282471,0.944168260038241,0.5237031796549511,0.8959449120122418,0.888357937335968,0.9437643458301453
mot_giant_1d-bs.512-ep.300,mot_giant_1d,/data/seokhyeon/MotionJEPA/output/mot_giant_1d-bs.512-ep.300/motion-jepa-1d-latest.pth.tar,f1109bc53e367c006456fb0d98537459bfc0cfd961e510ceaea691af9f62fae8,0.1,2,41,0.5381450025802816,0.8948374760994264,0.894081711769104,0.9430210325047801,0.5276706654695308,0.8947972456006121,0.8876338005065918,0.9437643458301453
mot_giant_1d-bs.512-ep.300,mot_giant_1d,/data/seokhyeon/MotionJEPA/output/mot_giant_1d-bs.512-ep.300/motion-jepa-1d-latest.pth.tar,f1109bc53e367c006456fb0d98537459bfc0cfd961e510ceaea691af9f62fae8,0.3,0,44,0.4524181723366732,0.9066921606118546,0.9056928753852844,0.9491395793499044,0.44072667058406206,0.9081866870696251,0.9014005064964294,0.9544758990053558
mot_giant_1d-bs.512-ep.300,mot_giant_1d,/data/seokhyeon/MotionJEPA/output/mot_giant_1d-bs.512-ep.300/motion-jepa-1d-latest.pth.tar,f1109bc53e367c006456fb0d98537459bfc0cfd961e510ceaea691af9f62fae8,0.3,1,44,0.4550978367004978,0.9074569789674952,0.9062106609344482,0.9499043977055449,0.43794737540772605,0.9043611323641928,0.8968592286109924,0.9552410099464422
mot_giant_1d-bs.512-ep.300,mot_giant_1d,/data/seokhyeon/MotionJEPA/output/mot_giant_1d-bs.512-ep.300/motion-jepa-1d-latest.pth.tar,f1109bc53e367c006456fb0d98537459bfc0cfd961e510ceaea691af9f62fae8,0.3,2,45,0.4522119018817267,0.9078393881453155,0.9065091013908386,0.9491395793499044,0.4373615734797903,0.9058913542463657,0.8983824253082275,0.9540933435348126
mot_giant_1d-bs.512-ep.300,mot_giant_1d,/data/seokhyeon/MotionJEPA/output/mot_giant_1d-bs.512-ep.300/motion-jepa-1d-latest.pth.tar,f1109bc53e367c006456fb0d98537459bfc0cfd961e510ceaea691af9f62fae8,1.0,0,47,0.8690516951435154,0.9024856596558317,0.9001454710960388,0.9495219885277246,0.8108663763266624,0.9078041315990819,0.9004461765289307,0.9556235654169855
mot_giant_1d-bs.512-ep.300,mot_giant_1d,/data/seokhyeon/MotionJEPA/output/mot_giant_1d-bs.512-ep.300/motion-jepa-1d-latest.pth.tar,f1109bc53e367c006456fb0d98537459bfc0cfd961e510ceaea691af9f62fae8,1.0,1,46,0.8597037298957431,0.9032504780114723,0.9010282754898071,0.9502868068833652,0.8218078299524589,0.9070390206579954,0.8991450667381287,0.954858454475899
mot_giant_1d-bs.512-ep.300,mot_giant_1d,/data/seokhyeon/MotionJEPA/output/mot_giant_1d-bs.512-ep.300/motion-jepa-1d-latest.pth.tar,f1109bc53e367c006456fb0d98537459bfc0cfd961e510ceaea691af9f62fae8,1.0,2,45,0.8353180639146619,0.9036328871892926,0.9020723700523376,0.9499043977055449,0.805381369937351,0.9066564651874521,0.8994048833847046,0.9563886763580719
mot_huge-giant_1d-bs.512-ep.300,mot_huge_1d,/data/seokhyeon/MotionJEPA/output/mot_huge-giant_1d-bs.512-ep.300/motion-jepa-1d-latest.pth.tar,52a0a3d100249d6d6769bde7c890a9238c7f822869aae22e49857c8b265f6cd1,0.001,0,46,3.0204786194897975,0.5170172084130019,0.4878828823566437,0.7602294455066921,3.070144647482979,0.49923488905891356,0.4660778343677521,0.7543993879112472
mot_huge-giant_1d-bs.512-ep.300,mot_huge_1d,/data/seokhyeon/MotionJEPA/output/mot_huge-giant_1d-bs.512-ep.300/motion-jepa-1d-latest.pth.tar,52a0a3d100249d6d6769bde7c890a9238c7f822869aae22e49857c8b265f6cd1,0.001,1,47,3.0183269610140564,0.5200764818355641,0.4929398000240326,0.7571701720841301,3.0683927995700735,0.49693955623565417,0.46556389331817627,0.7586074980872226
mot_huge-giant_1d-bs.512-ep.300,mot_huge_1d,/data/seokhyeon/MotionJEPA/output/mot_huge-giant_1d-bs.512-ep.300/motion-jepa-1d-latest.pth.tar,52a0a3d100249d6d6769bde7c890a9238c7f822869aae22e49857c8b265f6cd1,0.001,2,44,3.025554276242083,0.5097514340344168,0.48118919134140015,0.7541108986615679,3.0808516417009373,0.4977046671767406,0.46482622623443604,0.750956388676358
mot_huge-giant_1d-bs.512-ep.300,mot_huge_1d,/data/seokhyeon/MotionJEPA/output/mot_huge-giant_1d-bs.512-ep.300/motion-jepa-1d-latest.pth.tar,52a0a3d100249d6d6769bde7c890a9238c7f822869aae22e49857c8b265f6cd1,0.003,0,44,1.9668757363897436,0.7013384321223709,0.6886098384857178,0.8565965583173997,2.0141248958386258,0.6863045141545524,0.6651672124862671,0.8611323641928079
mot_huge-giant_1d-bs.512-ep.300,mot_huge_1d,/data/seokhyeon/MotionJEPA/output/mot_huge-giant_1d-bs.512-ep.300/motion-jepa-1d-latest.pth.tar,52a0a3d100249d6d6769bde7c890a9238c7f822869aae22e49857c8b265f6cd1,0.003,1,48,1.9620187938099383,0.6940726577437859,0.6790944933891296,0.8608030592734226,2.0100809343917367,0.6832440703902066,0.6627712845802307,0.8603672532517215
mot_huge-giant_1d-bs.512-ep.300,mot_huge_1d,/data/seokhyeon/MotionJEPA/output/mot_huge-giant_1d-bs.512-ep.300/motion-jepa-1d-latest.pth.tar,52a0a3d100249d6d6769bde7c890a9238c7f822869aae22e49857c8b265f6cd1,0.003,2,41,1.9734665442151276,0.6925430210325048,0.6799363493919373,0.8592734225621415,2.0255041231886524,0.6859219586840092,0.6639242768287659,0.8573068094873757
mot_huge-giant_1d-bs.512-ep.300,mot_huge_1d,/data/seokhyeon/MotionJEPA/output/mot_huge-giant_1d-bs.512-ep.300/motion-jepa-1d-latest.pth.tar,52a0a3d100249d6d6769bde7c890a9238c7f822869aae22e49857c8b265f6cd1,0.01,0,44,1.1512959963504945,0.8034416826003824,0.7971145510673523,0.9032504780114723,1.1883120795835862,0.7903596021423106,0.776139497756958,0.8982402448355011
mot_huge-giant_1d-bs.512-ep.300,mot_huge_1d,/data/seokhyeon/MotionJEPA/output/mot_huge-giant_1d-bs.512-ep.300/motion-jepa-1d-latest.pth.tar,52a0a3d100249d6d6769bde7c890a9238c7f822869aae22e49857c8b265f6cd1,0.01,1,39,1.1576921773002435,0.8015296367112811,0.7958142757415771,0.902868068833652,1.196194305069682,0.7880642693190513,0.7730863094329834,0.8959449120122418
mot_huge-giant_1d-bs.512-ep.300,mot_huge_1d,/data/seokhyeon/MotionJEPA/output/mot_huge-giant_1d-bs.512-ep.300/motion-jepa-1d-latest.pth.tar,52a0a3d100249d6d6769bde7c890a9238c7f822869aae22e49857c8b265f6cd1,0.01,2,44,1.150852341952789,0.8019120458891014,0.7949836850166321,0.9040152963671129,1.1906533609753633,0.7884468247895945,0.773853600025177,0.8974751338944147
mot_huge-giant_1d-bs.512-ep.300,mot_huge_1d,/data/seokhyeon/MotionJEPA/output/mot_huge-giant_1d-bs.512-ep.300/motion-jepa-1d-latest.pth.tar,52a0a3d100249d6d6769bde7c890a9238c7f822869aae22e49857c8b265f6cd1,0.03,0,46,0.791590990026412,0.8478011472275334,0.8425198197364807,0.9254302103250478,0.820360091777822,0.8297628156082631,0.8170971870422363,0.9238714613618975
mot_huge-giant_1d-bs.512-ep.300,mot_huge_1d,/data/seokhyeon/MotionJEPA/output/mot_huge-giant_1d-bs.512-ep.300/motion-jepa-1d-latest.pth.tar,52a0a3d100249d6d6769bde7c890a9238c7f822869aae22e49857c8b265f6cd1,0.03,1,40,0.7936018664795855,0.8462715105162524,0.8412933349609375,0.924282982791587,0.8242673618518038,0.8270849273144606,0.8137515783309937,0.9223412394797246
mot_huge-giant_1d-bs.512-ep.300,mot_huge_1d,/data/seokhyeon/MotionJEPA/output/mot_huge-giant_1d-bs.512-ep.300/motion-jepa-1d-latest.pth.tar,52a0a3d100249d6d6769bde7c890a9238c7f822869aae22e49857c8b265f6cd1,0.03,2,42,0.7924920251674907,0.8462715105162524,0.8408303260803223,0.9250478011472275,0.822837456000517,0.827850038255547,0.8150830864906311,0.923106350420811
mot_huge-giant_1d-bs.512-ep.300,mot_huge_1d,/data/seokhyeon/MotionJEPA/output/mot_huge-giant_1d-bs.512-ep.300/motion-jepa-1d-latest.pth.tar,52a0a3d100249d6d6769bde7c890a9238c7f822869aae22e49857c8b265f6cd1,0.1,0,39,0.6115840102244974,0.8673040152963671,0.8627915382385254,0.9403441682600382,0.6281716734193715,0.8584544758990054,0.8475625514984131,0.936495791889824
mot_huge-giant_1d-bs.512-ep.300,mot_huge_1d,/data/seokhyeon/MotionJEPA/output/mot_huge-giant_1d-bs.512-ep.300/motion-jepa-1d-latest.pth.tar,52a0a3d100249d6d6769bde7c890a9238c7f822869aae22e49857c8b265f6cd1,0.1,1,40,0.6119274022702277,0.8676864244741874,0.8634023070335388,0.9395793499043977,0.6279397145791553,0.8580719204284621,0.8479382991790771,0.9349655700076511
mot_huge-giant_1d-bs.512-ep.300,mot_huge_1d,/data/seokhyeon/MotionJEPA/output/mot_huge-giant_1d-bs.512-ep.300/motion-jepa-1d-latest.pth.tar,52a0a3d100249d6d6769bde7c890a9238c7f822869aae22e49857c8b265f6cd1,0.1,2,39,0.6124239008011827,0.8680688336520076,0.8646304607391357,0.939961759082218,0.6276021737038131,0.8592195868400918,0.8484300971031189,0.9361132364192808
mot_huge-giant_1d-bs.512-ep.300,mot_huge_1d,/data/seokhyeon/MotionJEPA/output/mot_huge-giant_1d-bs.512-ep.300/motion-jepa-1d-latest.pth.tar,52a0a3d100249d6d6769bde7c890a9238c7f822869aae22e49857c8b265f6cd1,0.3,0,38,0.5594210776042756,0.8730401529636711,0.8696997165679932,0.9453154875717017,0.5761831782661327,0.8592195868400918,0.8494812250137329,0.9437643458301453
mot_huge-giant_1d-bs.512-ep.300,mot_huge_1d,/data/seokhyeon/MotionJEPA/output/mot_huge-giant_1d-bs.512-ep.300/motion-jepa-1d-latest.pth.tar,52a0a3d100249d6d6769bde7c890a9238c7f822869aae22e49857c8b265f6cd1,0.3,1,44,0.5542599205761065,0.8760994263862333,0.8732948303222656,0.9476099426386233,0.5703106882376988,0.8634276970160674,0.8551158905029297,0.9452945677123182
mot_huge-giant_1d-bs.512-ep.300,mot_huge_1d,/data/seokhyeon/MotionJEPA/output/mot_huge-giant_1d-bs.512-ep.300/motion-jepa-1d-latest.pth.tar,52a0a3d100249d6d6769bde7c890a9238c7f822869aae22e49857c8b265f6cd1,0.3,2,36,0.5558341907041706,0.875717017208413,0.8735054731369019,0.9468451242829828,0.5734796757541181,0.8630451415455241,0.8533272743225098,0.9441469013006886
mot_huge-giant_1d-bs.512-ep.300,mot_huge_1d,/data/seokhyeon/MotionJEPA/output/mot_huge-giant_1d-bs.512-ep.300/motion-jepa-1d-latest.pth.tar,52a0a3d100249d6d6769bde7c890a9238c7f822869aae22e49857c8b265f6cd1,1.0,0,41,0.6676308998414253,0.8661567877629063,0.8630431890487671,0.9487571701720842,0.7002933227842604,0.8603672532517215,0.8524523973464966,0.9418515684774292
mot_huge-giant_1d-bs.512-ep.300,mot_huge_1d,/data/seokhyeon/MotionJEPA/output/mot_huge-giant_1d-bs.512-ep.300/motion-jepa-1d-latest.pth.tar,52a0a3d100249d6d6769bde7c890a9238c7f822869aae22e49857c8b265f6cd1,1.0,1,44,0.6494443532385744,0.8711281070745698,0.8687276244163513,0.9476099426386233,0.6942031958126894,0.8584544758990054,0.8509058952331543,0.9426166794185157
mot_huge-giant_1d-bs.512-ep.300,mot_huge_1d,/data/seokhyeon/MotionJEPA/output/mot_huge-giant_1d-bs.512-ep.300/motion-jepa-1d-latest.pth.tar,52a0a3d100249d6d6769bde7c890a9238c7f822869aae22e49857c8b265f6cd1,1.0,2,36,0.6642032586821635,0.8688336520076482,0.8675038814544678,0.947227533460803,0.7003312493975872,0.8573068094873757,0.8493433594703674,0.941469013006886
mot_huge-large_1d-bs.512-ep.300,mot_huge_1d,/data/seokhyeon/MotionJEPA/output/mot_huge-large_1d-bs.512-ep.300/motion-jepa-1d-latest.pth.tar,9e5e1c63fc166553691c49fcc25b64ad256a408ae9fea4abbd11233750b2321f,0.001,0,48,2.975850967786508,0.4734225621414914,0.4540485441684723,0.718546845124283,2.9690403489548465,0.48087222647283856,0.4489978551864624,0.7318286151491966
mot_huge-large_1d-bs.512-ep.300,mot_huge_1d,/data/seokhyeon/MotionJEPA/output/mot_huge-large_1d-bs.512-ep.300/motion-jepa-1d-latest.pth.tar,9e5e1c63fc166553691c49fcc25b64ad256a408ae9fea4abbd11233750b2321f,0.001,1,44,2.9797219154255794,0.4676864244741874,0.4486474096775055,0.7277246653919694,2.983255784750532,0.46863045141545523,0.43800628185272217,0.7287681713848508
mot_huge-large_1d-bs.512-ep.300,mot_huge_1d,/data/seokhyeon/MotionJEPA/output/mot_huge-large_1d-bs.512-ep.300/motion-jepa-1d-latest.pth.tar,9e5e1c63fc166553691c49fcc25b64ad256a408ae9fea4abbd11233750b2321f,0.001,2,48,2.9655519328655293,0.4676864244741874,0.448408842086792,0.7323135755258127,2.963886497398324,0.4743687834736037,0.44217631220817566,0.7310635042081102
mot_huge-large_1d-bs.512-ep.300,mot_huge_1d,/data/seokhyeon/MotionJEPA/output/mot_huge-large_1d-bs.512-ep.300/motion-jepa-1d-latest.pth.tar,9e5e1c63fc166553691c49fcc25b64ad256a408ae9fea4abbd11233750b2321f,0.003,0,45,2.0586944930184186,0.6390057361376673,0.6273568272590637,0.8244741873804972,2.062215605125048,0.6358071920428462,0.6109591126441956,0.8286151491966335
mot_huge-large_1d-bs.512-ep.300,mot_huge_1d,/data/seokhyeon/MotionJEPA/output/mot_huge-large_1d-bs.512-ep.300/motion-jepa-1d-latest.pth.tar,9e5e1c63fc166553691c49fcc25b64ad256a408ae9fea4abbd11233750b2321f,0.003,1,47,2.057075296259747,0.6401529636711281,0.6269018054008484,0.8305927342256214,2.068914785582142,0.6323641928079572,0.6075858473777771,0.8297628156082631
mot_huge-large_1d-bs.512-ep.300,mot_huge_1d,/data/seokhyeon/MotionJEPA/output/mot_huge-large_1d-bs.512-ep.300/motion-jepa-1d-latest.pth.tar,9e5e1c63fc166553691c49fcc25b64ad256a408ae9fea4abbd11233750b2321f,0.003,2,43,2.0574131836170904,0.6443594646271511,0.6336807012557983,0.8275334608030592,2.0629433250281313,0.6388676358071921,0.6132280826568604,0.8366488140780414
mot_huge-large_1d-bs.512-ep.300,mot_huge_1d,/data/seokhyeon/MotionJEPA/output/mot_huge-large_1d-bs.512-ep.300/motion-jepa-1d-latest.pth.tar,9e5e1c63fc166553691c49fcc25b64ad256a408ae9fea4abbd11233750b2321f,0.01,0,40,1.3221051597230522,0.739961759082218,0.7336320281028748,0.8910133843212237,1.3275061916009834,0.7452180566182096,0.7303285002708435,0.886381025248661
mot_huge-large_1d-bs.512-ep.300,mot_huge_1d,/data/seokhyeon/MotionJEPA/output/mot_huge-large_1d-bs.512-ep.300/motion-jepa-1d-latest.pth.tar,9e5e1c63fc166553691c49fcc25b64ad256a408ae9fea4abbd11233750b2321f,0.01,1,36,1.331784043029435,0.7418738049713193,0.7347553372383118,0.8875717017208413,1.3417731856424204,0.7425401683244071,0.7274233102798462,0.8844682478959449
mot_huge-large_1d-bs.512-ep.300,mot_huge_1d,/data/seokhyeon/MotionJEPA/output/mot_huge-large_1d-bs.512-ep.300/motion-jepa-1d-latest.pth.tar,9e5e1c63fc166553691c49fcc25b64ad256a408ae9fea4abbd11233750b2321f,0.01,2,41,1.320033477141342,0.7430210325047801,0.7358576059341431,0.8898661567877629,1.326374304960407,0.7436878347360367,0.7278749346733093,0.8867635807192042
mot_huge-large_1d-bs.512-ep.300,mot_huge_1d,/data/seokhyeon/MotionJEPA/output/mot_huge-large_1d-bs.512-ep.300/motion-jepa-1d-latest.pth.tar,9e5e1c63fc166553691c49fcc25b64ad256a408ae9fea4abbd11233750b2321f,0.03,0,41,0.9598836457524199,0.7980879541108986,0.7944177389144897,0.912810707456979,0.955083460322572,0.8052792654934966,0.7932567596435547,0.909716908951798
mot_huge-large_1d-bs.512-ep.300,mot_huge_1d,/data/seokhyeon/MotionJEPA/output/mot_huge-large_1d-bs.512-ep.300/motion-jepa-1d-latest.pth.tar,9e5e1c63fc166553691c49fcc25b64ad256a408ae9fea4abbd11233750b2321f,0.03,1,46,0.9558107146341531,0.7980879541108986,0.7936787605285645,0.912810707456979,0.9550339393061176,0.806044376434583,0.7936550974845886,0.9093343534812548
mot_huge-large_1d-bs.512-ep.300,mot_huge_1d,/data/seokhyeon/MotionJEPA/output/mot_huge-large_1d-bs.512-ep.300/motion-jepa-1d-latest.pth.tar,9e5e1c63fc166553691c49fcc25b64ad256a408ae9fea4abbd11233750b2321f,0.03,2,41,0.9599200604294728,0.7973231357552581,0.7927448153495789,0.912810707456979,0.9571255411733264,0.8033664881407804,0.7906436920166016,0.909716908951798
mot_huge-large_1d-bs.512-ep.300,mot_huge_1d,/data/seokhyeon/MotionJEPA/output/mot_huge-large_1d-bs.512-ep.300/motion-jepa-1d-latest.pth.tar,9e5e1c63fc166553691c49fcc25b64ad256a408ae9fea4abbd11233750b2321f,0.1,0,42,0.7923212478083361,0.8217973231357553,0.8203522562980652,0.9227533460803059,0.7754267493366922,0.8247895944912013,0.8132468461990356,0.9234889058913542
mot_huge-large_1d-bs.512-ep.300,mot_huge_1d,/data/seokhyeon/MotionJEPA/output/mot_huge-large_1d-bs.512-ep.300/motion-jepa-1d-latest.pth.tar,9e5e1c63fc166553691c49fcc25b64ad256a408ae9fea4abbd11233750b2321f,0.1,1,45,0.791441876209033,0.8217973231357553,0.8200430870056152,0.9239005736137668,0.7750030370185461,0.8255547054322877,0.8141763806343079,0.9227237949502678
mot_huge-large_1d-bs.512-ep.300,mot_huge_1d,/data/seokhyeon/MotionJEPA/output/mot_huge-large_1d-bs.512-ep.300/motion-jepa-1d-latest.pth.tar,9e5e1c63fc166553691c49fcc25b64ad256a408ae9fea4abbd11233750b2321f,0.1,2,36,0.800063583636603,0.8237093690248566,0.82304847240448,0.9208413001912046,0.7858385860965557,0.819433817903596,0.8066869378089905,0.9223412394797246
mot_huge-large_1d-bs.512-ep.300,mot_huge_1d,/data/seokhyeon/MotionJEPA/output/mot_huge-large_1d-bs.512-ep.300/motion-jepa-1d-latest.pth.tar,9e5e1c63fc166553691c49fcc25b64ad256a408ae9fea4abbd11233750b2321f,0.3,0,41,0.7929464548085433,0.8248565965583174,0.8231666684150696,0.9227533460803059,0.7648004401979687,0.8255547054322877,0.8145549297332764,0.9234889058913542
mot_huge-large_1d-bs.512-ep.300,mot_huge_1d,/data/seokhyeon/MotionJEPA/output/mot_huge-large_1d-bs.512-ep.300/motion-jepa-1d-latest.pth.tar,9e5e1c63fc166553691c49fcc25b64ad256a408ae9fea4abbd11233750b2321f,0.3,1,35,0.7993844358688559,0.8244741873804972,0.8225764632225037,0.9239005736137668,0.7731290779318076,0.8232593726090283,0.8102505207061768,0.9223412394797246
mot_huge-large_1d-bs.512-ep.300,mot_huge_1d,/data/seokhyeon/MotionJEPA/output/mot_huge-large_1d-bs.512-ep.300/motion-jepa-1d-latest.pth.tar,9e5e1c63fc166553691c49fcc25b64ad256a408ae9fea4abbd11233750b2321f,0.3,2,38,0.7990760843338975,0.8248565965583174,0.822985827922821,0.9239005736137668,0.7687016416343917,0.8247895944912013,0.8128736615180969,0.9223412394797246
mot_huge-large_1d-bs.512-ep.300,mot_huge_1d,/data/seokhyeon/MotionJEPA/output/mot_huge-large_1d-bs.512-ep.300/motion-jepa-1d-latest.pth.tar,9e5e1c63fc166553691c49fcc25b64ad256a408ae9fea4abbd11233750b2321f,1.0,0,32,1.4316297126317798,0.8122370936902485,0.8126880526542664,0.9212237093690249,1.400555906171733,0.8098699311400153,0.7980706691741943,0.9250191277735271
mot_huge-large_1d-bs.512-ep.300,mot_huge_1d,/data/seokhyeon/MotionJEPA/output/mot_huge-large_1d-bs.512-ep.300/motion-jepa-1d-latest.pth.tar,9e5e1c63fc166553691c49fcc25b64ad256a408ae9fea4abbd11233750b2321f,1.0,1,45,1.4082355156455395,0.8099426386233269,0.8091517686843872,0.9223709369024856,1.3494359376144118,0.8102524866105585,0.798291027545929,0.9234889058913542
mot_huge-large_1d-bs.512-ep.300,mot_huge_1d,/data/seokhyeon/MotionJEPA/output/mot_huge-large_1d-bs.512-ep.300/motion-jepa-1d-latest.pth.tar,9e5e1c63fc166553691c49fcc25b64ad256a408ae9fea4abbd11233750b2321f,1.0,2,48,1.4233797368766246,0.8095602294455067,0.8093367218971252,0.9227533460803059,1.3410343047582018,0.8087222647283856,0.7965447306632996,0.9257842387146136
mot_huge_1d-bs.512-ep.300,mot_huge_1d,/data/seokhyeon/MotionJEPA/output/mot_huge_1d-bs.512-ep.300/motion-jepa-1d-latest.pth.tar,9a696a42b17d83fd2277b2839ef27a265858f20221bb8e4c0fb47b864e08c8c2,0.001,0,47,2.746954876697314,0.5789674952198853,0.5613054037094116,0.7992351816443595,2.765252875843938,0.568477429227238,0.5426212549209595,0.7983932670237185
mot_huge_1d-bs.512-ep.300,mot_huge_1d,/data/seokhyeon/MotionJEPA/output/mot_huge_1d-bs.512-ep.300/motion-jepa-1d-latest.pth.tar,9a696a42b17d83fd2277b2839ef27a265858f20221bb8e4c0fb47b864e08c8c2,0.001,1,50,2.7425744080406758,0.5751434034416826,0.557023823261261,0.7988527724665392,2.7586733607180536,0.5715378729915838,0.544750452041626,0.8045141545524102
mot_huge_1d-bs.512-ep.300,mot_huge_1d,/data/seokhyeon/MotionJEPA/output/mot_huge_1d-bs.512-ep.300/motion-jepa-1d-latest.pth.tar,9a696a42b17d83fd2277b2839ef27a265858f20221bb8e4c0fb47b864e08c8c2,0.001,2,47,2.7391062515871476,0.5747609942638623,0.556058943271637,0.8049713193116634,2.759449013882953,0.5791889824024483,0.5528781414031982,0.7983932670237185
mot_huge_1d-bs.512-ep.300,mot_huge_1d,/data/seokhyeon/MotionJEPA/output/mot_huge_1d-bs.512-ep.300/motion-jepa-1d-latest.pth.tar,9a696a42b17d83fd2277b2839ef27a265858f20221bb8e4c0fb47b864e08c8c2,0.003,0,43,1.7333670855024348,0.7269598470363289,0.718515157699585,0.8780114722753346,1.7563858907826546,0.7211170619739862,0.7024825215339661,0.8699311400153023
mot_huge_1d-bs.512-ep.300,mot_huge_1d,/data/seokhyeon/MotionJEPA/output/mot_huge_1d-bs.512-ep.300/motion-jepa-1d-latest.pth.tar,9a696a42b17d83fd2277b2839ef27a265858f20221bb8e4c0fb47b864e08c8c2,0.003,1,46,1.73001649466345,0.7261950286806883,0.717804491519928,0.8795411089866156,1.7514746621444923,0.7176740627390972,0.7002012729644775,0.8699311400153023
mot_huge_1d-bs.512-ep.300,mot_huge_1d,/data/seokhyeon/MotionJEPA/output/mot_huge_1d-bs.512-ep.300/motion-jepa-1d-latest.pth.tar,9a696a42b17d83fd2277b2839ef27a265858f20221bb8e4c0fb47b864e08c8c2,0.003,2,43,1.7294598435352684,0.7296367112810708,0.7208583354949951,0.8768642447418739,1.7544860343670425,0.717291507268554,0.6994442939758301,0.8699311400153023
mot_huge_1d-bs.512-ep.300,mot_huge_1d,/data/seokhyeon/MotionJEPA/output/mot_huge_1d-bs.512-ep.300/motion-jepa-1d-latest.pth.tar,9a696a42b17d83fd2277b2839ef27a265858f20221bb8e4c0fb47b864e08c8c2,0.01,0,45,1.0455824098897026,0.8130019120458891,0.8073709011077881,0.9108986615678776,1.0720206788230142,0.8014537107880643,0.7879347205162048,0.9078041315990819
mot_huge_1d-bs.512-ep.300,mot_huge_1d,/data/seokhyeon/MotionJEPA/output/mot_huge_1d-bs.512-ep.300/motion-jepa-1d-latest.pth.tar,9a696a42b17d83fd2277b2839ef27a265858f20221bb8e4c0fb47b864e08c8c2,0.01,1,36,1.0593627936981376,0.8095602294455067,0.8031499981880188,0.912810707456979,1.085206877482968,0.7995409334353482,0.7859925627708435,0.9066564651874521
mot_huge_1d-bs.512-ep.300,mot_huge_1d,/data/seokhyeon/MotionJEPA/output/mot_huge_1d-bs.512-ep.300/motion-jepa-1d-latest.pth.tar,9a696a42b17d83fd2277b2839ef27a265858f20221bb8e4c0fb47b864e08c8c2,0.01,2,40,1.0479628816389446,0.8091778202676865,0.8024777173995972,0.912810707456979,1.0770302052340985,0.8014537107880643,0.7880651950836182,0.9070390206579954
mot_huge_1d-bs.512-ep.300,mot_huge_1d,/data/seokhyeon/MotionJEPA/output/mot_huge_1d-bs.512-ep.300/motion-jepa-1d-latest.pth.tar,9a696a42b17d83fd2277b2839ef27a265858f20221bb8e4c0fb47b864e08c8c2,0.03,0,35,0.7511325945589784,0.8516252390057362,0.8462586998939514,0.9292543021032504,0.7731567169749837,0.84123947972456,0.8288506269454956,0.9250191277735271
mot_huge_1d-bs.512-ep.300,mot_huge_1d,/data/seokhyeon/MotionJEPA/output/mot_huge_1d-bs.512-ep.300/motion-jepa-1d-latest.pth.tar,9a696a42b17d83fd2277b2839ef27a265858f20221bb8e4c0fb47b864e08c8c2,0.03,1,31,0.7618726668348732,0.8504780114722753,0.8455227613449097,0.9296367112810707,0.7846603772981348,0.8400918133129304,0.8290159702301025,0.9242540168324407
mot_huge_1d-bs.512-ep.300,mot_huge_1d,/data/seokhyeon/MotionJEPA/output/mot_huge_1d-bs.512-ep.300/motion-jepa-1d-latest.pth.tar,9a696a42b17d83fd2277b2839ef27a265858f20221bb8e4c0fb47b864e08c8c2,0.03,2,37,0.7479422312165765,0.8508604206500956,0.8461102247238159,0.9288718929254303,0.7710040047958596,0.8458301453710788,0.8334550261497498,0.9234889058913542
mot_huge_1d-bs.512-ep.300,mot_huge_1d,/data/seokhyeon/MotionJEPA/output/mot_huge_1d-bs.512-ep.300/motion-jepa-1d-latest.pth.tar,9a696a42b17d83fd2277b2839ef27a265858f20221bb8e4c0fb47b864e08c8c2,0.1,0,30,0.5928186668264707,0.8730401529636711,0.8699952960014343,0.9384321223709369,0.6013709362354002,0.8634276970160674,0.8531278967857361,0.9422341239479725
mot_huge_1d-bs.512-ep.300,mot_huge_1d,/data/seokhyeon/MotionJEPA/output/mot_huge_1d-bs.512-ep.300/motion-jepa-1d-latest.pth.tar,9a696a42b17d83fd2277b2839ef27a265858f20221bb8e4c0fb47b864e08c8c2,0.1,1,42,0.5825608036486186,0.8718929254302104,0.8699329495429993,0.9391969407265774,0.589559757171374,0.8641928079571538,0.8542712330818176,0.9429992348890589
mot_huge_1d-bs.512-ep.300,mot_huge_1d,/data/seokhyeon/MotionJEPA/output/mot_huge_1d-bs.512-ep.300/motion-jepa-1d-latest.pth.tar,9a696a42b17d83fd2277b2839ef27a265858f20221bb8e4c0fb47b864e08c8c2,0.1,2,33,0.5885540194538765,0.8730401529636711,0.8704981207847595,0.9384321223709369,0.5989406041362035,0.8630451415455241,0.852867603302002,0.941469013006886
mot_huge_1d-bs.512-ep.300,mot_huge_1d,/data/seokhyeon/MotionJEPA/output/mot_huge_1d-bs.512-ep.300/motion-jepa-1d-latest.pth.tar,9a696a42b17d83fd2277b2839ef27a265858f20221bb8e4c0fb47b864e08c8c2,0.3,0,30,0.5451824819152715,0.8776290630975143,0.8762475848197937,0.9468451242829828,0.5427420681090235,0.8664881407804131,0.8554768562316895,0.9487375669472073
mot_huge_1d-bs.512-ep.300,mot_huge_1d,/data/seokhyeon/MotionJEPA/output/mot_huge_1d-bs.512-ep.300/motion-jepa-1d-latest.pth.tar,9a696a42b17d83fd2277b2839ef27a265858f20221bb8e4c0fb47b864e08c8c2,0.3,1,45,0.539438187870879,0.8780114722753346,0.8772903680801392,0.947227533460803,0.536013582779783,0.8710788064269319,0.8605661988258362,0.9502677888293802
mot_huge_1d-bs.512-ep.300,mot_huge_1d,/data/seokhyeon/MotionJEPA/output/mot_huge_1d-bs.512-ep.300/motion-jepa-1d-latest.pth.tar,9a696a42b17d83fd2277b2839ef27a265858f20221bb8e4c0fb47b864e08c8c2,0.3,2,36,0.5426816871015793,0.8791586998087955,0.8778510093688965,0.945697896749522,0.5428628505598796,0.8684009181331293,0.8579224348068237,0.9487375669472073
mot_huge_1d-bs.512-ep.300,mot_huge_1d,/data/seokhyeon/MotionJEPA/output/mot_huge_1d-bs.512-ep.300/motion-jepa-1d-latest.pth.tar,9a696a42b17d83fd2277b2839ef27a265858f20221bb8e4c0fb47b864e08c8c2,1.0,0,42,0.6582320751241243,0.8695984703632887,0.8674891591072083,0.9491395793499044,0.6439455027970633,0.8638102524866106,0.8510851860046387,0.9495026778882938
mot_huge_1d-bs.512-ep.300,mot_huge_1d,/data/seokhyeon/MotionJEPA/output/mot_huge_1d-bs.512-ep.300/motion-jepa-1d-latest.pth.tar,9a696a42b17d83fd2277b2839ef27a265858f20221bb8e4c0fb47b864e08c8c2,1.0,1,46,0.6498228521693505,0.8734225621414914,0.8719261884689331,0.9502868068833652,0.6343100831630856,0.8703136954858455,0.8581425547599792,0.9506503442999235
mot_huge_1d-bs.512-ep.300,mot_huge_1d,/data/seokhyeon/MotionJEPA/output/mot_huge_1d-bs.512-ep.300/motion-jepa-1d-latest.pth.tar,9a696a42b17d83fd2277b2839ef27a265858f20221bb8e4c0fb47b864e08c8c2,1.0,2,40,0.6646046013038883,0.8703632887189292,0.8691861629486084,0.9483747609942639,0.646227422887894,0.8618974751338944,0.849173367023468,0.949885233358837
mot_large-base_1d-bs.512-ep.300,mot_large_1d,/data/seokhyeon/MotionJEPA/output/mot_large-base_1d-bs.512-ep.300/motion-jepa-1d-latest.pth.tar,7ab2e9c1e1b8886fc08ce388e2be5950b4a112bd1e01d2071c0d881dcee6e5f7,0.001,0,44,4.126562214080052,0.1701720841300191,0.14047256112098694,0.38202676864244745,4.15715574981059,0.15378729915837797,0.13144713640213013,0.36228003060443764
mot_large-base_1d-bs.512-ep.300,mot_large_1d,/data/seokhyeon/MotionJEPA/output/mot_large-base_1d-bs.512-ep.300/motion-jepa-1d-latest.pth.tar,7ab2e9c1e1b8886fc08ce388e2be5950b4a112bd1e01d2071c0d881dcee6e5f7,0.001,1,44,4.129637026376524,0.1739961759082218,0.14506669342517853,0.3717017208413002,4.156852640445304,0.15225707727620505,0.1295066475868225,0.35807192042846214
mot_large-base_1d-bs.512-ep.300,mot_large_1d,/data/seokhyeon/MotionJEPA/output/mot_large-base_1d-bs.512-ep.300/motion-jepa-1d-latest.pth.tar,7ab2e9c1e1b8886fc08ce388e2be5950b4a112bd1e01d2071c0d881dcee6e5f7,0.001,2,44,4.127393552586864,0.17246653919694072,0.14426881074905396,0.38164435946462716,4.156765845137511,0.15646518745218058,0.13214340806007385,0.3684009181331293
mot_large-base_1d-bs.512-ep.300,mot_large_1d,/data/seokhyeon/MotionJEPA/output/mot_large-base_1d-bs.512-ep.300/motion-jepa-1d-latest.pth.tar,7ab2e9c1e1b8886fc08ce388e2be5950b4a112bd1e01d2071c0d881dcee6e5f7,0.003,0,41,3.588917281841913,0.3151051625239006,0.29182693362236023,0.5804971319311664,3.6225842721788775,0.2934200459066565,0.26709896326065063,0.5566182096403979
mot_large-base_1d-bs.512-ep.300,mot_large_1d,/data/seokhyeon/MotionJEPA/output/mot_large-base_1d-bs.512-ep.300/motion-jepa-1d-latest.pth.tar,7ab2e9c1e1b8886fc08ce388e2be5950b4a112bd1e01d2071c0d881dcee6e5f7,0.003,1,39,3.595826642417543,0.31319311663479926,0.29152172803878784,0.5736137667304015,3.6284349553896984,0.2865340474368783,0.26277434825897217,0.5512624330527927
mot_large-base_1d-bs.512-ep.300,mot_large_1d,/data/seokhyeon/MotionJEPA/output/mot_large-base_1d-bs.512-ep.300/motion-jepa-1d-latest.pth.tar,7ab2e9c1e1b8886fc08ce388e2be5950b4a112bd1e01d2071c0d881dcee6e5f7,0.003,2,47,3.581597935401231,0.3124282982791587,0.29179155826568604,0.578585086042065,3.615333352822243,0.2911247130833971,0.2658548057079315,0.5596786534047437
mot_large-base_1d-bs.512-ep.300,mot_large_1d,/data/seokhyeon/MotionJEPA/output/mot_large-base_1d-bs.512-ep.300/motion-jepa-1d-latest.pth.tar,7ab2e9c1e1b8886fc08ce388e2be5950b4a112bd1e01d2071c0d881dcee6e5f7,0.01,0,46,2.771138820319969,0.4569789674952199,0.4437626004219055,0.7124282982791587,2.8083698298973077,0.4338179035960214,0.4094274938106537,0.6951032899770466
mot_large-base_1d-bs.512-ep.300,mot_large_1d,/data/seokhyeon/MotionJEPA/output/mot_large-base_1d-bs.512-ep.300/motion-jepa-1d-latest.pth.tar,7ab2e9c1e1b8886fc08ce388e2be5950b4a112bd1e01d2071c0d881dcee6e5f7,0.01,1,45,2.771074529177372,0.45506692160611856,0.43976229429244995,0.7097514340344169,2.8098109332130625,0.4273144605967865,0.40362244844436646,0.6924254016832441
mot_large-base_1d-bs.512-ep.300,mot_large_1d,/data/seokhyeon/MotionJEPA/output/mot_large-base_1d-bs.512-ep.300/motion-jepa-1d-latest.pth.tar,7ab2e9c1e1b8886fc08ce388e2be5950b4a112bd1e01d2071c0d881dcee6e5f7,0.01,2,48,2.768848228089896,0.4569789674952199,0.44405198097229004,0.7135755258126195,2.80670466054553,0.4296097934200459,0.4053160548210144,0.6893649579188983
mot_large-base_1d-bs.512-ep.300,mot_large_1d,/data/seokhyeon/MotionJEPA/output/mot_large-base_1d-bs.512-ep.300/motion-jepa-1d-latest.pth.tar,7ab2e9c1e1b8886fc08ce388e2be5950b4a112bd1e01d2071c0d881dcee6e5f7,0.03,0,50,2.066638504524304,0.5747609942638623,0.569638192653656,0.7954110898661568,2.112115601683356,0.5478194338179035,0.5283109545707703,0.7830910482019893
mot_large-base_1d-bs.512-ep.300,mot_large_1d,/data/seokhyeon/MotionJEPA/output/mot_large-base_1d-bs.512-ep.300/motion-jepa-1d-latest.pth.tar,7ab2e9c1e1b8886fc08ce388e2be5950b4a112bd1e01d2071c0d881dcee6e5f7,0.03,1,49,2.0672711374198958,0.5743785850860421,0.5692424774169922,0.794263862332696,2.1126589056363794,0.5524100994644223,0.5338969230651855,0.782708492731446
mot_large-base_1d-bs.512-ep.300,mot_large_1d,/data/seokhyeon/MotionJEPA/output/mot_large-base_1d-bs.512-ep.300/motion-jepa-1d-latest.pth.tar,7ab2e9c1e1b8886fc08ce388e2be5950b4a112bd1e01d2071c0d881dcee6e5f7,0.03,2,49,2.0660157767126255,0.5739961759082218,0.5685832500457764,0.7950286806883365,2.1109549880666227,0.5497322111706198,0.5303702354431152,0.7811782708492732
mot_large-base_1d-bs.512-ep.300,mot_large_1d,/data/seokhyeon/MotionJEPA/output/mot_large-base_1d-bs.512-ep.300/motion-jepa-1d-latest.pth.tar,7ab2e9c1e1b8886fc08ce388e2be5950b4a112bd1e01d2071c0d881dcee6e5f7,0.1,0,45,1.5258462734477698,0.6669216061185469,0.6632872223854065,0.8409177820267686,1.5714574403770114,0.6499617444529456,0.6315982937812805,0.8416220351951033
mot_large-base_1d-bs.512-ep.300,mot_large_1d,/data/seokhyeon/MotionJEPA/output/mot_large-base_1d-bs.512-ep.300/motion-jepa-1d-latest.pth.tar,7ab2e9c1e1b8886fc08ce388e2be5950b4a112bd1e01d2071c0d881dcee6e5f7,0.1,1,43,1.5293454069936252,0.6630975143403441,0.6584488153457642,0.8451242829827916,1.589368086145776,0.6423106350420811,0.6264411807060242,0.8366488140780414
mot_large-base_1d-bs.512-ep.300,mot_large_1d,/data/seokhyeon/MotionJEPA/output/mot_large-base_1d-bs.512-ep.300/motion-jepa-1d-latest.pth.tar,7ab2e9c1e1b8886fc08ce388e2be5950b4a112bd1e01d2071c0d881dcee6e5f7,0.1,2,43,1.5396990453307988,0.6653919694072657,0.6630889773368835,0.838623326959847,1.5878554813352905,0.6430757459831675,0.62711101770401,0.8385615914307575
mot_large-base_1d-bs.512-ep.300,mot_large_1d,/data/seokhyeon/MotionJEPA/output/mot_large-base_1d-bs.512-ep.300/motion-jepa-1d-latest.pth.tar,7ab2e9c1e1b8886fc08ce388e2be5950b4a112bd1e01d2071c0d881dcee6e5f7,0.3,0,49,1.500011629356253,0.6826003824091779,0.6801449060440063,0.8581261950286807,1.5721254268491551,0.6767406273909717,0.6630935072898865,0.8550114766641163
mot_large-base_1d-bs.512-ep.300,mot_large_1d,/data/seokhyeon/MotionJEPA/output/mot_large-base_1d-bs.512-ep.300/motion-jepa-1d-latest.pth.tar,7ab2e9c1e1b8886fc08ce388e2be5950b4a112bd1e01d2071c0d881dcee6e5f7,0.3,1,49,1.4927164956670873,0.6833652007648183,0.6819223165512085,0.8577437858508604,1.5565041247997562,0.6813312930374904,0.6663046479225159,0.8534812547819434
mot_large-base_1d-bs.512-ep.300,mot_large_1d,/data/seokhyeon/MotionJEPA/output/mot_large-base_1d-bs.512-ep.300/motion-jepa-1d-latest.pth.tar,7ab2e9c1e1b8886fc08ce388e2be5950b4a112bd1e01d2071c0d881dcee6e5f7,0.3,2,47,1.4849807972661853,0.6837476099426386,0.6811289191246033,0.8577437858508604,1.5554078969685468,0.6790359602142311,0.6635423898696899,0.8565416985462893
mot_large-base_1d-bs.512-ep.300,mot_large_1d,/data/seokhyeon/MotionJEPA/output/mot_large-base_1d-bs.512-ep.300/motion-jepa-1d-latest.pth.tar,7ab2e9c1e1b8886fc08ce388e2be5950b4a112bd1e01d2071c0d881dcee6e5f7,1.0,0,49,3.922037134115828,0.6772466539196941,0.676584005355835,0.8531548757170172,4.109021105835614,0.6713848508033665,0.6568935513496399,0.8500382555470544
mot_large-base_1d-bs.512-ep.300,mot_large_1d,/data/seokhyeon/MotionJEPA/output/mot_large-base_1d-bs.512-ep.300/motion-jepa-1d-latest.pth.tar,7ab2e9c1e1b8886fc08ce388e2be5950b4a112bd1e01d2071c0d881dcee6e5f7,1.0,1,49,3.9289784126938185,0.6745697896749522,0.6728396415710449,0.8543021032504781,4.114699254988165,0.6748278500382555,0.6606815457344055,0.8496557000765111
mot_large-base_1d-bs.512-ep.300,mot_large_1d,/data/seokhyeon/MotionJEPA/output/mot_large-base_1d-bs.512-ep.300/motion-jepa-1d-latest.pth.tar,7ab2e9c1e1b8886fc08ce388e2be5950b4a112bd1e01d2071c0d881dcee6e5f7,1.0,2,49,3.9037108207979805,0.6795411089866157,0.6794175505638123,0.8531548757170172,4.081445847199724,0.6759755164498852,0.6628423929214478,0.8530986993114001
mot_large-huge_1d-bs.512-ep.300,mot_large_1d,/data/seokhyeon/MotionJEPA/output/mot_large-huge_1d-bs.512-ep.300/motion-jepa-1d-latest.pth.tar,483dd0ea55ae11fa7d2a516ed2b2512267349266de7eeb4e5346edbeac7db08a,0.001,0,41,2.5300805057212,0.4734225621414914,0.4554342031478882,0.7196940726577438,2.607211614257065,0.4667176740627391,0.4438037872314453,0.7096403978576894
mot_large-huge_1d-bs.512-ep.300,mot_large_1d,/data/seokhyeon/MotionJEPA/output/mot_large-huge_1d-bs.512-ep.300/motion-jepa-1d-latest.pth.tar,483dd0ea55ae11fa7d2a516ed2b2512267349266de7eeb4e5346edbeac7db08a,0.001,1,44,2.545567978226204,0.4673040152963671,0.4520725905895233,0.7166347992351817,2.600627581035261,0.46748278500382556,0.4444882273674011,0.7027543993879113
mot_large-huge_1d-bs.512-ep.300,mot_large_1d,/data/seokhyeon/MotionJEPA/output/mot_large-huge_1d-bs.512-ep.300/motion-jepa-1d-latest.pth.tar,483dd0ea55ae11fa7d2a516ed2b2512267349266de7eeb4e5346edbeac7db08a,0.001,2,47,2.5305139428570893,0.46921606118546844,0.4526289701461792,0.7246653919694073,2.595670704451242,0.4640397857689365,0.43923723697662354,0.7042846212700842
mot_large-huge_1d-bs.512-ep.300,mot_large_1d,/data/seokhyeon/MotionJEPA/output/mot_large-huge_1d-bs.512-ep.300/motion-jepa-1d-latest.pth.tar,483dd0ea55ae11fa7d2a516ed2b2512267349266de7eeb4e5346edbeac7db08a,0.003,0,46,1.8759222522976293,0.6076481835564054,0.597862958908081,0.8065009560229446,1.952802431884392,0.5841622035195103,0.5646830201148987,0.7895944912012242
mot_large-huge_1d-bs.512-ep.300,mot_large_1d,/data/seokhyeon/MotionJEPA/output/mot_large-huge_1d-bs.512-ep.300/motion-jepa-1d-latest.pth.tar,483dd0ea55ae11fa7d2a516ed2b2512267349266de7eeb4e5346edbeac7db08a,0.003,1,47,1.8869887955558005,0.6084130019120458,0.5953927636146545,0.8011472275334608,1.9496859059410416,0.5876052027543994,0.5700534582138062,0.8006885998469778
mot_large-huge_1d-bs.512-ep.300,mot_large_1d,/data/seokhyeon/MotionJEPA/output/mot_large-huge_1d-bs.512-ep.300/motion-jepa-1d-latest.pth.tar,483dd0ea55ae11fa7d2a516ed2b2512267349266de7eeb4e5346edbeac7db08a,0.003,2,46,1.8806884152939398,0.6030592734225622,0.5920226573944092,0.8049713193116634,1.9466728087865222,0.5906656465187452,0.5728186964988708,0.79265493496557
mot_large-huge_1d-bs.512-ep.300,mot_large_1d,/data/seokhyeon/MotionJEPA/output/mot_large-huge_1d-bs.512-ep.300/motion-jepa-1d-latest.pth.tar,483dd0ea55ae11fa7d2a516ed2b2512267349266de7eeb4e5346edbeac7db08a,0.01,0,45,1.4271895384925273,0.6917782026768643,0.6840773820877075,0.8516252390057362,1.4837765026019563,0.6748278500382555,0.6586052179336548,0.8465952563121653
mot_large-huge_1d-bs.512-ep.300,mot_large_1d,/data/seokhyeon/MotionJEPA/output/mot_large-huge_1d-bs.512-ep.300/motion-jepa-1d-latest.pth.tar,483dd0ea55ae11fa7d2a516ed2b2512267349266de7eeb4e5346edbeac7db08a,0.01,1,49,1.4318734367764474,0.6864244741873805,0.6786088347434998,0.8481835564053537,1.4806299143924728,0.6794185156847743,0.6607764959335327,0.8473603672532517
mot_large-huge_1d-bs.512-ep.300,mot_large_1d,/data/seokhyeon/MotionJEPA/output/mot_large-huge_1d-bs.512-ep.300/motion-jepa-1d-latest.pth.tar,483dd0ea55ae11fa7d2a516ed2b2512267349266de7eeb4e5346edbeac7db08a,0.01,2,39,1.4351865925250955,0.6902485659655831,0.682506263256073,0.8474187380497132,1.486263876391807,0.6775057383320582,0.6602303981781006,0.8496557000765111
mot_large-huge_1d-bs.512-ep.300,mot_large_1d,/data/seokhyeon/MotionJEPA/output/mot_large-huge_1d-bs.512-ep.300/motion-jepa-1d-latest.pth.tar,483dd0ea55ae11fa7d2a516ed2b2512267349266de7eeb4e5346edbeac7db08a,0.03,0,37,1.2368671351591443,0.7212237093690248,0.7141352891921997,0.8726577437858508,1.2745394060971085,0.7157612853863811,0.7024064660072327,0.8664881407804131
mot_large-huge_1d-bs.512-ep.300,mot_large_1d,/data/seokhyeon/MotionJEPA/output/mot_large-huge_1d-bs.512-ep.300/motion-jepa-1d-latest.pth.tar,483dd0ea55ae11fa7d2a516ed2b2512267349266de7eeb4e5346edbeac7db08a,0.03,1,42,1.2344612515451348,0.7212237093690248,0.7135669589042664,0.8749521988527724,1.2684086826619247,0.7111706197398623,0.6977443695068359,0.8657230298393267
mot_large-huge_1d-bs.512-ep.300,mot_large_1d,/data/seokhyeon/MotionJEPA/output/mot_large-huge_1d-bs.512-ep.300/motion-jepa-1d-latest.pth.tar,483dd0ea55ae11fa7d2a516ed2b2512267349266de7eeb4e5346edbeac7db08a,0.03,2,35,1.2425710470225113,0.722753346080306,0.7144884467124939,0.8715105162523901,1.2802900826557047,0.7107880642693191,0.6967307925224304,0.8634276970160674
mot_large-huge_1d-bs.512-ep.300,mot_large_1d,/data/seokhyeon/MotionJEPA/output/mot_large-huge_1d-bs.512-ep.300/motion-jepa-1d-latest.pth.tar,483dd0ea55ae11fa7d2a516ed2b2512267349266de7eeb4e5346edbeac7db08a,0.1,0,39,1.2432604656620645,0.7273422562141492,0.723795473575592,0.8764818355640536,1.2710677499340615,0.7214996174445295,0.7080642580986023,0.8710788064269319
mot_large-huge_1d-bs.512-ep.300,mot_large_1d,/data/seokhyeon/MotionJEPA/output/mot_large-huge_1d-bs.512-ep.300/motion-jepa-1d-latest.pth.tar,483dd0ea55ae11fa7d2a516ed2b2512267349266de7eeb4e5346edbeac7db08a,0.1,1,49,1.2355384826660156,0.7277246653919694,0.7239906191825867,0.8776290630975143,1.257699106883346,0.7211170619739862,0.7075598239898682,0.8726090283091048
mot_large-huge_1d-bs.512-ep.300,mot_large_1d,/data/seokhyeon/MotionJEPA/output/mot_large-huge_1d-bs.512-ep.300/motion-jepa-1d-latest.pth.tar,483dd0ea55ae11fa7d2a516ed2b2512267349266de7eeb4e5346edbeac7db08a,0.1,2,47,1.2353711130058331,0.7269598470363289,0.7227023243904114,0.877246653919694,1.258707259571452,0.7218821729150727,0.708382785320282,0.8733741392501913
mot_large-huge_1d-bs.512-ep.300,mot_large_1d,/data/seokhyeon/MotionJEPA/output/mot_large-huge_1d-bs.512-ep.300/motion-jepa-1d-latest.pth.tar,483dd0ea55ae11fa7d2a516ed2b2512267349266de7eeb4e5346edbeac7db08a,0.3,0,38,1.780246861532587,0.7063097514340344,0.7013649940490723,0.8718929254302104,1.8194646609130485,0.6996939556235654,0.6856141686439514,0.869548584544759
mot_large-huge_1d-bs.512-ep.300,mot_large_1d,/data/seokhyeon/MotionJEPA/output/mot_large-huge_1d-bs.512-ep.300/motion-jepa-1d-latest.pth.tar,483dd0ea55ae11fa7d2a516ed2b2512267349266de7eeb4e5346edbeac7db08a,0.3,1,41,1.766975890062963,0.710133843212237,0.7056808471679688,0.8718929254302104,1.777208560281066,0.7008416220351951,0.6876703500747681,0.8687834736036726
mot_large-huge_1d-bs.512-ep.300,mot_large_1d,/data/seokhyeon/MotionJEPA/output/mot_large-huge_1d-bs.512-ep.300/motion-jepa-1d-latest.pth.tar,483dd0ea55ae11fa7d2a516ed2b2512267349266de7eeb4e5346edbeac7db08a,0.3,2,45,1.7499268395039138,0.7074569789674953,0.7037147283554077,0.8692160611854685,1.7793575409449232,0.6985462892119357,0.6831607222557068,0.8722264728385616
mot_large-huge_1d-bs.512-ep.300,mot_large_1d,/data/seokhyeon/MotionJEPA/output/mot_large-huge_1d-bs.512-ep.300/motion-jepa-1d-latest.pth.tar,483dd0ea55ae11fa7d2a516ed2b2512267349266de7eeb4e5346edbeac7db08a,1.0,0,39,5.685563119921128,0.6963671128107075,0.6930737495422363,0.8692160611854685,5.801763702369229,0.6981637337413925,0.6832686066627502,0.8634276970160674
mot_large-huge_1d-bs.512-ep.300,mot_large_1d,/data/seokhyeon/MotionJEPA/output/mot_large-huge_1d-bs.512-ep.300/motion-jepa-1d-latest.pth.tar,483dd0ea55ae11fa7d2a516ed2b2512267349266de7eeb4e5346edbeac7db08a,1.0,1,37,5.603828333896615,0.7043977055449331,0.7002895474433899,0.8669216061185469,5.676683468223986,0.6962509563886764,0.6802240014076233,0.8630451415455241
mot_large-huge_1d-bs.512-ep.300,mot_large_1d,/data/seokhyeon/MotionJEPA/output/mot_large-huge_1d-bs.512-ep.300/motion-jepa-1d-latest.pth.tar,483dd0ea55ae11fa7d2a516ed2b2512267349266de7eeb4e5346edbeac7db08a,1.0,2,32,5.779037983239723,0.7005736137667304,0.6944618225097656,0.8638623326959847,5.941644022094446,0.6840091813312931,0.6696975827217102,0.8618974751338944
mot_large_1d-bs.512-ep.300,mot_large_1d,/data/seokhyeon/MotionJEPA/output/mot_large_1d-bs.512-ep.300/motion-jepa-1d-latest.pth.tar,8d136e582607f0558695d21cd96edb171e398edd593d63fd5c44571c64f342a8,0.001,0,44,2.4655987070349843,0.5434034416826004,0.5309682488441467,0.751434034416826,2.493398880903832,0.5344299923488905,0.5122030377388,0.7624330527926549
mot_large_1d-bs.512-ep.300,mot_large_1d,/data/seokhyeon/MotionJEPA/output/mot_large_1d-bs.512-ep.300/motion-jepa-1d-latest.pth.tar,8d136e582607f0558695d21cd96edb171e398edd593d63fd5c44571c64f342a8,0.001,1,47,2.4553889141483927,0.5472275334608031,0.5344047546386719,0.767112810707457,2.4914742566833263,0.5336648814078041,0.5127277374267578,0.7540168324407039
mot_large_1d-bs.512-ep.300,mot_large_1d,/data/seokhyeon/MotionJEPA/output/mot_large_1d-bs.512-ep.300/motion-jepa-1d-latest.pth.tar,8d136e582607f0558695d21cd96edb171e398edd593d63fd5c44571c64f342a8,0.001,2,41,2.4627003540272465,0.5506692160611855,0.5409249067306519,0.7606118546845124,2.492099099425569,0.5382555470543229,0.5165398120880127,0.7547819433817904
mot_large_1d-bs.512-ep.300,mot_large_1d,/data/seokhyeon/MotionJEPA/output/mot_large_1d-bs.512-ep.300/motion-jepa-1d-latest.pth.tar,8d136e582607f0558695d21cd96edb171e398edd593d63fd5c44571c64f342a8,0.003,0,44,1.6993227606749672,0.6783938814531548,0.6708317399024963,0.8516252390057362,1.7365515080680352,0.6633511859219586,0.6444124579429626,0.8435348125478195
mot_large_1d-bs.512-ep.300,mot_large_1d,/data/seokhyeon/MotionJEPA/output/mot_large_1d-bs.512-ep.300/motion-jepa-1d-latest.pth.tar,8d136e582607f0558695d21cd96edb171e398edd593d63fd5c44571c64f342a8,0.003,1,42,1.6992928878755005,0.6822179732313576,0.6745654940605164,0.8569789674952198,1.743046402292755,0.6641162968630452,0.6471098065376282,0.8454475899005356
mot_large_1d-bs.512-ep.300,mot_large_1d,/data/seokhyeon/MotionJEPA/output/mot_large_1d-bs.512-ep.300/motion-jepa-1d-latest.pth.tar,8d136e582607f0558695d21cd96edb171e398edd593d63fd5c44571c64f342a8,0.003,2,46,1.696668807954223,0.6837476099426386,0.6760945320129395,0.8520076481835565,1.7345697275992105,0.6683244070390206,0.6503593325614929,0.8435348125478195
mot_large_1d-bs.512-ep.300,mot_large_1d,/data/seokhyeon/MotionJEPA/output/mot_large_1d-bs.512-ep.300/motion-jepa-1d-latest.pth.tar,8d136e582607f0558695d21cd96edb171e398edd593d63fd5c44571c64f342a8,0.01,0,44,1.1694312582508328,0.7667304015296367,0.7609320282936096,0.9017208413001913,1.2139330442934977,0.7501912777352716,0.7367671728134155,0.8917368018362662
mot_large_1d-bs.512-ep.300,mot_large_1d,/data/seokhyeon/MotionJEPA/output/mot_large_1d-bs.512-ep.300/motion-jepa-1d-latest.pth.tar,8d136e582607f0558695d21cd96edb171e398edd593d63fd5c44571c64f342a8,0.01,1,39,1.1736007077744084,0.7682600382409178,0.7635688781738281,0.8998087954110898,1.2213088782032482,0.7456006120887528,0.7303670644760132,0.8917368018362662
mot_large_1d-bs.512-ep.300,mot_large_1d,/data/seokhyeon/MotionJEPA/output/mot_large_1d-bs.512-ep.300/motion-jepa-1d-latest.pth.tar,8d136e582607f0558695d21cd96edb171e398edd593d63fd5c44571c64f342a8,0.01,2,46,1.1690661632763952,0.7644359464627151,0.7592552900314331,0.9021032504780114,1.2130639354235906,0.7521040550879877,0.7378843426704407,0.8909716908951798
mot_large_1d-bs.512-ep.300,mot_large_1d,/data/seokhyeon/MotionJEPA/output/mot_large_1d-bs.512-ep.300/motion-jepa-1d-latest.pth.tar,8d136e582607f0558695d21cd96edb171e398edd593d63fd5c44571c64f342a8,0.03,0,40,0.9031679674954532,0.8087954110898662,0.8038255572319031,0.9219885277246654,0.9504771039243317,0.7938026013771997,0.7812083959579468,0.9093343534812548
mot_large_1d-bs.512-ep.300,mot_large_1d,/data/seokhyeon/MotionJEPA/output/mot_large_1d-bs.512-ep.300/motion-jepa-1d-latest.pth.tar,8d136e582607f0558695d21cd96edb171e398edd593d63fd5c44571c64f342a8,0.03,1,41,0.902173831130077,0.8084130019120459,0.8034067749977112,0.9223709369024856,0.9497475963379467,0.7938026013771997,0.7820358276367188,0.9093343534812548
mot_large_1d-bs.512-ep.300,mot_large_1d,/data/seokhyeon/MotionJEPA/output/mot_large_1d-bs.512-ep.300/motion-jepa-1d-latest.pth.tar,8d136e582607f0558695d21cd96edb171e398edd593d63fd5c44571c64f342a8,0.03,2,38,0.9056594039012551,0.8076481835564053,0.8035300970077515,0.9227533460803059,0.9517617988148626,0.7964804896710023,0.7853244543075562,0.9093343534812548
mot_large_1d-bs.512-ep.300,mot_large_1d,/data/seokhyeon/MotionJEPA/output/mot_large_1d-bs.512-ep.300/motion-jepa-1d-latest.pth.tar,8d136e582607f0558695d21cd96edb171e398edd593d63fd5c44571c64f342a8,0.1,0,35,0.7745495681325063,0.8294455066921607,0.8255102038383484,0.92848948374761,0.816474963438447,0.8102524866105585,0.7990962266921997,0.9204284621270085
mot_large_1d-bs.512-ep.300,mot_large_1d,/data/seokhyeon/MotionJEPA/output/mot_large_1d-bs.512-ep.300/motion-jepa-1d-latest.pth.tar,8d136e582607f0558695d21cd96edb171e398edd593d63fd5c44571c64f342a8,0.1,1,32,0.7778640863772333,0.8298279158699808,0.8255195617675781,0.9288718929254303,0.8184382680179331,0.809487375669472,0.7990013957023621,0.9208110175975517
mot_large_1d-bs.512-ep.300,mot_large_1d,/data/seokhyeon/MotionJEPA/output/mot_large_1d-bs.512-ep.300/motion-jepa-1d-latest.pth.tar,8d136e582607f0558695d21cd96edb171e398edd593d63fd5c44571c64f342a8,0.1,2,36,0.7763347078691705,0.8263862332695985,0.8215591311454773,0.92848948374761,0.8147126739957266,0.8091048201989288,0.8000844717025757,0.9204284621270085
mot_large_1d-bs.512-ep.300,mot_large_1d,/data/seokhyeon/MotionJEPA/output/mot_large_1d-bs.512-ep.300/motion-jepa-1d-latest.pth.tar,8d136e582607f0558695d21cd96edb171e398edd593d63fd5c44571c64f342a8,0.3,0,37,0.7874990817009833,0.8294455066921607,0.8243337869644165,0.9342256214149139,0.8187099083197783,0.8163733741392502,0.8071005344390869,0.9303749043611323
mot_large_1d-bs.512-ep.300,mot_large_1d,/data/seokhyeon/MotionJEPA/output/mot_large_1d-bs.512-ep.300/motion-jepa-1d-latest.pth.tar,8d136e582607f0558695d21cd96edb171e398edd593d63fd5c44571c64f342a8,0.3,1,42,0.7866806635665164,0.8263862332695985,0.8213478326797485,0.9323135755258126,0.8106830132855837,0.8136954858454476,0.8047443628311157,0.9284621270084162
mot_large_1d-bs.512-ep.300,mot_large_1d,/data/seokhyeon/MotionJEPA/output/mot_large_1d-bs.512-ep.300/motion-jepa-1d-latest.pth.tar,8d136e582607f0558695d21cd96edb171e398edd593d63fd5c44571c64f342a8,0.3,2,39,0.7909452536821822,0.8267686424474188,0.8217264413833618,0.9311663479923518,0.8108068158267195,0.8175210405508799,0.8090150356292725,0.9284621270084162
mot_large_1d-bs.512-ep.300,mot_large_1d,/data/seokhyeon/MotionJEPA/output/mot_large_1d-bs.512-ep.300/motion-jepa-1d-latest.pth.tar,8d136e582607f0558695d21cd96edb171e398edd593d63fd5c44571c64f342a8,1.0,0,36,1.3829562958522235,0.8099426386233269,0.8036553263664246,0.9311663479923518,1.4168286852555687,0.7987758224942617,0.7892333269119263,0.9265493496557001
mot_large_1d-bs.512-ep.300,mot_large_1d,/data/seokhyeon/MotionJEPA/output/mot_large_1d-bs.512-ep.300/motion-jepa-1d-latest.pth.tar,8d136e582607f0558695d21cd96edb171e398edd593d63fd5c44571c64f342a8,1.0,1,42,1.3694085582492457,0.8114722753346081,0.8075090050697327,0.930019120458891,1.3696191447695065,0.8045141545524102,0.7934629917144775,0.9265493496557001
mot_large_1d-bs.512-ep.300,mot_large_1d,/data/seokhyeon/MotionJEPA/output/mot_large_1d-bs.512-ep.300/motion-jepa-1d-latest.pth.tar,8d136e582607f0558695d21cd96edb171e398edd593d63fd5c44571c64f342a8,1.0,2,42,1.3703918238214963,0.8080305927342256,0.8024032115936279,0.9292543021032504,1.3709477261905918,0.8033664881407804,0.7923511266708374,0.9284621270084162
mot_small-base_1d-bs.512-ep.300,mot_small_1d,/data/seokhyeon/MotionJEPA/output/mot_small-base_1d-bs.512-ep.300/motion-jepa-1d-latest.pth.tar,3114d08474c80df9ec23cb45a024ff80e79c1a63f63d2ffb4ae5fa568b9915c8,0.001,0,48,2.7986738624353937,0.45506692160611856,0.43955886363983154,0.7013384321223709,2.8161937885824377,0.4655700076511094,0.43991512060165405,0.7119357306809487
mot_small-base_1d-bs.512-ep.300,mot_small_1d,/data/seokhyeon/MotionJEPA/output/mot_small-base_1d-bs.512-ep.300/motion-jepa-1d-latest.pth.tar,3114d08474c80df9ec23cb45a024ff80e79c1a63f63d2ffb4ae5fa568b9915c8,0.001,1,47,2.793148474027732,0.4619502868068834,0.44514039158821106,0.7074569789674953,2.816130357200897,0.4575363427697016,0.43134602904319763,0.7104055087987758
mot_small-base_1d-bs.512-ep.300,mot_small_1d,/data/seokhyeon/MotionJEPA/output/mot_small-base_1d-bs.512-ep.300/motion-jepa-1d-latest.pth.tar,3114d08474c80df9ec23cb45a024ff80e79c1a63f63d2ffb4ae5fa568b9915c8,0.001,2,43,2.8033873840682135,0.45047801147227534,0.43634724617004395,0.707074569789675,2.8170637263536635,0.4571537872991584,0.43019556999206543,0.7065799540933435
mot_small-base_1d-bs.512-ep.300,mot_small_1d,/data/seokhyeon/MotionJEPA/output/mot_small-base_1d-bs.512-ep.300/motion-jepa-1d-latest.pth.tar,3114d08474c80df9ec23cb45a024ff80e79c1a63f63d2ffb4ae5fa568b9915c8,0.003,0,43,2.0086929758921634,0.611472275334608,0.6037885546684265,0.8011472275334608,2.022943504000768,0.6040550879877582,0.5863322615623474,0.801071155317521
mot_small-base_1d-bs.512-ep.300,mot_small_1d,/data/seokhyeon/MotionJEPA/output/mot_small-base_1d-bs.512-ep.300/motion-jepa-1d-latest.pth.tar,3114d08474c80df9ec23cb45a024ff80e79c1a63f63d2ffb4ae5fa568b9915c8,0.003,1,44,2.006027723498372,0.6103250478011473,0.601959228515625,0.7977055449330784,2.022867017423459,0.6071155317521041,0.5894194841384888,0.7999234889058914
mot_small-base_1d-bs.512-ep.300,mot_small_1d,/data/seokhyeon/MotionJEPA/output/mot_small-base_1d-bs.512-ep.300/motion-jepa-1d-latest.pth.tar,3114d08474c80df9ec23cb45a024ff80e79c1a63f63d2ffb4ae5fa568b9915c8,0.003,2,43,2.009109059437739,0.6133843212237093,0.6057676076889038,0.8038240917782027,2.022636358119553,0.6048201989288446,0.5857769250869751,0.8018362662586075
mot_small-base_1d-bs.512-ep.300,mot_small_1d,/data/seokhyeon/MotionJEPA/output/mot_small-base_1d-bs.512-ep.300/motion-jepa-1d-latest.pth.tar,3114d08474c80df9ec23cb45a024ff80e79c1a63f63d2ffb4ae5fa568b9915c8,0.01,0,45,1.4627457219373656,0.6910133843212237,0.6877188086509705,0.8569789674952198,1.4695502225004633,0.6954858454475898,0.681105375289917,0.8542463657230298
mot_small-base_1d-bs.512-ep.300,mot_small_1d,/data/seokhyeon/MotionJEPA/output/mot_small-base_1d-bs.512-ep.300/motion-jepa-1d-latest.pth.tar,3114d08474c80df9ec23cb45a024ff80e79c1a63f63d2ffb4ae5fa568b9915c8,0.01,1,44,1.4634683700182243,0.6952198852772467,0.6912379264831543,0.8604206500956023,1.4705250571498272,0.6916602907421576,0.6761957406997681,0.8519510328997705
mot_small-base_1d-bs.512-ep.300,mot_small_1d,/data/seokhyeon/MotionJEPA/output/mot_small-base_1d-bs.512-ep.300/motion-jepa-1d-latest.pth.tar,3114d08474c80df9ec23cb45a024ff80e79c1a63f63d2ffb4ae5fa568b9915c8,0.01,2,45,1.46261176844172,0.6940726577437859,0.6901768445968628,0.8562141491395794,1.469221714898294,0.6954858454475898,0.6808719635009766,0.8550114766641163
mot_small-base_1d-bs.512-ep.300,mot_small_1d,/data/seokhyeon/MotionJEPA/output/mot_small-base_1d-bs.512-ep.300/motion-jepa-1d-latest.pth.tar,3114d08474c80df9ec23cb45a024ff80e79c1a63f63d2ffb4ae5fa568b9915c8,0.03,0,35,1.1875689417180777,0.7369024856596559,0.735890805721283,0.8806883365200765,1.190289365305824,0.7371843917368018,0.7235088348388672,0.8775822494261668
mot_small-base_1d-bs.512-ep.300,mot_small_1d,/data/seokhyeon/MotionJEPA/output/mot_small-base_1d-bs.512-ep.300/motion-jepa-1d-latest.pth.tar,3114d08474c80df9ec23cb45a024ff80e79c1a63f63d2ffb4ae5fa568b9915c8,0.03,1,38,1.1841542012376949,0.7353728489483747,0.7331103682518005,0.8848948374760994,1.18621600704879,0.7348890589135425,0.7216949462890625,0.8787299158377965
mot_small-base_1d-bs.512-ep.300,mot_small_1d,/data/seokhyeon/MotionJEPA/output/mot_small-base_1d-bs.512-ep.300/motion-jepa-1d-latest.pth.tar,3114d08474c80df9ec23cb45a024ff80e79c1a63f63d2ffb4ae5fa568b9915c8,0.03,2,46,1.1790367651623932,0.7361376673040153,0.7353361248970032,0.8848948374760994,1.180610452431618,0.7383320581484315,0.7252791523933411,0.8787299158377965
mot_small-base_1d-bs.512-ep.300,mot_small_1d,/data/seokhyeon/MotionJEPA/output/mot_small-base_1d-bs.512-ep.300/motion-jepa-1d-latest.pth.tar,3114d08474c80df9ec23cb45a024ff80e79c1a63f63d2ffb4ae5fa568b9915c8,0.1,0,42,1.0264848683577878,0.7663479923518165,0.7658917307853699,0.8956022944550669,1.0310137602055265,0.7589900535577658,0.7455222606658936,0.8921193573068095
mot_small-base_1d-bs.512-ep.300,mot_small_1d,/data/seokhyeon/MotionJEPA/output/mot_small-base_1d-bs.512-ep.300/motion-jepa-1d-latest.pth.tar,3114d08474c80df9ec23cb45a024ff80e79c1a63f63d2ffb4ae5fa568b9915c8,0.1,1,42,1.0270251432750694,0.767112810707457,0.7679919600486755,0.8967495219885278,1.032040922169295,0.7566947207345065,0.7432436347007751,0.8921193573068095
mot_small-base_1d-bs.512-ep.300,mot_small_1d,/data/seokhyeon/MotionJEPA/output/mot_small-base_1d-bs.512-ep.300/motion-jepa-1d-latest.pth.tar,3114d08474c80df9ec23cb45a024ff80e79c1a63f63d2ffb4ae5fa568b9915c8,0.1,2,37,1.027120659501785,0.7640535372848949,0.7639639973640442,0.897131931166348,1.0330220290332144,0.7578423871461362,0.7442957162857056,0.8936495791889824
mot_small-base_1d-bs.512-ep.300,mot_small_1d,/data/seokhyeon/MotionJEPA/output/mot_small-base_1d-bs.512-ep.300/motion-jepa-1d-latest.pth.tar,3114d08474c80df9ec23cb45a024ff80e79c1a63f63d2ffb4ae5fa568b9915c8,0.3,0,41,1.017894953477907,0.7755258126195028,0.776274561882019,0.9066921606118546,1.0209188454007045,0.7639632746748278,0.7496921420097351,0.8986228003060444
mot_small-base_1d-bs.512-ep.300,mot_small_1d,/data/seokhyeon/MotionJEPA/output/mot_small-base_1d-bs.512-ep.300/motion-jepa-1d-latest.pth.tar,3114d08474c80df9ec23cb45a024ff80e79c1a63f63d2ffb4ae5fa568b9915c8,0.3,1,43,1.0175766735186313,0.7736137667304015,0.7734571695327759,0.9070745697896749,1.0202039019607276,0.7647283856159143,0.7509849667549133,0.8986228003060444
mot_small-base_1d-bs.512-ep.300,mot_small_1d,/data/seokhyeon/MotionJEPA/output/mot_small-base_1d-bs.512-ep.300/motion-jepa-1d-latest.pth.tar,3114d08474c80df9ec23cb45a024ff80e79c1a63f63d2ffb4ae5fa568b9915c8,0.3,2,33,1.0277667831508426,0.7736137667304015,0.7730291485786438,0.9021032504780114,1.0388759650979775,0.7521040550879877,0.7380477786064148,0.8974751338944147
mot_small-base_1d-bs.512-ep.300,mot_small_1d,/data/seokhyeon/MotionJEPA/output/mot_small-base_1d-bs.512-ep.300/motion-jepa-1d-latest.pth.tar,3114d08474c80df9ec23cb45a024ff80e79c1a63f63d2ffb4ae5fa568b9915c8,1.0,0,43,1.3214292653887951,0.7564053537284895,0.754071056842804,0.9032504780114723,1.321295057441227,0.7463657230298393,0.7346143126487732,0.8951798010711554
mot_small-base_1d-bs.512-ep.300,mot_small_1d,/data/seokhyeon/MotionJEPA/output/mot_small-base_1d-bs.512-ep.300/motion-jepa-1d-latest.pth.tar,3114d08474c80df9ec23cb45a024ff80e79c1a63f63d2ffb4ae5fa568b9915c8,1.0,1,40,1.3465910669038674,0.7579349904397705,0.755626916885376,0.9021032504780114,1.331200245782083,0.7456006120887528,0.733424961566925,0.8970925784238715
mot_small-base_1d-bs.512-ep.300,mot_small_1d,/data/seokhyeon/MotionJEPA/output/mot_small-base_1d-bs.512-ep.300/motion-jepa-1d-latest.pth.tar,3114d08474c80df9ec23cb45a024ff80e79c1a63f63d2ffb4ae5fa568b9915c8,1.0,2,40,1.3422212969048757,0.7571701720841301,0.7551400065422058,0.9047801147227533,1.3363606468264895,0.740627390971691,0.7288707494735718,0.8970925784238715
mot_small-tiny_1d-bs.512-ep.300,mot_small_1d,/data/seokhyeon/MotionJEPA/output/mot_small-tiny_1d-bs.512-ep.300/motion-jepa-1d-latest.pth.tar,10c2a0d7cbea0687d1662318e1d3fc37661315e60525d9c146e7e93240a9680a,0.001,0,46,4.099101353603385,0.13881453154875717,0.11528489738702774,0.3866156787762906,4.126549053119172,0.13351185921958683,0.10974304378032684,0.36725325172149964
mot_small-tiny_1d-bs.512-ep.300,mot_small_1d,/data/seokhyeon/MotionJEPA/output/mot_small-tiny_1d-bs.512-ep.300/motion-jepa-1d-latest.pth.tar,10c2a0d7cbea0687d1662318e1d3fc37661315e60525d9c146e7e93240a9680a,0.001,1,49,4.105427064038599,0.14072657743785852,0.11866762489080429,0.3667304015296367,4.128960391265705,0.13006885998469778,0.10846900194883347,0.3546289211935731
mot_small-tiny_1d-bs.512-ep.300,mot_small_1d,/data/seokhyeon/MotionJEPA/output/mot_small-tiny_1d-bs.512-ep.300/motion-jepa-1d-latest.pth.tar,10c2a0d7cbea0687d1662318e1d3fc37661315e60525d9c146e7e93240a9680a,0.001,2,47,4.100147633889893,0.15296367112810708,0.13260681927204132,0.38279158699808796,4.12090088451009,0.14957918898240244,0.12658150494098663,0.36916602907421575
mot_small-tiny_1d-bs.512-ep.300,mot_small_1d,/data/seokhyeon/MotionJEPA/output/mot_small-tiny_1d-bs.512-ep.300/motion-jepa-1d-latest.pth.tar,10c2a0d7cbea0687d1662318e1d3fc37661315e60525d9c146e7e93240a9680a,0.003,0,45,3.5331256465291885,0.29751434034416824,0.2750413417816162,0.5782026768642448,3.571682387850352,0.2815608263198164,0.25360456109046936,0.5566182096403979
mot_small-tiny_1d-bs.512-ep.300,mot_small_1d,/data/seokhyeon/MotionJEPA/output/mot_small-tiny_1d-bs.512-ep.300/motion-jepa-1d-latest.pth.tar,10c2a0d7cbea0687d1662318e1d3fc37661315e60525d9c146e7e93240a9680a,0.003,1,47,3.53734821735331,0.28718929254302106,0.2658786475658417,0.5755258126195029,3.572958277123706,0.2872991583779648,0.2589309811592102,0.5589135424636572
mot_small-tiny_1d-bs.512-ep.300,mot_small_1d,/data/seokhyeon/MotionJEPA/output/mot_small-tiny_1d-bs.512-ep.300/motion-jepa-1d-latest.pth.tar,10c2a0d7cbea0687d1662318e1d3fc37661315e60525d9c146e7e93240a9680a,0.003,2,48,3.532693323897586,0.28833652007648186,0.26516541838645935,0.5831739961759083,3.566579729706254,0.29686304514154555,0.26788824796676636,0.5623565416985463
mot_small-tiny_1d-bs.512-ep.300,mot_small_1d,/data/seokhyeon/MotionJEPA/output/mot_small-tiny_1d-bs.512-ep.300/motion-jepa-1d-latest.pth.tar,10c2a0d7cbea0687d1662318e1d3fc37661315e60525d9c146e7e93240a9680a,0.01,0,43,2.683155822753906,0.4829827915869981,0.4667191207408905,0.7246653919694073,2.74230055163266,0.4525631216526396,0.42687371373176575,0.7142310635042081
mot_small-tiny_1d-bs.512-ep.300,mot_small_1d,/data/seokhyeon/MotionJEPA/output/mot_small-tiny_1d-bs.512-ep.300/motion-jepa-1d-latest.pth.tar,10c2a0d7cbea0687d1662318e1d3fc37661315e60525d9c146e7e93240a9680a,0.01,1,44,2.6840980544372908,0.4864244741873805,0.4698624312877655,0.7239005736137667,2.7424336661796307,0.45983167559296095,0.4355349838733673,0.7111706197398623
mot_small-tiny_1d-bs.512-ep.300,mot_small_1d,/data/seokhyeon/MotionJEPA/output/mot_small-tiny_1d-bs.512-ep.300/motion-jepa-1d-latest.pth.tar,10c2a0d7cbea0687d1662318e1d3fc37661315e60525d9c146e7e93240a9680a,0.01,2,49,2.6800434207369217,0.4818355640535373,0.4641801416873932,0.7246653919694073,2.737570140228622,0.4575363427697016,0.43273720145225525,0.7058148431522571
mot_small-tiny_1d-bs.512-ep.300,mot_small_1d,/data/seokhyeon/MotionJEPA/output/mot_small-tiny_1d-bs.512-ep.300/motion-jepa-1d-latest.pth.tar,10c2a0d7cbea0687d1662318e1d3fc37661315e60525d9c146e7e93240a9680a,0.03,0,40,2.0011164269529385,0.6065009560229445,0.6000741720199585,0.795793499043977,2.0619976215902502,0.576893649579189,0.5586010813713074,0.7895944912012242
mot_small-tiny_1d-bs.512-ep.300,mot_small_1d,/data/seokhyeon/MotionJEPA/output/mot_small-tiny_1d-bs.512-ep.300/motion-jepa-1d-latest.pth.tar,10c2a0d7cbea0687d1662318e1d3fc37661315e60525d9c146e7e93240a9680a,0.03,1,44,1.995675084422241,0.6076481835564054,0.6021901369094849,0.7954110898661568,2.057944387539526,0.5745983167559297,0.5562664866447449,0.79265493496557
mot_small-tiny_1d-bs.512-ep.300,mot_small_1d,/data/seokhyeon/MotionJEPA/output/mot_small-tiny_1d-bs.512-ep.300/motion-jepa-1d-latest.pth.tar,10c2a0d7cbea0687d1662318e1d3fc37661315e60525d9c146e7e93240a9680a,0.03,2,42,1.9982122388442205,0.6042065009560229,0.5974788069725037,0.7950286806883365,2.0591018314843152,0.5772762050497322,0.5593668818473816,0.7899770466717674
mot_small-tiny_1d-bs.512-ep.300,mot_small_1d,/data/seokhyeon/MotionJEPA/output/mot_small-tiny_1d-bs.512-ep.300/motion-jepa-1d-latest.pth.tar,10c2a0d7cbea0687d1662318e1d3fc37661315e60525d9c146e7e93240a9680a,0.1,0,48,1.4983077113076788,0.6860420650095602,0.6839307546615601,0.8458891013384321,1.5308182766716627,0.6633511859219586,0.6485836505889893,0.8473603672532517
mot_small-tiny_1d-bs.512-ep.300,mot_small_1d,/data/seokhyeon/MotionJEPA/output/mot_small-tiny_1d-bs.512-ep.300/motion-jepa-1d-latest.pth.tar,10c2a0d7cbea0687d1662318e1d3fc37661315e60525d9c146e7e93240a9680a,0.1,1,42,1.5042490388421665,0.6871892925430211,0.6829773783683777,0.8451242829827916,1.5368298017622957,0.6660290742157613,0.6531039476394653,0.8454475899005356
mot_small-tiny_1d-bs.512-ep.300,mot_small_1d,/data/seokhyeon/MotionJEPA/output/mot_small-tiny_1d-bs.512-ep.300/motion-jepa-1d-latest.pth.tar,10c2a0d7cbea0687d1662318e1d3fc37661315e60525d9c146e7e93240a9680a,0.1,2,40,1.5077482628320873,0.6845124282982792,0.6804286241531372,0.8466539196940727,1.5413734710389817,0.663733741392502,0.649247407913208,0.8481254781943381
mot_small-tiny_1d-bs.512-ep.300,mot_small_1d,/data/seokhyeon/MotionJEPA/output/mot_small-tiny_1d-bs.512-ep.300/motion-jepa-1d-latest.pth.tar,10c2a0d7cbea0687d1662318e1d3fc37661315e60525d9c146e7e93240a9680a,0.3,0,45,1.2335923699986182,0.720076481835564,0.7161274552345276,0.8734225621414914,1.2339472241682594,0.717291507268554,0.7031310796737671,0.8764345830145371
mot_small-tiny_1d-bs.512-ep.300,mot_small_1d,/data/seokhyeon/MotionJEPA/output/mot_small-tiny_1d-bs.512-ep.300/motion-jepa-1d-latest.pth.tar,10c2a0d7cbea0687d1662318e1d3fc37661315e60525d9c146e7e93240a9680a,0.3,1,42,1.2383734941938411,0.7219885277246654,0.7179830074310303,0.8695984703632887,1.2401393534303533,0.7195868400918133,0.7057008147239685,0.8741392501912777
mot_small-tiny_1d-bs.512-ep.300,mot_small_1d,/data/seokhyeon/MotionJEPA/output/mot_small-tiny_1d-bs.512-ep.300/motion-jepa-1d-latest.pth.tar,10c2a0d7cbea0687d1662318e1d3fc37661315e60525d9c146e7e93240a9680a,0.3,2,43,1.2447005671251345,0.7204588910133843,0.7173854112625122,0.8695984703632887,1.2437988214120668,0.7142310635042081,0.7013697624206543,0.8741392501912777
mot_small-tiny_1d-bs.512-ep.300,mot_small_1d,/data/seokhyeon/MotionJEPA/output/mot_small-tiny_1d-bs.512-ep.300/motion-jepa-1d-latest.pth.tar,10c2a0d7cbea0687d1662318e1d3fc37661315e60525d9c146e7e93240a9680a,1.0,0,44,1.1200246092466277,0.7365200764818356,0.732124924659729,0.8875717017208413,1.1088336924149411,0.740627390971691,0.7250387668609619,0.8902065799540934
mot_small-tiny_1d-bs.512-ep.300,mot_small_1d,/data/seokhyeon/MotionJEPA/output/mot_small-tiny_1d-bs.512-ep.300/motion-jepa-1d-latest.pth.tar,10c2a0d7cbea0687d1662318e1d3fc37661315e60525d9c146e7e93240a9680a,1.0,1,50,1.1177773185715392,0.7372848948374761,0.7337156534194946,0.8837476099426386,1.1025773772959866,0.7448355011476664,0.7304617166519165,0.8905891354246366
mot_small-tiny_1d-bs.512-ep.300,mot_small_1d,/data/seokhyeon/MotionJEPA/output/mot_small-tiny_1d-bs.512-ep.300/motion-jepa-1d-latest.pth.tar,10c2a0d7cbea0687d1662318e1d3fc37661315e60525d9c146e7e93240a9680a,1.0,2,43,1.1403029418128399,0.7361376673040153,0.7347678542137146,0.8810707456978968,1.1200430723393155,0.7398622800306044,0.7257030010223389,0.8905891354246366
mot_small_1d-bs.512-ep.300,mot_small_1d,/data/seokhyeon/MotionJEPA/output/mot_small_1d-bs.512-ep.300/motion-jepa-1d-latest.pth.tar,2fcb85118f8aea5338fdb45a1531bfd3bbe92864d058a857c64d8b4772616927,0.001,0,45,4.244452843748133,0.12619502868068833,0.10048458725214005,0.3208413001912046,4.255191245513192,0.12280030604437643,0.096160888671875,0.31025248661055854
mot_small_1d-bs.512-ep.300,mot_small_1d,/data/seokhyeon/MotionJEPA/output/mot_small_1d-bs.512-ep.300/motion-jepa-1d-latest.pth.tar,2fcb85118f8aea5338fdb45a1531bfd3bbe92864d058a857c64d8b4772616927,0.001,1,49,4.23213641018986,0.12237093690248566,0.09726793318986893,0.32695984703632885,4.243893361401722,0.1143840856924254,0.08973134309053421,0.30795715378729915
mot_small_1d-bs.512-ep.300,mot_small_1d,/data/seokhyeon/MotionJEPA/output/mot_small_1d-bs.512-ep.300/motion-jepa-1d-latest.pth.tar,2fcb85118f8aea5338fdb45a1531bfd3bbe92864d058a857c64d8b4772616927,0.001,2,44,4.236425547845961,0.12887189292543022,0.1023128405213356,0.3277246653919694,4.245349519199876,0.12203519510328997,0.09758103638887405,0.3091048201989288
mot_small_1d-bs.512-ep.300,mot_small_1d,/data/seokhyeon/MotionJEPA/output/mot_small_1d-bs.512-ep.300/motion-jepa-1d-latest.pth.tar,2fcb85118f8aea5338fdb45a1531bfd3bbe92864d058a857c64d8b4772616927,0.003,0,43,3.735013272520689,0.2734225621414914,0.2475626915693283,0.5544933078393881,3.7463483978248133,0.270849273144606,0.24089233577251434,0.541698546289212
mot_small_1d-bs.512-ep.300,mot_small_1d,/data/seokhyeon/MotionJEPA/output/mot_small_1d-bs.512-ep.300/motion-jepa-1d-latest.pth.tar,2fcb85118f8aea5338fdb45a1531bfd3bbe92864d058a857c64d8b4772616927,0.003,1,43,3.7273081558840224,0.2722753346080306,0.24721136689186096,0.558699808795411,3.739195177914445,0.2685539403213466,0.239013209939003,0.5489671002295333
mot_small_1d-bs.512-ep.300,mot_small_1d,/data/seokhyeon/MotionJEPA/output/mot_small_1d-bs.512-ep.300/motion-jepa-1d-latest.pth.tar,2fcb85118f8aea5338fdb45a1531bfd3bbe92864d058a857c64d8b4772616927,0.003,2,46,3.7280495638145315,0.2684512428298279,0.24193044006824493,0.5506692160611855,3.7377649787371636,0.2697016067329763,0.2394876480102539,0.5405508798775822
mot_small_1d-bs.512-ep.300,mot_small_1d,/data/seokhyeon/MotionJEPA/output/mot_small_1d-bs.512-ep.300/motion-jepa-1d-latest.pth.tar,2fcb85118f8aea5338fdb45a1531bfd3bbe92864d058a857c64d8b4772616927,0.01,0,44,2.8698429727645496,0.4451242829827916,0.4272879362106323,0.7189292543021033,2.8893719055129083,0.44376434583014535,0.41747599840164185,0.7016067329762815
mot_small_1d-bs.512-ep.300,mot_small_1d,/data/seokhyeon/MotionJEPA/output/mot_small_1d-bs.512-ep.300/motion-jepa-1d-latest.pth.tar,2fcb85118f8aea5338fdb45a1531bfd3bbe92864d058a857c64d8b4772616927,0.01,1,46,2.865160549302402,0.44435946462715104,0.42530468106269836,0.7173996175908222,2.8844306087712797,0.44452945677123185,0.4187725782394409,0.7042846212700842
mot_small_1d-bs.512-ep.300,mot_small_1d,/data/seokhyeon/MotionJEPA/output/mot_small_1d-bs.512-ep.300/motion-jepa-1d-latest.pth.tar,2fcb85118f8aea5338fdb45a1531bfd3bbe92864d058a857c64d8b4772616927,0.01,2,47,2.8671750362243067,0.4435946462715105,0.4248521327972412,0.7216061185468451,2.8861540697326893,0.4429992348890589,0.41745442152023315,0.7084927314460597
mot_small_1d-bs.512-ep.300,mot_small_1d,/data/seokhyeon/MotionJEPA/output/mot_small_1d-bs.512-ep.300/motion-jepa-1d-latest.pth.tar,2fcb85118f8aea5338fdb45a1531bfd3bbe92864d058a857c64d8b4772616927,0.03,0,40,2.10408887990802,0.5854684512428299,0.5773341655731201,0.8007648183556405,2.1211072050530944,0.5765110941086458,0.5533583164215088,0.8071920428462127
mot_small_1d-bs.512-ep.300,mot_small_1d,/data/seokhyeon/MotionJEPA/output/mot_small_1d-bs.512-ep.300/motion-jepa-1d-latest.pth.tar,2fcb85118f8aea5338fdb45a1531bfd3bbe92864d058a857c64d8b4772616927,0.03,1,42,2.098120499386614,0.5866156787762906,0.5788302421569824,0.8026768642447418,2.1151019813636833,0.5788064269319051,0.5560834407806396,0.8068094873756695
mot_small_1d-bs.512-ep.300,mot_small_1d,/data/seokhyeon/MotionJEPA/output/mot_small_1d-bs.512-ep.300/motion-jepa-1d-latest.pth.tar,2fcb85118f8aea5338fdb45a1531bfd3bbe92864d058a857c64d8b4772616927,0.03,2,40,2.1050939206183528,0.5862332695984703,0.577430784702301,0.7992351816443595,2.1215319498495555,0.576893649579189,0.5544973611831665,0.8052792654934966
mot_small_1d-bs.512-ep.300,mot_small_1d,/data/seokhyeon/MotionJEPA/output/mot_small_1d-bs.512-ep.300/motion-jepa-1d-latest.pth.tar,2fcb85118f8aea5338fdb45a1531bfd3bbe92864d058a857c64d8b4772616927,0.1,0,48,1.504794136470408,0.6871892925430211,0.683113694190979,0.8604206500956023,1.504488774994994,0.6897475133894415,0.6711804270744324,0.8599846977811783
mot_small_1d-bs.512-ep.300,mot_small_1d,/data/seokhyeon/MotionJEPA/output/mot_small_1d-bs.512-ep.300/motion-jepa-1d-latest.pth.tar,2fcb85118f8aea5338fdb45a1531bfd3bbe92864d058a857c64d8b4772616927,0.1,1,43,1.5075457950395106,0.6845124282982792,0.6807750463485718,0.8608030592734226,1.5078966393211732,0.6916602907421576,0.6732276678085327,0.8611323641928079
mot_small_1d-bs.512-ep.300,mot_small_1d,/data/seokhyeon/MotionJEPA/output/mot_small_1d-bs.512-ep.300/motion-jepa-1d-latest.pth.tar,2fcb85118f8aea5338fdb45a1531bfd3bbe92864d058a857c64d8b4772616927,0.1,2,46,1.5055141966839822,0.6837476099426386,0.6799381375312805,0.858508604206501,1.5051233193850646,0.690512624330528,0.6721235513687134,0.8584544758990054
mot_small_1d-bs.512-ep.300,mot_small_1d,/data/seokhyeon/MotionJEPA/output/mot_small_1d-bs.512-ep.300/motion-jepa-1d-latest.pth.tar,2fcb85118f8aea5338fdb45a1531bfd3bbe92864d058a857c64d8b4772616927,0.3,0,47,1.1821030596702093,0.7376673040152963,0.7351264953613281,0.8860420650095602,1.1739293866788694,0.7444529456771232,0.7277364134788513,0.8898240244835501
mot_small_1d-bs.512-ep.300,mot_small_1d,/data/seokhyeon/MotionJEPA/output/mot_small_1d-bs.512-ep.300/motion-jepa-1d-latest.pth.tar,2fcb85118f8aea5338fdb45a1531bfd3bbe92864d058a857c64d8b4772616927,0.3,1,47,1.1832876260148408,0.7380497131931166,0.7355267405509949,0.8864244741873805,1.1739648703682395,0.7478959449120123,0.7318793535232544,0.8875286916602907
mot_small_1d-bs.512-ep.300,mot_small_1d,/data/seokhyeon/MotionJEPA/output/mot_small_1d-bs.512-ep.300/motion-jepa-1d-latest.pth.tar,2fcb85118f8aea5338fdb45a1531bfd3bbe92864d058a857c64d8b4772616927,0.3,2,48,1.1824189136862526,0.7376673040152963,0.7348533868789673,0.8860420650095602,1.1733656768682081,0.7436878347360367,0.7274559140205383,0.8886763580719205
mot_small_1d-bs.512-ep.300,mot_small_1d,/data/seokhyeon/MotionJEPA/output/mot_small_1d-bs.512-ep.300/motion-jepa-1d-latest.pth.tar,2fcb85118f8aea5338fdb45a1531bfd3bbe92864d058a857c64d8b4772616927,1.0,0,46,0.9950082155304247,0.7667304015296367,0.7638447284698486,0.9021032504780114,0.9814622086610334,0.7704667176740627,0.7562101483345032,0.9032134659525631
mot_small_1d-bs.512-ep.300,mot_small_1d,/data/seokhyeon/MotionJEPA/output/mot_small_1d-bs.512-ep.300/motion-jepa-1d-latest.pth.tar,2fcb85118f8aea5338fdb45a1531bfd3bbe92864d058a857c64d8b4772616927,1.0,1,48,0.98881815077014,0.7648183556405354,0.7619928121566772,0.902868068833652,0.9803608250052489,0.7727620504973222,0.7581708431243896,0.9024483550114767
mot_small_1d-bs.512-ep.300,mot_small_1d,/data/seokhyeon/MotionJEPA/output/mot_small_1d-bs.512-ep.300/motion-jepa-1d-latest.pth.tar,2fcb85118f8aea5338fdb45a1531bfd3bbe92864d058a857c64d8b4772616927,1.0,2,46,0.9925908973066574,0.7678776290630975,0.7640708684921265,0.901338432122371,0.9809797195049307,0.7704667176740627,0.7551813721656799,0.9032134659525631
mot_tiny-small_1d-bs.512-ep.300,mot_tiny_1d,/data/seokhyeon/MotionJEPA/output/mot_tiny-small_1d-bs.512-ep.300/motion-jepa-1d-latest.pth.tar,9d74f8f927d06edcebbde3f5c6d21cb59a090a7346a40a4c80fb34bf0ce0ac01,0.001,0,43,3.4835343836826302,0.30860420650095605,0.287344366312027,0.5621414913957935,3.5081650807644085,0.2957153787299158,0.27162623405456543,0.5608263198163733
mot_tiny-small_1d-bs.512-ep.300,mot_tiny_1d,/data/seokhyeon/MotionJEPA/output/mot_tiny-small_1d-bs.512-ep.300/motion-jepa-1d-latest.pth.tar,9d74f8f927d06edcebbde3f5c6d21cb59a090a7346a40a4c80fb34bf0ce0ac01,0.001,1,45,3.4655719297565875,0.3139579349904398,0.2958846092224121,0.5778202676864245,3.497655738649609,0.3006885998469778,0.2754698693752289,0.5688599846977812
mot_tiny-small_1d-bs.512-ep.300,mot_tiny_1d,/data/seokhyeon/MotionJEPA/output/mot_tiny-small_1d-bs.512-ep.300/motion-jepa-1d-latest.pth.tar,9d74f8f927d06edcebbde3f5c6d21cb59a090a7346a40a4c80fb34bf0ce0ac01,0.001,2,47,3.4768133509911268,0.31051625239005737,0.2907375395298004,0.5747609942638623,3.492653552685061,0.30107115531752104,0.2737457752227783,0.5631216526396328
mot_tiny-small_1d-bs.512-ep.300,mot_tiny_1d,/data/seokhyeon/MotionJEPA/output/mot_tiny-small_1d-bs.512-ep.300/motion-jepa-1d-latest.pth.tar,9d74f8f927d06edcebbde3f5c6d21cb59a090a7346a40a4c80fb34bf0ce0ac01,0.003,0,42,2.660817317342667,0.4864244741873805,0.4749007821083069,0.7112810707456979,2.6981895084862684,0.4789594491201224,0.45495960116386414,0.7046671767406274
mot_tiny-small_1d-bs.512-ep.300,mot_tiny_1d,/data/seokhyeon/MotionJEPA/output/mot_tiny-small_1d-bs.512-ep.300/motion-jepa-1d-latest.pth.tar,9d74f8f927d06edcebbde3f5c6d21cb59a090a7346a40a4c80fb34bf0ce0ac01,0.003,1,44,2.646818478294358,0.4933078393881453,0.4824255704879761,0.7147227533460803,2.688761330964279,0.4820198928844682,0.4579910933971405,0.7184391736801836
mot_tiny-small_1d-bs.512-ep.300,mot_tiny_1d,/data/seokhyeon/MotionJEPA/output/mot_tiny-small_1d-bs.512-ep.300/motion-jepa-1d-latest.pth.tar,9d74f8f927d06edcebbde3f5c6d21cb59a090a7346a40a4c80fb34bf0ce0ac01,0.003,2,44,2.656959586207315,0.4933078393881453,0.48350006341934204,0.7093690248565966,2.6890329829407906,0.48508033664881406,0.4605405330657959,0.708875286916603
mot_tiny-small_1d-bs.512-ep.300,mot_tiny_1d,/data/seokhyeon/MotionJEPA/output/mot_tiny-small_1d-bs.512-ep.300/motion-jepa-1d-latest.pth.tar,9d74f8f927d06edcebbde3f5c6d21cb59a090a7346a40a4c80fb34bf0ce0ac01,0.01,0,45,1.908790766349486,0.6149139579349905,0.6082004308700562,0.7908221797323136,1.9488482602972426,0.5956388676358072,0.5771453976631165,0.7972456006120887
mot_tiny-small_1d-bs.512-ep.300,mot_tiny_1d,/data/seokhyeon/MotionJEPA/output/mot_tiny-small_1d-bs.512-ep.300/motion-jepa-1d-latest.pth.tar,9d74f8f927d06edcebbde3f5c6d21cb59a090a7346a40a4c80fb34bf0ce0ac01,0.01,1,46,1.9056256617004512,0.6160611854684512,0.6093294024467468,0.7931166347992352,1.9472053107544038,0.5948737566947208,0.5765148997306824,0.7938026013771997
mot_tiny-small_1d-bs.512-ep.300,mot_tiny_1d,/data/seokhyeon/MotionJEPA/output/mot_tiny-small_1d-bs.512-ep.300/motion-jepa-1d-latest.pth.tar,9d74f8f927d06edcebbde3f5c6d21cb59a090a7346a40a4c80fb34bf0ce0ac01,0.01,2,43,1.9118701912932825,0.6172084130019121,0.6103155612945557,0.7938814531548757,1.948521725713705,0.598699311400153,0.5806717872619629,0.7983932670237185
mot_tiny-small_1d-bs.512-ep.300,mot_tiny_1d,/data/seokhyeon/MotionJEPA/output/mot_tiny-small_1d-bs.512-ep.300/motion-jepa-1d-latest.pth.tar,9d74f8f927d06edcebbde3f5c6d21cb59a090a7346a40a4c80fb34bf0ce0ac01,0.03,0,37,1.497471786411497,0.679923518164436,0.6731619834899902,0.8390057361376673,1.5253406705615533,0.6679418515684774,0.6498537659645081,0.8420045906656465
mot_tiny-small_1d-bs.512-ep.300,mot_tiny_1d,/data/seokhyeon/MotionJEPA/output/mot_tiny-small_1d-bs.512-ep.300/motion-jepa-1d-latest.pth.tar,9d74f8f927d06edcebbde3f5c6d21cb59a090a7346a40a4c80fb34bf0ce0ac01,0.03,1,37,1.4987031823590427,0.6764818355640535,0.6721587181091309,0.8382409177820268,1.5272786870838215,0.6664116296863045,0.6502848863601685,0.8381790359602143
mot_tiny-small_1d-bs.512-ep.300,mot_tiny_1d,/data/seokhyeon/MotionJEPA/output/mot_tiny-small_1d-bs.512-ep.300/motion-jepa-1d-latest.pth.tar,9d74f8f927d06edcebbde3f5c6d21cb59a090a7346a40a4c80fb34bf0ce0ac01,0.03,2,35,1.5039329762212632,0.675717017208413,0.6705507636070251,0.8363288718929255,1.5293296647600847,0.667176740627391,0.651195764541626,0.8397092578423871
mot_tiny-small_1d-bs.512-ep.300,mot_tiny_1d,/data/seokhyeon/MotionJEPA/output/mot_tiny-small_1d-bs.512-ep.300/motion-jepa-1d-latest.pth.tar,9d74f8f927d06edcebbde3f5c6d21cb59a090a7346a40a4c80fb34bf0ce0ac01,0.1,0,38,1.2388503590687738,0.7196940726577438,0.717287540435791,0.8630975143403442,1.2516653225817749,0.708875286916603,0.6932231187820435,0.8691660290742158
mot_tiny-small_1d-bs.512-ep.300,mot_tiny_1d,/data/seokhyeon/MotionJEPA/output/mot_tiny-small_1d-bs.512-ep.300/motion-jepa-1d-latest.pth.tar,9d74f8f927d06edcebbde3f5c6d21cb59a090a7346a40a4c80fb34bf0ce0ac01,0.1,1,37,1.2338850601225464,0.7208413001912046,0.7169060707092285,0.8653919694072658,1.250150889226655,0.70734506503443,0.692343533039093,0.8661055853098699
mot_tiny-small_1d-bs.512-ep.300,mot_tiny_1d,/data/seokhyeon/MotionJEPA/output/mot_tiny-small_1d-bs.512-ep.300/motion-jepa-1d-latest.pth.tar,9d74f8f927d06edcebbde3f5c6d21cb59a090a7346a40a4c80fb34bf0ce0ac01,0.1,2,44,1.2276850494326415,0.7204588910133843,0.7175331115722656,0.8653919694072658,1.2413757312544083,0.7138485080336648,0.6980340480804443,0.8672532517214996
mot_tiny-small_1d-bs.512-ep.300,mot_tiny_1d,/data/seokhyeon/MotionJEPA/output/mot_tiny-small_1d-bs.512-ep.300/motion-jepa-1d-latest.pth.tar,9d74f8f927d06edcebbde3f5c6d21cb59a090a7346a40a4c80fb34bf0ce0ac01,0.3,0,43,1.1221693531277075,0.7330783938814531,0.7303118705749512,0.8810707456978968,1.1284878678967594,0.7333588370313695,0.7172567248344421,0.8833205814843152
mot_tiny-small_1d-bs.512-ep.300,mot_tiny_1d,/data/seokhyeon/MotionJEPA/output/mot_tiny-small_1d-bs.512-ep.300/motion-jepa-1d-latest.pth.tar,9d74f8f927d06edcebbde3f5c6d21cb59a090a7346a40a4c80fb34bf0ce0ac01,0.3,1,45,1.1152445331814185,0.7323135755258127,0.7277984023094177,0.8814531548757171,1.1217530913816305,0.7310635042081102,0.714871346950531,0.8844682478959449
mot_tiny-small_1d-bs.512-ep.300,mot_tiny_1d,/data/seokhyeon/MotionJEPA/output/mot_tiny-small_1d-bs.512-ep.300/motion-jepa-1d-latest.pth.tar,9d74f8f927d06edcebbde3f5c6d21cb59a090a7346a40a4c80fb34bf0ce0ac01,0.3,2,42,1.1313608931765728,0.7323135755258127,0.7301618456840515,0.8799235181644359,1.1369633692863248,0.7264728385615914,0.711484968662262,0.8775822494261668
mot_tiny-small_1d-bs.512-ep.300,mot_tiny_1d,/data/seokhyeon/MotionJEPA/output/mot_tiny-small_1d-bs.512-ep.300/motion-jepa-1d-latest.pth.tar,9d74f8f927d06edcebbde3f5c6d21cb59a090a7346a40a4c80fb34bf0ce0ac01,1.0,0,50,1.3629318456120973,0.7323135755258127,0.7288832068443298,0.8894837476099426,1.3602139240197764,0.7283856159143076,0.713126540184021,0.8856159143075746
mot_tiny-small_1d-bs.512-ep.300,mot_tiny_1d,/data/seokhyeon/MotionJEPA/output/mot_tiny-small_1d-bs.512-ep.300/motion-jepa-1d-latest.pth.tar,9d74f8f927d06edcebbde3f5c6d21cb59a090a7346a40a4c80fb34bf0ce0ac01,1.0,1,49,1.3813612462001823,0.7292543021032505,0.7281937599182129,0.8887189292543021,1.368735442566525,0.7310635042081102,0.7164344191551208,0.8844682478959449
mot_tiny-small_1d-bs.512-ep.300,mot_tiny_1d,/data/seokhyeon/MotionJEPA/output/mot_tiny-small_1d-bs.512-ep.300/motion-jepa-1d-latest.pth.tar,9d74f8f927d06edcebbde3f5c6d21cb59a090a7346a40a4c80fb34bf0ce0ac01,1.0,2,48,1.3831146211058871,0.7330783938814531,0.7307554483413696,0.8879541108986616,1.3682581179909972,0.7302983932670237,0.7153911590576172,0.8859984697781178
mot_tiny_1d-bs.512-ep.300,mot_tiny_1d,/data/seokhyeon/MotionJEPA/output/mot_tiny_1d-bs.512-ep.300/motion-jepa-1d-latest.pth.tar,e5f6eb8a55f49db2f54608cca8fcddd655bef642d848d44b159ee24242b32571,0.001,0,44,2.7582140658143373,0.49789674952198854,0.4702618420124054,0.7269598470363289,2.7920993872060973,0.48508033664881406,0.45646750926971436,0.7157612853863811
mot_tiny_1d-bs.512-ep.300,mot_tiny_1d,/data/seokhyeon/MotionJEPA/output/mot_tiny_1d-bs.512-ep.300/motion-jepa-1d-latest.pth.tar,e5f6eb8a55f49db2f54608cca8fcddd655bef642d848d44b159ee24242b32571,0.001,1,45,2.7527547745130256,0.5009560229445507,0.4753149747848511,0.7277246653919694,2.7865996211197146,0.4946442234123948,0.4677009582519531,0.7199693955623565
mot_tiny_1d-bs.512-ep.300,mot_tiny_1d,/data/seokhyeon/MotionJEPA/output/mot_tiny_1d-bs.512-ep.300/motion-jepa-1d-latest.pth.tar,e5f6eb8a55f49db2f54608cca8fcddd655bef642d848d44b159ee24242b32571,0.001,2,46,2.7605060847266,0.49980879541108986,0.4755004942417145,0.7323135755258127,2.790202175102438,0.4728385615914308,0.44973304867744446,0.7165263963274675
mot_tiny_1d-bs.512-ep.300,mot_tiny_1d,/data/seokhyeon/MotionJEPA/output/mot_tiny_1d-bs.512-ep.300/motion-jepa-1d-latest.pth.tar,e5f6eb8a55f49db2f54608cca8fcddd655bef642d848d44b159ee24242b32571,0.003,0,44,1.8834514435573015,0.6634799235181644,0.652506947517395,0.8382409177820268,1.9050107866913286,0.6599081866870696,0.6418832540512085,0.8251721499617445
mot_tiny_1d-bs.512-ep.300,mot_tiny_1d,/data/seokhyeon/MotionJEPA/output/mot_tiny_1d-bs.512-ep.300/motion-jepa-1d-latest.pth.tar,e5f6eb8a55f49db2f54608cca8fcddd655bef642d848d44b159ee24242b32571,0.003,1,43,1.8830754208975038,0.6650095602294455,0.6553696990013123,0.837093690248566,1.9073630422695775,0.6576128538638103,0.6374034285545349,0.8240244835501148
mot_tiny_1d-bs.512-ep.300,mot_tiny_1d,/data/seokhyeon/MotionJEPA/output/mot_tiny_1d-bs.512-ep.300/motion-jepa-1d-latest.pth.tar,e5f6eb8a55f49db2f54608cca8fcddd655bef642d848d44b159ee24242b32571,0.003,2,50,1.8859746199948837,0.6665391969407266,0.6576834321022034,0.8317399617590823,1.9035858673819532,0.6606732976281561,0.640869140625,0.8297628156082631
mot_tiny_1d-bs.512-ep.300,mot_tiny_1d,/data/seokhyeon/MotionJEPA/output/mot_tiny_1d-bs.512-ep.300/motion-jepa-1d-latest.pth.tar,e5f6eb8a55f49db2f54608cca8fcddd655bef642d848d44b159ee24242b32571,0.01,0,42,1.2884076120292707,0.7552581261950286,0.7476067543029785,0.8818355640535372,1.2865956429771184,0.7540168324407039,0.7405660152435303,0.8905891354246366
mot_tiny_1d-bs.512-ep.300,mot_tiny_1d,/data/seokhyeon/MotionJEPA/output/mot_tiny_1d-bs.512-ep.300/motion-jepa-1d-latest.pth.tar,e5f6eb8a55f49db2f54608cca8fcddd655bef642d848d44b159ee24242b32571,0.01,1,37,1.2946557827251135,0.7541108986615679,0.7491991519927979,0.8829827915869981,1.2956327790053819,0.7524866105585309,0.7395724654197693,0.8902065799540934
mot_tiny_1d-bs.512-ep.300,mot_tiny_1d,/data/seokhyeon/MotionJEPA/output/mot_tiny_1d-bs.512-ep.300/motion-jepa-1d-latest.pth.tar,e5f6eb8a55f49db2f54608cca8fcddd655bef642d848d44b159ee24242b32571,0.01,2,47,1.2874044429275775,0.7541108986615679,0.7477580308914185,0.8818355640535372,1.2843759824231826,0.7566947207345065,0.7435556054115295,0.8905891354246366
mot_tiny_1d-bs.512-ep.300,mot_tiny_1d,/data/seokhyeon/MotionJEPA/output/mot_tiny_1d-bs.512-ep.300/motion-jepa-1d-latest.pth.tar,e5f6eb8a55f49db2f54608cca8fcddd655bef642d848d44b159ee24242b32571,0.03,0,36,1.0027335296397455,0.7984703632887189,0.7936197519302368,0.9009560229445507,0.9806906109833955,0.7976281560826319,0.7889339923858643,0.91469013006886
mot_tiny_1d-bs.512-ep.300,mot_tiny_1d,/data/seokhyeon/MotionJEPA/output/mot_tiny_1d-bs.512-ep.300/motion-jepa-1d-latest.pth.tar,e5f6eb8a55f49db2f54608cca8fcddd655bef642d848d44b159ee24242b32571,0.03,1,36,1.0018127353879736,0.7977055449330784,0.7936832904815674,0.9021032504780114,0.9807469704357284,0.7957153787299158,0.7869415879249573,0.9166029074215761
mot_tiny_1d-bs.512-ep.300,mot_tiny_1d,/data/seokhyeon/MotionJEPA/output/mot_tiny_1d-bs.512-ep.300/motion-jepa-1d-latest.pth.tar,e5f6eb8a55f49db2f54608cca8fcddd655bef642d848d44b159ee24242b32571,0.03,2,45,0.9965840990639098,0.7996175908221798,0.7953174114227295,0.9017208413001913,0.9745106744510852,0.7999234889058914,0.7908980846405029,0.9150726855394032
mot_tiny_1d-bs.512-ep.300,mot_tiny_1d,/data/seokhyeon/MotionJEPA/output/mot_tiny_1d-bs.512-ep.300/motion-jepa-1d-latest.pth.tar,e5f6eb8a55f49db2f54608cca8fcddd655bef642d848d44b159ee24242b32571,0.1,0,35,0.8361523192425759,0.8187380497131931,0.814801812171936,0.9166347992351817,0.8105737165175236,0.8190512624330528,0.8094752430915833,0.9246365723029839
mot_tiny_1d-bs.512-ep.300,mot_tiny_1d,/data/seokhyeon/MotionJEPA/output/mot_tiny_1d-bs.512-ep.300/motion-jepa-1d-latest.pth.tar,e5f6eb8a55f49db2f54608cca8fcddd655bef642d848d44b159ee24242b32571,0.1,1,29,0.8472900748024935,0.8175908221797323,0.8143928647041321,0.9170172084130019,0.8205741248973564,0.8190512624330528,0.8097999691963196,0.9215761285386381
mot_tiny_1d-bs.512-ep.300,mot_tiny_1d,/data/seokhyeon/MotionJEPA/output/mot_tiny_1d-bs.512-ep.300/motion-jepa-1d-latest.pth.tar,e5f6eb8a55f49db2f54608cca8fcddd655bef642d848d44b159ee24242b32571,0.1,2,36,0.8369979289476092,0.8187380497131931,0.8149255514144897,0.9173996175908222,0.8079254410151954,0.8224942616679418,0.812623918056488,0.9257842387146136
mot_tiny_1d-bs.512-ep.300,mot_tiny_1d,/data/seokhyeon/MotionJEPA/output/mot_tiny_1d-bs.512-ep.300/motion-jepa-1d-latest.pth.tar,e5f6eb8a55f49db2f54608cca8fcddd655bef642d848d44b159ee24242b32571,0.3,0,42,0.7899897515203939,0.8248565965583174,0.8217820525169373,0.924282982791587,0.7713650540714512,0.8232593726090283,0.8144932389259338,0.9296097934200459
mot_tiny_1d-bs.512-ep.300,mot_tiny_1d,/data/seokhyeon/MotionJEPA/output/mot_tiny_1d-bs.512-ep.300/motion-jepa-1d-latest.pth.tar,e5f6eb8a55f49db2f54608cca8fcddd655bef642d848d44b159ee24242b32571,0.3,1,39,0.7922552703215561,0.8244741873804972,0.821423351764679,0.9231357552581262,0.7743542429683951,0.8213465952563122,0.8120908141136169,0.9307574598316756
mot_tiny_1d-bs.512-ep.300,mot_tiny_1d,/data/seokhyeon/MotionJEPA/output/mot_tiny_1d-bs.512-ep.300/motion-jepa-1d-latest.pth.tar,e5f6eb8a55f49db2f54608cca8fcddd655bef642d848d44b159ee24242b32571,0.3,2,37,0.7899086334053462,0.8244741873804972,0.8206225037574768,0.9239005736137668,0.770776802652559,0.8247895944912013,0.8160291910171509,0.9303749043611323
mot_tiny_1d-bs.512-ep.300,mot_tiny_1d,/data/seokhyeon/MotionJEPA/output/mot_tiny_1d-bs.512-ep.300/motion-jepa-1d-latest.pth.tar,e5f6eb8a55f49db2f54608cca8fcddd655bef642d848d44b159ee24242b32571,1.0,0,39,0.9470896223079178,0.815678776290631,0.8123675584793091,0.924282982791587,0.9447773931221645,0.8106350420811017,0.8008905053138733,0.9307574598316756
mot_tiny_1d-bs.512-ep.300,mot_tiny_1d,/data/seokhyeon/MotionJEPA/output/mot_tiny_1d-bs.512-ep.300/motion-jepa-1d-latest.pth.tar,e5f6eb8a55f49db2f54608cca8fcddd655bef642d848d44b159ee24242b32571,1.0,1,42,0.9499281159322531,0.8145315487571702,0.8115280270576477,0.9239005736137668,0.9439322289931655,0.8133129303749044,0.8035553693771362,0.9296097934200459
mot_tiny_1d-bs.512-ep.300,mot_tiny_1d,/data/seokhyeon/MotionJEPA/output/mot_tiny_1d-bs.512-ep.300/motion-jepa-1d-latest.pth.tar,e5f6eb8a55f49db2f54608cca8fcddd655bef642d848d44b159ee24242b32571,1.0,2,44,0.9492293188266498,0.8145315487571702,0.8103623390197754,0.9231357552581262,0.9414629042376611,0.8125478194338179,0.8035032749176025,0.9299923488905891
