run_name,model_name,lr,seed,epoch,learning_rate,train_loss,train_top1_accuracy,train_macro_accuracy,train_top5_accuracy,val_loss,val_top1_accuracy,val_macro_accuracy,val_top5_accuracy
mot_patch_tiny_1d-p3-bs.512-ep.100,mot_patch_tiny_1d,0.1,42,1,0.1,1.4416058989550558,0.7195926563396443,0.7125077843666077,0.8681392235609103,1.4979958995578393,0.6998087954110899,0.6936458349227905,0.8531548757170172
mot_patch_tiny_1d-p3-bs.512-ep.100,mot_patch_tiny_1d,0.1,42,2,0.09990133642141358,1.1066795578192608,0.7916905718110537,0.7861635684967041,0.9019410977242303,1.1779333373556629,0.7682600382409178,0.76166170835495,0.8940726577437859
mot_patch_tiny_1d-p3-bs.512-ep.100,mot_patch_tiny_1d,0.1,42,3,0.0996057350657239,0.9625416039098265,0.8124402371390324,0.8083627820014954,0.913798049340218,1.0683215898036045,0.7804971319311663,0.7779807448387146,0.8994263862332696
mot_patch_tiny_1d-p3-bs.512-ep.100,mot_patch_tiny_1d,0.1,42,4,0.09911436253643444,0.8738992296730635,0.830560336584433,0.8273158073425293,0.9231688659399503,0.9829973953859756,0.7992351816443595,0.7953365445137024,0.9093690248565965
mot_patch_tiny_1d-p3-bs.512-ep.100,mot_patch_tiny_1d,0.1,42,5,0.09842915805643154,0.8087394323693701,0.8437559762860968,0.8417652249336243,0.927376171352075,0.925606075892257,0.805736137667304,0.8037586808204651,0.9151051625239006
mot_patch_tiny_1d-p3-bs.512-ep.100,mot_patch_tiny_1d,0.1,42,6,0.09755282581475767,0.7710294046874346,0.8487282463186078,0.8471028208732605,0.9285714285714286,0.8983321844505763,0.8133843212237094,0.8120171427726746,0.9162523900573614
mot_patch_tiny_1d-p3-bs.512-ep.100,mot_patch_tiny_1d,0.1,42,7,0.09648882429441256,0.7293276132965526,0.8565691336775674,0.8544025421142578,0.9334958883151654,0.8633750485188646,0.822944550669216,0.8184781074523926,0.9151051625239006
mot_patch_tiny_1d-p3-bs.512-ep.100,mot_patch_tiny_1d,0.1,42,8,0.09524135262330098,0.7032880848738494,0.8585771658060815,0.8567153215408325,0.9354561101549054,0.8501781923137249,0.8225621414913958,0.821531355381012,0.9177820267686424
mot_patch_tiny_1d-p3-bs.512-ep.100,mot_patch_tiny_1d,0.1,42,9,0.09381533400219318,0.676072453148485,0.8666571046089119,0.864683985710144,0.9388506406578696,0.8234524232707562,0.8263862332695985,0.8236313462257385,0.9235181644359465
mot_patch_tiny_1d-p3-bs.512-ep.100,mot_patch_tiny_1d,0.1,42,10,0.09221639627510075,0.6504987861485936,0.8719640466628419,0.868608832359314,0.9406196213425129,0.8081191870724038,0.8302103250478011,0.8280345797538757,0.9231357552581262
mot_patch_tiny_1d-p3-bs.512-ep.100,mot_patch_tiny_1d,0.1,42,11,0.09045084971874737,0.6360985656887105,0.8727290112832281,0.8707847595214844,0.942962325492446,0.7931862570359648,0.8321223709369024,0.8292620778083801,0.924282982791587
mot_patch_tiny_1d-p3-bs.512-ep.100,mot_patch_tiny_1d,0.1,42,12,0.08852566213878946,0.6171059622138106,0.8782271944922547,0.8758789896965027,0.9444922547332186,0.7772353892572523,0.8363288718929255,0.8325715661048889,0.924282982791587
mot_patch_tiny_1d-p3-bs.512-ep.100,mot_patch_tiny_1d,0.1,42,13,0.08644843137107057,0.6048297641336131,0.8823388793268311,0.8798983693122864,0.944635685599541,0.7682912589487109,0.8393881453154876,0.8364781737327576,0.9250478011472275
mot_patch_tiny_1d-p3-bs.512-ep.100,mot_patch_tiny_1d,0.1,42,14,0.08422735529643442,0.5933754598690871,0.8806177089309619,0.8776040077209473,0.9450659781985083,0.7680508965515953,0.8355640535372849,0.8314568996429443,0.9288718929254303
mot_patch_tiny_1d-p3-bs.512-ep.100,mot_patch_tiny_1d,0.1,42,15,0.08187119948743447,0.582276861898802,0.882960413080895,0.8801689147949219,0.9466437177280551,0.7595669689871385,0.8420650095602294,0.8402206301689148,0.9269598470363288
mot_patch_tiny_1d-p3-bs.512-ep.100,mot_patch_tiny_1d,0.1,42,16,0.07938926261462366,0.5685743102837667,0.8850640657869574,0.8822609782218933,0.9489864218779881,0.7543698662781578,0.8409177820267686,0.8376748561859131,0.9265774378585087
mot_patch_tiny_1d-p3-bs.512-ep.100,mot_patch_tiny_1d,0.1,42,17,0.07679133974894982,0.5580456602935878,0.8910881621724995,0.8881477117538452,0.9487473704341174,0.739796065554792,0.84282982791587,0.8394281268119812,0.9296367112810707
mot_patch_tiny_1d-p3-bs.512-ep.100,mot_patch_tiny_1d,0.1,42,18,0.07408768370508576,0.5510207278524674,0.8902275769745649,0.8868739604949951,0.9501338688085676,0.7367557751744929,0.8401529636711281,0.836814284324646,0.9265774378585087
mot_patch_tiny_1d-p3-bs.512-ep.100,mot_patch_tiny_1d,0.1,42,19,0.07128896457825362,0.5422815049120928,0.8935264868999808,0.8912201523780823,0.9504207305412125,0.732103072069799,0.8439770554493308,0.8412334322929382,0.9288718929254303
mot_patch_tiny_1d-p3-bs.512-ep.100,mot_patch_tiny_1d,0.1,42,20,0.06840622763423389,0.5364629760438704,0.8906100592847581,0.8886240124702454,0.9511378848728246,0.7305296276085236,0.8458891013384321,0.844519853591919,0.9273422562141491
mot_patch_tiny_1d-p3-bs.512-ep.100,mot_patch_tiny_1d,0.1,42,21,0.06545084971874736,0.527290250858811,0.8976859820233314,0.8954361081123352,0.9523331420921782,0.7187093672743263,0.8455066921606118,0.8431077003479004,0.9304015296367113
mot_patch_tiny_1d-p3-bs.512-ep.100,mot_patch_tiny_1d,0.1,42,22,0.06243449435824272,0.5232800107814769,0.8974947408682349,0.8946380615234375,0.9523331420921782,0.7225694375557835,0.8462715105162524,0.8439690470695496,0.9296367112810707
mot_patch_tiny_1d-p3-bs.512-ep.100,mot_patch_tiny_1d,0.1,42,23,0.05936906572928623,0.5166402042744196,0.8977337923121056,0.8950268030166626,0.952906865557468,0.7116184030390607,0.8520076481835565,0.8485338091850281,0.92848948374761
mot_patch_tiny_1d-p3-bs.512-ep.100,mot_patch_tiny_1d,0.1,42,24,0.056266661678215216,0.5114209590393172,0.8998852553069421,0.8970438241958618,0.9543411742206923,0.7134428881322449,0.8481835564053537,0.8454867005348206,0.9281070745697897
mot_patch_tiny_1d-p3-bs.512-ep.100,mot_patch_tiny_1d,0.1,42,25,0.053139525976465665,0.5084389607977926,0.898546567221266,0.8958091139793396,0.9543411742206923,0.7127618807907542,0.8493307839388146,0.8457632660865784,0.9288718929254303
mot_patch_tiny_1d-p3-bs.512-ep.100,mot_patch_tiny_1d,0.1,42,26,0.049999999999999996,0.5035792087409756,0.8994071524192007,0.8968608975410461,0.9544846050870147,0.7073193289353789,0.8474187380497132,0.8442527651786804,0.9304015296367113
mot_patch_tiny_1d-p3-bs.512-ep.100,mot_patch_tiny_1d,0.1,42,27,0.046860474023534326,0.4985807651907154,0.9027538726333907,0.8999871611595154,0.955249569707401,0.7048400842436869,0.8539196940726578,0.8518106937408447,0.9311663479923518
mot_patch_tiny_1d-p3-bs.512-ep.100,mot_patch_tiny_1d,0.1,42,28,0.04373333832178478,0.49497338521318696,0.9036144578313253,0.9011584520339966,0.9552017594186268,0.7032979334289667,0.8493307839388146,0.8470363020896912,0.9296367112810707
mot_patch_tiny_1d-p3-bs.512-ep.100,mot_patch_tiny_1d,0.1,42,29,0.040630934270713764,0.4915324194888627,0.9025626314782941,0.8998754024505615,0.9554886211512718,0.7008884247584735,0.8504780114722753,0.8489341735839844,0.9323135755258126
mot_patch_tiny_1d-p3-bs.512-ep.100,mot_patch_tiny_1d,0.1,42,30,0.03756550564175726,0.4889095145535756,0.90251482118952,0.8997596502304077,0.9556798623063684,0.7018635124367009,0.8523900573613766,0.8507426381111145,0.9311663479923518
mot_patch_tiny_1d-p3-bs.512-ep.100,mot_patch_tiny_1d,0.1,42,31,0.03454915028125265,0.4859364360576607,0.9032319755211321,0.9005908966064453,0.9564926372155288,0.6974021153057967,0.848565965583174,0.8450667858123779,0.9326959847036329
mot_patch_tiny_1d-p3-bs.512-ep.100,mot_patch_tiny_1d,0.1,42,32,0.03159377236576612,0.48432328081377196,0.9030885446548097,0.9007167220115662,0.9564926372155288,0.6972583515466285,0.8520076481835565,0.8499197959899902,0.9304015296367113
mot_patch_tiny_1d-p3-bs.512-ep.100,mot_patch_tiny_1d,0.1,42,33,0.028711035421746366,0.4817928114318556,0.9055268693822911,0.9027361869812012,0.9571141709695926,0.6954202794208125,0.8512428298279159,0.8493968844413757,0.931548757170172
mot_patch_tiny_1d-p3-bs.512-ep.100,mot_patch_tiny_1d,0.1,42,34,0.025912316294914226,0.4801893458582516,0.9051443870720979,0.9026461839675903,0.9566838783706254,0.6961035347349557,0.8516252390057362,0.8496170043945312,0.930019120458891
mot_patch_tiny_1d-p3-bs.512-ep.100,mot_patch_tiny_1d,0.1,42,35,0.023208660251050155,0.4773418011047982,0.9059093516924842,0.9033921957015991,0.9575922738573341,0.6923674705607485,0.8527724665391969,0.8501838445663452,0.930019120458891
mot_patch_tiny_1d-p3-bs.512-ep.100,mot_patch_tiny_1d,0.1,42,36,0.020610737385376346,0.4760850498566415,0.9053834385159686,0.902696967124939,0.9574010327022375,0.6908118275337876,0.8546845124282982,0.8528267741203308,0.931548757170172
mot_patch_tiny_1d-p3-bs.512-ep.100,mot_patch_tiny_1d,0.1,42,37,0.01812880051256551,0.4748219601121772,0.9061962134251291,0.9034257531166077,0.9575922738573341,0.6902808238625754,0.8523900573613766,0.8495841026306152,0.930019120458891
mot_patch_tiny_1d-p3-bs.512-ep.100,mot_patch_tiny_1d,0.1,42,38,0.015772644703565562,0.473656032983193,0.907152419200612,0.9046418070793152,0.9574010327022375,0.689918709895351,0.8527724665391969,0.8505382537841797,0.9319311663479923
mot_patch_tiny_1d-p3-bs.512-ep.100,mot_patch_tiny_1d,0.1,42,39,0.013551568628929433,0.47255107362039184,0.9077261426659017,0.9052489399909973,0.9578313253012049,0.6888779197094773,0.8516252390057362,0.8494539856910706,0.9307839388145316
mot_patch_tiny_1d-p3-bs.512-ep.100,mot_patch_tiny_1d,0.1,42,40,0.011474337861210542,0.47176524671320025,0.9075827117995793,0.9049263000488281,0.9580225664563013,0.6884591279476596,0.8523900573613766,0.8498504161834717,0.9323135755258126
mot_patch_tiny_1d-p3-bs.512-ep.100,mot_patch_tiny_1d,0.1,42,41,0.009549150281252632,0.4709540215931971,0.9077261426659017,0.9052340984344482,0.9579747561675273,0.6882689977467175,0.8531548757170172,0.8508344888687134,0.9311663479923518
mot_patch_tiny_1d-p3-bs.512-ep.100,mot_patch_tiny_1d,0.1,42,42,0.007783603724899257,0.47047561485741374,0.9080608146873207,0.9056048393249512,0.9579269458787532,0.6877061001429366,0.8523900573613766,0.8499718308448792,0.9311663479923518
mot_patch_tiny_1d-p3-bs.512-ep.100,mot_patch_tiny_1d,0.1,42,43,0.0061846659978068205,0.4700359390807393,0.9080130043985466,0.9054557681083679,0.9582616179001722,0.6873050915807428,0.8535372848948375,0.8511520624160767,0.9319311663479923
mot_patch_tiny_1d-p3-bs.512-ep.100,mot_patch_tiny_1d,0.1,42,44,0.004758647376699033,0.46971081748111776,0.9084432969975139,0.9059314727783203,0.9583094281889463,0.6872600314722006,0.8535372848948375,0.8511520624160767,0.931548757170172
mot_patch_tiny_1d-p3-bs.512-ep.100,mot_patch_tiny_1d,0.1,42,45,0.0035111757055874327,0.4694864813286115,0.9088735895964811,0.9062706232070923,0.958213807611398,0.687391280398542,0.8531548757170172,0.8507172465324402,0.9311663479923518
mot_patch_tiny_1d-p3-bs.512-ep.100,mot_patch_tiny_1d,0.1,42,46,0.0024471741852423235,0.4693320838459866,0.9083954867087397,0.9058809876441956,0.9583572384777204,0.6873898828918573,0.8527724665391969,0.8503172993659973,0.9311663479923518
mot_patch_tiny_1d-p3-bs.512-ep.100,mot_patch_tiny_1d,0.1,42,47,0.0015708419435684518,0.4692334795025526,0.9086823484413846,0.9061314463615417,0.9583572384777204,0.6872635463911534,0.8527724665391969,0.8503172993659973,0.931548757170172
mot_patch_tiny_1d-p3-bs.512-ep.100,mot_patch_tiny_1d,0.1,42,48,0.000885637463565564,0.46917668891741865,0.9085867278638363,0.9060181975364685,0.9583572384777204,0.6872093973834473,0.8527724665391969,0.8503172993659973,0.931548757170172
mot_patch_tiny_1d-p3-bs.512-ep.100,mot_patch_tiny_1d,0.1,42,49,0.00039426493427611173,0.4691531270155375,0.9086345381526104,0.906074047088623,0.9582616179001722,0.6871962355837995,0.8527724665391969,0.8503172993659973,0.931548757170172
mot_patch_tiny_1d-p3-bs.512-ep.100,mot_patch_tiny_1d,0.1,42,50,9.866357858642205e-05,0.4691469336039342,0.9086345381526104,0.906074047088623,0.9582616179001722,0.687187422393157,0.8527724665391969,0.8503172993659973,0.931548757170172
mot_patch_tiny_1d-p3-bs.512-ep.100,mot_patch_tiny_1d,0.3,42,1,0.3,1.054208622536848,0.7641040351883726,0.7614601254463196,0.8915184547714669,1.1769040992109543,0.7353728489483747,0.7376031279563904,0.8718929254302104
mot_patch_tiny_1d-p3-bs.512-ep.100,mot_patch_tiny_1d,0.3,42,2,0.29970400926424073,0.822926670307182,0.8210460891183783,0.8162392377853394,0.9192006119716963,0.9478876934452677,0.7946462715105163,0.7863543033599854,0.9024856596558317
mot_patch_tiny_1d-p3-bs.512-ep.100,mot_patch_tiny_1d,0.3,42,3,0.2988172051971717,0.7300318963989562,0.836536622681201,0.8347323536872864,0.9285714285714286,0.8801365183142813,0.804206500956023,0.7996471524238586,0.9101338432122371
mot_patch_tiny_1d-p3-bs.512-ep.100,mot_patch_tiny_1d,0.3,42,4,0.29734308760930334,0.6850204921904064,0.8430388219544847,0.8410808444023132,0.9353126792885829,0.8712120741776709,0.8034416826003824,0.8054429888725281,0.9154875717017208
mot_patch_tiny_1d-p3-bs.512-ep.100,mot_patch_tiny_1d,0.3,42,5,0.2952874741692947,0.6358023884419981,0.8565691336775674,0.8567410111427307,0.9368426085293555,0.8201564387655167,0.8152963671128107,0.8145907521247864,0.9181644359464627
mot_patch_tiny_1d-p3-bs.512-ep.100,mot_patch_tiny_1d,0.3,42,6,0.2926584774442731,0.5939082448262287,0.8642187798814305,0.8630037903785706,0.9426754637598012,0.7821088444434434,0.8275334608030592,0.824830949306488,0.9208413001912046
mot_patch_tiny_1d-p3-bs.512-ep.100,mot_patch_tiny_1d,0.3,42,7,0.28946647288323774,0.5627520645661025,0.8718684260852936,0.8696277141571045,0.9461656148403136,0.7669242114911344,0.8340344168260039,0.8301383852958679,0.9154875717017208
mot_patch_tiny_1d-p3-bs.512-ep.100,mot_patch_tiny_1d,0.3,42,8,0.28572405786990296,0.5396168627276615,0.8780359533371581,0.8769487738609314,0.9493689041881813,0.7687247522474475,0.831357552581262,0.8300939798355103,0.918546845124283
mot_patch_tiny_1d-p3-bs.512-ep.100,mot_patch_tiny_1d,0.3,42,9,0.28144600200657954,0.5143110658635052,0.8835341365461847,0.8824315667152405,0.9519984700707592,0.7361545540862512,0.8382409177820268,0.8361183404922485,0.9246653919694072
mot_patch_tiny_1d-p3-bs.512-ep.100,mot_patch_tiny_1d,0.3,42,10,0.27664918882530226,0.5024813283445001,0.8846337731879901,0.8813929557800293,0.952906865557468,0.738856659519057,0.8363288718929255,0.8323148488998413,0.9288718929254303
mot_patch_tiny_1d-p3-bs.512-ep.100,mot_patch_tiny_1d,0.3,42,11,0.27135254915624213,0.4802122406075894,0.8916140753490152,0.890231728553772,0.9548670873972078,0.722432846594495,0.838623326959847,0.8374636769294739,0.9292543021032504
mot_patch_tiny_1d-p3-bs.512-ep.100,mot_patch_tiny_1d,0.3,42,12,0.2655769864163684,0.47284977858735444,0.892235609103079,0.8917824029922485,0.9572576018359151,0.7224101910855528,0.837093690248566,0.8343356251716614,0.9219885277246654
mot_patch_tiny_1d-p3-bs.512-ep.100,mot_patch_tiny_1d,0.3,42,13,0.2593452941132117,0.46196227567012144,0.8936699177663033,0.8914831280708313,0.958213807611398,0.7068240703633821,0.84282982791587,0.8406074643135071,0.9326959847036329
mot_patch_tiny_1d-p3-bs.512-ep.100,mot_patch_tiny_1d,0.3,42,14,0.2526820658893033,0.452213465175749,0.8961560527825588,0.8929378986358643,0.959887167718493,0.714657750321164,0.8382409177820268,0.8337451219558716,0.9292543021032504
mot_patch_tiny_1d-p3-bs.512-ep.100,mot_patch_tiny_1d,0.3,42,15,0.24561359846230346,0.4327286429194561,0.8999808758844904,0.8988931775093079,0.9621820615796519,0.6929506320114573,0.850095602294455,0.8485166430473328,0.9304015296367113
mot_patch_tiny_1d-p3-bs.512-ep.100,mot_patch_tiny_1d,0.3,42,16,0.23816778784387102,0.4220950380523384,0.9044750430292599,0.9033322334289551,0.9622776821572002,0.7032001841820449,0.8493307839388146,0.8487856388092041,0.9288718929254303
mot_patch_tiny_1d-p3-bs.512-ep.100,mot_patch_tiny_1d,0.3,42,17,0.2303740192468495,0.41894047974765036,0.9053834385159686,0.9036090970039368,0.9626123541786192,0.6824221091334268,0.8432122370936902,0.8416506052017212,0.9304015296367113
mot_patch_tiny_1d-p3-bs.512-ep.100,mot_patch_tiny_1d,0.3,42,18,0.22226305111525732,0.40452252539559747,0.9093038821954484,0.9063220024108887,0.9643813348632626,0.6838032717002738,0.8466539196940727,0.8424757122993469,0.9326959847036329
mot_patch_tiny_1d-p3-bs.512-ep.100,mot_patch_tiny_1d,0.3,42,19,0.21386689373476092,0.398098144140953,0.9114075349015108,0.9087775945663452,0.9654809715050678,0.6744460680288749,0.8462715105162524,0.8437385559082031,0.9311663479923518
mot_patch_tiny_1d-p3-bs.512-ep.100,mot_patch_tiny_1d,0.3,42,20,0.20521868290270173,0.3874429669747687,0.9132243258749283,0.911803126335144,0.9671065213233888,0.6715756972478862,0.8543021032504781,0.8538339734077454,0.9311663479923518
mot_patch_tiny_1d-p3-bs.512-ep.100,mot_patch_tiny_1d,0.3,42,21,0.19635254915624212,0.385752465625091,0.9136546184738956,0.9125581383705139,0.9661981258366801,0.6763010262075392,0.850095602294455,0.8473183512687683,0.9296367112810707
mot_patch_tiny_1d-p3-bs.512-ep.100,mot_patch_tiny_1d,0.3,42,22,0.18730348307472822,0.3819243746064639,0.9125549818320903,0.9113456010818481,0.9673933830560336,0.6752266499098126,0.8527724665391969,0.8493475317955017,0.9319311663479923
mot_patch_tiny_1d-p3-bs.512-ep.100,mot_patch_tiny_1d,0.3,42,23,0.17810719718785872,0.37151296700955255,0.9174794415758272,0.915692150592804,0.9683973991202907,0.6576341982781317,0.8546845124282982,0.8494085669517517,0.9326959847036329
mot_patch_tiny_1d-p3-bs.512-ep.100,mot_patch_tiny_1d,0.3,42,24,0.1687999850346457,0.3675830490526676,0.9178619238860203,0.9160149097442627,0.9700707592273857,0.6665352888818453,0.8516252390057362,0.849416196346283,0.9323135755258126
mot_patch_tiny_1d-p3-bs.512-ep.100,mot_patch_tiny_1d,0.3,42,25,0.15941857792939704,0.35770857477762613,0.9225473321858864,0.9211133718490601,0.9702141900937081,0.6615895273124739,0.850095602294455,0.8488150238990784,0.9330783938814532
mot_patch_tiny_1d-p3-bs.512-ep.100,mot_patch_tiny_1d,0.3,42,26,0.15000000000000002,0.35868559925066945,0.9211608338114362,0.9193224310874939,0.9705488621151271,0.6648322971555517,0.8489483747609943,0.8462455868721008,0.9319311663479923
mot_patch_tiny_1d-p3-bs.512-ep.100,mot_patch_tiny_1d,0.3,42,27,0.140581422070603,0.3533754217440003,0.9230254350736279,0.9207065105438232,0.970166379804934,0.6641789481927058,0.8512428298279159,0.8491272926330566,0.9346080305927342
mot_patch_tiny_1d-p3-bs.512-ep.100,mot_patch_tiny_1d,0.3,42,28,0.13120001496535438,0.3494599944753204,0.923407917383821,0.9216961860656738,0.9708835341365462,0.6568754724973018,0.8512428298279159,0.8497796058654785,0.9349904397705545
mot_patch_tiny_1d-p3-bs.512-ep.100,mot_patch_tiny_1d,0.3,42,29,0.12189280281214132,0.34355172574759485,0.9253681392235609,0.9236306548118591,0.9709313444253204,0.6503648455238707,0.8588910133843213,0.8560563921928406,0.9326959847036329
mot_patch_tiny_1d-p3-bs.512-ep.100,mot_patch_tiny_1d,0.3,42,30,0.11269651692527179,0.3413220991206502,0.9260374832663989,0.9241505265235901,0.9719353604895774,0.6519650081831456,0.8554493307839388,0.8522253632545471,0.9334608030592734
mot_patch_tiny_1d-p3-bs.512-ep.100,mot_patch_tiny_1d,0.3,42,31,0.10364745084375795,0.33684213568635823,0.9268024478867852,0.9252784252166748,0.9726047045324153,0.6487684975618614,0.8562141491395794,0.8531984090805054,0.9349904397705545
mot_patch_tiny_1d-p3-bs.512-ep.100,mot_patch_tiny_1d,0.3,42,32,0.09478131709729837,0.3376062769442084,0.9276630330847199,0.9262872338294983,0.9732262382864793,0.6541010417172376,0.8531548757170172,0.8514914512634277,0.9311663479923518
mot_patch_tiny_1d-p3-bs.512-ep.100,mot_patch_tiny_1d,0.3,42,33,0.08613310626523911,0.33126379915121795,0.9296232549244597,0.9281734228134155,0.9739433926180914,0.6482299819275252,0.8588910133843213,0.855485737323761,0.9334608030592734
mot_patch_tiny_1d-p3-bs.512-ep.100,mot_patch_tiny_1d,0.3,42,34,0.0777369488847427,0.3302241185126831,0.9307228915662651,0.9293542504310608,0.9738955823293173,0.6471569644789394,0.8558317399617591,0.8538087606430054,0.9349904397705545
mot_patch_tiny_1d-p3-bs.512-ep.100,mot_patch_tiny_1d,0.3,42,35,0.06962598075315048,0.3278839926939436,0.9318225282080703,0.9303309917449951,0.9740868234844139,0.6443854658371176,0.8577437858508604,0.8546264171600342,0.9349904397705545
mot_patch_tiny_1d-p3-bs.512-ep.100,mot_patch_tiny_1d,0.3,42,36,0.06183221215612905,0.32629607908811004,0.9307707018550392,0.9290920495986938,0.9744214955058329,0.6399940527192037,0.8588910133843213,0.8564810156822205,0.935755258126195
mot_patch_tiny_1d-p3-bs.512-ep.100,mot_patch_tiny_1d,0.3,42,37,0.05438640153769654,0.3250270695047092,0.9323006310958118,0.9307234883308411,0.9749474086823484,0.6409179140459283,0.8608030592734226,0.8582385182380676,0.9353728489483748
mot_patch_tiny_1d-p3-bs.512-ep.100,mot_patch_tiny_1d,0.3,42,38,0.047317934110696694,0.32298970947440714,0.9329699751386499,0.9313367605209351,0.9744214955058329,0.6409966937442583,0.8604206500956023,0.8581299781799316,0.9361376673040153
mot_patch_tiny_1d-p3-bs.512-ep.100,mot_patch_tiny_1d,0.3,42,39,0.0406547058867883,0.3215433931596923,0.9332568368712947,0.9316845536231995,0.9752342704149933,0.6373943511204327,0.8604206500956023,0.8581908345222473,0.9365200764818356
mot_patch_tiny_1d-p3-bs.512-ep.100,mot_patch_tiny_1d,0.3,42,40,0.03442301358363163,0.3202893516488001,0.9340696117804551,0.9323428273200989,0.9757123733027347,0.6396382406610376,0.8588910133843213,0.856876015663147,0.935755258126195
mot_patch_tiny_1d-p3-bs.512-ep.100,mot_patch_tiny_1d,0.3,42,41,0.0286474508437579,0.31934125365525184,0.9344520940906483,0.932788074016571,0.9753298909925416,0.6389246435511864,0.8596558317399617,0.8570294380187988,0.9353728489483748
mot_patch_tiny_1d-p3-bs.512-ep.100,mot_patch_tiny_1d,0.3,42,42,0.023350811174697773,0.3187471306057272,0.9345955249569707,0.9331322312355042,0.9753298909925416,0.6380521770645055,0.860038240917782,0.8575664758682251,0.9349904397705545
mot_patch_tiny_1d-p3-bs.512-ep.100,mot_patch_tiny_1d,0.3,42,43,0.018553997993420463,0.3184882189717296,0.9346433352457448,0.933163583278656,0.9756645630139607,0.6372592291458159,0.8615678776290631,0.8587827086448669,0.9353728489483748
mot_patch_tiny_1d-p3-bs.512-ep.100,mot_patch_tiny_1d,0.3,42,44,0.014275942130097098,0.3177963821489922,0.9345955249569707,0.9331019520759583,0.9756167527251864,0.6373474369085541,0.8604206500956023,0.8580551743507385,0.9353728489483748
mot_patch_tiny_1d-p3-bs.512-ep.100,mot_patch_tiny_1d,0.3,42,45,0.010533527116762299,0.3175822903809481,0.9343564735131,0.9327290058135986,0.9758558041690572,0.6375980720009449,0.8588910133843213,0.856140673160553,0.9353728489483748
mot_patch_tiny_1d-p3-bs.512-ep.100,mot_patch_tiny_1d,0.3,42,46,0.00734152255572697,0.31745800267079294,0.9343564735131,0.932822048664093,0.9758558041690572,0.6377126566082753,0.8608030592734226,0.8582648634910583,0.935755258126195
mot_patch_tiny_1d-p3-bs.512-ep.100,mot_patch_tiny_1d,0.3,42,47,0.004712525830705355,0.3173432368396869,0.9349301969783897,0.9333673715591431,0.9758558041690572,0.6372628359676091,0.8608030592734226,0.858086347579956,0.9353728489483748
mot_patch_tiny_1d-p3-bs.512-ep.100,mot_patch_tiny_1d,0.3,42,48,0.0026569123906966916,0.3172923256047348,0.9348345764008414,0.9332288503646851,0.9759036144578314,0.6371937177377267,0.8604206500956023,0.8577921986579895,0.9353728489483748
mot_patch_tiny_1d-p3-bs.512-ep.100,mot_patch_tiny_1d,0.3,42,49,0.001182794802828335,0.3172676976813621,0.9347867661120673,0.9332060217857361,0.9759992350353797,0.6371979073402303,0.8604206500956023,0.8577921986579895,0.9353728489483748
mot_patch_tiny_1d-p3-bs.512-ep.100,mot_patch_tiny_1d,0.3,42,50,0.0002959907357592661,0.31726232735872223,0.9348345764008414,0.9332452416419983,0.9759992350353797,0.6371927498403517,0.8604206500956023,0.8577921986579895,0.9353728489483748
mot_patch_tiny_1d-p3-bs.512-ep.100,mot_patch_tiny_1d,0.5,42,1,0.5,1.0205869085589474,0.7615222795945688,0.7591851949691772,0.8931440045897877,1.1907611620813665,0.7284894837476099,0.7336807250976562,0.8703632887189292
mot_patch_tiny_1d-p3-bs.512-ep.100,mot_patch_tiny_1d,0.5,42,2,0.4995066821070679,0.7654231008185691,0.8262096003059859,0.821091890335083,0.9229298144960796,0.9267482837800998,0.7908221797323136,0.7848984599113464,0.9078393881453155
mot_patch_tiny_1d-p3-bs.512-ep.100,mot_patch_tiny_1d,0.5,42,3,0.4980286753286195,0.7076241636759557,0.8314687320711417,0.8309147357940674,0.9322528208070376,0.8982052250528427,0.795793499043977,0.7919023036956787,0.9063097514340345
mot_patch_tiny_1d-p3-bs.512-ep.100,mot_patch_tiny_1d,0.5,42,4,0.4955718126821722,0.6611453448638653,0.8428953910881621,0.8429684638977051,0.9365557467967106,0.9026575763184528,0.7977055449330784,0.8007565140724182,0.9089866156787763
mot_patch_tiny_1d-p3-bs.512-ep.100,mot_patch_tiny_1d,0.5,42,5,0.49214579028215777,0.608309706576492,0.8545132912602792,0.8543301224708557,0.9407630522088354,0.8351870637094997,0.8084130019120459,0.8057711720466614,0.9173996175908222
mot_patch_tiny_1d-p3-bs.512-ep.100,mot_patch_tiny_1d,0.5,42,6,0.4877641290737884,0.5592262873938673,0.8636928667049149,0.8631332516670227,0.9461656148403136,0.7895964934310767,0.8286806883365201,0.8266292810440063,0.9208413001912046
mot_patch_tiny_1d-p3-bs.512-ep.100,mot_patch_tiny_1d,0.5,42,7,0.48244412147206284,0.5575379119773831,0.8654618473895582,0.8639817833900452,0.9482214572576019,0.8117086166177607,0.8221797323135756,0.8185305595397949,0.9162523900573614
mot_patch_tiny_1d-p3-bs.512-ep.100,mot_patch_tiny_1d,0.5,42,8,0.4762067631165049,0.5189685465888736,0.8736374067699368,0.8728615641593933,0.9508510231401798,0.8044903844537972,0.8233269598470363,0.8216222524642944,0.9166347992351817
mot_patch_tiny_1d-p3-bs.512-ep.100,mot_patch_tiny_1d,0.5,42,9,0.46907667001096587,0.47873884351697155,0.8875502008032129,0.885969340801239,0.9533849684452094,0.7588894189429785,0.8309751434034417,0.8271028399467468,0.9219885277246654
mot_patch_tiny_1d-p3-bs.512-ep.100,mot_patch_tiny_1d,0.5,42,10,0.46108198137550377,0.48119025286034156,0.8813348632625742,0.8779340386390686,0.9559667240390132,0.776711714472871,0.8282982791586998,0.8233519196510315,0.9269598470363288
mot_patch_tiny_1d-p3-bs.512-ep.100,mot_patch_tiny_1d,0.5,42,11,0.45225424859373686,0.4355105016901334,0.8960604322050105,0.8953185081481934,0.9597915471409447,0.7321877474082815,0.8382409177820268,0.8369885087013245,0.9269598470363288
mot_patch_tiny_1d-p3-bs.512-ep.100,mot_patch_tiny_1d,0.5,42,12,0.4426283106939473,0.45593883585897954,0.8825779307707019,0.8828809857368469,0.959552495697074,0.770158426346788,0.831357552581262,0.8265010714530945,0.9216061185468452
mot_patch_tiny_1d-p3-bs.512-ep.100,mot_patch_tiny_1d,0.5,42,13,0.4322421568553529,0.4290170992371411,0.8949607955632052,0.8929992914199829,0.9621342512908778,0.7455882697898617,0.8340344168260039,0.8320435881614685,0.9288718929254303
mot_patch_tiny_1d-p3-bs.512-ep.100,mot_patch_tiny_1d,0.5,42,14,0.4211367764821722,0.4233456842528632,0.8964429145152036,0.8938095569610596,0.9625167336010709,0.7517277340132238,0.8298279158699808,0.8256280422210693,0.92848948374761
mot_patch_tiny_1d-p3-bs.512-ep.100,mot_patch_tiny_1d,0.5,42,15,0.40935599743717244,0.38587107934694626,0.9067221266016446,0.9052255153656006,0.9660546949703577,0.7080355704400553,0.8409177820267686,0.8404588103294373,0.9296367112810707
mot_patch_tiny_1d-p3-bs.512-ep.100,mot_patch_tiny_1d,0.5,42,16,0.39694631307311834,0.3869275096543867,0.9053356282271945,0.904646635055542,0.9664849875693249,0.728007178370401,0.8413001912045889,0.8401336669921875,0.9261950286806884
mot_patch_tiny_1d-p3-bs.512-ep.100,mot_patch_tiny_1d,0.5,42,17,0.38395669874474914,0.38457111063913624,0.9053834385159686,0.9034391641616821,0.9668196595907439,0.711241282650891,0.8397705544933078,0.8383755683898926,0.9265774378585087
mot_patch_tiny_1d-p3-bs.512-ep.100,mot_patch_tiny_1d,0.5,42,18,0.3704384185254288,0.36793552071488733,0.9110728628800918,0.9093641042709351,0.9694492254733219,0.7090986758755452,0.8474187380497132,0.8421401381492615,0.9319311663479923
mot_patch_tiny_1d-p3-bs.512-ep.100,mot_patch_tiny_1d,0.5,42,19,0.35644482289126816,0.36172501547064373,0.9093038821954484,0.9074843525886536,0.9695926563396443,0.699771517139092,0.8390057361376673,0.836222231388092,0.930019120458891
mot_patch_tiny_1d-p3-bs.512-ep.100,mot_patch_tiny_1d,0.5,42,20,0.34203113817116954,0.3450803649108618,0.9171925798431823,0.9156733751296997,0.9719831707783515,0.6922345527955268,0.8504780114722753,0.8488672375679016,0.9319311663479923
mot_patch_tiny_1d-p3-bs.512-ep.100,mot_patch_tiny_1d,0.5,42,21,0.32725424859373686,0.3532921384730059,0.912459361254542,0.9114091396331787,0.9699751386498374,0.71328842571543,0.8413001912045889,0.8406345844268799,0.9288718929254303
mot_patch_tiny_1d-p3-bs.512-ep.100,mot_patch_tiny_1d,0.5,42,22,0.31217247179121366,0.3428234008968526,0.9142283419391853,0.9137106537818909,0.9721266016446739,0.6990732101819711,0.8458891013384321,0.8416404128074646,0.9311663479923518
mot_patch_tiny_1d-p3-bs.512-ep.100,mot_patch_tiny_1d,0.5,42,23,0.2968453286464312,0.33093427412595183,0.9202524383247275,0.9186348915100098,0.9734174794415759,0.682677930901201,0.8516252390057362,0.8468350172042847,0.9311663479923518
mot_patch_tiny_1d-p3-bs.512-ep.100,mot_patch_tiny_1d,0.5,42,24,0.2813333083910761,0.3215336242445251,0.9235991585389176,0.9220725297927856,0.974803977816026,0.6861312195174325,0.8478011472275334,0.8467047214508057,0.9349904397705545
mot_patch_tiny_1d-p3-bs.512-ep.100,mot_patch_tiny_1d,0.5,42,25,0.26569762988232837,0.30555014301153416,0.9303404092560719,0.9294123649597168,0.9759514247466055,0.672216624739521,0.850095602294455,0.8495559096336365,0.9334608030592734
mot_patch_tiny_1d-p3-bs.512-ep.100,mot_patch_tiny_1d,0.5,42,26,0.25,0.3065171785257952,0.9304360298336202,0.929200291633606,0.9756167527251864,0.6801842523578476,0.8497131931166348,0.8492050170898438,0.9326959847036329
mot_patch_tiny_1d-p3-bs.512-ep.100,mot_patch_tiny_1d,0.5,42,27,0.23430237011767166,0.3065160641731325,0.9285236182826544,0.9269518852233887,0.975807993880283,0.6892868275396227,0.8489483747609943,0.8488113880157471,0.9349904397705545
mot_patch_tiny_1d-p3-bs.512-ep.100,mot_patch_tiny_1d,0.5,42,28,0.21866669160892396,0.2965104411678347,0.9319659590743928,0.9305972456932068,0.9759514247466055,0.6678439408369775,0.8516252390057362,0.8498855829238892,0.9365200764818356
mot_patch_tiny_1d-p3-bs.512-ep.100,mot_patch_tiny_1d,0.5,42,29,0.20315467135356885,0.2892134051451516,0.9336393191814879,0.9321604371070862,0.9779594568751195,0.6603691174012981,0.8546845124282982,0.8514316082000732,0.9342256214149139
mot_patch_tiny_1d-p3-bs.512-ep.100,mot_patch_tiny_1d,0.5,42,30,0.1878275282087863,0.2879422859973218,0.9347389558232931,0.9331060647964478,0.9779594568751195,0.6679912516081539,0.8527724665391969,0.8508086204528809,0.9361376673040153
mot_patch_tiny_1d-p3-bs.512-ep.100,mot_patch_tiny_1d,0.5,42,31,0.17274575140626322,0.2811993281411313,0.9365557467967106,0.9354825615882874,0.9784853700516352,0.6596844426988415,0.8546845124282982,0.8519362807273865,0.9349904397705545
mot_patch_tiny_1d-p3-bs.512-ep.100,mot_patch_tiny_1d,0.5,42,32,0.15796886182883058,0.28279159898442413,0.9366035570854848,0.9358643293380737,0.9785331803404093,0.6699743879912688,0.8558317399617591,0.8541271090507507,0.9346080305927342
mot_patch_tiny_1d-p3-bs.512-ep.100,mot_patch_tiny_1d,0.5,42,33,0.14355517710873184,0.2733882806296101,0.9398546567221266,0.9387011528015137,0.9796806272709887,0.6593698257242061,0.8577437858508604,0.85540372133255,0.9342256214149139
mot_patch_tiny_1d-p3-bs.512-ep.100,mot_patch_tiny_1d,0.5,42,34,0.12956158147457114,0.2733128215824812,0.9405240007649647,0.939744234085083,0.9793937655383439,0.6609648782937978,0.8527724665391969,0.8511426448822021,0.9361376673040153
mot_patch_tiny_1d-p3-bs.512-ep.100,mot_patch_tiny_1d,0.5,42,35,0.11604330125525078,0.2711190134600349,0.9414802065404475,0.9402710199356079,0.9804934021801491,0.6566291065106656,0.8550669216061185,0.8522876501083374,0.9349904397705545
mot_patch_tiny_1d-p3-bs.512-ep.100,mot_patch_tiny_1d,0.5,42,36,0.10305368692688174,0.26988304698642795,0.9399024670109007,0.9386869072914124,0.9798718684260853,0.6518885479374552,0.8611854684512428,0.8596881031990051,0.9384321223709369
mot_patch_tiny_1d-p3-bs.512-ep.100,mot_patch_tiny_1d,0.5,42,37,0.09064400256282756,0.26677443033241366,0.9431535666475426,0.9420106410980225,0.9806846433352457,0.6505939257532415,0.8592734225621415,0.8568057417869568,0.9372848948374761
mot_patch_tiny_1d-p3-bs.512-ep.100,mot_patch_tiny_1d,0.5,42,38,0.07886322351782782,0.26418764063677747,0.9444444444444444,0.9431416392326355,0.9806368330464716,0.6506426955272318,0.858508604206501,0.8553066253662109,0.9380497131931166
mot_patch_tiny_1d-p3-bs.512-ep.100,mot_patch_tiny_1d,0.5,42,39,0.06775784314464717,0.2629419379855324,0.9444922547332186,0.9432560801506042,0.9812583668005355,0.6462850567031773,0.860038240917782,0.857972264289856,0.9376673040152964
mot_patch_tiny_1d-p3-bs.512-ep.100,mot_patch_tiny_1d,0.5,42,40,0.057371689306052714,0.2605819195127095,0.9448747370434117,0.9437620639801025,0.9817842799770511,0.6486760272578573,0.8611854684512428,0.8596354722976685,0.9384321223709369
mot_patch_tiny_1d-p3-bs.512-ep.100,mot_patch_tiny_1d,0.5,42,41,0.047745751406263165,0.25932236423590915,0.9459743736852171,0.9448220729827881,0.9818320902658252,0.6475943104030981,0.8577437858508604,0.8554126024246216,0.9365200764818356
mot_patch_tiny_1d-p3-bs.512-ep.100,mot_patch_tiny_1d,0.5,42,42,0.03891801862449629,0.2584648173360119,0.9464524765729585,0.9454996585845947,0.9815452285331804,0.6467606991244548,0.8604206500956023,0.8588058948516846,0.9365200764818356
mot_patch_tiny_1d-p3-bs.512-ep.100,mot_patch_tiny_1d,0.5,42,43,0.030923329989034104,0.2585559189034639,0.9463090457066361,0.9451135993003845,0.9817364696882769,0.6459923228159917,0.8596558317399617,0.8566839694976807,0.9384321223709369
mot_patch_tiny_1d-p3-bs.512-ep.100,mot_patch_tiny_1d,0.5,42,44,0.02379323688349516,0.2572258926299681,0.9470740103270223,0.9459934830665588,0.9815452285331804,0.6454663015916289,0.8588910133843213,0.8562630414962769,0.9369024856596558
mot_patch_tiny_1d-p3-bs.512-ep.100,mot_patch_tiny_1d,0.5,42,45,0.017555878527937163,0.25697081142366446,0.9473608720596672,0.9463275671005249,0.9817364696882769,0.6457118740045318,0.8581261950286807,0.8553987741470337,0.9376673040152964
mot_patch_tiny_1d-p3-bs.512-ep.100,mot_patch_tiny_1d,0.5,42,46,0.012235870926211617,0.25685738318051726,0.9468827691719258,0.9458816051483154,0.9819277108433735,0.6458714246294011,0.8592734225621415,0.8565822839736938,0.9365200764818356
mot_patch_tiny_1d-p3-bs.512-ep.100,mot_patch_tiny_1d,0.5,42,47,0.007854209717842259,0.25670184877548463,0.9470262000382482,0.9458767175674438,0.9818320902658252,0.6452228392971178,0.8588910133843213,0.8565033674240112,0.9372848948374761
mot_patch_tiny_1d-p3-bs.512-ep.100,mot_patch_tiny_1d,0.5,42,48,0.00442818731782782,0.2566297697642493,0.9474564926372155,0.946327805519104,0.9818799005545994,0.6451525321654107,0.8592734225621415,0.8565822839736938,0.9376673040152964
mot_patch_tiny_1d-p3-bs.512-ep.100,mot_patch_tiny_1d,0.5,42,49,0.0019713246713805588,0.2565953028911066,0.9472174411933448,0.9460662603378296,0.9819277108433735,0.6451879789450884,0.8581261950286807,0.8553987741470337,0.9372848948374761
mot_patch_tiny_1d-p3-bs.512-ep.100,mot_patch_tiny_1d,0.5,42,50,0.0004933178929321103,0.2565891712157351,0.9472652514821189,0.9461255073547363,0.9818799005545994,0.6451912867179564,0.858508604206501,0.8556929230690002,0.9376673040152964
mot_patch_tiny_1d-p3-bs.512-ep.100,mot_patch_tiny_1d,0.7,42,1,0.7,1.068060033976587,0.7538726333907056,0.7511991262435913,0.8905622489959839,1.275151557995302,0.7124282982791587,0.7150775194168091,0.8646271510516252
mot_patch_tiny_1d-p3-bs.512-ep.100,mot_patch_tiny_1d,0.7,42,2,0.699309354949895,0.8108820381755468,0.8149263721552878,0.8089040517807007,0.9190571811053738,1.0122587156569296,0.7835564053537285,0.777911901473999,0.8967495219885278
mot_patch_tiny_1d-p3-bs.512-ep.100,mot_patch_tiny_1d,0.7,42,3,0.6972401454600672,0.7355302094638085,0.8224803977816026,0.8228743076324463,0.9304838401223944,0.9796543318272549,0.7793499043977056,0.7790390253067017,0.9074569789674952
mot_patch_tiny_1d-p3-bs.512-ep.100,mot_patch_tiny_1d,0.7,42,4,0.6938005377550409,0.6985347650775628,0.8323293172690763,0.8320923447608948,0.932683113406005,0.9896617991518564,0.7843212237093691,0.7875471711158752,0.901338432122371
mot_patch_tiny_1d-p3-bs.512-ep.100,mot_patch_tiny_1d,0.7,42,5,0.6890041063950206,0.6324211119875942,0.8436125454197744,0.8444218635559082,0.9406674316312871,0.9036757124541595,0.8,0.7971702814102173,0.9154875717017208
mot_patch_tiny_1d-p3-bs.512-ep.100,mot_patch_tiny_1d,0.7,42,6,0.6828697807033035,0.602317517518222,0.8488238668961561,0.8498352766036987,0.9425798431822529,0.8748125823916258,0.8145315487571702,0.813123345375061,0.9173996175908222
mot_patch_tiny_1d-p3-bs.512-ep.100,mot_patch_tiny_1d,0.7,42,7,0.6754217700608878,0.5816691993732347,0.8588640275387264,0.8575199842453003,0.9467871485943775,0.8908004673215673,0.815678776290631,0.8126271963119507,0.91434034416826
mot_patch_tiny_1d-p3-bs.512-ep.100,mot_patch_tiny_1d,0.7,42,8,0.6666894683631067,0.5350641647108336,0.8672308280742016,0.8654817342758179,0.9499904379422451,0.8812578890565248,0.8114722753346081,0.8105752468109131,0.9139579349904398
mot_patch_tiny_1d-p3-bs.512-ep.100,mot_patch_tiny_1d,0.7,42,9,0.6567073380153521,0.512318778206728,0.8758366800535475,0.8746804594993591,0.9500860585197934,0.8440681311642007,0.8183556405353728,0.8161684274673462,0.9181644359464627
mot_patch_tiny_1d-p3-bs.512-ep.100,mot_patch_tiny_1d,0.7,42,10,0.6455147739257051,0.4917969863258372,0.8757410594759992,0.8725066184997559,0.9566360680818512,0.8403950167887525,0.8183556405353728,0.8136538863182068,0.9250478011472275
mot_patch_tiny_1d-p3-bs.512-ep.100,mot_patch_tiny_1d,0.7,42,11,0.6331559480312314,0.44976106869100635,0.8869764773379232,0.8862974643707275,0.959887167718493,0.7918259221326781,0.8286806883365201,0.8255930542945862,0.9288718929254303
mot_patch_tiny_1d-p3-bs.512-ep.100,mot_patch_tiny_1d,0.7,42,12,0.619679634971526,0.4527099443498773,0.8841078600114745,0.884304404258728,0.9593134442532033,0.8251540174903651,0.8267686424474188,0.8212773203849792,0.9208413001912046
mot_patch_tiny_1d-p3-bs.512-ep.100,mot_patch_tiny_1d,0.7,42,13,0.6051390195974938,0.45285827704564774,0.882960413080895,0.8810830116271973,0.9625167336010709,0.8352090051479595,0.8103250478011472,0.8079931735992432,0.9239005736137668
mot_patch_tiny_1d-p3-bs.512-ep.100,mot_patch_tiny_1d,0.7,42,14,0.5895914870750408,0.44026819381597143,0.8887932683113406,0.8866185545921326,0.9599827882960413,0.8473871635889232,0.8164435946462715,0.8152956962585449,0.9227533460803059
mot_patch_tiny_1d-p3-bs.512-ep.100,mot_patch_tiny_1d,0.7,42,15,0.5730983964120412,0.38216996088062605,0.9005545993497801,0.9006205797195435,0.9676324344999043,0.7646994457646036,0.832887189292543,0.8322269916534424,0.9277246653919694
mot_patch_tiny_1d-p3-bs.512-ep.100,mot_patch_tiny_1d,0.7,42,16,0.5557248383023655,0.4075398322933603,0.8957735704723656,0.895877480506897,0.9659112641040352,0.8076666735326354,0.8336520076481836,0.8318845629692078,0.9246653919694072
mot_patch_tiny_1d-p3-bs.512-ep.100,mot_patch_tiny_1d,0.7,42,17,0.5375393782426486,0.40008822424869095,0.8999330655957162,0.8978119492530823,0.9649550583285523,0.786695419807507,0.8340344168260039,0.8319809436798096,0.9261950286806884
mot_patch_tiny_1d-p3-bs.512-ep.100,mot_patch_tiny_1d,0.7,42,18,0.5186137859356001,0.35794725562172425,0.9095429336393192,0.908271074295044,0.9709313444253204,0.7581084067233433,0.8424474187380497,0.8385058641433716,0.9311663479923518
mot_patch_tiny_1d-p3-bs.512-ep.100,mot_patch_tiny_1d,0.7,42,19,0.49902275204777524,0.35791608525362084,0.9042838018741634,0.9041885137557983,0.9705966724039014,0.7597831310323274,0.8309751434034417,0.8295915722846985,0.9288718929254303
mot_patch_tiny_1d-p3-bs.512-ep.100,mot_patch_tiny_1d,0.7,42,20,0.47884359343963717,0.33246301414634194,0.9159017020462804,0.9143886566162109,0.9731784279977052,0.7368723116231011,0.8474187380497132,0.8453014492988586,0.9342256214149139
mot_patch_tiny_1d-p3-bs.512-ep.100,mot_patch_tiny_1d,0.7,42,21,0.45815594803123144,0.3404363528974062,0.9130330847198317,0.9112670421600342,0.9721266016446739,0.7682011489430531,0.832887189292543,0.8325071930885315,0.92848948374761
mot_patch_tiny_1d-p3-bs.512-ep.100,mot_patch_tiny_1d,0.7,42,22,0.437041460507699,0.3146201961011772,0.9204436794798241,0.9201693534851074,0.9748517881048001,0.7352176090043544,0.847036328871893,0.8431286811828613,0.931548757170172
mot_patch_tiny_1d-p3-bs.512-ep.100,mot_patch_tiny_1d,0.7,42,23,0.4155834601050035,0.3196722836949488,0.9181487856186651,0.9169338941574097,0.975138649837445,0.7341901148254512,0.8455066921606118,0.8411290049552917,0.9319311663479923
mot_patch_tiny_1d-p3-bs.512-ep.100,mot_patch_tiny_1d,0.7,42,24,0.3938666317475064,0.3049572422846847,0.9220214190093708,0.9210352301597595,0.9764773379231211,0.7356971383322721,0.8439770554493308,0.8432813286781311,0.9349904397705545
mot_patch_tiny_1d-p3-bs.512-ep.100,mot_patch_tiny_1d,0.7,42,25,0.37197668183525956,0.2802264273200853,0.9317269076305221,0.9304668307304382,0.9780072671638936,0.7061303950176641,0.8451242829827916,0.8437883853912354,0.9334608030592734
mot_patch_tiny_1d-p3-bs.512-ep.100,mot_patch_tiny_1d,0.7,42,26,0.34999999999999987,0.28100573553777286,0.9337827500478103,0.9327244758605957,0.9773857334098298,0.7184142585010419,0.8443594646271511,0.8433663249015808,0.9338432122370937
mot_patch_tiny_1d-p3-bs.512-ep.100,mot_patch_tiny_1d,0.7,42,27,0.3280233181647402,0.2816837337783519,0.9319659590743928,0.9304218292236328,0.9777204054312488,0.7274681631055434,0.848565965583174,0.848337709903717,0.9349904397705545
mot_patch_tiny_1d-p3-bs.512-ep.100,mot_patch_tiny_1d,0.7,42,28,0.3061333682524934,0.27552458788108863,0.9324440619621343,0.9316981434822083,0.9783897494740869,0.7050471522839986,0.8474187380497132,0.8457247018814087,0.9372848948374761
mot_patch_tiny_1d-p3-bs.512-ep.100,mot_patch_tiny_1d,0.7,42,29,0.28441653989499627,0.26022808427312766,0.9366991776630331,0.935518741607666,0.9811627462229872,0.6938452609410477,0.8527724665391969,0.8508813977241516,0.9372848948374761
mot_patch_tiny_1d-p3-bs.512-ep.100,mot_patch_tiny_1d,0.7,42,30,0.2629585394923007,0.257263404458083,0.9384681583476764,0.9372966885566711,0.980780263912794,0.7013320062174168,0.848565965583174,0.8463736772537231,0.9376673040152964
mot_patch_tiny_1d-p3-bs.512-ep.100,mot_patch_tiny_1d,0.7,42,31,0.2418440519687684,0.2532332596894682,0.9388506406578696,0.93842613697052,0.9810671256454389,0.6940451707712323,0.8504780114722753,0.8481212854385376,0.9361376673040153
mot_patch_tiny_1d-p3-bs.512-ep.100,mot_patch_tiny_1d,0.7,42,32,0.2211564065603627,0.2525199406186671,0.9411933448078026,0.9406387209892273,0.9813061770893097,0.7055165431239637,0.8543021032504781,0.8529452681541443,0.9353728489483748
mot_patch_tiny_1d-p3-bs.512-ep.100,mot_patch_tiny_1d,0.7,42,33,0.20097724795222446,0.24080061196688143,0.9450181679097341,0.9439961314201355,0.9821667622872442,0.6893621178475666,0.8546845124282982,0.8523532748222351,0.9365200764818356
mot_patch_tiny_1d-p3-bs.512-ep.100,mot_patch_tiny_1d,0.7,42,34,0.1813862140643995,0.24050789286105895,0.9454962707974757,0.9451115131378174,0.9821667622872442,0.6920772187796423,0.8489483747609943,0.8463035821914673,0.9384321223709369
mot_patch_tiny_1d-p3-bs.512-ep.100,mot_patch_tiny_1d,0.7,42,35,0.16246062175735101,0.23767374131346233,0.9464046662841844,0.9456286430358887,0.9831229680627271,0.6865644597186641,0.8531548757170172,0.8499796986579895,0.9376673040152964
mot_patch_tiny_1d-p3-bs.512-ep.100,mot_patch_tiny_1d,0.7,42,36,0.14427516169763435,0.23647254656413974,0.9445878753107668,0.9437451362609863,0.9825492445974374,0.6825695913106944,0.8546845124282982,0.8536324501037598,0.9388145315487572
mot_patch_tiny_1d-p3-bs.512-ep.100,mot_patch_tiny_1d,0.7,42,37,0.12690160358795852,0.23168214848402194,0.949607955632052,0.9487356543540955,0.9839357429718876,0.6784063962859815,0.8558317399617591,0.8533710241317749,0.9376673040152964
mot_patch_tiny_1d-p3-bs.512-ep.100,mot_patch_tiny_1d,0.7,42,38,0.11040851292495889,0.22830701102305836,0.9500382482310193,0.9488422274589539,0.983409829795372,0.6787584118815727,0.8562141491395794,0.8540148138999939,0.939961759082218
mot_patch_tiny_1d-p3-bs.512-ep.100,mot_patch_tiny_1d,0.7,42,39,0.09486098040250598,0.2276457126155641,0.9509466437177281,0.9500361680984497,0.9835054503729203,0.6740369355473418,0.8596558317399617,0.8573053479194641,0.9384321223709369
mot_patch_tiny_1d-p3-bs.512-ep.100,mot_patch_tiny_1d,0.7,42,40,0.08032036502847376,0.22430525885687935,0.9528590552686939,0.952282190322876,0.9843660355708549,0.6756565451394075,0.8573613766730401,0.8563968539237976,0.9391969407265774
mot_patch_tiny_1d-p3-bs.512-ep.100,mot_patch_tiny_1d,0.7,42,41,0.06684405196876839,0.222302042975164,0.953241537578887,0.9524604678153992,0.9842704149933066,0.6740829190606141,0.8546845124282982,0.8533957004547119,0.9384321223709369
mot_patch_tiny_1d-p3-bs.512-ep.100,mot_patch_tiny_1d,0.7,42,42,0.05448522607429477,0.22125864589754632,0.9543889845094664,0.9538780450820923,0.9845094664371773,0.6733158148041647,0.8581261950286807,0.8564809560775757,0.9388145315487572
mot_patch_tiny_1d-p3-bs.512-ep.100,mot_patch_tiny_1d,0.7,42,43,0.04329266198464772,0.22154634581124674,0.9536240198890801,0.9529358744621277,0.9841269841269841,0.6727376948807026,0.8596558317399617,0.8578274250030518,0.9388145315487572
mot_patch_tiny_1d-p3-bs.512-ep.100,mot_patch_tiny_1d,0.7,42,44,0.03331053163689321,0.2196707617463699,0.9547236565308854,0.9542145729064941,0.984413845859629,0.6714609317524255,0.8569789674952198,0.8551477789878845,0.9384321223709369
mot_patch_tiny_1d-p3-bs.512-ep.100,mot_patch_tiny_1d,0.7,42,45,0.024578229939112014,0.21938011691410242,0.954914897685982,0.9542835354804993,0.9849397590361446,0.6716827392578125,0.858508604206501,0.8564883470535278,0.9391969407265774
mot_patch_tiny_1d-p3-bs.512-ep.100,mot_patch_tiny_1d,0.7,42,46,0.017130219296696253,0.21924596773002772,0.9551539491298527,0.9545407295227051,0.9847007075922739,0.671783369950537,0.8569789674952198,0.8548039793968201,0.9395793499043977
mot_patch_tiny_1d-p3-bs.512-ep.100,mot_patch_tiny_1d,0.7,42,47,0.010995893604979155,0.21903930031380112,0.9547236565308854,0.9540626406669617,0.9847963281698221,0.6710579509261005,0.8565965583173997,0.8545376658439636,0.9391969407265774
mot_patch_tiny_1d-p3-bs.512-ep.100,mot_patch_tiny_1d,0.7,42,48,0.006199462244958943,0.21893554117739325,0.9549627079747561,0.9543061852455139,0.9848919487473704,0.6709466653389867,0.8573613766730401,0.8553768396377563,0.9391969407265774
mot_patch_tiny_1d-p3-bs.512-ep.100,mot_patch_tiny_1d,0.7,42,49,0.0027598545399327803,0.2188904136333805,0.955249569707401,0.9546091556549072,0.9848441384585963,0.6710203415121221,0.8569789674952198,0.8549222350120544,0.9391969407265774
mot_patch_tiny_1d-p3-bs.512-ep.100,mot_patch_tiny_1d,0.7,42,50,0.0006906450501049539,0.2188831591245936,0.9551061388410786,0.9544615149497986,0.9848441384585963,0.6710334478783107,0.8573613766730401,0.8551722764968872,0.9391969407265774
mot_patch_tiny_1d-p3-bs.512-ep.100,mot_patch_tiny_1d,1.0,42,1,1.0,1.3048691759603752,0.7361350162554982,0.7352747917175293,0.8729680627270989,1.5688964814574495,0.702868068833652,0.7071108818054199,0.847036328871893
mot_patch_tiny_1d-p3-bs.512-ep.100,mot_patch_tiny_1d,1.0,42,2,0.9990133642141358,0.967163721355614,0.7935551730732454,0.7866388559341431,0.9138936699177663,1.2161755738705111,0.7636711281070746,0.7599207162857056,0.8910133843212237
mot_patch_tiny_1d-p3-bs.512-ep.100,mot_patch_tiny_1d,1.0,42,3,0.996057350657239,0.8579940870674967,0.8099541021227769,0.810396134853363,0.9264677758653662,1.1646468080480514,0.7667304015296367,0.7675638794898987,0.9009560229445507
mot_patch_tiny_1d-p3-bs.512-ep.100,mot_patch_tiny_1d,1.0,42,4,0.9911436253643444,0.8535451133977525,0.8164084911072863,0.8153313994407654,0.9253203289347868,1.2327079379079902,0.7697896749521989,0.7727102041244507,0.8975143403441682
mot_patch_tiny_1d-p3-bs.512-ep.100,mot_patch_tiny_1d,1.0,42,5,0.9842915805643155,0.7721449251406551,0.8260183591508893,0.8276327252388,0.9340696117804551,1.1263422118090307,0.7816443594646272,0.7787529230117798,0.9093690248565965
mot_patch_tiny_1d-p3-bs.512-ep.100,mot_patch_tiny_1d,1.0,42,6,0.9755282581475768,0.7246428068565534,0.8304169057181106,0.8319096565246582,0.9391853126792886,1.0768288920531994,0.7923518164435946,0.7925475835800171,0.9093690248565965
mot_patch_tiny_1d-p3-bs.512-ep.100,mot_patch_tiny_1d,1.0,42,7,0.9648882429441257,0.6826626047574669,0.8452859055268693,0.8434696197509766,0.9433926180914133,1.0771353872966585,0.7961759082217973,0.7954719662666321,0.9112810707456979
mot_patch_tiny_1d-p3-bs.512-ep.100,mot_patch_tiny_1d,1.0,42,8,0.9524135262330098,0.6261367889042452,0.8534614649072481,0.8513240218162537,0.9461656148403136,1.0643782402315742,0.7961759082217973,0.7955206036567688,0.9112810707456979
mot_patch_tiny_1d-p3-bs.512-ep.100,mot_patch_tiny_1d,1.0,42,9,0.9381533400219317,0.6263446366497426,0.8561866513673743,0.854846179485321,0.9441097724230254,1.0478534530727175,0.7988527724665392,0.7967215776443481,0.9135755258126195
mot_patch_tiny_1d-p3-bs.512-ep.100,mot_patch_tiny_1d,1.0,42,10,0.9221639627510075,0.576519186443388,0.8601070950468541,0.8561904430389404,0.9528590552686939,1.0169140934260352,0.7988527724665392,0.7932336926460266,0.9158699808795411
mot_patch_tiny_1d-p3-bs.512-ep.100,mot_patch_tiny_1d,1.0,42,11,0.9045084971874737,0.5228042608010516,0.8732549244597437,0.8723208904266357,0.9570185503920444,0.9380784488772799,0.8179732313575526,0.8145154714584351,0.9239005736137668
mot_patch_tiny_1d-p3-bs.512-ep.100,mot_patch_tiny_1d,1.0,42,12,0.8852566213878946,0.5122245388063834,0.8793268311340601,0.8801016211509705,0.9557276725951425,0.9723046676606567,0.8260038240917782,0.8215801119804382,0.9173996175908222
mot_patch_tiny_1d-p3-bs.512-ep.100,mot_patch_tiny_1d,1.0,42,13,0.8644843137107058,0.5407140167887067,0.8671352074966533,0.8659475445747375,0.9576878944348823,1.0183207320437604,0.7969407265774379,0.7948275208473206,0.9189292543021033
mot_patch_tiny_1d-p3-bs.512-ep.100,mot_patch_tiny_1d,1.0,42,14,0.8422735529643444,0.5248746226316748,0.8790399694014152,0.8767688870429993,0.9570663606808185,1.054763304526218,0.8011472275334608,0.8007322549819946,0.912810707456979
mot_patch_tiny_1d-p3-bs.512-ep.100,mot_patch_tiny_1d,1.0,42,15,0.8187119948743449,0.42786806175507697,0.8900841461082425,0.8918723464012146,0.9660546949703577,0.9070063570945258,0.8175908221797323,0.8174461126327515,0.9261950286806884
mot_patch_tiny_1d-p3-bs.512-ep.100,mot_patch_tiny_1d,1.0,42,16,0.7938926261462367,0.48634836199087994,0.8801874163319946,0.8811931014060974,0.9633773187990056,0.993485137472645,0.8122370936902485,0.8109259009361267,0.9196940726577438
mot_patch_tiny_1d-p3-bs.512-ep.100,mot_patch_tiny_1d,1.0,42,17,0.7679133974894983,0.4786015060258472,0.888267355134825,0.8860337138175964,0.9600784088735896,0.9664576032649491,0.8252390057361376,0.8234044909477234,0.920076481835564
mot_patch_tiny_1d-p3-bs.512-ep.100,mot_patch_tiny_1d,1.0,42,18,0.7408768370508576,0.3709103042068525,0.9052878179384204,0.9031198620796204,0.9717441193344808,0.8795727724326956,0.8305927342256214,0.8264014720916748,0.9319311663479923
mot_patch_tiny_1d-p3-bs.512-ep.100,mot_patch_tiny_1d,1.0,42,19,0.7128896457825363,0.38701139715621113,0.896873207114171,0.8979408740997314,0.970501051826353,0.8953548307400588,0.822944550669216,0.8215649127960205,0.9254302103250478
mot_patch_tiny_1d-p3-bs.512-ep.100,mot_patch_tiny_1d,1.0,42,20,0.6840622763423391,0.339006956641773,0.9128896538535093,0.911583423614502,0.9728437559762861,0.8438287213473201,0.838623326959847,0.8371042609214783,0.9307839388145316
mot_patch_tiny_1d-p3-bs.512-ep.100,mot_patch_tiny_1d,1.0,42,21,0.6545084971874737,0.3346938200538622,0.9140849110728628,0.9112748503684998,0.9721266016446739,0.8651337326370735,0.832887189292543,0.8300116658210754,0.9246653919694072
mot_patch_tiny_1d-p3-bs.512-ep.100,mot_patch_tiny_1d,1.0,42,22,0.6243449435824273,0.3080738450263923,0.9193440428380187,0.9198523163795471,0.9762860967680245,0.8314452548783778,0.8405353728489484,0.8373031616210938,0.930019120458891
mot_patch_tiny_1d-p3-bs.512-ep.100,mot_patch_tiny_1d,1.0,42,23,0.5936906572928624,0.3245231725901029,0.9155670300248614,0.9150669574737549,0.9755689424364123,0.8390537604775073,0.8382409177820268,0.8335888385772705,0.9326959847036329
mot_patch_tiny_1d-p3-bs.512-ep.100,mot_patch_tiny_1d,1.0,42,24,0.5626666167821522,0.30487784602533086,0.9210652132338879,0.9203548431396484,0.9768120099445401,0.8380392180346167,0.8367112810707457,0.8372611403465271,0.9361376673040153
mot_patch_tiny_1d-p3-bs.512-ep.100,mot_patch_tiny_1d,1.0,42,25,0.5313952597646567,0.27270586368891264,0.9290973417479441,0.9278075695037842,0.9793459552495697,0.7986128141501666,0.8435946462715105,0.8417138457298279,0.9353728489483748
mot_patch_tiny_1d-p3-bs.512-ep.100,mot_patch_tiny_1d,1.0,42,26,0.5,0.27086311044144024,0.9322528208070376,0.9314787983894348,0.9787244214955059,0.8144508390991911,0.8374760994263862,0.8374990820884705,0.9334608030592734
mot_patch_tiny_1d-p3-bs.512-ep.100,mot_patch_tiny_1d,1.0,42,27,0.4686047402353433,0.2627263075536194,0.9332090265825206,0.9314373135566711,0.980110919869956,0.8095609799853702,0.8432122370936902,0.8413052558898926,0.9361376673040153
mot_patch_tiny_1d-p3-bs.512-ep.100,mot_patch_tiny_1d,1.0,42,28,0.4373333832178479,0.26334617543252437,0.9319181487856186,0.9315564036369324,0.9800631095811819,0.7898771719996378,0.8435946462715105,0.8438870310783386,0.9372848948374761
mot_patch_tiny_1d-p3-bs.512-ep.100,mot_patch_tiny_1d,1.0,42,29,0.4063093427071377,0.24110863408934752,0.9363166953528399,0.9354482293128967,0.9823101931535666,0.7782681744139691,0.8443594646271511,0.8440654277801514,0.9380497131931166
mot_patch_tiny_1d-p3-bs.512-ep.100,mot_patch_tiny_1d,1.0,42,30,0.3756550564175726,0.23150308940578862,0.9413367756741251,0.9401888251304626,0.9829317269076305,0.7762264331941623,0.8451242829827916,0.8434494137763977,0.9380497131931166
mot_patch_tiny_1d-p3-bs.512-ep.100,mot_patch_tiny_1d,1.0,42,31,0.34549150281252644,0.23019556307067696,0.9417670682730924,0.9417977929115295,0.9832663989290495,0.772919713561895,0.8458891013384321,0.8439456224441528,0.9365200764818356
mot_patch_tiny_1d-p3-bs.512-ep.100,mot_patch_tiny_1d,1.0,42,32,0.31593772365766115,0.2250627515693996,0.9437751004016064,0.9437557458877563,0.9833142092178236,0.783847423721226,0.8458891013384321,0.8442782759666443,0.9365200764818356
mot_patch_tiny_1d-p3-bs.512-ep.100,mot_patch_tiny_1d,1.0,42,33,0.28711035421746367,0.21079359671927747,0.9501816790973417,0.9497141242027283,0.9840313635494359,0.7591628277051061,0.8497131931166348,0.8464236259460449,0.9372848948374761
mot_patch_tiny_1d-p3-bs.512-ep.100,mot_patch_tiny_1d,1.0,42,34,0.2591231629491423,0.21119523782487534,0.9491298527443106,0.9493455290794373,0.9849875693249187,0.7636309417666258,0.8451242829827916,0.8430107235908508,0.9380497131931166
mot_patch_tiny_1d-p3-bs.512-ep.100,mot_patch_tiny_1d,1.0,42,35,0.23208660251050156,0.2063320178241478,0.9505163511187608,0.9501941800117493,0.9851788104800153,0.7552587447157325,0.8523900573613766,0.8500186204910278,0.9353728489483748
mot_patch_tiny_1d-p3-bs.512-ep.100,mot_patch_tiny_1d,1.0,42,36,0.2061073738537635,0.20343642180999622,0.9502294893861158,0.9497328400611877,0.9850353796136929,0.7517411707920053,0.8512428298279159,0.8506025671958923,0.9380497131931166
mot_patch_tiny_1d-p3-bs.512-ep.100,mot_patch_tiny_1d,1.0,42,37,0.18128800512565513,0.1972699232825496,0.9554408108624977,0.9550495743751526,0.9855612927902084,0.7446340790670187,0.8523900573613766,0.8509921431541443,0.9391969407265774
mot_patch_tiny_1d-p3-bs.512-ep.100,mot_patch_tiny_1d,1.0,42,38,0.15772644703565564,0.19262214403668607,0.9565882577930771,0.9556486010551453,0.9856569133677567,0.7456194737217394,0.8520076481835565,0.8489071726799011,0.9403441682600382
mot_patch_tiny_1d-p3-bs.512-ep.100,mot_patch_tiny_1d,1.0,42,39,0.13551568628929433,0.19311591520617674,0.9566360680818512,0.956086277961731,0.9860872059667241,0.7406408984620074,0.8562141491395794,0.8532734513282776,0.9376673040152964
mot_patch_tiny_1d-p3-bs.512-ep.100,mot_patch_tiny_1d,1.0,42,40,0.11474337861210543,0.1885030497600025,0.9591222030981067,0.9591686725616455,0.9870434117422069,0.7406567728542233,0.8543021032504781,0.8534550666809082,0.9391969407265774
mot_patch_tiny_1d-p3-bs.512-ep.100,mot_patch_tiny_1d,1.0,42,41,0.09549150281252633,0.18535598793912514,0.9596481162746223,0.9593358635902405,0.9870434117422069,0.738389270118728,0.8523900573613766,0.8511631488800049,0.9388145315487572
mot_patch_tiny_1d-p3-bs.512-ep.100,mot_patch_tiny_1d,1.0,42,42,0.07783603724899257,0.18397071685725358,0.9606043220501052,0.9605323076248169,0.9868521705871104,0.737973403930664,0.8516252390057362,0.850817084312439,0.9391969407265774
mot_patch_tiny_1d-p3-bs.512-ep.100,mot_patch_tiny_1d,1.0,42,43,0.06184665997806821,0.18415858641161384,0.9611780455153949,0.9612040519714355,0.9870434117422069,0.7370256485948143,0.8550669216061185,0.854002058506012,0.9380497131931166
mot_patch_tiny_1d-p3-bs.512-ep.100,mot_patch_tiny_1d,1.0,42,44,0.04758647376699032,0.18176444982520296,0.9621342512908778,0.9619963765144348,0.9870912220309811,0.7349164288085004,0.8539196940726578,0.8525999188423157,0.9388145315487572
mot_patch_tiny_1d-p3-bs.512-ep.100,mot_patch_tiny_1d,1.0,42,45,0.035111757055874326,0.18140225803494156,0.9616561484031364,0.961605966091156,0.9872346528973035,0.7352110911965598,0.8543021032504781,0.8522026538848877,0.9388145315487572
mot_patch_tiny_1d-p3-bs.512-ep.100,mot_patch_tiny_1d,1.0,42,46,0.024471741852423234,0.1811935051970738,0.9619908204245554,0.9618288278579712,0.9868999808758845,0.7350123957967667,0.8550669216061185,0.853955864906311,0.9395793499043977
mot_patch_tiny_1d-p3-bs.512-ep.100,mot_patch_tiny_1d,1.0,42,47,0.015708419435684517,0.18091808785259622,0.9622776821572002,0.9620611071586609,0.9870434117422069,0.7343142186706426,0.8535372848948375,0.8523338437080383,0.9391969407265774
mot_patch_tiny_1d-p3-bs.512-ep.100,mot_patch_tiny_1d,1.0,42,48,0.00885637463565564,0.18076183034940987,0.9617039586919105,0.9615495800971985,0.9870434117422069,0.7341002323887317,0.8539196940726578,0.8525007367134094,0.9391969407265774
mot_patch_tiny_1d-p3-bs.512-ep.100,mot_patch_tiny_1d,1.0,42,49,0.0039426493427611176,0.18070248268055947,0.9623254924459744,0.9621192812919617,0.9870434117422069,0.7342468611824808,0.8531548757170172,0.851768434047699,0.9391969407265774
mot_patch_tiny_1d-p3-bs.512-ep.100,mot_patch_tiny_1d,1.0,42,50,0.0009866357858642205,0.18069322568824492,0.9622776821572002,0.9620906710624695,0.9870434117422069,0.734273827372272,0.8539196940726578,0.8526229858398438,0.9391969407265774
mot_patch_tiny_1d-p3-bs.512-ep.200,mot_patch_tiny_1d,0.1,42,1,0.1,1.633615997148121,0.6842130426467776,0.6743156909942627,0.8528399311531841,1.6928427935102475,0.6684512428298279,0.6597130298614502,0.8305927342256214
mot_patch_tiny_1d-p3-bs.512-ep.200,mot_patch_tiny_1d,0.1,42,2,0.09990133642141358,1.2615816773272173,0.7535857716580608,0.7470071315765381,0.8916618856377893,1.345243664772515,0.724282982791587,0.7220287919044495,0.877246653919694
mot_patch_tiny_1d-p3-bs.512-ep.200,mot_patch_tiny_1d,0.1,42,3,0.0996057350657239,1.1024006223286469,0.7803595333715816,0.7746941447257996,0.9058615414037101,1.2129663062597096,0.7487571701720841,0.749474048614502,0.8841300191204589
mot_patch_tiny_1d-p3-bs.512-ep.200,mot_patch_tiny_1d,0.1,42,4,0.09911436253643444,0.9965224392807581,0.8063205201759419,0.8005567789077759,0.9157582711799579,1.1101183656068878,0.777055449330784,0.7736425995826721,0.8967495219885278
mot_patch_tiny_1d-p3-bs.512-ep.200,mot_patch_tiny_1d,0.1,42,5,0.09842915805643154,0.9287039590260339,0.8176037483266398,0.8131654858589172,0.9195352839931153,1.0505394973900761,0.7797323135755259,0.7783918976783752,0.9051625239005736
mot_patch_tiny_1d-p3-bs.512-ep.200,mot_patch_tiny_1d,0.1,42,6,0.09755282581475767,0.8850435813951958,0.8247752916427615,0.8214206099510193,0.9208261617900172,1.0188983231611963,0.7804971319311663,0.7815693020820618,0.9036328871892926
mot_patch_tiny_1d-p3-bs.512-ep.200,mot_patch_tiny_1d,0.1,42,7,0.09648882429441256,0.8369752515864705,0.8360585197934596,0.8323849439620972,0.9272805507745266,0.9746801883267171,0.8045889101338433,0.8012242317199707,0.9051625239005736
mot_patch_tiny_1d-p3-bs.512-ep.200,mot_patch_tiny_1d,0.1,42,8,0.09524135262330098,0.8075871123800681,0.8382099827882961,0.8344003558158875,0.9292885829030407,0.95941263348377,0.7961759082217973,0.7956877946853638,0.908604206500956
mot_patch_tiny_1d-p3-bs.512-ep.200,mot_patch_tiny_1d,0.1,42,9,0.09381533400219318,0.7797213211686964,0.8451424746605469,0.8411126136779785,0.9319659590743928,0.9321145599248533,0.8030592734225621,0.803141713142395,0.9108986615678776
mot_patch_tiny_1d-p3-bs.512-ep.200,mot_patch_tiny_1d,0.1,42,10,0.09221639627510075,0.7550857722314691,0.8509753298909926,0.8457071781158447,0.9332568368712947,0.9201270685141218,0.8084130019120459,0.8065719604492188,0.9082217973231358
mot_patch_tiny_1d-p3-bs.512-ep.200,mot_patch_tiny_1d,0.1,42,11,0.09045084971874737,0.7397675702986332,0.8493019697838975,0.8456970453262329,0.9354561101549054,0.9019723545752794,0.8095602294455067,0.8086917400360107,0.9120458891013384
mot_patch_tiny_1d-p3-bs.512-ep.200,mot_patch_tiny_1d,0.1,42,12,0.08852566213878946,0.7189613919705865,0.8564735131000192,0.8518916368484497,0.9375119525721936,0.8907278939825171,0.8076481835564053,0.8088932037353516,0.9151051625239006
mot_patch_tiny_1d-p3-bs.512-ep.200,mot_patch_tiny_1d,0.1,42,13,0.08644843137107057,0.7025807324685064,0.8602983362019506,0.8559718132019043,0.9385637789252247,0.8742482843636099,0.8126195028680688,0.8112738728523254,0.9158699808795411
mot_patch_tiny_1d-p3-bs.512-ep.200,mot_patch_tiny_1d,0.1,42,14,0.08422735529643442,0.6916013791698369,0.858433734939759,0.8539520502090454,0.9391375023905144,0.8709303715488879,0.805736137667304,0.8041414022445679,0.9162523900573614
mot_patch_tiny_1d-p3-bs.512-ep.200,mot_patch_tiny_1d,0.1,42,15,0.08187119948743447,0.6781222085739372,0.8624497991967871,0.8584065437316895,0.9405240007649647,0.8606526420403621,0.8137667304015297,0.8125125169754028,0.9173996175908222
mot_patch_tiny_1d-p3-bs.512-ep.200,mot_patch_tiny_1d,0.1,42,16,0.07938926261462366,0.6654122451633403,0.8646012621916236,0.8600572943687439,0.9414802065404475,0.8532189093857833,0.8195028680688337,0.8169199228286743,0.9193116634799235
mot_patch_tiny_1d-p3-bs.512-ep.200,mot_patch_tiny_1d,0.1,42,17,0.07679133974894982,0.6547738717422588,0.867039586919105,0.8626723289489746,0.9431057563587684,0.8438244952754355,0.8225621414913958,0.8218141198158264,0.9181644359464627
mot_patch_tiny_1d-p3-bs.512-ep.200,mot_patch_tiny_1d,0.1,42,18,0.07408768370508576,0.6467674951704722,0.8693822910690381,0.8647529482841492,0.943296997513865,0.8376817925710295,0.8164435946462715,0.815110445022583,0.9196940726577438
mot_patch_tiny_1d-p3-bs.512-ep.200,mot_patch_tiny_1d,0.1,42,19,0.07128896457825362,0.6386198960109294,0.8724899598393574,0.8687488436698914,0.9437751004016064,0.8380335630923794,0.8191204588910134,0.818816602230072,0.9196940726577438
mot_patch_tiny_1d-p3-bs.512-ep.200,mot_patch_tiny_1d,0.1,42,20,0.06840622763423389,0.6318607954067946,0.8702906865557468,0.867074728012085,0.9447791164658634,0.8277630063817333,0.827151051625239,0.8264830112457275,0.9196940726577438
mot_patch_tiny_1d-p3-bs.512-ep.200,mot_patch_tiny_1d,0.1,42,21,0.06545084971874736,0.6230941483568201,0.8754063874545802,0.8717814683914185,0.9456875119525722,0.8213086042531818,0.8279158699808795,0.827400803565979,0.9193116634799235
mot_patch_tiny_1d-p3-bs.512-ep.200,mot_patch_tiny_1d,0.1,42,22,0.06243449435824272,0.6179574323352516,0.8748804742780646,0.8712072968482971,0.9460221839739912,0.8230022846170867,0.8221797323135756,0.8229835033416748,0.9212237093690249
mot_patch_tiny_1d-p3-bs.512-ep.200,mot_patch_tiny_1d,0.1,42,23,0.05936906572928623,0.6109062681054038,0.8762191623637406,0.8725664615631104,0.9468349588831516,0.8159448408487878,0.8286806883365201,0.8268635272979736,0.9223709369024856
mot_patch_tiny_1d-p3-bs.512-ep.200,mot_patch_tiny_1d,0.1,42,24,0.056266661678215216,0.6055310390309727,0.8775100401606426,0.8732068538665771,0.9471218206157965,0.814267074993418,0.8240917782026769,0.8226472735404968,0.9223709369024856
mot_patch_tiny_1d-p3-bs.512-ep.200,mot_patch_tiny_1d,0.1,42,25,0.053139525976465665,0.6028835625282823,0.8779403327596099,0.8737117052078247,0.9479824058137312,0.8133493609455758,0.8217973231357553,0.8207240104675293,0.9227533460803059
mot_patch_tiny_1d-p3-bs.512-ep.200,mot_patch_tiny_1d,0.1,42,26,0.049999999999999996,0.5971293049073854,0.8780837636259323,0.8746688961982727,0.9480780263912794,0.8091691485782426,0.8305927342256214,0.829521119594574,0.9219885277246654
mot_patch_tiny_1d-p3-bs.512-ep.200,mot_patch_tiny_1d,0.1,42,27,0.046860474023534326,0.5923321025962924,0.8811914323962516,0.8778400421142578,0.9493210938994071,0.8041492921672405,0.831357552581262,0.8306289911270142,0.9223709369024856
mot_patch_tiny_1d-p3-bs.512-ep.200,mot_patch_tiny_1d,0.1,42,28,0.04373333832178478,0.588653786958894,0.8806177089309619,0.8768079280853271,0.9490342321667623,0.8040858091861295,0.8317399617590823,0.8311975598335266,0.9239005736137668
mot_patch_tiny_1d-p3-bs.512-ep.200,mot_patch_tiny_1d,0.1,42,29,0.040630934270713764,0.5855116513154319,0.8801874163319946,0.8763452768325806,0.9492254733218589,0.8027159010702976,0.8286806883365201,0.8278214931488037,0.9239005736137668
mot_patch_tiny_1d-p3-bs.512-ep.200,mot_patch_tiny_1d,0.1,42,30,0.03756550564175726,0.5829594594430549,0.8823388793268311,0.8784860372543335,0.949273283610633,0.8023922294777165,0.8256214149139579,0.8254403471946716,0.9246653919694072
mot_patch_tiny_1d-p3-bs.512-ep.200,mot_patch_tiny_1d,0.1,42,31,0.03454915028125265,0.579728969676838,0.8820520175941863,0.8782707452774048,0.9505163511187608,0.797762629725965,0.8302103250478011,0.8281391859054565,0.9239005736137668
mot_patch_tiny_1d-p3-bs.512-ep.200,mot_patch_tiny_1d,0.1,42,32,0.03159377236576612,0.577303041803561,0.8834385159686364,0.8799842596054077,0.9505163511187608,0.7966071601123701,0.8290630975143404,0.8285933136940002,0.9246653919694072
mot_patch_tiny_1d-p3-bs.512-ep.200,mot_patch_tiny_1d,0.1,42,33,0.028711035421746366,0.5751787164877422,0.8830082233696691,0.8794711232185364,0.9508032128514057,0.7963251044599777,0.8279158699808795,0.8276064395904541,0.9246653919694072
mot_patch_tiny_1d-p3-bs.512-ep.200,mot_patch_tiny_1d,0.1,42,34,0.025912316294914226,0.5739599415028978,0.8835819468349588,0.8797642588615417,0.9504207305412125,0.7981842814166504,0.8240917782026769,0.8238714337348938,0.9235181644359465
mot_patch_tiny_1d-p3-bs.512-ep.200,mot_patch_tiny_1d,0.1,42,35,0.023208660251050155,0.5712135633744754,0.8842034805890228,0.8806446194648743,0.9509944540065022,0.794497820706486,0.8309751434034417,0.8305343389511108,0.924282982791587
mot_patch_tiny_1d-p3-bs.512-ep.200,mot_patch_tiny_1d,0.1,42,36,0.020610737385376346,0.5694706990308939,0.8830560336584433,0.8791894316673279,0.9513291260279212,0.7929701285426065,0.8302103250478011,0.8295822739601135,0.9258126195028681
mot_patch_tiny_1d-p3-bs.512-ep.200,mot_patch_tiny_1d,0.1,42,37,0.01812880051256551,0.5683905987603689,0.8848728246318608,0.8809077739715576,0.9513291260279212,0.7922274456425333,0.8309751434034417,0.8295196294784546,0.9246653919694072
mot_patch_tiny_1d-p3-bs.512-ep.200,mot_patch_tiny_1d,0.1,42,38,0.015772644703565562,0.5670888780020099,0.8855421686746988,0.8818817138671875,0.9510900745840505,0.7913382900376621,0.8336520076481836,0.8326554298400879,0.9239005736137668
mot_patch_tiny_1d-p3-bs.512-ep.200,mot_patch_tiny_1d,0.1,42,39,0.013551568628929433,0.5662182528695862,0.8849206349206349,0.8812182545661926,0.9508032128514057,0.7908521568342103,0.831357552581262,0.8305243849754333,0.9239005736137668
mot_patch_tiny_1d-p3-bs.512-ep.200,mot_patch_tiny_1d,0.1,42,40,0.011474337861210542,0.5653991987381959,0.8853509275196022,0.8816067576408386,0.9513769363166954,0.7898608628923989,0.8340344168260039,0.833397388458252,0.9246653919694072
mot_patch_tiny_1d-p3-bs.512-ep.200,mot_patch_tiny_1d,0.1,42,41,0.009549150281252632,0.5645846552729356,0.8853031172308281,0.8817091584205627,0.9515203671830178,0.7897765413069132,0.8325047801147227,0.8313811421394348,0.9231357552581262
mot_patch_tiny_1d-p3-bs.512-ep.200,mot_patch_tiny_1d,0.1,42,42,0.007783603724899257,0.5640652259510045,0.8857812201185695,0.8821560144424438,0.9513291260279212,0.7893922459327012,0.8332695984703633,0.8322489857673645,0.924282982791587
mot_patch_tiny_1d-p3-bs.512-ep.200,mot_patch_tiny_1d,0.1,42,43,0.0061846659978068205,0.5636646796376237,0.8853031172308281,0.8815758228302002,0.9514247466054695,0.789139594812922,0.8332695984703633,0.8323806524276733,0.9239005736137668
mot_patch_tiny_1d-p3-bs.512-ep.200,mot_patch_tiny_1d,0.1,42,44,0.004758647376699033,0.5633527066698948,0.8859246509848919,0.8821825385093689,0.9513769363166954,0.7892668073081606,0.8321223709369024,0.8312999606132507,0.9239005736137668
mot_patch_tiny_1d-p3-bs.512-ep.200,mot_patch_tiny_1d,0.1,42,45,0.0035111757055874327,0.5631113809252543,0.8855899789634729,0.881842851638794,0.9513769363166954,0.7894175381778987,0.8325047801147227,0.831756055355072,0.924282982791587
mot_patch_tiny_1d-p3-bs.512-ep.200,mot_patch_tiny_1d,0.1,42,46,0.0024471741852423235,0.5629534490661563,0.8861158921399885,0.8824364542961121,0.9513291260279212,0.7891779022508552,0.832887189292543,0.8320184350013733,0.9239005736137668
mot_patch_tiny_1d-p3-bs.512-ep.200,mot_patch_tiny_1d,0.1,42,47,0.0015708419435684518,0.562852338432331,0.8860202715624402,0.8823683857917786,0.9513291260279212,0.7891240172814684,0.832887189292543,0.8320184350013733,0.924282982791587
mot_patch_tiny_1d-p3-bs.512-ep.200,mot_patch_tiny_1d,0.1,42,48,0.000885637463565564,0.5627955224961299,0.8861158921399885,0.8824282884597778,0.9513769363166954,0.789118158110697,0.8332695984703633,0.8324184417724609,0.9239005736137668
mot_patch_tiny_1d-p3-bs.512-ep.200,mot_patch_tiny_1d,0.1,42,49,0.00039426493427611173,0.5627709892288999,0.8859724612736661,0.8822639584541321,0.9513769363166954,0.7891300011775234,0.8325047801147227,0.8317406177520752,0.924282982791587
mot_patch_tiny_1d-p3-bs.512-ep.200,mot_patch_tiny_1d,0.1,42,50,9.866357858642205e-05,0.5627646458082843,0.8859724612736661,0.8822639584541321,0.9513769363166954,0.7891177715352571,0.832887189292543,0.8321406841278076,0.924282982791587
mot_patch_tiny_1d-p3-bs.512-ep.200,mot_patch_tiny_1d,0.3,42,1,0.3,1.1659354364742032,0.7452189711225856,0.7379354238510132,0.8843947217441194,1.285286346493898,0.7082217973231357,0.7050502300262451,0.8638623326959847
mot_patch_tiny_1d-p3-bs.512-ep.200,mot_patch_tiny_1d,0.3,42,2,0.29970400926424073,0.9487877143776697,0.7883438515968636,0.7818385362625122,0.9092560719066743,1.0724994316611645,0.7579349904397705,0.752175509929657,0.8936902485659656
mot_patch_tiny_1d-p3-bs.512-ep.200,mot_patch_tiny_1d,0.3,42,3,0.2988172051971717,0.8297277699695031,0.8135876840696118,0.8102788329124451,0.9237903996940141,0.9850484042049138,0.7747609942638624,0.775256872177124,0.8978967495219885
mot_patch_tiny_1d-p3-bs.512-ep.200,mot_patch_tiny_1d,0.3,42,4,0.29734308760930334,0.7662964040450189,0.8277395295467584,0.825054943561554,0.9295276343469114,0.9457626371948943,0.7827915869980879,0.7842899560928345,0.908604206500956
mot_patch_tiny_1d-p3-bs.512-ep.200,mot_patch_tiny_1d,0.3,42,5,0.2952874741692947,0.7235937299088233,0.8394530502964238,0.838559627532959,0.9319659590743928,0.9054971946585019,0.8,0.80112624168396,0.9120458891013384
mot_patch_tiny_1d-p3-bs.512-ep.200,mot_patch_tiny_1d,0.3,42,6,0.2926584774442731,0.6907749232563741,0.8432778733983554,0.8402982950210571,0.9367469879518072,0.8798141406553426,0.8038240917782027,0.80379319190979,0.9147227533460803
mot_patch_tiny_1d-p3-bs.512-ep.200,mot_patch_tiny_1d,0.3,42,7,0.28946647288323774,0.655486263356124,0.8516924842226047,0.8492079377174377,0.9389462612354179,0.86561380535877,0.8084130019120459,0.8056007623672485,0.9135755258126195
mot_patch_tiny_1d-p3-bs.512-ep.200,mot_patch_tiny_1d,0.3,42,8,0.28572405786990296,0.6254499170606463,0.8583859246509848,0.8564594984054565,0.9435360489577357,0.854172163574919,0.8160611854684512,0.8148413300514221,0.9158699808795411
mot_patch_tiny_1d-p3-bs.512-ep.200,mot_patch_tiny_1d,0.3,42,9,0.28144600200657954,0.6071403867816761,0.8629757123733027,0.8607644438743591,0.9450659781985083,0.8385661480759572,0.8103250478011472,0.8109144568443298,0.920076481835564
mot_patch_tiny_1d-p3-bs.512-ep.200,mot_patch_tiny_1d,0.3,42,10,0.27664918882530226,0.586374500418375,0.8668961560527826,0.8624531030654907,0.9458787531076688,0.8246114391669717,0.815678776290631,0.814689576625824,0.9204588910133843
mot_patch_tiny_1d-p3-bs.512-ep.200,mot_patch_tiny_1d,0.3,42,11,0.27135254915624213,0.5767867715164041,0.8681392235609103,0.8649111986160278,0.947934595524957,0.8272922523163017,0.8152963671128107,0.8157188296318054,0.920076481835564
mot_patch_tiny_1d-p3-bs.512-ep.200,mot_patch_tiny_1d,0.3,42,12,0.2655769864163684,0.5609600905547705,0.872346528973035,0.8704736828804016,0.949273283610633,0.8166729272437597,0.8202676864244742,0.8206617832183838,0.9196940726577438
mot_patch_tiny_1d-p3-bs.512-ep.200,mot_patch_tiny_1d,0.3,42,13,0.2593452941132117,0.5510437352225529,0.8752629565882578,0.8718699812889099,0.9506597819850832,0.8076268387570208,0.822944550669216,0.8220606446266174,0.9239005736137668
mot_patch_tiny_1d-p3-bs.512-ep.200,mot_patch_tiny_1d,0.3,42,14,0.2526820658893033,0.5315219253945657,0.8788965385350928,0.8752509951591492,0.9534327787339836,0.7975300528123319,0.8256214149139579,0.8242883086204529,0.9239005736137668
mot_patch_tiny_1d-p3-bs.512-ep.200,mot_patch_tiny_1d,0.3,42,15,0.24561359846230346,0.5208827311642928,0.8805698986421878,0.877821147441864,0.9537196404666284,0.7938203662121045,0.8233269598470363,0.8217322826385498,0.9216061185468452
mot_patch_tiny_1d-p3-bs.512-ep.200,mot_patch_tiny_1d,0.3,42,16,0.23816778784387102,0.5133254287757661,0.8846337731879901,0.8823846578598022,0.9543411742206923,0.8032377793729647,0.8248565965583174,0.8245466351509094,0.9231357552581262
mot_patch_tiny_1d-p3-bs.512-ep.200,mot_patch_tiny_1d,0.3,42,17,0.2303740192468495,0.5113695804510593,0.8808567603748326,0.876902163028717,0.9533849684452094,0.7941155647000665,0.8248565965583174,0.8252955675125122,0.9246653919694072
mot_patch_tiny_1d-p3-bs.512-ep.200,mot_patch_tiny_1d,0.3,42,18,0.22226305111525732,0.5002696171707851,0.8847772040543125,0.881308913230896,0.9570185503920444,0.7873151308719788,0.8233269598470363,0.8225572109222412,0.9235181644359465
mot_patch_tiny_1d-p3-bs.512-ep.200,mot_patch_tiny_1d,0.3,42,19,0.21386689373476092,0.48626705646788465,0.8920921782367566,0.8899065256118774,0.9569707401032702,0.7746383419000396,0.8302103250478011,0.8307545185089111,0.9250478011472275
mot_patch_tiny_1d-p3-bs.512-ep.200,mot_patch_tiny_1d,0.3,42,20,0.20521868290270173,0.48304509998028994,0.8897016637980494,0.8876784443855286,0.9586919104991394,0.771723001454574,0.8305927342256214,0.828676164150238,0.9273422562141491
mot_patch_tiny_1d-p3-bs.512-ep.200,mot_patch_tiny_1d,0.3,42,21,0.19635254915624212,0.4771627442379439,0.8925224708357239,0.8909724354743958,0.9579269458787532,0.7798113543946246,0.8260038240917782,0.8285651206970215,0.9254302103250478
mot_patch_tiny_1d-p3-bs.512-ep.200,mot_patch_tiny_1d,0.3,42,22,0.18730348307472822,0.47118975387109263,0.8928571428571429,0.8910502791404724,0.9597915471409447,0.7716978623807772,0.8267686424474188,0.8273031711578369,0.9258126195028681
mot_patch_tiny_1d-p3-bs.512-ep.200,mot_patch_tiny_1d,0.3,42,23,0.17810719718785872,0.45802470834790054,0.8991681009753298,0.8963518738746643,0.9597915471409447,0.7580509630717466,0.8325047801147227,0.8308618068695068,0.92848948374761
mot_patch_tiny_1d-p3-bs.512-ep.200,mot_patch_tiny_1d,0.3,42,24,0.1687999850346457,0.4556220831208075,0.8978294128896539,0.8946544528007507,0.9612736660929432,0.7706929660891939,0.8252390057361376,0.825404942035675,0.9250478011472275
mot_patch_tiny_1d-p3-bs.512-ep.200,mot_patch_tiny_1d,0.3,42,25,0.15941857792939704,0.4524393059779226,0.8994549627079748,0.8968133330345154,0.9617039586919105,0.7689316700339089,0.827151051625239,0.8275263905525208,0.9296367112810707
mot_patch_tiny_1d-p3-bs.512-ep.200,mot_patch_tiny_1d,0.3,42,26,0.15000000000000002,0.45401669788780075,0.8974947408682349,0.8951236009597778,0.9611302352266208,0.7769079284959723,0.8332695984703633,0.8322293758392334,0.9265774378585087
mot_patch_tiny_1d-p3-bs.512-ep.200,mot_patch_tiny_1d,0.3,42,27,0.140581422070603,0.4436211306042506,0.9003155479059094,0.8968168497085571,0.9625645438898451,0.7589458822976107,0.8321223709369024,0.833644688129425,0.9281070745697897
mot_patch_tiny_1d-p3-bs.512-ep.200,mot_patch_tiny_1d,0.3,42,28,0.13120001496535438,0.44105568212996843,0.9008892713711991,0.8980439901351929,0.9623254924459744,0.7583781182196127,0.8340344168260039,0.8338765501976013,0.9261950286806884
mot_patch_tiny_1d-p3-bs.512-ep.200,mot_patch_tiny_1d,0.3,42,29,0.12189280281214132,0.4355359519729425,0.9029451137884873,0.9003691673278809,0.9629948364888123,0.7568002215762895,0.8367112810707457,0.8361135125160217,0.9273422562141491
mot_patch_tiny_1d-p3-bs.512-ep.200,mot_patch_tiny_1d,0.3,42,30,0.11269651692527179,0.43194899018259025,0.9046662841843565,0.9015527367591858,0.963186077643909,0.757224272952253,0.834416826003824,0.8337324261665344,0.9265774378585087
mot_patch_tiny_1d-p3-bs.512-ep.200,mot_patch_tiny_1d,0.3,42,31,0.10364745084375795,0.42975456834546144,0.9050009562057755,0.9027495384216309,0.9641422834193919,0.7518659456738095,0.8378585086042065,0.8379098773002625,0.9281070745697897
mot_patch_tiny_1d-p3-bs.512-ep.200,mot_patch_tiny_1d,0.3,42,32,0.09478131709729837,0.42659099983380205,0.9063396442914515,0.9039293527603149,0.9644769554408109,0.7492205705515057,0.837093690248566,0.8369887471199036,0.92848948374761
mot_patch_tiny_1d-p3-bs.512-ep.200,mot_patch_tiny_1d,0.3,42,33,0.08613310626523911,0.42476159506305544,0.9072002294893862,0.9047896862030029,0.9643335245744884,0.7526090180668731,0.834416826003824,0.8340688943862915,0.9292543021032504
mot_patch_tiny_1d-p3-bs.512-ep.200,mot_patch_tiny_1d,0.3,42,34,0.0777369488847427,0.4215008735109593,0.907487091222031,0.9052704572677612,0.9642857142857143,0.7495721558083995,0.8351816443594646,0.8346841931343079,0.9273422562141491
mot_patch_tiny_1d-p3-bs.512-ep.200,mot_patch_tiny_1d,0.3,42,35,0.06962598075315048,0.4197754830743232,0.9079651941097724,0.9056622385978699,0.9645725760183591,0.7503950859346992,0.8336520076481836,0.8336206674575806,0.9311663479923518
mot_patch_tiny_1d-p3-bs.512-ep.200,mot_patch_tiny_1d,0.3,42,36,0.06183221215612905,0.4176924339465143,0.9085389175750621,0.9058494567871094,0.965528781793842,0.7463266405503107,0.8363288718929255,0.8366750478744507,0.9288718929254303
mot_patch_tiny_1d-p3-bs.512-ep.200,mot_patch_tiny_1d,0.3,42,37,0.05438640153769654,0.41691696778335907,0.909495123350545,0.9065710306167603,0.9655765920826161,0.7480231757373701,0.8367112810707457,0.8363018035888672,0.92848948374761
mot_patch_tiny_1d-p3-bs.512-ep.200,mot_patch_tiny_1d,0.3,42,38,0.047317934110696694,0.4141395473644368,0.9104035188372538,0.907905101776123,0.9659590743928094,0.7458225957750134,0.8336520076481836,0.8339347243309021,0.9273422562141491
mot_patch_tiny_1d-p3-bs.512-ep.200,mot_patch_tiny_1d,0.3,42,39,0.0406547058867883,0.41331921564869273,0.9119812583668006,0.9098739624023438,0.9657200229489387,0.7425749579989431,0.8355640535372849,0.8355827331542969,0.92848948374761
mot_patch_tiny_1d-p3-bs.512-ep.200,mot_patch_tiny_1d,0.3,42,40,0.03442301358363163,0.4120656036468874,0.9122681200994454,0.9097418189048767,0.9654809715050678,0.7440855868687821,0.8355640535372849,0.835783839225769,0.9288718929254303
mot_patch_tiny_1d-p3-bs.512-ep.200,mot_patch_tiny_1d,0.3,42,41,0.0286474508437579,0.4113333504750319,0.9115987760566073,0.9091031551361084,0.9660546949703577,0.7445707222699663,0.8374760994263862,0.8369179368019104,0.9281070745697897
mot_patch_tiny_1d-p3-bs.512-ep.200,mot_patch_tiny_1d,0.3,42,42,0.023350811174697773,0.4106213831723728,0.9119812583668006,0.9099088311195374,0.9658156435264869,0.7427062536060924,0.8374760994263862,0.8374389410018921,0.92848948374761
mot_patch_tiny_1d-p3-bs.512-ep.200,mot_patch_tiny_1d,0.3,42,43,0.018553997993420463,0.41030017256759554,0.912124689233123,0.9097902774810791,0.9661025052591318,0.7434417972601166,0.8378585086042065,0.838330864906311,0.9281070745697897
mot_patch_tiny_1d-p3-bs.512-ep.200,mot_patch_tiny_1d,0.3,42,44,0.014275942130097098,0.4098113215569215,0.9122681200994454,0.9100853204727173,0.9659112641040352,0.7441107551180838,0.8378585086042065,0.8382375240325928,0.92848948374761
mot_patch_tiny_1d-p3-bs.512-ep.200,mot_patch_tiny_1d,0.3,42,45,0.010533527116762299,0.40950045692325665,0.9129852744310576,0.9107351899147034,0.9661025052591318,0.7436996445373185,0.8382409177820268,0.8384756445884705,0.9277246653919694
mot_patch_tiny_1d-p3-bs.512-ep.200,mot_patch_tiny_1d,0.3,42,46,0.00734152255572697,0.4094003034290015,0.9130330847198317,0.9107666015625,0.9659112641040352,0.7435057207913517,0.838623326959847,0.8389459252357483,0.92848948374761
mot_patch_tiny_1d-p3-bs.512-ep.200,mot_patch_tiny_1d,0.3,42,47,0.004712525830705355,0.40926258074756244,0.9129374641422834,0.9107511043548584,0.9661503155479059,0.7435175602112399,0.8367112810707457,0.8368220329284668,0.9277246653919694
mot_patch_tiny_1d-p3-bs.512-ep.200,mot_patch_tiny_1d,0.3,42,48,0.0026569123906966916,0.409220369944132,0.9128418435647351,0.9106466770172119,0.9661503155479059,0.7435024203123599,0.8378585086042065,0.8380622863769531,0.92848948374761
mot_patch_tiny_1d-p3-bs.512-ep.200,mot_patch_tiny_1d,0.3,42,49,0.001182794802828335,0.40919530494282863,0.9128418435647351,0.9106432199478149,0.9661503155479059,0.7435241553341225,0.8378585086042065,0.8379234075546265,0.92848948374761
mot_patch_tiny_1d-p3-bs.512-ep.200,mot_patch_tiny_1d,0.3,42,50,0.0002959907357592661,0.4091901866718058,0.9128418435647351,0.9106432199478149,0.9661503155479059,0.7435035384635852,0.8382409177820268,0.8384789824485779,0.92848948374761
mot_patch_tiny_1d-p3-bs.512-ep.200,mot_patch_tiny_1d,0.5,42,1,0.5,1.0988402506160244,0.745362401988908,0.7413604855537415,0.8842034805890228,1.2500785214951116,0.7089866156787763,0.7095370292663574,0.8627151051625239
mot_patch_tiny_1d-p3-bs.512-ep.200,mot_patch_tiny_1d,0.5,42,2,0.4995066821070679,0.8660059783171002,0.802065404475043,0.7954679727554321,0.9130330847198317,1.014857135721648,0.768642447418738,0.7635459303855896,0.8967495219885278
mot_patch_tiny_1d-p3-bs.512-ep.200,mot_patch_tiny_1d,0.5,42,3,0.4980286753286195,0.7800607878246734,0.8172690763052208,0.8134043216705322,0.9257506215337541,0.9625303337724441,0.7892925430210325,0.7874544262886047,0.9005736137667304
mot_patch_tiny_1d-p3-bs.512-ep.200,mot_patch_tiny_1d,0.5,42,4,0.4955718126821722,0.75464708386974,0.8182252820807038,0.8184321522712708,0.929384203480589,0.9847601881446619,0.7732313575525812,0.7777934074401855,0.9001912045889101
mot_patch_tiny_1d-p3-bs.512-ep.200,mot_patch_tiny_1d,0.5,42,5,0.49214579028215777,0.6847289292026738,0.8408873589596482,0.8392573595046997,0.9330655957161981,0.9142395384225062,0.7977055449330784,0.797258734703064,0.9097514340344168
mot_patch_tiny_1d-p3-bs.512-ep.200,mot_patch_tiny_1d,0.5,42,6,0.4877641290737884,0.6586758056774858,0.8420348058902276,0.839694082736969,0.9381334863262574,0.8921531823123618,0.8003824091778202,0.7996325492858887,0.9093690248565965
mot_patch_tiny_1d-p3-bs.512-ep.200,mot_patch_tiny_1d,0.5,42,7,0.48244412147206284,0.6288277713033705,0.8509275196022184,0.8486011028289795,0.9419104991394148,0.8861285696522,0.8091778202676865,0.8083689212799072,0.9135755258126195
mot_patch_tiny_1d-p3-bs.512-ep.200,mot_patch_tiny_1d,0.5,42,8,0.4762067631165049,0.5892372049275856,0.8596289921591126,0.858245849609375,0.9466915280168292,0.8767824264147086,0.8091778202676865,0.8104109168052673,0.9154875717017208
mot_patch_tiny_1d-p3-bs.512-ep.200,mot_patch_tiny_1d,0.5,42,9,0.46907667001096587,0.5823253665150044,0.8607764390896921,0.8589528799057007,0.9449225473321858,0.8746955754880011,0.807265774378585,0.8082903027534485,0.9147227533460803
mot_patch_tiny_1d-p3-bs.512-ep.200,mot_patch_tiny_1d,0.5,42,10,0.46108198137550377,0.5677234498646091,0.8627844712182061,0.8592181205749512,0.9462612354178619,0.8501646519619009,0.8084130019120459,0.8086692094802856,0.9181644359464627
mot_patch_tiny_1d-p3-bs.512-ep.200,mot_patch_tiny_1d,0.5,42,11,0.45225424859373686,0.5443663096468954,0.8661311914323963,0.8631442189216614,0.9509944540065022,0.8551051779869182,0.8103250478011472,0.8089954257011414,0.9170172084130019
mot_patch_tiny_1d-p3-bs.512-ep.200,mot_patch_tiny_1d,0.5,42,12,0.4426283106939473,0.5313290733524161,0.8695257219353605,0.8688285946846008,0.953576209600306,0.8417261776459148,0.8141491395793499,0.8146809339523315,0.920076481835564
mot_patch_tiny_1d-p3-bs.512-ep.200,mot_patch_tiny_1d,0.5,42,13,0.4322421568553529,0.5184533835414902,0.8756932491872251,0.8732501268386841,0.9541977433543699,0.8346760357771047,0.8141491395793499,0.8123747110366821,0.9216061185468452
mot_patch_tiny_1d-p3-bs.512-ep.200,mot_patch_tiny_1d,0.5,42,14,0.4211367764821722,0.5052338474497646,0.8761713520749665,0.8733745813369751,0.9550583285523044,0.8372749700600969,0.8206500956022944,0.8190553784370422,0.9189292543021033
mot_patch_tiny_1d-p3-bs.512-ep.200,mot_patch_tiny_1d,0.5,42,15,0.40935599743717244,0.47280387364101356,0.8885064065786957,0.8857746124267578,0.9577357047236565,0.8109738497615544,0.8240917782026769,0.8234651684761047,0.9254302103250478
mot_patch_tiny_1d-p3-bs.512-ep.200,mot_patch_tiny_1d,0.5,42,16,0.39694631307311834,0.483336865411796,0.8817651558615414,0.8799981474876404,0.9573054121246892,0.833881192909372,0.8198852772466539,0.8201895952224731,0.9204588910133843
mot_patch_tiny_1d-p3-bs.512-ep.200,mot_patch_tiny_1d,0.5,42,17,0.38395669874474914,0.4717730274846071,0.8843947217441194,0.8812882304191589,0.9579269458787532,0.8147562781893728,0.8183556405353728,0.819206714630127,0.924282982791587
mot_patch_tiny_1d-p3-bs.512-ep.200,mot_patch_tiny_1d,0.5,42,18,0.3704384185254288,0.4557203457719807,0.888936699177663,0.8864641785621643,0.9610346146490725,0.8052321804185214,0.8240917782026769,0.8226282596588135,0.9235181644359465
mot_patch_tiny_1d-p3-bs.512-ep.200,mot_patch_tiny_1d,0.5,42,19,0.35644482289126816,0.446151652512119,0.8941480206540448,0.8918811082839966,0.9612736660929432,0.8018143451464563,0.8240917782026769,0.8254541158676147,0.9250478011472275
mot_patch_tiny_1d-p3-bs.512-ep.200,mot_patch_tiny_1d,0.5,42,20,0.34203113817116954,0.4452992550705286,0.8912794033275961,0.8898595571517944,0.9629470262000382,0.8023259113669168,0.8244741873804972,0.8221220374107361,0.9269598470363288
mot_patch_tiny_1d-p3-bs.512-ep.200,mot_patch_tiny_1d,0.5,42,21,0.32725424859373686,0.44136681021411145,0.8912794033275961,0.8905826807022095,0.9622298718684261,0.8089953800004481,0.8198852772466539,0.8214868307113647,0.9239005736137668
mot_patch_tiny_1d-p3-bs.512-ep.200,mot_patch_tiny_1d,0.5,42,22,0.31217247179121366,0.43028763116124163,0.8959170013386881,0.8948723077774048,0.9644769554408109,0.7891488376128742,0.8256214149139579,0.8244850039482117,0.9250478011472275
mot_patch_tiny_1d-p3-bs.512-ep.200,mot_patch_tiny_1d,0.5,42,23,0.2968453286464312,0.4163816678726917,0.9013673742589405,0.8984189629554749,0.9653853509275196,0.776934528533177,0.831357552581262,0.8271596431732178,0.9304015296367113
mot_patch_tiny_1d-p3-bs.512-ep.200,mot_patch_tiny_1d,0.5,42,24,0.2813333083910761,0.4118365188200311,0.9023713903231976,0.8996198773384094,0.9657200229489387,0.7947212540168835,0.8221797323135756,0.8220173120498657,0.9246653919694072
mot_patch_tiny_1d-p3-bs.512-ep.200,mot_patch_tiny_1d,0.5,42,25,0.26569762988232837,0.4073501985600629,0.9043794224517117,0.9019252061843872,0.9673933830560336,0.7967007040749544,0.8217973231357553,0.8218194842338562,0.9296367112810707
mot_patch_tiny_1d-p3-bs.512-ep.200,mot_patch_tiny_1d,0.5,42,26,0.25,0.4076280757103761,0.9028016829221649,0.901154100894928,0.9656244023713904,0.7985112119131289,0.8282982791586998,0.8275743126869202,0.9250478011472275
mot_patch_tiny_1d-p3-bs.512-ep.200,mot_patch_tiny_1d,0.5,42,27,0.23430237011767166,0.39298189582321336,0.9086823484413846,0.905491054058075,0.9681105373876459,0.7786202235613908,0.8275334608030592,0.8277190923690796,0.92848948374761
mot_patch_tiny_1d-p3-bs.512-ep.200,mot_patch_tiny_1d,0.5,42,28,0.21866669160892396,0.3914997227950177,0.9070089883342896,0.9042568802833557,0.9676324344999043,0.7782026104899711,0.8309751434034417,0.8307018280029297,0.9281070745697897
mot_patch_tiny_1d-p3-bs.512-ep.200,mot_patch_tiny_1d,0.5,42,29,0.20315467135356885,0.38583593720527104,0.9095429336393192,0.9075360894203186,0.9678236756550009,0.7735605097637578,0.8317399617590823,0.8303073048591614,0.9296367112810707
mot_patch_tiny_1d-p3-bs.512-ep.200,mot_patch_tiny_1d,0.5,42,30,0.1878275282087863,0.38222703780515127,0.9115987760566073,0.9083021283149719,0.9686842608529356,0.7782540257528681,0.8267686424474188,0.8262536525726318,0.92848948374761
mot_patch_tiny_1d-p3-bs.512-ep.200,mot_patch_tiny_1d,0.5,42,31,0.17274575140626322,0.37600503138361435,0.9135111876075731,0.9114466309547424,0.969497035762096,0.7639051039861675,0.8374760994263862,0.835803747177124,0.9296367112810707
mot_patch_tiny_1d-p3-bs.512-ep.200,mot_patch_tiny_1d,0.5,42,32,0.15796886182883058,0.3744623644170945,0.9139892904953146,0.9118984937667847,0.9700707592273857,0.7653812269863617,0.8347992351816443,0.833981454372406,0.92848948374761
mot_patch_tiny_1d-p3-bs.512-ep.200,mot_patch_tiny_1d,0.5,42,33,0.14355517710873184,0.371203246639162,0.9157582711799579,0.9135709404945374,0.9700229489386116,0.7691159483579559,0.8325047801147227,0.8308957815170288,0.930019120458891
mot_patch_tiny_1d-p3-bs.512-ep.200,mot_patch_tiny_1d,0.5,42,34,0.12956158147457114,0.366763184051893,0.9172882004207306,0.9152584671974182,0.969497035762096,0.7634217118214011,0.8340344168260039,0.8324328064918518,0.9323135755258126
mot_patch_tiny_1d-p3-bs.512-ep.200,mot_patch_tiny_1d,0.5,42,35,0.11604330125525078,0.3642530885383809,0.9168100975329891,0.914632260799408,0.9704054312488047,0.7632894526932025,0.831357552581262,0.8300248980522156,0.9326959847036329
mot_patch_tiny_1d-p3-bs.512-ep.200,mot_patch_tiny_1d,0.5,42,36,0.10305368692688174,0.3623852071399145,0.9185790782176324,0.9164575934410095,0.9714094473130618,0.7596922617341547,0.8298279158699808,0.8302513957023621,0.9330783938814532
mot_patch_tiny_1d-p3-bs.512-ep.200,mot_patch_tiny_1d,0.5,42,37,0.09064400256282756,0.3608448332594877,0.919439663415567,0.9172342419624329,0.9713138267355135,0.7612699468550673,0.8321223709369024,0.8311358690261841,0.931548757170172
mot_patch_tiny_1d-p3-bs.512-ep.200,mot_patch_tiny_1d,0.5,42,38,0.07886322351782782,0.35671520087248876,0.9209217823675655,0.9184531569480896,0.9716963090457066,0.758643254267326,0.832887189292543,0.8320672512054443,0.9319311663479923
mot_patch_tiny_1d-p3-bs.512-ep.200,mot_patch_tiny_1d,0.5,42,39,0.06775784314464717,0.3554742086866112,0.9218779881430483,0.9197325706481934,0.9716963090457066,0.7522951275623095,0.8317399617590823,0.8312746286392212,0.9319311663479923
mot_patch_tiny_1d-p3-bs.512-ep.200,mot_patch_tiny_1d,0.5,42,40,0.057371689306052714,0.35378319830939153,0.9226907630522089,0.9202365875244141,0.9714572576018359,0.7553561836082211,0.8363288718929255,0.836617648601532,0.9304015296367113
mot_patch_tiny_1d-p3-bs.512-ep.200,mot_patch_tiny_1d,0.5,42,41,0.047745751406263165,0.35288285871700154,0.9222604704532416,0.9197632670402527,0.9722222222222222,0.756330363928246,0.834416826003824,0.8340314626693726,0.9304015296367113
mot_patch_tiny_1d-p3-bs.512-ep.200,mot_patch_tiny_1d,0.5,42,42,0.03891801862449629,0.35182083512519785,0.9228820042073054,0.9207273721694946,0.9722222222222222,0.7539362759708674,0.8351816443594646,0.8346847295761108,0.930019120458891
mot_patch_tiny_1d-p3-bs.512-ep.200,mot_patch_tiny_1d,0.5,42,43,0.030923329989034104,0.35162403387922153,0.9235991585389176,0.9211668372154236,0.9719831707783515,0.7554500660066623,0.8347992351816443,0.8342195153236389,0.9319311663479923
mot_patch_tiny_1d-p3-bs.512-ep.200,mot_patch_tiny_1d,0.5,42,44,0.02379323688349516,0.3506454194018389,0.9238860202715624,0.92162024974823,0.9724134633773188,0.7554726536825556,0.8359464627151052,0.8354220390319824,0.9304015296367113
mot_patch_tiny_1d-p3-bs.512-ep.200,mot_patch_tiny_1d,0.5,42,45,0.017555878527937163,0.35026206630984735,0.9239816408491107,0.9218912720680237,0.9727003251099636,0.7544175288417371,0.8355640535372849,0.8351448178291321,0.9307839388145316
mot_patch_tiny_1d-p3-bs.512-ep.200,mot_patch_tiny_1d,0.5,42,46,0.012235870926211617,0.35019466256429643,0.923407917383821,0.9213590025901794,0.9729393765538343,0.7544075989586445,0.8351816443594646,0.8347455859184265,0.9304015296367113
mot_patch_tiny_1d-p3-bs.512-ep.200,mot_patch_tiny_1d,0.5,42,47,0.007854209717842259,0.34994938980441037,0.9244597437368521,0.9222466349601746,0.9727959456875119,0.7544491937465923,0.8351816443594646,0.834754467010498,0.9311663479923518
mot_patch_tiny_1d-p3-bs.512-ep.200,mot_patch_tiny_1d,0.5,42,48,0.00442818731782782,0.349895744028272,0.9239338305603366,0.9217063188552856,0.9727003251099636,0.7543505725167677,0.8351816443594646,0.834754467010498,0.9307839388145316
mot_patch_tiny_1d-p3-bs.512-ep.200,mot_patch_tiny_1d,0.5,42,49,0.0019713246713805588,0.34985891394324276,0.924077261426659,0.9218833446502686,0.9727481353987378,0.7543663615706317,0.8347992351816443,0.8343698978424072,0.931548757170172
mot_patch_tiny_1d-p3-bs.512-ep.200,mot_patch_tiny_1d,0.5,42,50,0.0004933178929321103,0.3498534677497833,0.9241250717154331,0.921928346157074,0.9727481353987378,0.7543416003196235,0.8347992351816443,0.8343698978424072,0.931548757170172
mot_patch_tiny_1d-p3-bs.512-ep.200,mot_patch_tiny_1d,0.7,42,1,0.7,1.1151892227432563,0.7372346528973035,0.7332996129989624,0.8847293937655384,1.3009658995823468,0.698661567877629,0.7019873857498169,0.8619502868068833
mot_patch_tiny_1d-p3-bs.512-ep.200,mot_patch_tiny_1d,0.7,42,2,0.699309354949895,0.8810549336789237,0.7936029833620195,0.7869263291358948,0.9114075349015108,1.0604111585744709,0.7579349904397705,0.7532225251197815,0.8910133843212237
mot_patch_tiny_1d-p3-bs.512-ep.200,mot_patch_tiny_1d,0.7,42,3,0.6972401454600672,0.8077348390667861,0.8080895008605852,0.8048449158668518,0.9214955058328552,1.0250247014412233,0.772848948374761,0.7702934741973877,0.8978967495219885
mot_patch_tiny_1d-p3-bs.512-ep.200,mot_patch_tiny_1d,0.7,42,4,0.6938005377550409,0.7696666454899537,0.8141614075349015,0.8141779899597168,0.9274239816408492,1.0499719003418435,0.7644359464627151,0.7696173191070557,0.8944550669216061
mot_patch_tiny_1d-p3-bs.512-ep.200,mot_patch_tiny_1d,0.7,42,5,0.6890041063950206,0.7260749977025732,0.8260183591508893,0.8238484859466553,0.9309141327213616,0.9938629033688605,0.7808795411089866,0.7764758467674255,0.9074569789674952
mot_patch_tiny_1d-p3-bs.512-ep.200,mot_patch_tiny_1d,0.7,42,6,0.6828697807033035,0.6936066575158871,0.8302256645630139,0.829189658164978,0.9358864027538726,0.9590259880226383,0.790057361376673,0.7884634137153625,0.9059273422562142
mot_patch_tiny_1d-p3-bs.512-ep.200,mot_patch_tiny_1d,0.7,42,7,0.6754217700608878,0.6594600577180256,0.8403614457831325,0.8402420282363892,0.9395677949894817,0.9607115371733277,0.7946462715105163,0.7960621118545532,0.9097514340344168
mot_patch_tiny_1d-p3-bs.512-ep.200,mot_patch_tiny_1d,0.7,42,8,0.6666894683631067,0.6102585703174432,0.8493497800726716,0.848456621170044,0.9446834958883151,0.950754150332274,0.7977055449330784,0.7987720966339111,0.9116634799235181
mot_patch_tiny_1d-p3-bs.512-ep.200,mot_patch_tiny_1d,0.7,42,9,0.6567073380153521,0.6069628670284456,0.8527443105756358,0.8500140309333801,0.9443966341556703,0.9505512303193714,0.7919694072657744,0.7897192239761353,0.912810707456979
mot_patch_tiny_1d-p3-bs.512-ep.200,mot_patch_tiny_1d,0.7,42,10,0.6455147739257051,0.5805347921926265,0.8578600114744693,0.8541409373283386,0.94497035762096,0.9059551749585008,0.8007648183556405,0.8001946210861206,0.9154875717017208
mot_patch_tiny_1d-p3-bs.512-ep.200,mot_patch_tiny_1d,0.7,42,11,0.6331559480312314,0.5451658345198946,0.8628800917957544,0.8604090213775635,0.9517594186268885,0.8980458917854849,0.8019120458891014,0.7989444136619568,0.9170172084130019
mot_patch_tiny_1d-p3-bs.512-ep.200,mot_patch_tiny_1d,0.7,42,12,0.619679634971526,0.5465668482040899,0.8631191432396251,0.8629711866378784,0.9512813157391471,0.9057157381542782,0.8034416826003824,0.8040912747383118,0.9181644359464627
mot_patch_tiny_1d-p3-bs.512-ep.200,mot_patch_tiny_1d,0.7,42,13,0.6051390195974938,0.5221027664984133,0.8696691528016829,0.8679515719413757,0.954914897685982,0.8995632762434833,0.8053537284894837,0.8035566806793213,0.9154875717017208
mot_patch_tiny_1d-p3-bs.512-ep.200,mot_patch_tiny_1d,0.7,42,14,0.5895914870750408,0.5100591068264174,0.8724899598393574,0.870370090007782,0.9552973799961751,0.9079130832825291,0.8095602294455067,0.8108729720115662,0.9135755258126195
mot_patch_tiny_1d-p3-bs.512-ep.200,mot_patch_tiny_1d,0.7,42,15,0.5730983964120412,0.4763091507366543,0.8795658825779308,0.8775359392166138,0.9584050487664946,0.8702897496706669,0.8133843212237094,0.8135880827903748,0.9219885277246654
mot_patch_tiny_1d-p3-bs.512-ep.200,mot_patch_tiny_1d,0.7,42,16,0.5557248383023655,0.4798381920867587,0.8803786574870912,0.878307044506073,0.9582616179001722,0.8812385063098448,0.8118546845124283,0.8126909136772156,0.9212237093690249
mot_patch_tiny_1d-p3-bs.512-ep.200,mot_patch_tiny_1d,0.7,42,17,0.5375393782426486,0.46147750353671824,0.8840600497227004,0.8812727928161621,0.9594090648307516,0.8598144874062182,0.8137667304015297,0.8143543004989624,0.9246653919694072
mot_patch_tiny_1d-p3-bs.512-ep.200,mot_patch_tiny_1d,0.7,42,18,0.5186137859356001,0.44692326239496327,0.8880283036909543,0.8854550123214722,0.9614649072480398,0.8492517066503346,0.8202676864244742,0.818489670753479,0.9208413001912046
mot_patch_tiny_1d-p3-bs.512-ep.200,mot_patch_tiny_1d,0.7,42,19,0.49902275204777524,0.43196202911184356,0.8924746605469497,0.8904165029525757,0.9628035953337158,0.8453890915354625,0.8206500956022944,0.8214731812477112,0.9223709369024856
mot_patch_tiny_1d-p3-bs.512-ep.200,mot_patch_tiny_1d,0.7,42,20,0.47884359343963717,0.4293474010263991,0.8917096959265634,0.8894979953765869,0.9649550583285523,0.8471870495302043,0.8137667304015297,0.8091739416122437,0.9261950286806884
mot_patch_tiny_1d-p3-bs.512-ep.200,mot_patch_tiny_1d,0.7,42,21,0.45815594803123144,0.42805228549769786,0.8903231975521132,0.8898168802261353,0.9644769554408109,0.8589711905893359,0.8168260038240918,0.8188670873641968,0.9227533460803059
mot_patch_tiny_1d-p3-bs.512-ep.200,mot_patch_tiny_1d,0.7,42,22,0.437041460507699,0.4131514069956059,0.8954388984509466,0.8943561315536499,0.9656722126601645,0.8283565988048313,0.8237093690248566,0.8215892314910889,0.924282982791587
mot_patch_tiny_1d-p3-bs.512-ep.200,mot_patch_tiny_1d,0.7,42,23,0.4155834601050035,0.4041235027907797,0.8991202906865557,0.896665632724762,0.9662459361254542,0.8204908221447217,0.8252390057361376,0.8221586346626282,0.9296367112810707
mot_patch_tiny_1d-p3-bs.512-ep.200,mot_patch_tiny_1d,0.7,42,24,0.3938666317475064,0.4004132391549725,0.8979728437559763,0.8949776291847229,0.9677280550774526,0.8428247725302584,0.8168260038240918,0.8162530660629272,0.9246653919694072
mot_patch_tiny_1d-p3-bs.512-ep.200,mot_patch_tiny_1d,0.7,42,25,0.37197668183525956,0.38729873239754675,0.9039969401415184,0.9015966057777405,0.9689233122968063,0.8369175475140602,0.8164435946462715,0.8166152238845825,0.9288718929254303
mot_patch_tiny_1d-p3-bs.512-ep.200,mot_patch_tiny_1d,0.7,42,26,0.34999999999999987,0.38528468682264866,0.9046184738955824,0.9034498333930969,0.9672021419009371,0.835712693982097,0.8237093690248566,0.8226835131645203,0.9254302103250478
mot_patch_tiny_1d-p3-bs.512-ep.200,mot_patch_tiny_1d,0.7,42,27,0.3280233181647402,0.3681407255660418,0.9115987760566073,0.9087600708007812,0.9700229489386116,0.8170518054560995,0.8221797323135756,0.8212369680404663,0.9273422562141491
mot_patch_tiny_1d-p3-bs.512-ep.200,mot_patch_tiny_1d,0.7,42,28,0.3061333682524934,0.3685755260042215,0.9093995027729967,0.907193660736084,0.9694492254733219,0.8150818688007887,0.8286806883365201,0.8282465934753418,0.9304015296367113
mot_patch_tiny_1d-p3-bs.512-ep.200,mot_patch_tiny_1d,0.7,42,29,0.28441653989499627,0.35898541382836846,0.9127462229871869,0.9108580946922302,0.9708357238477721,0.8082689376451773,0.827151051625239,0.8261133432388306,0.9296367112810707
mot_patch_tiny_1d-p3-bs.512-ep.200,mot_patch_tiny_1d,0.7,42,30,0.2629585394923007,0.3554707505913167,0.9146586345381527,0.911721408367157,0.9706444826926754,0.8146082584534274,0.8244741873804972,0.8229286670684814,0.9265774378585087
mot_patch_tiny_1d-p3-bs.512-ep.200,mot_patch_tiny_1d,0.7,42,31,0.2418440519687684,0.350476453171608,0.9161885637789252,0.9146345257759094,0.9720309810671256,0.7969874475015964,0.832887189292543,0.8300477862358093,0.9292543021032504
mot_patch_tiny_1d-p3-bs.512-ep.200,mot_patch_tiny_1d,0.7,42,32,0.2211564065603627,0.3453871444662754,0.9173838209982789,0.9156022071838379,0.9724612736660929,0.7979745285005004,0.8309751434034417,0.8296002149581909,0.92848948374761
mot_patch_tiny_1d-p3-bs.512-ep.200,mot_patch_tiny_1d,0.7,42,33,0.20097724795222446,0.3404960651474305,0.9206349206349206,0.9185904860496521,0.9731784279977052,0.8002717938979315,0.8294455066921607,0.8285259008407593,0.92848948374761
mot_patch_tiny_1d-p3-bs.512-ep.200,mot_patch_tiny_1d,0.7,42,34,0.1813862140643995,0.3354333700926725,0.9217345572767259,0.9199379086494446,0.9723178427997705,0.7943113046212132,0.8309751434034417,0.8288806080818176,0.9296367112810707
mot_patch_tiny_1d-p3-bs.512-ep.200,mot_patch_tiny_1d,0.7,42,35,0.16246062175735101,0.33161431125802093,0.92374258940524,0.9220368266105652,0.9737521514629949,0.7914611028667617,0.8332695984703633,0.8319067358970642,0.931548757170172
mot_patch_tiny_1d-p3-bs.512-ep.200,mot_patch_tiny_1d,0.7,42,36,0.14427516169763435,0.3316684569882079,0.9228820042073054,0.9211412072181702,0.9743258749282846,0.7907258188747311,0.8252390057361376,0.8251388669013977,0.9304015296367113
mot_patch_tiny_1d-p3-bs.512-ep.200,mot_patch_tiny_1d,0.7,42,37,0.12690160358795852,0.328412708896003,0.9250812774909161,0.9234994649887085,0.973799961751769,0.790262268970847,0.831357552581262,0.8305355906486511,0.931548757170172
mot_patch_tiny_1d-p3-bs.512-ep.200,mot_patch_tiny_1d,0.7,42,38,0.11040851292495889,0.3231266509235008,0.9271371199082042,0.9250349402427673,0.9747561675272519,0.7869738073695458,0.8359464627151052,0.8344317674636841,0.930019120458891
mot_patch_tiny_1d-p3-bs.512-ep.200,mot_patch_tiny_1d,0.7,42,39,0.09486098040250598,0.32106929583174704,0.9274717919296233,0.925660252571106,0.9744214955058329,0.7779837001122206,0.8302103250478011,0.829590916633606,0.9307839388145316
mot_patch_tiny_1d-p3-bs.512-ep.200,mot_patch_tiny_1d,0.7,42,40,0.08032036502847376,0.31940830307860385,0.928045515394913,0.9257959127426147,0.975138649837445,0.782042257188611,0.8332695984703633,0.8323776721954346,0.9304015296367113
mot_patch_tiny_1d-p3-bs.512-ep.200,mot_patch_tiny_1d,0.7,42,41,0.06684405196876839,0.317446496204428,0.928714859437751,0.9265796542167664,0.9759992350353797,0.7828749122400812,0.8321223709369024,0.8313748240470886,0.9307839388145316
mot_patch_tiny_1d-p3-bs.512-ep.200,mot_patch_tiny_1d,0.7,42,42,0.05448522607429477,0.31610772112264396,0.928380187416332,0.9265297055244446,0.9760470453241538,0.7804969568781369,0.8321223709369024,0.8317449688911438,0.9296367112810707
mot_patch_tiny_1d-p3-bs.512-ep.200,mot_patch_tiny_1d,0.7,42,43,0.04329266198464772,0.3159921886953302,0.9294320137693631,0.9275524616241455,0.9762860967680245,0.7826748995662419,0.8321223709369024,0.8310158252716064,0.9311663479923518
mot_patch_tiny_1d-p3-bs.512-ep.200,mot_patch_tiny_1d,0.7,42,44,0.03331053163689321,0.31442201814635073,0.9309619430101358,0.9293212890625,0.9763817173455728,0.7816845341348739,0.8340344168260039,0.8329936861991882,0.9304015296367113
mot_patch_tiny_1d-p3-bs.512-ep.200,mot_patch_tiny_1d,0.7,42,45,0.024578229939112014,0.3139720798382273,0.9308185121438134,0.9292056560516357,0.9763339070567987,0.7800202984199013,0.8340344168260039,0.8338392376899719,0.9311663479923518
mot_patch_tiny_1d-p3-bs.512-ep.200,mot_patch_tiny_1d,0.7,42,46,0.017130219296696253,0.31389498523691,0.9304360298336202,0.9289141297340393,0.9762860967680245,0.7802193957122744,0.8317399617590823,0.8307661414146423,0.9311663479923518
mot_patch_tiny_1d-p3-bs.512-ep.200,mot_patch_tiny_1d,0.7,42,47,0.010995893604979155,0.3135381303934231,0.9312488047427806,0.9294390678405762,0.9765729585006694,0.780243134361836,0.832887189292543,0.832253634929657,0.9311663479923518
mot_patch_tiny_1d-p3-bs.512-ep.200,mot_patch_tiny_1d,0.7,42,48,0.006199462244958943,0.3134476140890962,0.9311053738764582,0.9293475151062012,0.9764295276343469,0.7800385250871997,0.832887189292543,0.8322059512138367,0.9311663479923518
mot_patch_tiny_1d-p3-bs.512-ep.200,mot_patch_tiny_1d,0.7,42,49,0.0027598545399327803,0.3133966167243495,0.9310575635876841,0.9292666912078857,0.9762860967680245,0.7800400597187575,0.832887189292543,0.8325752019882202,0.9311663479923518
mot_patch_tiny_1d-p3-bs.512-ep.200,mot_patch_tiny_1d,0.7,42,50,0.0006906450501049539,0.31339018589726686,0.9310575635876841,0.9292666912078857,0.9762382864792504,0.7800126186976242,0.8325047801147227,0.8318060040473938,0.9311663479923518
mot_patch_tiny_1d-p3-bs.512-ep.200,mot_patch_tiny_1d,1.0,42,1,1.0,1.2385054537433355,0.7227959456875119,0.7203612327575684,0.8758844903423216,1.48418059558759,0.6768642447418738,0.6803581118583679,0.8504780114722753
mot_patch_tiny_1d-p3-bs.512-ep.200,mot_patch_tiny_1d,1.0,42,2,0.9990133642141358,0.9705093954279264,0.7774909160451329,0.7703676819801331,0.9078695735322241,1.1963106932193326,0.751434034416826,0.7483203411102295,0.8845124282982791
mot_patch_tiny_1d-p3-bs.512-ep.200,mot_patch_tiny_1d,1.0,42,3,0.996057350657239,0.8861697456489719,0.7968540829986613,0.7931408882141113,0.9188181296615031,1.1574150005216581,0.7598470363288718,0.7584419250488281,0.8891013384321224
mot_patch_tiny_1d-p3-bs.512-ep.200,mot_patch_tiny_1d,1.0,42,4,0.9911436253643444,0.8804580014028748,0.7955153949129853,0.7964357733726501,0.9216867469879518,1.2327535151523568,0.7464627151051625,0.7524189949035645,0.8910133843212237
mot_patch_tiny_1d-p3-bs.512-ep.200,mot_patch_tiny_1d,1.0,42,5,0.9842915805643155,0.8476175684663528,0.8052686938229107,0.8028963208198547,0.9246031746031746,1.1795325284706246,0.7636711281070746,0.7574634552001953,0.897131931166348
mot_patch_tiny_1d-p3-bs.512-ep.200,mot_patch_tiny_1d,1.0,42,6,0.9755282581475768,0.7925823962718083,0.8124880474278064,0.8120436072349548,0.9303882195448461,1.1080918073198307,0.7762906309751434,0.7762312889099121,0.9021032504780114
mot_patch_tiny_1d-p3-bs.512-ep.200,mot_patch_tiny_1d,1.0,42,7,0.9648882429441257,0.7313059053404606,0.8295085102314018,0.8308560848236084,0.9342130426467776,1.1000681291802663,0.7755258126195028,0.7774006128311157,0.9021032504780114
mot_patch_tiny_1d-p3-bs.512-ep.200,mot_patch_tiny_1d,1.0,42,8,0.9524135262330098,0.6942626280501003,0.8327596098680436,0.8305503726005554,0.9401415184547715,1.1120728472678656,0.7850860420650095,0.7848590612411499,0.9055449330783939
mot_patch_tiny_1d-p3-bs.512-ep.200,mot_patch_tiny_1d,1.0,42,9,0.9381533400219317,0.7091299873347674,0.8343373493975904,0.8319404721260071,0.9378466245936126,1.1185814983302276,0.7843212237093691,0.78093421459198,0.902868068833652
mot_patch_tiny_1d-p3-bs.512-ep.200,mot_patch_tiny_1d,1.0,42,10,0.9221639627510075,0.6549200461776654,0.8418913750239051,0.8385584950447083,0.9427232740485753,1.0513739810163159,0.7847036328871893,0.7853087782859802,0.9131931166347992
mot_patch_tiny_1d-p3-bs.512-ep.200,mot_patch_tiny_1d,1.0,42,11,0.9045084971874737,0.5874507281766108,0.8542264295276344,0.8525260090827942,0.9509466437177281,1.0072395222592765,0.8015296367112811,0.7991610169410706,0.9139579349904398
mot_patch_tiny_1d-p3-bs.512-ep.200,mot_patch_tiny_1d,1.0,42,12,0.8852566213878946,0.6037238531026952,0.8554694970357621,0.8552663326263428,0.9474564926372155,1.0333914806008566,0.7931166347992352,0.7922921776771545,0.9105162523900574
mot_patch_tiny_1d-p3-bs.512-ep.200,mot_patch_tiny_1d,1.0,42,13,0.8644843137107058,0.5644525639024605,0.8622585580416906,0.8614667654037476,0.9521897112258558,1.0400331675892351,0.7873804971319311,0.7863566875457764,0.9120458891013384
mot_patch_tiny_1d-p3-bs.512-ep.200,mot_patch_tiny_1d,1.0,42,14,0.8422735529643444,0.5691393416159056,0.8611589213998853,0.8591405749320984,0.9515203671830178,1.0763376356310872,0.7892925430210325,0.7916366457939148,0.9097514340344168
mot_patch_tiny_1d-p3-bs.512-ep.200,mot_patch_tiny_1d,1.0,42,15,0.8187119948743449,0.5303627690067025,0.8635972461273667,0.8617599010467529,0.9575444635685599,1.0067027761193124,0.805736137667304,0.80491042137146,0.9181644359464627
mot_patch_tiny_1d-p3-bs.512-ep.200,mot_patch_tiny_1d,1.0,42,16,0.7938926261462367,0.5344792158294988,0.8679479824058137,0.8661414384841919,0.9576400841461082,1.0227951822955568,0.7977055449330784,0.7985942363739014,0.9131931166347992
mot_patch_tiny_1d-p3-bs.512-ep.200,mot_patch_tiny_1d,1.0,42,17,0.7679133974894983,0.4939288938904976,0.8766016446739339,0.8737980127334595,0.9596481162746223,0.9840649052286239,0.804206500956023,0.8048447370529175,0.9235181644359465
mot_patch_tiny_1d-p3-bs.512-ep.200,mot_patch_tiny_1d,1.0,42,18,0.7408768370508576,0.47878998546487267,0.8768406961178046,0.8751305937767029,0.9606999426276535,0.968004990353411,0.8061185468451243,0.8063573241233826,0.9181644359464627
mot_patch_tiny_1d-p3-bs.512-ep.200,mot_patch_tiny_1d,1.0,42,19,0.7128896457825363,0.4531643643710234,0.8819085867278639,0.879965603351593,0.9622298718684261,0.9548545691524819,0.8087954110898662,0.8091644048690796,0.9219885277246654
mot_patch_tiny_1d-p3-bs.512-ep.200,mot_patch_tiny_1d,1.0,42,20,0.6840622763423391,0.4532698171502159,0.8841556703002487,0.8809897899627686,0.9633295085102314,0.9562254984109853,0.8015296367112811,0.7971286773681641,0.9258126195028681
mot_patch_tiny_1d-p3-bs.512-ep.200,mot_patch_tiny_1d,1.0,42,21,0.6545084971874737,0.4402818525696968,0.8877892522470836,0.8866787552833557,0.9633295085102314,0.964712283716147,0.8084130019120459,0.8084743022918701,0.9208413001912046
mot_patch_tiny_1d-p3-bs.512-ep.200,mot_patch_tiny_1d,1.0,42,22,0.6243449435824273,0.42269659480074667,0.8913750239051443,0.8901006579399109,0.9660546949703577,0.9360429431922577,0.8133843212237094,0.8106288909912109,0.9227533460803059
mot_patch_tiny_1d-p3-bs.512-ep.200,mot_patch_tiny_1d,1.0,42,23,0.5936906572928624,0.4122601429028638,0.8944348823866897,0.8929140567779541,0.9674411933448078,0.9219498811214878,0.8141491395793499,0.8128089904785156,0.9258126195028681
mot_patch_tiny_1d-p3-bs.512-ep.200,mot_patch_tiny_1d,1.0,42,24,0.5626666167821522,0.40656707418605553,0.8937655383438516,0.8911282420158386,0.9675846242111302,0.939664327209356,0.8110898661567878,0.8094890117645264,0.9235181644359465
mot_patch_tiny_1d-p3-bs.512-ep.200,mot_patch_tiny_1d,1.0,42,25,0.5313952597646567,0.3828577775074296,0.9023235800344234,0.8996993899345398,0.970166379804934,0.9235718707053657,0.8133843212237094,0.8137272596359253,0.9265774378585087
mot_patch_tiny_1d-p3-bs.512-ep.200,mot_patch_tiny_1d,1.0,42,26,0.5,0.375404363427205,0.9053834385159686,0.9041459560394287,0.968493019697839,0.9193707686765245,0.8149139579349904,0.8126692771911621,0.9246653919694072
mot_patch_tiny_1d-p3-bs.512-ep.200,mot_patch_tiny_1d,1.0,42,27,0.4686047402353433,0.35881200254385226,0.908825779307707,0.9060322046279907,0.9705966724039014,0.9048911588825641,0.8160611854684512,0.8146644830703735,0.9258126195028681
mot_patch_tiny_1d-p3-bs.512-ep.200,mot_patch_tiny_1d,1.0,42,28,0.4373333832178479,0.3625790059714683,0.9095907439280934,0.9082834720611572,0.9711225855804169,0.8980938300575855,0.821414913957935,0.8211141228675842,0.930019120458891
mot_patch_tiny_1d-p3-bs.512-ep.200,mot_patch_tiny_1d,1.0,42,29,0.4063093427071377,0.33965327028882597,0.9146108242493785,0.9130087494850159,0.973130617708931,0.8865208343155754,0.8206500956022944,0.8199981451034546,0.9273422562141491
mot_patch_tiny_1d-p3-bs.512-ep.200,mot_patch_tiny_1d,1.0,42,30,0.3756550564175726,0.3330361931108339,0.9176228724421496,0.9148055911064148,0.9724612736660929,0.8861199052566324,0.8202676864244742,0.8175188302993774,0.9265774378585087
mot_patch_tiny_1d-p3-bs.512-ep.200,mot_patch_tiny_1d,1.0,42,31,0.34549150281252644,0.33411389597288893,0.9171447695544082,0.9157752990722656,0.9738955823293173,0.8720107215312425,0.8286806883365201,0.826462984085083,0.9273422562141491
mot_patch_tiny_1d-p3-bs.512-ep.200,mot_patch_tiny_1d,1.0,42,32,0.31593772365766115,0.320850072342024,0.9207305412124689,0.919491708278656,0.9742302543507363,0.8697273670145476,0.8244741873804972,0.823027491569519,0.92848948374761
mot_patch_tiny_1d-p3-bs.512-ep.200,mot_patch_tiny_1d,1.0,42,33,0.28711035421746367,0.3144398080297263,0.9235991585389176,0.9220698475837708,0.9749952189711226,0.8673389179528785,0.8256214149139579,0.8251901268959045,0.9277246653919694
mot_patch_tiny_1d-p3-bs.512-ep.200,mot_patch_tiny_1d,1.0,42,34,0.2591231629491423,0.30794376227203213,0.9260374832663989,0.9247103929519653,0.9745171160833811,0.861733675458919,0.8275334608030592,0.825913667678833,0.930019120458891
mot_patch_tiny_1d-p3-bs.512-ep.200,mot_patch_tiny_1d,1.0,42,35,0.23208660251050156,0.3019977209102494,0.9284279977051061,0.9275277853012085,0.9765251482118952,0.8556500575282605,0.8294455066921607,0.8281956315040588,0.9292543021032504
mot_patch_tiny_1d-p3-bs.512-ep.200,mot_patch_tiny_1d,1.0,42,36,0.2061073738537635,0.3029193451400468,0.9269936890418818,0.925761342048645,0.9766685790782176,0.8556754693930281,0.8248565965583174,0.8243080377578735,0.92848948374761
mot_patch_tiny_1d-p3-bs.512-ep.200,mot_patch_tiny_1d,1.0,42,37,0.18128800512565513,0.2979673016114635,0.9301969783897495,0.9288782477378845,0.9767163893669918,0.8532615471980312,0.8298279158699808,0.8288242220878601,0.9304015296367113
mot_patch_tiny_1d-p3-bs.512-ep.200,mot_patch_tiny_1d,1.0,42,38,0.15772644703565564,0.29155668197386714,0.9324440619621343,0.9310710430145264,0.9772901128322815,0.8492716663426241,0.8305927342256214,0.8290777802467346,0.9281070745697897
mot_patch_tiny_1d-p3-bs.512-ep.200,mot_patch_tiny_1d,1.0,42,39,0.13551568628929433,0.28778983484743476,0.9337349397590361,0.9320727586746216,0.9773379231210556,0.8369348405652018,0.827151051625239,0.825907289981842,0.9307839388145316
mot_patch_tiny_1d-p3-bs.512-ep.200,mot_patch_tiny_1d,1.0,42,40,0.11474337861210543,0.28599068215254003,0.9337827500478103,0.9321586489677429,0.9781985083189902,0.8416447531880658,0.8309751434034417,0.8306849598884583,0.9288718929254303
mot_patch_tiny_1d-p3-bs.512-ep.200,mot_patch_tiny_1d,1.0,42,41,0.09549150281252633,0.28219517824366663,0.9356951615987761,0.9340714812278748,0.978437559762861,0.8419379619065935,0.8309751434034417,0.8300016522407532,0.931548757170172
mot_patch_tiny_1d-p3-bs.512-ep.200,mot_patch_tiny_1d,1.0,42,42,0.07783603724899257,0.28079089108013155,0.9352648689998088,0.9340133666992188,0.9788200420730542,0.8398115081495354,0.8279158699808795,0.8267729878425598,0.930019120458891
mot_patch_tiny_1d-p3-bs.512-ep.200,mot_patch_tiny_1d,1.0,42,43,0.06184665997806821,0.2805425823475759,0.9356951615987761,0.9340230822563171,0.97877223178428,0.8430275050905421,0.8325047801147227,0.8311224579811096,0.9292543021032504
mot_patch_tiny_1d-p3-bs.512-ep.200,mot_patch_tiny_1d,1.0,42,44,0.04758647376699032,0.27817486230263316,0.9378944348823867,0.9365097284317017,0.9785809906291834,0.840351997506778,0.8298279158699808,0.8291459679603577,0.9307839388145316
mot_patch_tiny_1d-p3-bs.512-ep.200,mot_patch_tiny_1d,1.0,42,45,0.035111757055874326,0.2775545992936065,0.9377510040160643,0.9364187717437744,0.9787244214955059,0.837994004025286,0.8305927342256214,0.8297895193099976,0.9307839388145316
mot_patch_tiny_1d-p3-bs.512-ep.200,mot_patch_tiny_1d,1.0,42,46,0.024471741852423234,0.27737567365044136,0.9377031937272902,0.9365147352218628,0.9791547140944731,0.8384184018603702,0.8290630975143404,0.827643632888794,0.930019120458891
mot_patch_tiny_1d-p3-bs.512-ep.200,mot_patch_tiny_1d,1.0,42,47,0.015708419435684517,0.27689787068953364,0.9382291069038057,0.9369021654129028,0.9789634729393766,0.8383573338816772,0.8302103250478011,0.8292739391326904,0.9311663479923518
mot_patch_tiny_1d-p3-bs.512-ep.200,mot_patch_tiny_1d,1.0,42,48,0.00885637463565564,0.27672777104774426,0.9382769171925799,0.9369702935218811,0.9790112832281507,0.8380029258946844,0.8298279158699808,0.8287816643714905,0.9307839388145316
mot_patch_tiny_1d-p3-bs.512-ep.200,mot_patch_tiny_1d,1.0,42,49,0.0039426493427611176,0.2766574097080927,0.9383725377701281,0.9370313882827759,0.97877223178428,0.8379561480782912,0.8298279158699808,0.8287816643714905,0.9304015296367113
mot_patch_tiny_1d-p3-bs.512-ep.200,mot_patch_tiny_1d,1.0,42,50,0.0009866357858642205,0.2766487682770762,0.9382769171925799,0.936941385269165,0.9788200420730542,0.8379277975107926,0.8298279158699808,0.8287816643714905,0.9304015296367113
mot_patch_tiny_1d-p3-bs.512-ep.300,mot_patch_tiny_1d,0.1,42,1,0.1,1.7535708696077559,0.6405144387072098,0.6269556283950806,0.82625741059476,1.8247910450339089,0.6103250478011473,0.6016831994056702,0.8080305927342256
mot_patch_tiny_1d-p3-bs.512-ep.300,mot_patch_tiny_1d,0.1,42,2,0.09990133642141358,1.3770533791689965,0.7139510422642953,0.7037909030914307,0.8747370434117422,1.4665121804231895,0.6921606118546845,0.6849507093429565,0.858508604206501
mot_patch_tiny_1d-p3-bs.512-ep.300,mot_patch_tiny_1d,0.1,42,3,0.0996057350657239,1.218314081652713,0.7425894052400076,0.7351576089859009,0.8891279403327597,1.33468419470705,0.7158699808795411,0.7141484022140503,0.8711281070745698
mot_patch_tiny_1d-p3-bs.512-ep.300,mot_patch_tiny_1d,0.1,42,4,0.09911436253643444,1.1165474619731366,0.7640562248995983,0.7559075355529785,0.9002677376171352,1.238976443930748,0.7261950286806883,0.719227135181427,0.8810707456978968
mot_patch_tiny_1d-p3-bs.512-ep.300,mot_patch_tiny_1d,0.1,42,5,0.09842915805643154,1.0478367377795688,0.7786383629757124,0.7735394239425659,0.9077739529546759,1.1809256938401873,0.7380497131931166,0.7348830699920654,0.8860420650095602
mot_patch_tiny_1d-p3-bs.512-ep.300,mot_patch_tiny_1d,0.1,42,6,0.09755282581475767,1.0006419431869147,0.785809906291834,0.7812831997871399,0.9092082616179001,1.1422617808354745,0.7483747609942638,0.7451275587081909,0.8902485659655832
mot_patch_tiny_1d-p3-bs.512-ep.300,mot_patch_tiny_1d,0.1,42,7,0.09648882429441256,0.9560830670165432,0.7930770701855039,0.7872399687767029,0.9157582711799579,1.109833192551797,0.7521988527724666,0.747886061668396,0.8891013384321224
mot_patch_tiny_1d-p3-bs.512-ep.300,mot_patch_tiny_1d,0.1,42,8,0.09524135262330098,0.9263008462012577,0.7993402180149168,0.7954551577568054,0.9173838209982789,1.0938975901266357,0.7552581261950286,0.750400185585022,0.8940726577437859
mot_patch_tiny_1d-p3-bs.512-ep.300,mot_patch_tiny_1d,0.1,42,9,0.09381533400219318,0.9017153014232105,0.8049818320902659,0.8004295229911804,0.9210174029451138,1.0650474913033654,0.7655831739961759,0.761543869972229,0.897131931166348
mot_patch_tiny_1d-p3-bs.512-ep.300,mot_patch_tiny_1d,0.1,42,10,0.09221639627510075,0.87003077173078,0.8116274622298719,0.8066663146018982,0.9231688659399503,1.0495121870168536,0.7732313575525812,0.7695329785346985,0.8948374760994264
mot_patch_tiny_1d-p3-bs.512-ep.300,mot_patch_tiny_1d,0.1,42,11,0.09045084971874737,0.854679118061777,0.8138267355134825,0.8085989356040955,0.9243163128705297,1.041991043820208,0.7747609942638624,0.7703657746315002,0.8967495219885278
mot_patch_tiny_1d-p3-bs.512-ep.300,mot_patch_tiny_1d,0.1,42,12,0.08852566213878946,0.8337312276332823,0.8207114170969593,0.8160051703453064,0.9263243449990438,1.0226807428363631,0.7747609942638624,0.7692617774009705,0.897131931166348
mot_patch_tiny_1d-p3-bs.512-ep.300,mot_patch_tiny_1d,0.1,42,13,0.08644843137107057,0.8140450114842741,0.8235800344234079,0.8201549053192139,0.9293363931918148,1.0074273089377876,0.7816443594646272,0.7770925164222717,0.9032504780114723
mot_patch_tiny_1d-p3-bs.512-ep.300,mot_patch_tiny_1d,0.1,42,14,0.08422735529643442,0.8034671782352975,0.8250621533754063,0.8206659555435181,0.9294320137693631,1.0071439958211341,0.7774378585086043,0.7738903760910034,0.901338432122371
mot_patch_tiny_1d-p3-bs.512-ep.300,mot_patch_tiny_1d,0.1,42,15,0.08187119948743447,0.79115090522467,0.8276917192579843,0.8228693604469299,0.9303882195448461,0.9959080683341673,0.780114722753346,0.7775260806083679,0.9024856596558317
mot_patch_tiny_1d-p3-bs.512-ep.300,mot_patch_tiny_1d,0.1,42,16,0.07938926261462366,0.7788339470057033,0.830895008605852,0.8267862200737,0.9312488047427806,0.9938891708053093,0.7804971319311663,0.777230441570282,0.8998087954110898
mot_patch_tiny_1d-p3-bs.512-ep.300,mot_patch_tiny_1d,0.1,42,17,0.07679133974894982,0.764873093185381,0.8347676419965576,0.8303331136703491,0.9324440619621343,0.9792879895999829,0.7866156787762907,0.7829267382621765,0.902868068833652
mot_patch_tiny_1d-p3-bs.512-ep.300,mot_patch_tiny_1d,0.1,42,18,0.07408768370508576,0.7568125382826647,0.8368234844138459,0.831643283367157,0.934021801491681,0.9701065347937735,0.7896749521988528,0.7858341932296753,0.9005736137667304
mot_patch_tiny_1d-p3-bs.512-ep.300,mot_patch_tiny_1d,0.1,42,19,0.07128896457825362,0.7486271550902036,0.8405526869382292,0.8380462527275085,0.9340696117804551,0.9730399429000358,0.7850860420650095,0.7837680578231812,0.904397705544933
mot_patch_tiny_1d-p3-bs.512-ep.300,mot_patch_tiny_1d,0.1,42,20,0.06840622763423389,0.7422886126400249,0.8389749474086824,0.8357008099555969,0.9345955249569707,0.9678116048955097,0.788527724665392,0.7845000624656677,0.9047801147227533
mot_patch_tiny_1d-p3-bs.512-ep.300,mot_patch_tiny_1d,0.1,42,21,0.06545084971874736,0.7316675481615706,0.8423694779116466,0.8395061492919922,0.9360298336201951,0.9580607040434449,0.7877629063097514,0.7847126126289368,0.9047801147227533
mot_patch_tiny_1d-p3-bs.512-ep.300,mot_patch_tiny_1d,0.1,42,22,0.06243449435824272,0.7297366728265602,0.8422738573340983,0.839663028717041,0.9355517307324537,0.9615004508490772,0.790057361376673,0.787618100643158,0.9047801147227533
mot_patch_tiny_1d-p3-bs.512-ep.300,mot_patch_tiny_1d,0.1,42,23,0.05936906572928623,0.7177941635476173,0.8482979537196405,0.8445923328399658,0.9370816599732262,0.9491725170361608,0.7915869980879541,0.7865608334541321,0.9063097514340345
mot_patch_tiny_1d-p3-bs.512-ep.300,mot_patch_tiny_1d,0.1,42,24,0.056266661678215216,0.7114256539475191,0.8474373685217059,0.843447208404541,0.9379422451711609,0.9486533031864787,0.7931166347992352,0.7882751226425171,0.9059273422562142
mot_patch_tiny_1d-p3-bs.512-ep.300,mot_patch_tiny_1d,0.1,42,25,0.053139525976465665,0.7100701331180376,0.8482979537196405,0.8438317775726318,0.9390418818129661,0.9503186417355364,0.7938814531548757,0.7898117303848267,0.904397705544933
mot_patch_tiny_1d-p3-bs.512-ep.300,mot_patch_tiny_1d,0.1,42,26,0.049999999999999996,0.7060459568842941,0.8473417479441576,0.8439778685569763,0.9390418818129661,0.946938137251378,0.794263862332696,0.7906347513198853,0.9055449330783939
mot_patch_tiny_1d-p3-bs.512-ep.300,mot_patch_tiny_1d,0.1,42,27,0.046860474023534326,0.6992731420823733,0.8516446739338306,0.8479519486427307,0.9404283801874164,0.943099168883227,0.794263862332696,0.7900592088699341,0.9074569789674952
mot_patch_tiny_1d-p3-bs.512-ep.300,mot_patch_tiny_1d,0.1,42,28,0.04373333832178478,0.6966874486836039,0.8493975903614458,0.8450607061386108,0.9401893287435457,0.9438024765218876,0.7915869980879541,0.787947416305542,0.9051625239005736
mot_patch_tiny_1d-p3-bs.512-ep.300,mot_patch_tiny_1d,0.1,42,29,0.040630934270713764,0.6917844490741403,0.8523140179766686,0.848468005657196,0.9396156052782558,0.9378630891584757,0.7934990439770554,0.7895089983940125,0.9066921606118546
mot_patch_tiny_1d-p3-bs.512-ep.300,mot_patch_tiny_1d,0.1,42,30,0.03756550564175726,0.6885408203422647,0.8525530694205393,0.8482256531715393,0.9393765538343851,0.9413111597356559,0.7934990439770554,0.7906284332275391,0.9051625239005736
mot_patch_tiny_1d-p3-bs.512-ep.300,mot_patch_tiny_1d,0.1,42,31,0.03454915028125265,0.6843060573534838,0.8542742398164085,0.8506267070770264,0.9413367756741251,0.9349864806545396,0.7946462715105163,0.7919776439666748,0.9097514340344168
mot_patch_tiny_1d-p3-bs.512-ep.300,mot_patch_tiny_1d,0.1,42,32,0.03159377236576612,0.683909372244722,0.8538917575062154,0.850171685218811,0.9402371390323198,0.9379586768651783,0.7915869980879541,0.7887763381004333,0.9040152963671129
mot_patch_tiny_1d-p3-bs.512-ep.300,mot_patch_tiny_1d,0.1,42,33,0.028711035421746366,0.6800248282296317,0.8554694970357621,0.8520153760910034,0.9406674316312871,0.9317947781564628,0.7984703632887189,0.793078601360321,0.9066921606118546
mot_patch_tiny_1d-p3-bs.512-ep.300,mot_patch_tiny_1d,0.1,42,34,0.025912316294914226,0.6781476559386378,0.8547045324153758,0.8511417508125305,0.9417670682730924,0.9340894717331371,0.795793499043977,0.7939044237136841,0.9089866156787763
mot_patch_tiny_1d-p3-bs.512-ep.300,mot_patch_tiny_1d,0.1,42,35,0.023208660251050155,0.6756067700950519,0.8563778925224709,0.8526590466499329,0.9414323962516734,0.9315301986315054,0.7950286806883365,0.7911468744277954,0.9078393881453155
mot_patch_tiny_1d-p3-bs.512-ep.300,mot_patch_tiny_1d,0.1,42,36,0.020610737385376346,0.6741977428291104,0.8566647542551157,0.8529605269432068,0.9418626888506406,0.9306740769920568,0.795793499043977,0.7933869957923889,0.9066921606118546
mot_patch_tiny_1d-p3-bs.512-ep.300,mot_patch_tiny_1d,0.1,42,37,0.01812880051256551,0.6724812817131272,0.8568081851214381,0.8533583283424377,0.9424842226047045,0.9292186284840221,0.7980879541108986,0.7943012714385986,0.9074569789674952
mot_patch_tiny_1d-p3-bs.512-ep.300,mot_patch_tiny_1d,0.1,42,38,0.015772644703565562,0.6709418518407825,0.8573819085867279,0.8536399602890015,0.9419104991394148,0.927264404296875,0.7954110898661568,0.7911956310272217,0.9063097514340345
mot_patch_tiny_1d-p3-bs.512-ep.300,mot_patch_tiny_1d,0.1,42,39,0.013551568628929433,0.6695919638725101,0.857095046854083,0.853452742099762,0.9421017402945113,0.9267885882813434,0.7961759082217973,0.7919805645942688,0.9074569789674952
mot_patch_tiny_1d-p3-bs.512-ep.300,mot_patch_tiny_1d,0.1,42,40,0.011474337861210542,0.6686594810420182,0.8582903040734366,0.8544952273368835,0.9421495505832855,0.9261353779021458,0.7973231357552581,0.7936854362487793,0.9082217973231358
mot_patch_tiny_1d-p3-bs.512-ep.300,mot_patch_tiny_1d,0.1,42,41,0.009549150281252632,0.667825844210816,0.85809906291834,0.8544167876243591,0.9421495505832855,0.9258065860084548,0.7988527724665392,0.7943478226661682,0.9089866156787763
mot_patch_tiny_1d-p3-bs.512-ep.300,mot_patch_tiny_1d,0.1,42,42,0.007783603724899257,0.667161797264334,0.8585293555173074,0.855126142501831,0.9424364123159303,0.9250075404092413,0.7996175908221798,0.7953967452049255,0.9078393881453155
mot_patch_tiny_1d-p3-bs.512-ep.300,mot_patch_tiny_1d,0.1,42,43,0.0061846659978068205,0.6666444368812909,0.8584815452285331,0.8548438549041748,0.9427232740485753,0.9250434656671994,0.7996175908221798,0.7955929040908813,0.9074569789674952
mot_patch_tiny_1d-p3-bs.512-ep.300,mot_patch_tiny_1d,0.1,42,44,0.004758647376699033,0.6662860224000308,0.8585771658060815,0.8550856113433838,0.9424364123159303,0.9248614272925412,0.8,0.7959185838699341,0.9078393881453155
mot_patch_tiny_1d-p3-bs.512-ep.300,mot_patch_tiny_1d,0.1,42,45,0.0035111757055874327,0.6660273643678952,0.8584815452285331,0.8549081683158875,0.9427232740485753,0.9252000520607709,0.8003824091778202,0.7963745594024658,0.9082217973231358
mot_patch_tiny_1d-p3-bs.512-ep.300,mot_patch_tiny_1d,0.1,42,46,0.0024471741852423235,0.6658621990651058,0.8591508892713712,0.8556513786315918,0.9427232740485753,0.9250498171746161,0.8003824091778202,0.7965013384819031,0.9082217973231358
mot_patch_tiny_1d-p3-bs.512-ep.300,mot_patch_tiny_1d,0.1,42,47,0.0015708419435684518,0.6657520466722615,0.8589596481162747,0.8554191589355469,0.9424842226047045,0.9250628221559251,0.8,0.7959592342376709,0.9082217973231358
mot_patch_tiny_1d-p3-bs.512-ep.300,mot_patch_tiny_1d,0.1,42,48,0.000885637463565564,0.6656953594975956,0.8590074584050488,0.8554273843765259,0.9425798431822529,0.9249786960463223,0.8003824091778202,0.796413779258728,0.9082217973231358
mot_patch_tiny_1d-p3-bs.512-ep.300,mot_patch_tiny_1d,0.1,42,49,0.00039426493427611173,0.6656690708057537,0.8589118378275005,0.8553242683410645,0.9424364123159303,0.9250095221554117,0.8007648183556405,0.7968137860298157,0.9082217973231358
mot_patch_tiny_1d-p3-bs.512-ep.300,mot_patch_tiny_1d,0.1,42,50,9.866357858642205e-05,0.6656625792911345,0.8589596481162747,0.8553779721260071,0.9424364123159303,0.9250010678234794,0.8007648183556405,0.7968137860298157,0.9082217973231358
mot_patch_tiny_1d-p3-bs.512-ep.300,mot_patch_tiny_1d,0.3,42,1,0.3,1.3656654007737143,0.6746987951807228,0.6666446924209595,0.8529355517307324,1.5012471069569342,0.6539196940726577,0.6537452936172485,0.8286806883365201
mot_patch_tiny_1d-p3-bs.512-ep.300,mot_patch_tiny_1d,0.3,42,2,0.29970400926424073,1.1056132587426295,0.7399120290686556,0.7319434285163879,0.8895582329317269,1.232592201597604,0.7124282982791587,0.7023955583572388,0.8749521988527724
mot_patch_tiny_1d-p3-bs.512-ep.300,mot_patch_tiny_1d,0.3,42,3,0.2988172051971717,1.0013128664735673,0.7621438133486326,0.7583054900169373,0.9055746796710652,1.1829645204270547,0.7269598470363289,0.7265000939369202,0.8822179732313575
mot_patch_tiny_1d-p3-bs.512-ep.300,mot_patch_tiny_1d,0.3,42,4,0.29734308760930334,0.9548153825279494,0.7690284949321093,0.7637693881988525,0.908156435264869,1.1760633399336105,0.7269598470363289,0.7239622473716736,0.8787762906309752
mot_patch_tiny_1d-p3-bs.512-ep.300,mot_patch_tiny_1d,0.3,42,5,0.2952874741692947,0.8646933708256576,0.7961369286670491,0.7930943965911865,0.9167144769554408,1.0852589288131684,0.7552581261950286,0.7537692785263062,0.887189292543021
mot_patch_tiny_1d-p3-bs.512-ep.300,mot_patch_tiny_1d,0.3,42,6,0.2926584774442731,0.8410262310110512,0.7964716006884681,0.792360246181488,0.9225951424746606,1.0646668924656242,0.7506692160611854,0.7462700009346008,0.8921606118546845
mot_patch_tiny_1d-p3-bs.512-ep.300,mot_patch_tiny_1d,0.3,42,7,0.28946647288323774,0.8124587561847557,0.8061292790208453,0.8023839592933655,0.9255115700898834,1.0590941653424877,0.7560229445506692,0.7494455575942993,0.8921606118546845
mot_patch_tiny_1d-p3-bs.512-ep.300,mot_patch_tiny_1d,0.3,42,8,0.28572405786990296,0.76963031248646,0.8125836680053548,0.8098328113555908,0.929718875502008,1.0318128596756244,0.7583173996175908,0.7561084032058716,0.8940726577437859
mot_patch_tiny_1d-p3-bs.512-ep.300,mot_patch_tiny_1d,0.3,42,9,0.28144600200657954,0.7611181097200255,0.8128227194492255,0.809551477432251,0.9299579269458788,1.032219898814681,0.7652007648183556,0.7619636654853821,0.8910133843212237
mot_patch_tiny_1d-p3-bs.512-ep.300,mot_patch_tiny_1d,0.3,42,10,0.27664918882530226,0.7383736311124101,0.820281124497992,0.8150391578674316,0.9305794606999426,1.0159655386813513,0.7644359464627151,0.7587382793426514,0.8978967495219885
mot_patch_tiny_1d-p3-bs.512-ep.300,mot_patch_tiny_1d,0.3,42,11,0.27135254915624213,0.6992501129176654,0.8296519410977242,0.8266229033470154,0.9384203480589023,0.9907370777020719,0.7747609942638624,0.7711201310157776,0.9040152963671129
mot_patch_tiny_1d-p3-bs.512-ep.300,mot_patch_tiny_1d,0.3,42,12,0.2655769864163684,0.7093286610944569,0.8260183591508893,0.8259345889091492,0.9367469879518072,1.016594351773964,0.7663479923518165,0.763010561466217,0.9009560229445507
mot_patch_tiny_1d-p3-bs.512-ep.300,mot_patch_tiny_1d,0.3,42,13,0.2593452941132117,0.6968713850837338,0.8302734748517882,0.8262190818786621,0.9365079365079365,1.0099499543811805,0.7782026768642447,0.7750760912895203,0.9005736137667304
mot_patch_tiny_1d-p3-bs.512-ep.300,mot_patch_tiny_1d,0.3,42,14,0.2526820658893033,0.6827973568045083,0.8344329699751386,0.8309234380722046,0.9387550200803213,0.9950892621654853,0.7739961759082218,0.7708894610404968,0.9017208413001913
mot_patch_tiny_1d-p3-bs.512-ep.300,mot_patch_tiny_1d,0.3,42,15,0.24561359846230346,0.6555222383441878,0.8406961178045516,0.8373609781265259,0.9425320328934786,0.9679624087040101,0.7789674952198853,0.773822009563446,0.9036328871892926
mot_patch_tiny_1d-p3-bs.512-ep.300,mot_patch_tiny_1d,0.3,42,16,0.23816778784387102,0.6654445902068794,0.8373015873015873,0.8359274864196777,0.9401415184547715,1.006344589904435,0.7762906309751434,0.7730801105499268,0.9017208413001913
mot_patch_tiny_1d-p3-bs.512-ep.300,mot_patch_tiny_1d,0.3,42,17,0.2303740192468495,0.6381150729160597,0.8465289730349971,0.8427751064300537,0.9432491872250909,0.9724374628887578,0.7854684512428298,0.7845962047576904,0.901338432122371
mot_patch_tiny_1d-p3-bs.512-ep.300,mot_patch_tiny_1d,0.3,42,18,0.22226305111525732,0.6235871636906279,0.8513578122011857,0.8473877906799316,0.9456397016637981,0.9569935216958391,0.7912045889101338,0.7868131399154663,0.9032504780114723
mot_patch_tiny_1d-p3-bs.512-ep.300,mot_patch_tiny_1d,0.3,42,19,0.21386689373476092,0.6199082959835879,0.8505928475807993,0.8483620285987854,0.9463568559954102,0.961904463758888,0.7824091778202676,0.7827082872390747,0.9074569789674952
mot_patch_tiny_1d-p3-bs.512-ep.300,mot_patch_tiny_1d,0.3,42,20,0.20521868290270173,0.6277691740268365,0.8464333524574489,0.8445297479629517,0.9455918913750239,0.9710105983522609,0.7850860420650095,0.7813873291015625,0.8986615678776291
mot_patch_tiny_1d-p3-bs.512-ep.300,mot_patch_tiny_1d,0.3,42,21,0.19635254915624212,0.6085029745402859,0.8518359150889271,0.8494619727134705,0.9475043029259896,0.9668677087495705,0.7824091778202676,0.7805777192115784,0.9047801147227533
mot_patch_tiny_1d-p3-bs.512-ep.300,mot_patch_tiny_1d,0.3,42,22,0.18730348307472822,0.602192924318589,0.8547045324153758,0.8535917401313782,0.9480780263912794,0.9491828232832666,0.7873804971319311,0.7848623394966125,0.9032504780114723
mot_patch_tiny_1d-p3-bs.512-ep.300,mot_patch_tiny_1d,0.3,42,23,0.17810719718785872,0.58253690202005,0.8625932300631096,0.8601351380348206,0.9493210938994071,0.9336094683032646,0.7877629063097514,0.7840412855148315,0.9108986615678776
mot_patch_tiny_1d-p3-bs.512-ep.300,mot_patch_tiny_1d,0.3,42,24,0.1687999850346457,0.5861178965522035,0.8604895773570472,0.8571012020111084,0.9508510231401798,0.9562562391817228,0.7839388145315488,0.7813961505889893,0.9078393881453155
mot_patch_tiny_1d-p3-bs.512-ep.300,mot_patch_tiny_1d,0.3,42,25,0.15941857792939704,0.5766600410759073,0.8624976094855613,0.8590351343154907,0.9502294893861158,0.9494449579009134,0.7854684512428298,0.7819874286651611,0.9047801147227533
mot_patch_tiny_1d-p3-bs.512-ep.300,mot_patch_tiny_1d,0.3,42,26,0.15000000000000002,0.569490669106042,0.8673264486517499,0.8650948405265808,0.9515203671830178,0.9414061551796091,0.7969407265774379,0.7970946431159973,0.9097514340344168
mot_patch_tiny_1d-p3-bs.512-ep.300,mot_patch_tiny_1d,0.3,42,27,0.140581422070603,0.56287450803172,0.8705297379996175,0.867693305015564,0.9521897112258558,0.9431850965802574,0.7866156787762907,0.7839362621307373,0.9105162523900574
mot_patch_tiny_1d-p3-bs.512-ep.300,mot_patch_tiny_1d,0.3,42,28,0.13120001496535438,0.5675566609992332,0.8664180531650412,0.863341212272644,0.9509466437177281,0.9408021259490208,0.7889101338432123,0.7862491011619568,0.9078393881453155
mot_patch_tiny_1d-p3-bs.512-ep.300,mot_patch_tiny_1d,0.3,42,29,0.12189280281214132,0.5543218106743847,0.8705775482883916,0.8677842617034912,0.9525243832472748,0.9292708664961572,0.7973231357552581,0.7942171692848206,0.9055449330783939
mot_patch_tiny_1d-p3-bs.512-ep.300,mot_patch_tiny_1d,0.3,42,30,0.11269651692527179,0.5465632644933459,0.8740676993689042,0.8707433342933655,0.9537196404666284,0.9279633093518463,0.7923518164435946,0.7879016995429993,0.9089866156787763
mot_patch_tiny_1d-p3-bs.512-ep.300,mot_patch_tiny_1d,0.3,42,31,0.10364745084375795,0.5416650272368655,0.876314782941289,0.8738394379615784,0.953241537578887,0.924651021574469,0.795793499043977,0.7946746945381165,0.9105162523900574
mot_patch_tiny_1d-p3-bs.512-ep.300,mot_patch_tiny_1d,0.3,42,32,0.09478131709729837,0.5498618649168848,0.8696213425129088,0.8672283291816711,0.9536718301778543,0.9309379212942908,0.7908221797323136,0.7877388596534729,0.9101338432122371
mot_patch_tiny_1d-p3-bs.512-ep.300,mot_patch_tiny_1d,0.3,42,33,0.08613310626523911,0.537026523335483,0.8773666092943201,0.8748518228530884,0.9541977433543699,0.9227829154545217,0.7969407265774379,0.7934643626213074,0.9078393881453155
mot_patch_tiny_1d-p3-bs.512-ep.300,mot_patch_tiny_1d,0.3,42,34,0.0777369488847427,0.5350133888943516,0.8778447121820616,0.8756577968597412,0.9557276725951425,0.9212245715051947,0.7977055449330784,0.7955319285392761,0.9093690248565965
mot_patch_tiny_1d-p3-bs.512-ep.300,mot_patch_tiny_1d,0.3,42,35,0.06962598075315048,0.5317233489243198,0.8784184356473513,0.8756563663482666,0.9559189137502391,0.9191521960052432,0.7980879541108986,0.7961943745613098,0.9082217973231358
mot_patch_tiny_1d-p3-bs.512-ep.300,mot_patch_tiny_1d,0.3,42,36,0.06183221215612905,0.5310939340888713,0.8788965385350928,0.8761906623840332,0.9552973799961751,0.9225162228936219,0.7988527724665392,0.7974624633789062,0.9108986615678776
mot_patch_tiny_1d-p3-bs.512-ep.300,mot_patch_tiny_1d,0.3,42,37,0.05438640153769654,0.5275949392247596,0.8797093134442532,0.8776688575744629,0.9570663606808185,0.9186156891044194,0.7973231357552581,0.7936292290687561,0.908604206500956
mot_patch_tiny_1d-p3-bs.512-ep.300,mot_patch_tiny_1d,0.3,42,38,0.047317934110696694,0.5235185143504869,0.8812392426850258,0.8780485391616821,0.9560145343277874,0.9140666720972006,0.7965583173996176,0.7935997247695923,0.9116634799235181
mot_patch_tiny_1d-p3-bs.512-ep.300,mot_patch_tiny_1d,0.3,42,39,0.0406547058867883,0.5219688681804739,0.8820042073054122,0.8795714378356934,0.9563492063492064,0.9110630334449316,0.805736137667304,0.8038052916526794,0.9097514340344168
mot_patch_tiny_1d-p3-bs.512-ep.300,mot_patch_tiny_1d,0.3,42,40,0.03442301358363163,0.5197194369898446,0.8837253777012813,0.8806551098823547,0.9565404475043029,0.9103234810765342,0.8030592734225621,0.800313413143158,0.9105162523900574
mot_patch_tiny_1d-p3-bs.512-ep.300,mot_patch_tiny_1d,0.3,42,41,0.0286474508437579,0.5192345651847998,0.8825301204819277,0.87958824634552,0.9563970166379805,0.9101838507570227,0.8030592734225621,0.8000878691673279,0.9097514340344168
mot_patch_tiny_1d-p3-bs.512-ep.300,mot_patch_tiny_1d,0.3,42,42,0.023350811174697773,0.5177288720201502,0.8836775674125071,0.881195604801178,0.9570185503920444,0.9089879599401646,0.8022944550669217,0.7987774014472961,0.9097514340344168
mot_patch_tiny_1d-p3-bs.512-ep.300,mot_patch_tiny_1d,0.3,42,43,0.018553997993420463,0.5172715166098849,0.8837731879900554,0.8807685375213623,0.9569707401032702,0.9098482770172177,0.8038240917782027,0.8014888763427734,0.9089866156787763
mot_patch_tiny_1d-p3-bs.512-ep.300,mot_patch_tiny_1d,0.3,42,44,0.014275942130097098,0.5161655763978825,0.8843469114553452,0.8816209435462952,0.9570185503920444,0.9081433830480047,0.8019120458891014,0.7996344566345215,0.9089866156787763
mot_patch_tiny_1d-p3-bs.512-ep.300,mot_patch_tiny_1d,0.3,42,45,0.010533527116762299,0.5159481925475572,0.8844425320328935,0.8816330432891846,0.9570185503920444,0.9092225667395509,0.8019120458891014,0.7988858222961426,0.9093690248565965
mot_patch_tiny_1d-p3-bs.512-ep.300,mot_patch_tiny_1d,0.3,42,46,0.00734152255572697,0.5157336226656825,0.8843469114553452,0.8816460371017456,0.9569707401032702,0.9089772642000683,0.8015296367112811,0.7990339398384094,0.9089866156787763
mot_patch_tiny_1d-p3-bs.512-ep.300,mot_patch_tiny_1d,0.3,42,47,0.004712525830705355,0.5154477176166534,0.8845859628992159,0.8818326592445374,0.9573054121246892,0.9091478453539525,0.8034416826003824,0.8006860613822937,0.9093690248565965
mot_patch_tiny_1d-p3-bs.512-ep.300,mot_patch_tiny_1d,0.3,42,48,0.0026569123906966916,0.5153768418691974,0.8841556703002487,0.8813702464103699,0.9572097915471409,0.9089854946100006,0.8019120458891014,0.7993161082267761,0.9093690248565965
mot_patch_tiny_1d-p3-bs.512-ep.300,mot_patch_tiny_1d,0.3,42,49,0.001182794802828335,0.5153375486270674,0.8843947217441194,0.8816450238227844,0.9572097915471409,0.9090546252394726,0.8019120458891014,0.7991584539413452,0.9093690248565965
mot_patch_tiny_1d-p3-bs.512-ep.300,mot_patch_tiny_1d,0.3,42,50,0.0002959907357592661,0.5153305368684268,0.8845381526104418,0.881798267364502,0.9571619812583668,0.9090381804661358,0.8019120458891014,0.7991584539413452,0.9093690248565965
mot_patch_tiny_1d-p3-bs.512-ep.300,mot_patch_tiny_1d,0.5,42,1,0.5,1.4197776212270958,0.6617422069229298,0.6558679938316345,0.8433256836871295,1.6010187648678373,0.6328871892925431,0.6376913189888,0.8191204588910134
mot_patch_tiny_1d-p3-bs.512-ep.300,mot_patch_tiny_1d,0.5,42,2,0.4995066821070679,1.1136770799206055,0.7322623828647925,0.7251837253570557,0.8875502008032129,1.2830714471937366,0.7043977055449331,0.69632887840271,0.8684512428298279
mot_patch_tiny_1d-p3-bs.512-ep.300,mot_patch_tiny_1d,0.5,42,3,0.4980286753286195,1.0181549086491404,0.7530598584815452,0.7501301765441895,0.9003633581946835,1.2616316013080895,0.720076481835564,0.7208942174911499,0.8707456978967495
mot_patch_tiny_1d-p3-bs.512-ep.300,mot_patch_tiny_1d,0.5,42,4,0.4955718126821722,0.9834221826955679,0.7622394339261809,0.7589346170425415,0.9054312488047428,1.2647541374367008,0.710133843212237,0.7050483226776123,0.8707456978967495
mot_patch_tiny_1d-p3-bs.512-ep.300,mot_patch_tiny_1d,0.5,42,5,0.49214579028215777,0.9274491946449652,0.7739529546758462,0.7701703906059265,0.9136546184738956,1.1991829312326348,0.7395793499043977,0.7355930209159851,0.8783938814531549
mot_patch_tiny_1d-p3-bs.512-ep.300,mot_patch_tiny_1d,0.5,42,6,0.4877641290737884,0.8604183193373849,0.7811244979919679,0.7765963673591614,0.9224517116083382,1.1590852814012458,0.7361376673040153,0.7344210743904114,0.8875717017208413
mot_patch_tiny_1d-p3-bs.512-ep.300,mot_patch_tiny_1d,0.5,42,7,0.48244412147206284,0.8645544150610184,0.7888219544846051,0.7857434749603271,0.9199177663033085,1.1753761772899738,0.7395793499043977,0.735292911529541,0.8803059273422562
mot_patch_tiny_1d-p3-bs.512-ep.300,mot_patch_tiny_1d,0.5,42,8,0.4762067631165049,0.7759765084055646,0.8044559189137502,0.800632119178772,0.9309619430101358,1.1133991569679509,0.7495219885277247,0.7475088238716125,0.8936902485659656
mot_patch_tiny_1d-p3-bs.512-ep.300,mot_patch_tiny_1d,0.5,42,9,0.46907667001096587,0.7555040015525037,0.8130139606043221,0.8099843859672546,0.9299101166571047,1.093777296602384,0.7602294455066921,0.7559732794761658,0.8891013384321224
mot_patch_tiny_1d-p3-bs.512-ep.300,mot_patch_tiny_1d,0.5,42,10,0.46108198137550377,0.7834217828782345,0.806033658443297,0.8011853098869324,0.9284279977051061,1.1261967865048585,0.751434034416826,0.7468759417533875,0.892925430210325
mot_patch_tiny_1d-p3-bs.512-ep.300,mot_patch_tiny_1d,0.5,42,11,0.45225424859373686,0.7093685253739335,0.8203289347867662,0.816453218460083,0.9387072097915471,1.074448191276244,0.7598470363288718,0.7534669637680054,0.8986615678776291
mot_patch_tiny_1d-p3-bs.512-ep.300,mot_patch_tiny_1d,0.5,42,12,0.4426283106939473,0.7370430177975668,0.8148785618665136,0.8151980638504028,0.9323962516733602,1.1211884609827805,0.7483747609942638,0.7462864518165588,0.8959847036328872
mot_patch_tiny_1d-p3-bs.512-ep.300,mot_patch_tiny_1d,0.5,42,13,0.4322421568553529,0.7017167414732521,0.8215241920061197,0.8192487955093384,0.9377031937272902,1.0993047360480401,0.767112810707457,0.763386607170105,0.8936902485659656
mot_patch_tiny_1d-p3-bs.512-ep.300,mot_patch_tiny_1d,0.5,42,14,0.4211367764821722,0.6768561046058303,0.8310384394721744,0.8284018039703369,0.9387072097915471,1.072901068955489,0.7648183556405354,0.7641741037368774,0.9005736137667304
mot_patch_tiny_1d-p3-bs.512-ep.300,mot_patch_tiny_1d,0.5,42,15,0.40935599743717244,0.6808819467147328,0.8258271179957927,0.8239911794662476,0.9415758271179958,1.0779127700834839,0.7632887189292543,0.761107861995697,0.8978967495219885
mot_patch_tiny_1d-p3-bs.512-ep.300,mot_patch_tiny_1d,0.5,42,16,0.39694631307311834,0.6784404180865599,0.8276439089692101,0.8259440064430237,0.9396156052782558,1.1069862715828716,0.7594646271510517,0.7566748261451721,0.8967495219885278
mot_patch_tiny_1d-p3-bs.512-ep.300,mot_patch_tiny_1d,0.5,42,17,0.38395669874474914,0.638488517479633,0.8405526869382292,0.8366960883140564,0.9428188946261236,1.0631809168974256,0.7705544933078394,0.7692111134529114,0.8986615678776291
mot_patch_tiny_1d-p3-bs.512-ep.300,mot_patch_tiny_1d,0.5,42,18,0.3704384185254288,0.6166721151763747,0.8465767833237713,0.8431861400604248,0.9452094090648308,1.041520472101682,0.7831739961759082,0.7787156105041504,0.9005736137667304
mot_patch_tiny_1d-p3-bs.512-ep.300,mot_patch_tiny_1d,0.5,42,19,0.35644482289126816,0.6042807604209213,0.8491107286288009,0.8463447690010071,0.9474086823484413,1.0232263014375822,0.7678776290630975,0.7671056389808655,0.9093690248565965
mot_patch_tiny_1d-p3-bs.512-ep.300,mot_patch_tiny_1d,0.5,42,20,0.34203113817116954,0.5925940261741605,0.8526486899980876,0.8500605821609497,0.9493689041881813,1.0215768401982908,0.7820267686424475,0.7768363952636719,0.8994263862332696
mot_patch_tiny_1d-p3-bs.512-ep.300,mot_patch_tiny_1d,0.5,42,21,0.32725424859373686,0.594934642052737,0.8495410212277682,0.846204936504364,0.9478867852361829,1.0458866425727567,0.7751434034416826,0.7730516195297241,0.9021032504780114
mot_patch_tiny_1d-p3-bs.512-ep.300,mot_patch_tiny_1d,0.5,42,22,0.31217247179121366,0.5804399469200159,0.8517402945113789,0.8502742648124695,0.9526200038248231,1.0269390346899088,0.780114722753346,0.7792247533798218,0.901338432122371
mot_patch_tiny_1d-p3-bs.512-ep.300,mot_patch_tiny_1d,0.5,42,23,0.2968453286464312,0.5701914406296946,0.85809906291834,0.8560412526130676,0.9520940906483075,1.0053355346446284,0.780114722753346,0.7754409909248352,0.9063097514340345
mot_patch_tiny_1d-p3-bs.512-ep.300,mot_patch_tiny_1d,0.5,42,24,0.2813333083910761,0.5723378768179699,0.8573340982979537,0.8550827503204346,0.9531459170013387,1.0396557576341794,0.7724665391969407,0.7700191736221313,0.9040152963671129
mot_patch_tiny_1d-p3-bs.512-ep.300,mot_patch_tiny_1d,0.5,42,25,0.26569762988232837,0.5525816749445817,0.8604895773570472,0.8578804135322571,0.9543411742206923,1.0187229375310427,0.7797323135755259,0.7751320600509644,0.9017208413001913
mot_patch_tiny_1d-p3-bs.512-ep.300,mot_patch_tiny_1d,0.5,42,26,0.25,0.5491139880100293,0.8650793650793651,0.8626495599746704,0.9530981067125646,1.0178959585740508,0.7831739961759082,0.7847657203674316,0.9074569789674952
mot_patch_tiny_1d-p3-bs.512-ep.300,mot_patch_tiny_1d,0.5,42,27,0.23430237011767166,0.5290263247640394,0.8712468923312296,0.8685875535011292,0.9558232931726908,1.0092004473305114,0.7778202676864244,0.7751333713531494,0.9101338432122371
mot_patch_tiny_1d-p3-bs.512-ep.300,mot_patch_tiny_1d,0.5,42,28,0.21866669160892396,0.540619888276483,0.8666571046089119,0.8637747764587402,0.9543411742206923,1.002027700508074,0.7850860420650095,0.7818745970726013,0.9059273422562142
mot_patch_tiny_1d-p3-bs.512-ep.300,mot_patch_tiny_1d,0.5,42,29,0.20315467135356885,0.5220316051410931,0.8702906865557468,0.8673284649848938,0.9560623446165615,0.9891406305433459,0.7877629063097514,0.7833638191223145,0.9066921606118546
mot_patch_tiny_1d-p3-bs.512-ep.300,mot_patch_tiny_1d,0.5,42,30,0.1878275282087863,0.5049580946823998,0.8763625932300632,0.873797595500946,0.9588353413654619,0.9819070615458443,0.7839388145315488,0.781079113483429,0.9097514340344168
mot_patch_tiny_1d-p3-bs.512-ep.300,mot_patch_tiny_1d,0.5,42,31,0.17274575140626322,0.5082745413452837,0.8754541977433544,0.8735533356666565,0.9574010327022375,0.9831215575821769,0.7908221797323136,0.7899821400642395,0.908604206500956
mot_patch_tiny_1d-p3-bs.512-ep.300,mot_patch_tiny_1d,0.5,42,32,0.15796886182883058,0.5061947391602659,0.8752151462994836,0.8741101622581482,0.9587397207879136,0.9746274010857022,0.788527724665392,0.786376953125,0.9097514340344168
mot_patch_tiny_1d-p3-bs.512-ep.300,mot_patch_tiny_1d,0.5,42,33,0.14355517710873184,0.48965132124771876,0.8830082233696691,0.8806312084197998,0.9589787722317843,0.9675271933210967,0.7896749521988528,0.7860151529312134,0.9082217973231358
mot_patch_tiny_1d-p3-bs.512-ep.300,mot_patch_tiny_1d,0.5,42,34,0.12956158147457114,0.4891142161222142,0.8813826735513483,0.879585862159729,0.9601262191623637,0.9657043369504735,0.7877629063097514,0.7845871448516846,0.9063097514340345
mot_patch_tiny_1d-p3-bs.512-ep.300,mot_patch_tiny_1d,0.5,42,35,0.11604330125525078,0.48473334845905663,0.8847293937655384,0.8825143575668335,0.9606999426276535,0.9639325595950533,0.7912045889101338,0.788308322429657,0.9131931166347992
mot_patch_tiny_1d-p3-bs.512-ep.300,mot_patch_tiny_1d,0.5,42,36,0.10305368692688174,0.48272559428037204,0.8849684452094091,0.8827168345451355,0.9609389940715242,0.969849656872722,0.7908221797323136,0.7888160943984985,0.9120458891013384
mot_patch_tiny_1d-p3-bs.512-ep.300,mot_patch_tiny_1d,0.5,42,37,0.09064400256282756,0.47654619908145884,0.8882195448460509,0.8864326477050781,0.9617517689806846,0.9616745636978296,0.7923518164435946,0.7883552312850952,0.9093690248565965
mot_patch_tiny_1d-p3-bs.512-ep.300,mot_patch_tiny_1d,0.5,42,38,0.07886322351782782,0.4723515122997804,0.8897494740868235,0.8870536088943481,0.9618951998470071,0.9559270818648329,0.7892925430210325,0.7865124344825745,0.9097514340344168
mot_patch_tiny_1d-p3-bs.512-ep.300,mot_patch_tiny_1d,0.5,42,39,0.06775784314464717,0.4712113601843607,0.8892713711990821,0.8870428204536438,0.9618951998470071,0.953971369726936,0.7984703632887189,0.7967941164970398,0.9089866156787763
mot_patch_tiny_1d-p3-bs.512-ep.300,mot_patch_tiny_1d,0.5,42,40,0.057371689306052714,0.46515449134358305,0.8919487473704342,0.8892277479171753,0.9621342512908778,0.950356886446134,0.7950286806883365,0.7918394207954407,0.9097514340344168
mot_patch_tiny_1d-p3-bs.512-ep.300,mot_patch_tiny_1d,0.5,42,41,0.047745751406263165,0.46454438271361115,0.8921399885255307,0.8892642259597778,0.9625645438898451,0.9488576345644307,0.795793499043977,0.7911404371261597,0.9112810707456979
mot_patch_tiny_1d-p3-bs.512-ep.300,mot_patch_tiny_1d,0.5,42,42,0.03891801862449629,0.46241172793080687,0.8931440045897877,0.8910702466964722,0.9623733027347485,0.9477278124078055,0.7934990439770554,0.7891270518302917,0.9074569789674952
mot_patch_tiny_1d-p3-bs.512-ep.300,mot_patch_tiny_1d,0.5,42,43,0.030923329989034104,0.4621209479080466,0.8924268502581756,0.8897649645805359,0.9622298718684261,0.9486779178305748,0.7946462715105163,0.7923851609230042,0.9120458891013384
mot_patch_tiny_1d-p3-bs.512-ep.300,mot_patch_tiny_1d,0.5,42,44,0.02379323688349516,0.45996144762183266,0.8951998470070759,0.8928762674331665,0.9628514056224899,0.9459683821260587,0.7915869980879541,0.788475513458252,0.9105162523900574
mot_patch_tiny_1d-p3-bs.512-ep.300,mot_patch_tiny_1d,0.5,42,45,0.017555878527937163,0.4598131673152279,0.8944348823866897,0.8920386433601379,0.9625645438898451,0.9474607318126904,0.7954110898661568,0.7915643453598022,0.908604206500956
mot_patch_tiny_1d-p3-bs.512-ep.300,mot_patch_tiny_1d,0.5,42,46,0.012235870926211617,0.4594643552345718,0.8953910881621725,0.8930367827415466,0.9628035953337158,0.946832996025596,0.7927342256214149,0.7896156311035156,0.9116634799235181
mot_patch_tiny_1d-p3-bs.512-ep.300,mot_patch_tiny_1d,0.5,42,47,0.007854209717842259,0.45878557193163,0.8945305029642379,0.8919090032577515,0.963186077643909,0.9469637664736571,0.7919694072657744,0.7883844971656799,0.9101338432122371
mot_patch_tiny_1d-p3-bs.512-ep.300,mot_patch_tiny_1d,0.5,42,48,0.00442818731782782,0.458647104494201,0.8950564161407535,0.8925963044166565,0.9632338879326832,0.9468068460205545,0.7927342256214149,0.7896023392677307,0.9097514340344168
mot_patch_tiny_1d-p3-bs.512-ep.300,mot_patch_tiny_1d,0.5,42,49,0.0019713246713805588,0.4585773756545551,0.8948651749856569,0.8923788666725159,0.9629948364888123,0.9468260362089023,0.7931166347992352,0.7896139025688171,0.9093690248565965
mot_patch_tiny_1d-p3-bs.512-ep.300,mot_patch_tiny_1d,0.5,42,50,0.0004933178929321103,0.4585668506757277,0.8947695544081087,0.8923159837722778,0.9630904570663607,0.946794647741956,0.7931166347992352,0.7896139025688171,0.9097514340344168
mot_patch_tiny_1d-p3-bs.512-ep.300,mot_patch_tiny_1d,0.7,42,1,0.7,1.6214004012498329,0.6490246701090074,0.6436688303947449,0.8310384394721744,1.866334449082442,0.6195028680688337,0.6235071420669556,0.8022944550669217
mot_patch_tiny_1d-p3-bs.512-ep.300,mot_patch_tiny_1d,0.7,42,2,0.699309354949895,1.191376669134686,0.7223178427997705,0.715424120426178,0.8872155287817939,1.4017284794473739,0.6887189292543021,0.6837814450263977,0.858508604206501
mot_patch_tiny_1d-p3-bs.512-ep.300,mot_patch_tiny_1d,0.7,42,3,0.6972401454600672,1.121803880809347,0.7372824631860776,0.733421802520752,0.8943392618091414,1.4110356639037853,0.6990439770554493,0.6997580528259277,0.8692160611854685
mot_patch_tiny_1d-p3-bs.512-ep.300,mot_patch_tiny_1d,0.7,42,4,0.6938005377550409,1.093410400387707,0.7464620386307134,0.7440093159675598,0.8990724803977816,1.4356728059611858,0.692925430210325,0.6899968981742859,0.8604206500956023
mot_patch_tiny_1d-p3-bs.512-ep.300,mot_patch_tiny_1d,0.7,42,5,0.6890041063950206,1.0424929850642688,0.7544463568559954,0.7501053810119629,0.9068655574679672,1.3696654894155937,0.722753346080306,0.7197305560112,0.8738049713193117
mot_patch_tiny_1d-p3-bs.512-ep.300,mot_patch_tiny_1d,0.7,42,6,0.6828697807033035,0.97669236166205,0.7635303117230828,0.7600476741790771,0.9145152036718301,1.3543116071711991,0.7135755258126195,0.7153885364532471,0.8795411089866156
mot_patch_tiny_1d-p3-bs.512-ep.300,mot_patch_tiny_1d,0.7,42,7,0.6754217700608878,0.9660536050568531,0.7736182826544272,0.7698100209236145,0.9128418435647351,1.3211611279110151,0.7326959847036328,0.7266902327537537,0.8764818355640536
mot_patch_tiny_1d-p3-bs.512-ep.300,mot_patch_tiny_1d,0.7,42,8,0.6666894683631067,0.878413545991887,0.7879613692866705,0.784879207611084,0.9251290877796902,1.2826774874335265,0.7346080305927343,0.7322281002998352,0.8837476099426386
mot_patch_tiny_1d-p3-bs.512-ep.300,mot_patch_tiny_1d,0.7,42,9,0.6567073380153521,0.8666340515521909,0.7943201376936316,0.7920347452163696,0.9213998852553069,1.2780845219045023,0.7422562141491396,0.7399417161941528,0.8806883365200765
mot_patch_tiny_1d-p3-bs.512-ep.300,mot_patch_tiny_1d,0.7,42,10,0.6455147739257051,0.8379711348824894,0.7993880283036909,0.7932719588279724,0.9251768980684644,1.2645148399455142,0.7372848948374761,0.7344529628753662,0.8883365200764818
mot_patch_tiny_1d-p3-bs.512-ep.300,mot_patch_tiny_1d,0.7,42,11,0.6331559480312314,0.7928014491889737,0.805698986421878,0.8017028570175171,0.9322050105182635,1.2283161659313662,0.7479923518164436,0.7401674389839172,0.8936902485659656
mot_patch_tiny_1d-p3-bs.512-ep.300,mot_patch_tiny_1d,0.7,42,12,0.619679634971526,0.8164805946488708,0.802065404475043,0.8031041622161865,0.929718875502008,1.2807416357912023,0.7376673040152963,0.7372373342514038,0.8894837476099426
mot_patch_tiny_1d-p3-bs.512-ep.300,mot_patch_tiny_1d,0.7,42,13,0.6051390195974938,0.8152914069127024,0.7984796328169822,0.7970004081726074,0.9321093899407152,1.2943925438146062,0.7468451242829828,0.7447974681854248,0.887189292543021
mot_patch_tiny_1d-p3-bs.512-ep.300,mot_patch_tiny_1d,0.7,42,14,0.5895914870750408,0.7274869095187133,0.8200898833428953,0.8165938854217529,0.9377031937272902,1.218839153049097,0.7525812619502869,0.7516629099845886,0.8967495219885278
mot_patch_tiny_1d-p3-bs.512-ep.300,mot_patch_tiny_1d,0.7,42,15,0.5730983964120412,0.7173166537654174,0.8196595907439281,0.8186687231063843,0.9398546567221266,1.1986781687399168,0.7575525812619502,0.7543808817863464,0.8948374760994264
mot_patch_tiny_1d-p3-bs.512-ep.300,mot_patch_tiny_1d,0.7,42,16,0.5557248383023655,0.692933556590807,0.8241537578886976,0.8217117190361023,0.9416714476955441,1.2183532627317235,0.749904397705545,0.7473093271255493,0.8936902485659656
mot_patch_tiny_1d-p3-bs.512-ep.300,mot_patch_tiny_1d,0.7,42,17,0.5375393782426486,0.6874841700824001,0.8335245744884299,0.8302122354507446,0.9401415184547715,1.2031310736107326,0.7590822179732314,0.7589141726493835,0.8948374760994264
mot_patch_tiny_1d-p3-bs.512-ep.300,mot_patch_tiny_1d,0.7,42,18,0.5186137859356001,0.6473265613418028,0.8393096194301014,0.8354571461677551,0.9439185312679289,1.1671673747367202,0.7697896749521989,0.765561580657959,0.8986615678776291
mot_patch_tiny_1d-p3-bs.512-ep.300,mot_patch_tiny_1d,0.7,42,19,0.49902275204777524,0.648180136331342,0.8357716580608147,0.8347254991531372,0.9468349588831516,1.1466347265881744,0.762906309751434,0.7617602348327637,0.9066921606118546
mot_patch_tiny_1d-p3-bs.512-ep.300,mot_patch_tiny_1d,0.7,42,20,0.47884359343963717,0.6160701850012763,0.8436603557085485,0.8398982286453247,0.9505163511187608,1.1391844506929298,0.7652007648183556,0.7607762217521667,0.8990439770554494
mot_patch_tiny_1d-p3-bs.512-ep.300,mot_patch_tiny_1d,0.7,42,21,0.45815594803123144,0.6160110483481428,0.8437559762860968,0.8403192758560181,0.9480302161025053,1.1499359918598007,0.7655831739961759,0.7640034556388855,0.9009560229445507
mot_patch_tiny_1d-p3-bs.512-ep.300,mot_patch_tiny_1d,0.7,42,22,0.437041460507699,0.5982211142704305,0.8448078026391279,0.8421614766120911,0.9531459170013387,1.142712419849053,0.7590822179732314,0.7603890299797058,0.901338432122371
mot_patch_tiny_1d-p3-bs.512-ep.300,mot_patch_tiny_1d,0.7,42,23,0.4155834601050035,0.5960636101527751,0.8484891948747371,0.8470095992088318,0.9522375215146299,1.1199838700303613,0.7659655831739962,0.7606268525123596,0.9040152963671129
mot_patch_tiny_1d-p3-bs.512-ep.300,mot_patch_tiny_1d,0.7,42,24,0.3938666317475064,0.5878758817130326,0.8519793459552496,0.8503971695899963,0.9517594186268885,1.149058855104173,0.7617590822179733,0.7608699202537537,0.9024856596558317
mot_patch_tiny_1d-p3-bs.512-ep.300,mot_patch_tiny_1d,0.7,42,25,0.37197668183525956,0.5547298617243516,0.8571428571428571,0.8542109131813049,0.9552973799961751,1.1151927386369578,0.7705544933078394,0.7658315896987915,0.9024856596558317
mot_patch_tiny_1d-p3-bs.512-ep.300,mot_patch_tiny_1d,0.7,42,26,0.34999999999999987,0.5572472659140386,0.8583859246509848,0.8553400635719299,0.9540065021992733,1.1168686416363398,0.7743785850860421,0.7759378552436829,0.9047801147227533
mot_patch_tiny_1d-p3-bs.512-ep.300,mot_patch_tiny_1d,0.7,42,27,0.3280233181647402,0.5238812753542771,0.8668483457640084,0.8640636205673218,0.9576878944348823,1.0977197927908962,0.7682600382409178,0.7649539709091187,0.9066921606118546
mot_patch_tiny_1d-p3-bs.512-ep.300,mot_patch_tiny_1d,0.7,42,28,0.3061333682524934,0.5426662727395352,0.8639319181487857,0.8609992861747742,0.9556798623063684,1.0919919584722866,0.7778202676864244,0.7750568985939026,0.904397705544933
mot_patch_tiny_1d-p3-bs.512-ep.300,mot_patch_tiny_1d,0.7,42,29,0.28441653989499627,0.5217400921259676,0.8640753490151081,0.8610889315605164,0.957879135589979,1.085735738254642,0.7759082217973231,0.7726143002510071,0.9074569789674952
mot_patch_tiny_1d-p3-bs.512-ep.300,mot_patch_tiny_1d,0.7,42,30,0.2629585394923007,0.4884973674824507,0.8774144195830943,0.8750965595245361,0.9611302352266208,1.0555926204411523,0.7774378585086043,0.7749993205070496,0.9078393881453155
mot_patch_tiny_1d-p3-bs.512-ep.300,mot_patch_tiny_1d,0.7,42,31,0.2418440519687684,0.5046437169197391,0.8739242685025818,0.8724143505096436,0.9581181870338497,1.06648836445854,0.7782026768642447,0.777106761932373,0.9059273422562142
mot_patch_tiny_1d-p3-bs.512-ep.300,mot_patch_tiny_1d,0.7,42,32,0.2211564065603627,0.48867499164924905,0.8780837636259323,0.8774044513702393,0.9606999426276535,1.044511474842779,0.7843212237093691,0.7824298143386841,0.9078393881453155
mot_patch_tiny_1d-p3-bs.512-ep.300,mot_patch_tiny_1d,0.7,42,33,0.20097724795222446,0.470185099561804,0.8825301204819277,0.8806499242782593,0.9619908204245554,1.0361902736568998,0.7782026768642447,0.7747653722763062,0.9093690248565965
mot_patch_tiny_1d-p3-bs.512-ep.300,mot_patch_tiny_1d,0.7,42,34,0.1813862140643995,0.469487362688553,0.8831516542359916,0.8819475769996643,0.9624689233122968,1.0337345859972515,0.7835564053537285,0.7797945141792297,0.9066921606118546
mot_patch_tiny_1d-p3-bs.512-ep.300,mot_patch_tiny_1d,0.7,42,35,0.16246062175735101,0.46036404253853325,0.8880761139797284,0.8858692049980164,0.9628514056224899,1.0293003381324315,0.7816443594646272,0.7791609168052673,0.9097514340344168
mot_patch_tiny_1d-p3-bs.512-ep.300,mot_patch_tiny_1d,0.7,42,36,0.14427516169763435,0.45863983065294567,0.8879804934021801,0.8858917355537415,0.963520749665328,1.0372662312669918,0.7789674952198853,0.7767016887664795,0.9124282982791587
mot_patch_tiny_1d-p3-bs.512-ep.300,mot_patch_tiny_1d,0.7,42,37,0.12690160358795852,0.44929979973255185,0.8916140753490152,0.8901236057281494,0.9645725760183591,1.0254945962880355,0.7839388145315488,0.7791158556938171,0.9105162523900574
mot_patch_tiny_1d-p3-bs.512-ep.300,mot_patch_tiny_1d,0.7,42,38,0.11040851292495889,0.44472473760616893,0.893239625167336,0.8907945156097412,0.9648116274622299,1.017964450989353,0.7862332695984704,0.7836369276046753,0.9097514340344168
mot_patch_tiny_1d-p3-bs.512-ep.300,mot_patch_tiny_1d,0.7,42,39,0.09486098040250598,0.44365731104538714,0.893574297188755,0.8915669322013855,0.9645725760183591,1.0183876271001695,0.7896749521988528,0.786867082118988,0.908604206500956
mot_patch_tiny_1d-p3-bs.512-ep.300,mot_patch_tiny_1d,0.7,42,40,0.08032036502847376,0.43459561295617855,0.8973991202906866,0.8949678540229797,0.9651462994836488,1.012393678625045,0.7869980879541109,0.782965898513794,0.9093690248565965
mot_patch_tiny_1d-p3-bs.512-ep.300,mot_patch_tiny_1d,0.7,42,41,0.06684405196876839,0.43302741363504965,0.8983075157773953,0.8957606554031372,0.9649072480397781,1.0081616053389773,0.7869980879541109,0.7817803025245667,0.9089866156787763
mot_patch_tiny_1d-p3-bs.512-ep.300,mot_patch_tiny_1d,0.7,42,42,0.05448522607429477,0.4311647478994755,0.8989290495314591,0.8970115780830383,0.9654809715050678,1.007598061497763,0.7854684512428298,0.7812563180923462,0.9082217973231358
mot_patch_tiny_1d-p3-bs.512-ep.300,mot_patch_tiny_1d,0.7,42,43,0.04329266198464772,0.42997869676512274,0.8989768598202333,0.8965639472007751,0.9652897303499713,1.0076955995869683,0.7858508604206501,0.7821351885795593,0.9124282982791587
mot_patch_tiny_1d-p3-bs.512-ep.300,mot_patch_tiny_1d,0.7,42,44,0.03331053163689321,0.4269634065538685,0.8998852553069421,0.8979955911636353,0.9659112641040352,1.0043057078841084,0.7877629063097514,0.7836197018623352,0.9112810707456979
mot_patch_tiny_1d-p3-bs.512-ep.300,mot_patch_tiny_1d,0.7,42,45,0.024578229939112014,0.426653521857496,0.9000764964620386,0.8979934453964233,0.9656722126601645,1.0059565469366187,0.7904397705544933,0.7861799001693726,0.9097514340344168
mot_patch_tiny_1d-p3-bs.512-ep.300,mot_patch_tiny_1d,0.7,42,46,0.017130219296696253,0.4260841274060855,0.9007936507936508,0.8990469574928284,0.9656244023713904,1.0046045963440524,0.7896749521988528,0.7867355942726135,0.9112810707456979
mot_patch_tiny_1d-p3-bs.512-ep.300,mot_patch_tiny_1d,0.7,42,47,0.010995893604979155,0.4250359175925183,0.9015586154140371,0.8993048071861267,0.9656244023713904,1.004793469810121,0.788527724665392,0.7837684154510498,0.9105162523900574
mot_patch_tiny_1d-p3-bs.512-ep.300,mot_patch_tiny_1d,0.7,42,48,0.006199462244958943,0.42482616632840536,0.9012717536813922,0.8991859555244446,0.965528781793842,1.0047139738531459,0.7889101338432123,0.7849199771881104,0.9101338432122371
mot_patch_tiny_1d-p3-bs.512-ep.300,mot_patch_tiny_1d,0.7,42,49,0.0027598545399327803,0.42472514542641476,0.9014151845477146,0.899320662021637,0.9654809715050678,1.0046259280144598,0.7877629063097514,0.7837070226669312,0.9093690248565965
mot_patch_tiny_1d-p3-bs.512-ep.300,mot_patch_tiny_1d,0.7,42,50,0.0006906450501049539,0.42470930037112736,0.9013673742589405,0.8992195725440979,0.9654331612162937,1.0045823427276903,0.788527724665392,0.784676730632782,0.9093690248565965
mot_patch_tiny_1d-p3-bs.512-ep.300,mot_patch_tiny_1d,1.0,42,1,1.0,1.8759657567444257,0.6255498183209026,0.6172423362731934,0.8254924459743737,2.221607510218429,0.5923518164435947,0.5941264629364014,0.7934990439770554
mot_patch_tiny_1d-p3-bs.512-ep.300,mot_patch_tiny_1d,1.0,42,2,0.9990133642141358,1.6149425608725592,0.6855517307324537,0.6763432025909424,0.8645534519028495,1.888865008089784,0.6539196940726577,0.6495072841644287,0.8401529636711281
mot_patch_tiny_1d-p3-bs.512-ep.300,mot_patch_tiny_1d,1.0,42,3,0.996057350657239,1.43643711200976,0.7091700133868809,0.7031254768371582,0.8817173455727673,1.8461856688869616,0.6661567877629063,0.665097713470459,0.850095602294455
mot_patch_tiny_1d-p3-bs.512-ep.300,mot_patch_tiny_1d,1.0,42,4,0.9911436253643444,1.3656011494971936,0.7227959456875119,0.7175571322441101,0.8920921782367566,1.802254786591685,0.6715105162523901,0.6698305606842041,0.8569789674952198
mot_patch_tiny_1d-p3-bs.512-ep.300,mot_patch_tiny_1d,1.0,42,5,0.9842915805643155,1.3968382529169179,0.7286766112067317,0.7221957445144653,0.892235609103079,1.8093304285811649,0.6967495219885277,0.6930468678474426,0.8608030592734226
mot_patch_tiny_1d-p3-bs.512-ep.300,mot_patch_tiny_1d,1.0,42,6,0.9755282581475768,1.22888443031829,0.7378083763625932,0.7371068596839905,0.9031363549435839,1.7174828494711998,0.6864244741873805,0.6912594437599182,0.8680688336520076
mot_patch_tiny_1d-p3-bs.512-ep.300,mot_patch_tiny_1d,1.0,42,7,0.9648882429441257,1.2507214625539687,0.7541116848345764,0.7501487731933594,0.8998852553069421,1.7018126361912569,0.7166347992351817,0.7129086852073669,0.8619502868068833
mot_patch_tiny_1d-p3-bs.512-ep.300,mot_patch_tiny_1d,1.0,42,8,0.9524135262330098,1.115463587311719,0.7666857907821764,0.7623214721679688,0.9164754255115701,1.6254763776440009,0.7173996175908222,0.711203396320343,0.8760994263862333
mot_patch_tiny_1d-p3-bs.512-ep.300,mot_patch_tiny_1d,1.0,42,9,0.9381533400219317,1.1069947987036852,0.7780168292216485,0.7767309546470642,0.9100210365270607,1.6566636065452094,0.7204588910133843,0.719662606716156,0.8718929254302104
mot_patch_tiny_1d-p3-bs.512-ep.300,mot_patch_tiny_1d,1.0,42,10,0.9221639627510075,1.0470047394662587,0.7819850831899025,0.7749165296554565,0.9200611971696309,1.6233115872735047,0.725812619502868,0.7224897742271423,0.8791586998087955
mot_patch_tiny_1d-p3-bs.512-ep.300,mot_patch_tiny_1d,1.0,42,11,0.9045084971874737,1.0551637951195594,0.774526678141136,0.7736091613769531,0.9209217823675655,1.6276860661989871,0.7173996175908222,0.7135864496231079,0.8814531548757171
mot_patch_tiny_1d-p3-bs.512-ep.300,mot_patch_tiny_1d,1.0,42,12,0.8852566213878946,1.0495258804761924,0.7789730349971313,0.7795536518096924,0.9214955058328552,1.6375461556487512,0.7269598470363289,0.725884199142456,0.8799235181644359
mot_patch_tiny_1d-p3-bs.512-ep.300,mot_patch_tiny_1d,1.0,42,13,0.8644843137107058,1.0445280558384953,0.7753394530502964,0.7742210626602173,0.9249378466245937,1.671001196545807,0.7177820267686424,0.7159685492515564,0.8799235181644359
mot_patch_tiny_1d-p3-bs.512-ep.300,mot_patch_tiny_1d,1.0,42,14,0.8422735529643444,0.9102374928748546,0.8004398546567221,0.7962826490402222,0.9318225282080703,1.5581776679131998,0.7296367112810708,0.727265477180481,0.8875717017208413
mot_patch_tiny_1d-p3-bs.512-ep.300,mot_patch_tiny_1d,1.0,42,15,0.8187119948743449,0.8626908513687609,0.8042168674698795,0.8025978803634644,0.9366035570854848,1.4897589178431787,0.7326959847036328,0.730072557926178,0.8891013384321224
mot_patch_tiny_1d-p3-bs.512-ep.300,mot_patch_tiny_1d,1.0,42,16,0.7938926261462367,0.8229762290900605,0.8109103078982597,0.8074079751968384,0.9384681583476764,1.5232610932271748,0.7296367112810708,0.726927638053894,0.8883365200764818
mot_patch_tiny_1d-p3-bs.512-ep.300,mot_patch_tiny_1d,1.0,42,17,0.7679133974894983,0.8663047017958133,0.8158825779307707,0.8109027147293091,0.934691145534519,1.5209426354723725,0.7403441682600382,0.7401485443115234,0.8879541108986616
mot_patch_tiny_1d-p3-bs.512-ep.300,mot_patch_tiny_1d,1.0,42,18,0.7408768370508576,0.761892052630572,0.8275482883916618,0.8241866827011108,0.9397590361445783,1.4321734484933302,0.7575525812619502,0.7526333332061768,0.8936902485659656
mot_patch_tiny_1d-p3-bs.512-ep.300,mot_patch_tiny_1d,1.0,42,19,0.7128896457825363,0.7778295462982767,0.8185599541021228,0.8182626366615295,0.9441097724230254,1.419098447431342,0.7445506692160612,0.7428234219551086,0.9021032504780114
mot_patch_tiny_1d-p3-bs.512-ep.300,mot_patch_tiny_1d,1.0,42,20,0.6840622763423391,0.735152674806485,0.8276917192579843,0.8234201669692993,0.9456397016637981,1.4320494292571029,0.7468451242829828,0.7458155751228333,0.8948374760994264
mot_patch_tiny_1d-p3-bs.512-ep.300,mot_patch_tiny_1d,1.0,42,21,0.6545084971874737,0.6934997296328753,0.8379709313444254,0.8349494934082031,0.9471218206157965,1.3755706539117583,0.7579349904397705,0.7553201913833618,0.8978967495219885
mot_patch_tiny_1d-p3-bs.512-ep.300,mot_patch_tiny_1d,1.0,42,22,0.6243449435824273,0.6702138158827764,0.8361063300822337,0.8329107761383057,0.9492254733218589,1.3667995591464508,0.7491395793499044,0.7499858736991882,0.9001912045889101
mot_patch_tiny_1d-p3-bs.512-ep.300,mot_patch_tiny_1d,1.0,42,23,0.5936906572928624,0.672279063454776,0.8382099827882961,0.8357982039451599,0.9501816790973417,1.3516869072704425,0.751434034416826,0.7481963634490967,0.9017208413001913
mot_patch_tiny_1d-p3-bs.512-ep.300,mot_patch_tiny_1d,1.0,42,24,0.5626666167821522,0.6418773223802542,0.8449990437942245,0.8439451456069946,0.9512335054503729,1.3587412905282774,0.749904397705545,0.7508130073547363,0.9047801147227533
mot_patch_tiny_1d-p3-bs.512-ep.300,mot_patch_tiny_1d,1.0,42,25,0.5313952597646567,0.604454286241194,0.8496844520940906,0.8460058569908142,0.9543889845094664,1.320160203864424,0.7525812619502869,0.7471856474876404,0.8982791586998088
mot_patch_tiny_1d-p3-bs.512-ep.300,mot_patch_tiny_1d,1.0,42,26,0.5,0.5942067112378259,0.8518837253777013,0.8485074639320374,0.9544367947982406,1.29743860656855,0.7602294455066921,0.7614215612411499,0.9036328871892926
mot_patch_tiny_1d-p3-bs.512-ep.300,mot_patch_tiny_1d,1.0,42,27,0.4686047402353433,0.5562170901930475,0.8601549053356282,0.8569123148918152,0.957879135589979,1.2920990996789294,0.7602294455066921,0.7565035820007324,0.904397705544933
mot_patch_tiny_1d-p3-bs.512-ep.300,mot_patch_tiny_1d,1.0,42,28,0.4373333832178479,0.5612586570939636,0.8593421304264678,0.856337308883667,0.9570185503920444,1.258076832991941,0.7694072657743786,0.7665696144104004,0.901338432122371
mot_patch_tiny_1d-p3-bs.512-ep.300,mot_patch_tiny_1d,1.0,42,29,0.4063093427071377,0.5458558015646454,0.8601549053356282,0.8574289083480835,0.9575922738573341,1.2682011941650857,0.761376673040153,0.7584015727043152,0.9005736137667304
mot_patch_tiny_1d-p3-bs.512-ep.300,mot_patch_tiny_1d,1.0,42,30,0.3756550564175726,0.5024208713384859,0.873685217058711,0.87132728099823,0.9609389940715242,1.2177752332523266,0.7674952198852772,0.7640271186828613,0.9063097514340345
mot_patch_tiny_1d-p3-bs.512-ep.300,mot_patch_tiny_1d,1.0,42,31,0.34549150281252644,0.5279347346238913,0.8689041881812967,0.8677377104759216,0.9586441002103653,1.2417027562799692,0.7678776290630975,0.7685085535049438,0.9055449330783939
mot_patch_tiny_1d-p3-bs.512-ep.300,mot_patch_tiny_1d,1.0,42,32,0.31593772365766115,0.48247656883302487,0.8787052973799961,0.8780316114425659,0.9621820615796519,1.188252208702423,0.7747609942638624,0.7730799913406372,0.9108986615678776
mot_patch_tiny_1d-p3-bs.512-ep.300,mot_patch_tiny_1d,1.0,42,33,0.28711035421746367,0.4732320524351755,0.8798049340218015,0.877825140953064,0.9627079747561675,1.1950420897503884,0.7717017208413002,0.7693114280700684,0.9078393881453155
mot_patch_tiny_1d-p3-bs.512-ep.300,mot_patch_tiny_1d,1.0,42,34,0.2591231629491423,0.4653324815506095,0.8825779307707019,0.8815255165100098,0.9641422834193919,1.1822433734259232,0.7778202676864244,0.7738407850265503,0.9070745697896749
mot_patch_tiny_1d-p3-bs.512-ep.300,mot_patch_tiny_1d,1.0,42,35,0.23208660251050156,0.44802442940226656,0.8900363358194684,0.8878189921379089,0.9653853509275196,1.1695148227319663,0.7755258126195028,0.7723195552825928,0.9082217973231358
mot_patch_tiny_1d-p3-bs.512-ep.300,mot_patch_tiny_1d,1.0,42,36,0.2061073738537635,0.4470499236215755,0.8885542168674698,0.8862884640693665,0.964859437751004,1.1822429883092584,0.7701720841300191,0.7671749591827393,0.9105162523900574
mot_patch_tiny_1d-p3-bs.512-ep.300,mot_patch_tiny_1d,1.0,42,37,0.18128800512565513,0.4290174812357748,0.8962994836488812,0.8943738341331482,0.9666762287244215,1.161805706133578,0.7755258126195028,0.771108090877533,0.9082217973231358
mot_patch_tiny_1d-p3-bs.512-ep.300,mot_patch_tiny_1d,1.0,42,38,0.15772644703565564,0.42565775701844183,0.8963472939376553,0.8938372731208801,0.9670109007458405,1.151848650434505,0.7778202676864244,0.7736387848854065,0.9108986615678776
mot_patch_tiny_1d-p3-bs.512-ep.300,mot_patch_tiny_1d,1.0,42,39,0.13551568628929433,0.4236015753710468,0.8963472939376553,0.8946697115898132,0.9664371772805508,1.156197533689539,0.7789674952198853,0.7755423188209534,0.9089866156787763
mot_patch_tiny_1d-p3-bs.512-ep.300,mot_patch_tiny_1d,1.0,42,40,0.11474337861210543,0.41036461233568367,0.901845477146682,0.899821937084198,0.9682061579651942,1.1458896440028232,0.7789674952198853,0.7747974991798401,0.9082217973231358
mot_patch_tiny_1d-p3-bs.512-ep.300,mot_patch_tiny_1d,1.0,42,41,0.09549150281252633,0.4086897855143311,0.9016542359915853,0.899441123008728,0.9680149168100975,1.1398608249642426,0.7759082217973231,0.7696397304534912,0.9082217973231358
mot_patch_tiny_1d-p3-bs.512-ep.300,mot_patch_tiny_1d,1.0,42,42,0.07783603724899257,0.4068589687438603,0.9017020462803595,0.8999107480049133,0.96815834767642,1.1393601835115919,0.7736137667304015,0.7693339586257935,0.9108986615678776
mot_patch_tiny_1d-p3-bs.512-ep.300,mot_patch_tiny_1d,1.0,42,43,0.06184665997806821,0.4033518710677176,0.9043316121629374,0.9022936820983887,0.968493019697839,1.1377067142873147,0.7751434034416826,0.7702726721763611,0.9116634799235181
mot_patch_tiny_1d-p3-bs.512-ep.300,mot_patch_tiny_1d,1.0,42,44,0.04758647376699032,0.3992449130672733,0.9053834385159686,0.9038248658180237,0.9686842608529356,1.1329033816977623,0.7782026768642447,0.7751898169517517,0.9097514340344168
mot_patch_tiny_1d-p3-bs.512-ep.300,mot_patch_tiny_1d,1.0,42,45,0.035111757055874326,0.39829874435376655,0.9061005928475808,0.904289722442627,0.9683495888315166,1.1346459091507455,0.778585086042065,0.7748123407363892,0.9105162523900574
mot_patch_tiny_1d-p3-bs.512-ep.300,mot_patch_tiny_1d,1.0,42,46,0.024471741852423234,0.39715912155586164,0.9067221266016446,0.905151903629303,0.9685408299866132,1.1318763193163315,0.7762906309751434,0.773115336894989,0.9116634799235181
mot_patch_tiny_1d-p3-bs.512-ep.300,mot_patch_tiny_1d,1.0,42,47,0.015708419435684517,0.39572224869603156,0.9070089883342896,0.9049552083015442,0.9687320711417097,1.1323060817973791,0.777055449330784,0.7731931805610657,0.9120458891013384
mot_patch_tiny_1d-p3-bs.512-ep.300,mot_patch_tiny_1d,1.0,42,48,0.00885637463565564,0.3953777636686505,0.9082520558424173,0.9063873291015625,0.9686364505641614,1.1324629701574263,0.7766730401529637,0.773227334022522,0.9112810707456979
mot_patch_tiny_1d-p3-bs.512-ep.300,mot_patch_tiny_1d,1.0,42,49,0.0039426493427611176,0.3952404614228048,0.9077261426659017,0.9058189988136292,0.9685886402753873,1.132189481892048,0.7762906309751434,0.772656261920929,0.9105162523900574
mot_patch_tiny_1d-p3-bs.512-ep.300,mot_patch_tiny_1d,1.0,42,50,0.0009866357858642205,0.395213888580153,0.9079173838209983,0.9060412645339966,0.9686842608529356,1.1321360134029936,0.7759082217973231,0.772362232208252,0.9105162523900574
mot_patch_small_1d-p3-bs.512-ep.100,mot_patch_small_1d,0.1,42,1,0.1,1.3555358858267192,0.7036240198890801,0.6967511177062988,0.8637406769936891,1.4644019249064517,0.6837476099426386,0.6821701526641846,0.8393881453154876
mot_patch_small_1d-p3-bs.512-ep.100,mot_patch_small_1d,0.1,42,2,0.09990133642141358,1.0596862943616099,0.7723274048575254,0.7657210826873779,0.8999808758844904,1.1783106021625818,0.7407265774378585,0.7366989850997925,0.8787762906309752
mot_patch_small_1d-p3-bs.512-ep.100,mot_patch_small_1d,0.1,42,3,0.0996057350657239,0.9264067465453332,0.7980015299292408,0.7956575155258179,0.9142761522279594,1.0797033714746653,0.7625239005736137,0.7659909129142761,0.8898661567877629
mot_patch_small_1d-p3-bs.512-ep.100,mot_patch_small_1d,0.1,42,4,0.09911436253643444,0.8387109114850632,0.8208548479632817,0.8169952630996704,0.9226429527634347,1.005825397206994,0.7747609942638624,0.7757537364959717,0.8998087954110898
mot_patch_small_1d-p3-bs.512-ep.100,mot_patch_small_1d,0.1,42,5,0.09842915805643154,0.785815016994013,0.8315165423599159,0.830949604511261,0.9280933256836871,0.9473408423691817,0.7843212237093691,0.7889693975448608,0.9059273422562142
mot_patch_small_1d-p3-bs.512-ep.100,mot_patch_small_1d,0.1,42,6,0.09755282581475767,0.7431619435885048,0.8392139988525531,0.8368792533874512,0.9305794606999426,0.9113566593731794,0.7919694072657744,0.7925933599472046,0.9089866156787763
mot_patch_small_1d-p3-bs.512-ep.100,mot_patch_small_1d,0.1,42,7,0.09648882429441256,0.7052850159706908,0.8446643717728055,0.841555118560791,0.9366035570854848,0.8880707253917454,0.7977055449330784,0.7967584729194641,0.9135755258126195
mot_patch_small_1d-p3-bs.512-ep.100,mot_patch_small_1d,0.1,42,8,0.09524135262330098,0.6699078467407927,0.8548001529929241,0.8532865643501282,0.9381812966150316,0.8667240449165067,0.8034416826003824,0.8058218359947205,0.9108986615678776
mot_patch_small_1d-p3-bs.512-ep.100,mot_patch_small_1d,0.1,42,9,0.09381533400219318,0.6520271175426104,0.8572384777204054,0.8544391393661499,0.9413845859628992,0.8521757939121691,0.8026768642447418,0.8026473522186279,0.9162523900573614
mot_patch_small_1d-p3-bs.512-ep.100,mot_patch_small_1d,0.1,42,10,0.09221639627510075,0.6214633019892886,0.8643144004589788,0.8610785603523254,0.9437272901128323,0.8327836921064621,0.8179732313575526,0.8178049325942993,0.9154875717017208
mot_patch_small_1d-p3-bs.512-ep.100,mot_patch_small_1d,0.1,42,11,0.09045084971874737,0.6033528138811991,0.8699560145343278,0.8673864603042603,0.9465002868617326,0.8102203792185446,0.8179732313575526,0.818601667881012,0.9204588910133843
mot_patch_small_1d-p3-bs.512-ep.100,mot_patch_small_1d,0.1,42,12,0.08852566213878946,0.5872952883821255,0.8739242685025818,0.8710561394691467,0.9481736469688277,0.7999552006475328,0.8164435946462715,0.8168361186981201,0.920076481835564
mot_patch_small_1d-p3-bs.512-ep.100,mot_patch_small_1d,0.1,42,13,0.08644843137107057,0.5760341525009427,0.8744501816790974,0.8718059062957764,0.9484605087014726,0.7936616915817698,0.8183556405353728,0.8203602433204651,0.9239005736137668
mot_patch_small_1d-p3-bs.512-ep.100,mot_patch_small_1d,0.1,42,14,0.08422735529643442,0.5616585652535038,0.8768406961178046,0.8740090727806091,0.95027729967489,0.7979217883049872,0.8130019120458891,0.8148758411407471,0.9204588910133843
mot_patch_small_1d-p3-bs.512-ep.100,mot_patch_small_1d,0.1,42,15,0.08187119948743447,0.549710111787657,0.877988143048384,0.8749260902404785,0.9518072289156626,0.7768850045723851,0.8187380497131931,0.8188427090644836,0.9231357552581262
mot_patch_small_1d-p3-bs.512-ep.100,mot_patch_small_1d,0.1,42,16,0.07938926261462366,0.5357874826346285,0.8853987378083764,0.8834118843078613,0.9528590552686939,0.7738369308967663,0.8294455066921607,0.8317159414291382,0.9196940726577438
mot_patch_small_1d-p3-bs.512-ep.100,mot_patch_small_1d,0.1,42,17,0.07679133974894982,0.5297173829989671,0.8852074966532798,0.8815545439720154,0.9536718301778543,0.7683269799781347,0.8237093690248566,0.8245474100112915,0.9208413001912046
mot_patch_small_1d-p3-bs.512-ep.100,mot_patch_small_1d,0.1,42,18,0.07408768370508576,0.5169345753943858,0.8870720979154714,0.8844298720359802,0.9554408108624977,0.7530531494840838,0.8263862332695985,0.8264179229736328,0.9250478011472275
mot_patch_small_1d-p3-bs.512-ep.100,mot_patch_small_1d,0.1,42,19,0.07128896457825362,0.5061443937647796,0.8928093325683687,0.8905116319656372,0.9570185503920444,0.7516928623556863,0.8302103250478011,0.8314016461372375,0.9235181644359465
mot_patch_small_1d-p3-bs.512-ep.100,mot_patch_small_1d,0.1,42,20,0.06840622763423389,0.4992518967573582,0.8922834193918531,0.8901678323745728,0.9573054121246892,0.7461870197128383,0.8260038240917782,0.8267185091972351,0.9265774378585087
mot_patch_small_1d-p3-bs.512-ep.100,mot_patch_small_1d,0.1,42,21,0.06545084971874736,0.4920956680391231,0.8954867087397208,0.8933415412902832,0.9568273092369478,0.7351659603374182,0.8363288718929255,0.8360406756401062,0.9265774378585087
mot_patch_small_1d-p3-bs.512-ep.100,mot_patch_small_1d,0.1,42,22,0.06243449435824272,0.4918952580049084,0.8930005737234653,0.8904024362564087,0.9574966532797858,0.7485795059349979,0.8309751434034417,0.8314719200134277,0.9258126195028681
mot_patch_small_1d-p3-bs.512-ep.100,mot_patch_small_1d,0.1,42,23,0.05936906572928623,0.47885050019471953,0.8986899980875884,0.8960067629814148,0.9594568751195257,0.7323185492200104,0.8367112810707457,0.8363669514656067,0.9281070745697897
mot_patch_small_1d-p3-bs.512-ep.100,mot_patch_small_1d,0.1,42,24,0.056266661678215216,0.4737179304404887,0.8993115318416524,0.8961265683174133,0.9603652706062344,0.7358823889300199,0.8355640535372849,0.8356427550315857,0.9265774378585087
mot_patch_small_1d-p3-bs.512-ep.100,mot_patch_small_1d,0.1,42,25,0.053139525976465665,0.4699440151082555,0.9015586154140371,0.8989723324775696,0.9607477529164277,0.7290644027534908,0.8347992351816443,0.8356173038482666,0.9269598470363288
mot_patch_small_1d-p3-bs.512-ep.100,mot_patch_small_1d,0.1,42,26,0.049999999999999996,0.47379087284706045,0.8964429145152036,0.8940696716308594,0.9607477529164277,0.7338994640693154,0.8294455066921607,0.8306529521942139,0.9258126195028681
mot_patch_small_1d-p3-bs.512-ep.100,mot_patch_small_1d,0.1,42,27,0.046860474023534326,0.4635443456726016,0.9009848919487474,0.8979629278182983,0.9612258558041691,0.7253771827508113,0.8347992351816443,0.8349258303642273,0.9277246653919694
mot_patch_small_1d-p3-bs.512-ep.100,mot_patch_small_1d,0.1,42,28,0.04373333832178478,0.4578581698927056,0.9016064257028112,0.8990699648857117,0.9616561484031364,0.7192587051975111,0.838623326959847,0.8383944630622864,0.9277246653919694
mot_patch_small_1d-p3-bs.512-ep.100,mot_patch_small_1d,0.1,42,29,0.040630934270713764,0.4547330346019028,0.9034232166762287,0.9009981751441956,0.9621342512908778,0.7210543105524767,0.8355640535372849,0.8353444933891296,0.9288718929254303
mot_patch_small_1d-p3-bs.512-ep.100,mot_patch_small_1d,0.1,42,30,0.03756550564175726,0.45131947602567307,0.9051443870720979,0.9024150967597961,0.9612736660929432,0.7223454812744607,0.8374760994263862,0.8377559185028076,0.9261950286806884
mot_patch_small_1d-p3-bs.512-ep.100,mot_patch_small_1d,0.1,42,31,0.03454915028125265,0.44788990861531947,0.9059093516924842,0.9037044644355774,0.9628514056224899,0.7142894686522037,0.8378585086042065,0.8400009870529175,0.9273422562141491
mot_patch_small_1d-p3-bs.512-ep.100,mot_patch_small_1d,0.1,42,32,0.03159377236576612,0.44576836890758487,0.9052878179384204,0.902750551700592,0.963186077643909,0.7185639791689229,0.838623326959847,0.8386295437812805,0.9261950286806884
mot_patch_small_1d-p3-bs.512-ep.100,mot_patch_small_1d,0.1,42,33,0.028711035421746366,0.44333084428896297,0.9055746796710652,0.9034008979797363,0.9634251290877797,0.7132213592529297,0.8374760994263862,0.8371922373771667,0.930019120458891
mot_patch_small_1d-p3-bs.512-ep.100,mot_patch_small_1d,0.1,42,34,0.025912316294914226,0.4417847120686639,0.9068655574679672,0.9044185876846313,0.9638076113979729,0.7150259911444173,0.837093690248566,0.8372148871421814,0.92848948374761
mot_patch_small_1d-p3-bs.512-ep.100,mot_patch_small_1d,0.1,42,35,0.023208660251050155,0.43878338710371273,0.9080130043985466,0.9052088856697083,0.9638076113979729,0.7115434832600289,0.8409177820267686,0.840737521648407,0.9265774378585087
mot_patch_small_1d-p3-bs.512-ep.100,mot_patch_small_1d,0.1,42,36,0.020610737385376346,0.43738294746616324,0.9080608146873207,0.9057403802871704,0.9639510422642953,0.7086718061458085,0.8393881453154876,0.8392780423164368,0.9288718929254303
mot_patch_small_1d-p3-bs.512-ep.100,mot_patch_small_1d,0.1,42,37,0.01812880051256551,0.4363510222479681,0.908491107286288,0.9059638381004333,0.963855421686747,0.7131578350614179,0.8367112810707457,0.8363928198814392,0.9277246653919694
mot_patch_small_1d-p3-bs.512-ep.100,mot_patch_small_1d,0.1,42,38,0.015772644703565562,0.4344791015490767,0.9094473130617708,0.9068487286567688,0.9643813348632626,0.7099447013315233,0.8374760994263862,0.8378239274024963,0.9288718929254303
mot_patch_small_1d-p3-bs.512-ep.100,mot_patch_small_1d,0.1,42,39,0.013551568628929433,0.43364993772216726,0.9100210365270607,0.9077292084693909,0.9642857142857143,0.7072844240907046,0.838623326959847,0.8388829231262207,0.930019120458891
mot_patch_small_1d-p3-bs.512-ep.100,mot_patch_small_1d,0.1,42,40,0.011474337861210542,0.43241525576342177,0.9104513291260279,0.9077854156494141,0.9643335245744884,0.7072583145666761,0.8374760994263862,0.8378180861473083,0.9292543021032504
mot_patch_small_1d-p3-bs.512-ep.100,mot_patch_small_1d,0.1,42,41,0.009549150281252632,0.43168103678957365,0.9106903805698986,0.9082563519477844,0.9640466628418436,0.7084193603486449,0.8420650095602294,0.8420698642730713,0.9292543021032504
mot_patch_small_1d-p3-bs.512-ep.100,mot_patch_small_1d,0.1,42,42,0.007783603724899257,0.430953548068092,0.9105947599923504,0.9084445238113403,0.9641422834193919,0.7057628037140885,0.8405353728489484,0.8409514427185059,0.9288718929254303
mot_patch_small_1d-p3-bs.512-ep.100,mot_patch_small_1d,0.1,42,43,0.0061846659978068205,0.4305238541373105,0.9111684834576401,0.9087821841239929,0.9642379039969401,0.7056769588025532,0.8393881453154876,0.8390946984291077,0.92848948374761
mot_patch_small_1d-p3-bs.512-ep.100,mot_patch_small_1d,0.1,42,44,0.004758647376699033,0.43011364313994843,0.9118378275004781,0.9095181226730347,0.9643813348632626,0.7060725487440995,0.8405353728489484,0.8406625390052795,0.9288718929254303
mot_patch_small_1d-p3-bs.512-ep.100,mot_patch_small_1d,0.1,42,45,0.0035111757055874327,0.42985751556378976,0.9113119143239625,0.9089503288269043,0.9643335245744884,0.7061684260176883,0.8409177820267686,0.8407511115074158,0.9288718929254303
mot_patch_small_1d-p3-bs.512-ep.100,mot_patch_small_1d,0.1,42,46,0.0024471741852423235,0.42969722787926723,0.9120768789443489,0.9097204804420471,0.9644291451520367,0.7060821256035829,0.8413001912045889,0.8415347933769226,0.9288718929254303
mot_patch_small_1d-p3-bs.512-ep.100,mot_patch_small_1d,0.1,42,47,0.0015708419435684518,0.4295880042656267,0.9116943966341556,0.9093680381774902,0.9643335245744884,0.7060021146989461,0.8405353728489484,0.8406992554664612,0.9288718929254303
mot_patch_small_1d-p3-bs.512-ep.100,mot_patch_small_1d,0.1,42,48,0.000885637463565564,0.42953501077791684,0.9114553451902849,0.9092047214508057,0.9644291451520367,0.7059997485654987,0.8405353728489484,0.8409450054168701,0.92848948374761
mot_patch_small_1d-p3-bs.512-ep.100,mot_patch_small_1d,0.1,42,49,0.00039426493427611173,0.42950996975981726,0.9115509657678332,0.9092761278152466,0.9644291451520367,0.7059937869157663,0.8413001912045889,0.8416783809661865,0.92848948374761
mot_patch_small_1d-p3-bs.512-ep.100,mot_patch_small_1d,0.1,42,50,9.866357858642205e-05,0.4295039637454907,0.9115509657678332,0.9092761278152466,0.9644291451520367,0.7059864066071082,0.8409177820267686,0.8410117626190186,0.92848948374761
mot_patch_small_1d-p3-bs.512-ep.100,mot_patch_small_1d,0.3,42,1,0.3,1.1272375997199362,0.7313061770893097,0.7284172773361206,0.8802352266207688,1.3177953439278538,0.6898661567877629,0.6953476071357727,0.8516252390057362
mot_patch_small_1d-p3-bs.512-ep.100,mot_patch_small_1d,0.3,42,2,0.29970400926424073,0.8669192495982582,0.796758462421113,0.7909284830093384,0.9130330847198317,1.0497639708947497,0.7579349904397705,0.7559977769851685,0.8940726577437859
mot_patch_small_1d-p3-bs.512-ep.100,mot_patch_small_1d,0.3,42,3,0.2988172051971717,0.778290578981138,0.8090935169248422,0.8063332438468933,0.9244597437368521,0.971857856473321,0.7697896749521989,0.7693573236465454,0.9055449330783939
mot_patch_small_1d-p3-bs.512-ep.100,mot_patch_small_1d,0.3,42,4,0.29734308760930334,0.718255258240283,0.821619812583668,0.8210890293121338,0.9303404092560719,0.9537989286346144,0.768642447418738,0.7724380493164062,0.901338432122371
mot_patch_small_1d-p3-bs.512-ep.100,mot_patch_small_1d,0.3,42,5,0.2952874741692947,0.6487302548526509,0.8409829795371964,0.8397159576416016,0.9372250908395486,0.8890564139896779,0.7969407265774379,0.8009980916976929,0.9089866156787763
mot_patch_small_1d-p3-bs.512-ep.100,mot_patch_small_1d,0.3,42,6,0.2926584774442731,0.6172486444029349,0.8464333524574489,0.8449130058288574,0.9417670682730924,0.8669942378086068,0.7889101338432123,0.7895081043243408,0.9166347992351817
mot_patch_small_1d-p3-bs.512-ep.100,mot_patch_small_1d,0.3,42,7,0.28946647288323774,0.5933553468066253,0.8541308089500861,0.8533020615577698,0.943966341556703,0.857714942217329,0.8022944550669217,0.8002262115478516,0.91434034416826
mot_patch_small_1d-p3-bs.512-ep.100,mot_patch_small_1d,0.3,42,8,0.28572405786990296,0.5632598996960335,0.8595333715815644,0.8569930791854858,0.948938611589214,0.8479307287737698,0.8034416826003824,0.8036155700683594,0.9162523900573614
mot_patch_small_1d-p3-bs.512-ep.100,mot_patch_small_1d,0.3,42,9,0.28144600200657954,0.5716393803246141,0.8621629374641423,0.860988438129425,0.9448747370434117,0.8741122579483411,0.7988527724665392,0.7997000217437744,0.9097514340344168
mot_patch_small_1d-p3-bs.512-ep.100,mot_patch_small_1d,0.3,42,10,0.27664918882530226,0.5095782149565291,0.8738286479250335,0.8716384172439575,0.9525243832472748,0.826411353379317,0.817208413001912,0.8171239495277405,0.9158699808795411
mot_patch_small_1d-p3-bs.512-ep.100,mot_patch_small_1d,0.3,42,11,0.27135254915624213,0.4727025487997902,0.8818607764390897,0.8796594142913818,0.958548479632817,0.781536546491984,0.817208413001912,0.8176511526107788,0.9216061185468452
mot_patch_small_1d-p3-bs.512-ep.100,mot_patch_small_1d,0.3,42,12,0.2655769864163684,0.47867079049229144,0.8803308471983171,0.8806686401367188,0.9582616179001722,0.8073511382589833,0.8045889101338433,0.805489182472229,0.9219885277246654
mot_patch_small_1d-p3-bs.512-ep.100,mot_patch_small_1d,0.3,42,13,0.2593452941132117,0.4691391412512844,0.8842512908777969,0.8830704689025879,0.9595046854082999,0.7916474136294188,0.8149139579349904,0.8160406351089478,0.9216061185468452
mot_patch_small_1d-p3-bs.512-ep.100,mot_patch_small_1d,0.3,42,14,0.2526820658893033,0.44441722186670907,0.8899885255306942,0.8884475827217102,0.9608911837827501,0.7912273706031347,0.8149139579349904,0.8138945698738098,0.9235181644359465
mot_patch_small_1d-p3-bs.512-ep.100,mot_patch_small_1d,0.3,42,15,0.24561359846230346,0.42773042789356364,0.8930961943010136,0.8909855484962463,0.9633773187990056,0.7686581270644587,0.8195028680688337,0.8187264800071716,0.9254302103250478
mot_patch_small_1d-p3-bs.512-ep.100,mot_patch_small_1d,0.3,42,16,0.23816778784387102,0.4262385204203568,0.8942914515203672,0.8936538696289062,0.9633773187990056,0.7903054713291147,0.8256214149139579,0.828877866268158,0.9196940726577438
mot_patch_small_1d-p3-bs.512-ep.100,mot_patch_small_1d,0.3,42,17,0.2303740192468495,0.4204265006665952,0.8955345190284949,0.8929753303527832,0.9632816982214573,0.7791487677375399,0.8179732313575526,0.8178574442863464,0.9281070745697897
mot_patch_small_1d-p3-bs.512-ep.100,mot_patch_small_1d,0.3,42,18,0.22226305111525732,0.38660004153081123,0.9059093516924842,0.904746949672699,0.9682061579651942,0.7449402614031877,0.8294455066921607,0.8290776014328003,0.9273422562141491
mot_patch_small_1d-p3-bs.512-ep.100,mot_patch_small_1d,0.3,42,19,0.21386689373476092,0.38583866162426866,0.9054790590935169,0.9041755199432373,0.9672499521897112,0.7571744601539626,0.8286806883365201,0.8300116658210754,0.930019120458891
mot_patch_small_1d-p3-bs.512-ep.100,mot_patch_small_1d,0.3,42,20,0.20521868290270173,0.3710591070372508,0.9099254159495124,0.9087356328964233,0.9695926563396443,0.7398622323176601,0.8321223709369024,0.8299450874328613,0.931548757170172
mot_patch_small_1d-p3-bs.512-ep.100,mot_patch_small_1d,0.3,42,21,0.19635254915624212,0.36660833535674975,0.9103078982597055,0.9082406759262085,0.9696882769171926,0.7318858684590852,0.832887189292543,0.8310716152191162,0.9330783938814532
mot_patch_small_1d-p3-bs.512-ep.100,mot_patch_small_1d,0.3,42,22,0.18730348307472822,0.3672741087291409,0.9101644673933831,0.9094369411468506,0.9694492254733219,0.7331245531771424,0.8347992351816443,0.8336287140846252,0.930019120458891
mot_patch_small_1d-p3-bs.512-ep.100,mot_patch_small_1d,0.3,42,23,0.17810719718785872,0.35448064264227086,0.914132721361637,0.9125229716300964,0.9708835341365462,0.7280966709494363,0.8367112810707457,0.8368576765060425,0.9349904397705545
mot_patch_small_1d-p3-bs.512-ep.100,mot_patch_small_1d,0.3,42,24,0.1687999850346457,0.34301667095803695,0.9188659399502773,0.9168151021003723,0.9719831707783515,0.7318472999003831,0.8347992351816443,0.8337144255638123,0.930019120458891
mot_patch_small_1d-p3-bs.512-ep.100,mot_patch_small_1d,0.3,42,25,0.15941857792939704,0.33336154122862355,0.922738573340983,0.9215034246444702,0.9727003251099636,0.7192089066222794,0.834416826003824,0.8354195952415466,0.9311663479923518
mot_patch_small_1d-p3-bs.512-ep.100,mot_patch_small_1d,0.3,42,26,0.15000000000000002,0.3329119885667694,0.9233601070950469,0.9219788312911987,0.9731784279977052,0.7199263162412334,0.834416826003824,0.8359379768371582,0.9304015296367113
mot_patch_small_1d-p3-bs.512-ep.100,mot_patch_small_1d,0.3,42,27,0.140581422070603,0.3269341522248896,0.9228820042073054,0.9205804467201233,0.9735131000191242,0.7199707811694757,0.8390057361376673,0.8398846387863159,0.9361376673040153
mot_patch_small_1d-p3-bs.512-ep.100,mot_patch_small_1d,0.3,42,28,0.13120001496535438,0.3242892175770371,0.9228820042073054,0.9214760065078735,0.9737521514629949,0.7145232001864431,0.8393881453154876,0.8398017287254333,0.9342256214149139
mot_patch_small_1d-p3-bs.512-ep.100,mot_patch_small_1d,0.3,42,29,0.12189280281214132,0.31284033032488606,0.9294320137693631,0.928688108921051,0.9746127366609294,0.7112462490512126,0.838623326959847,0.8376721739768982,0.9353728489483748
mot_patch_small_1d-p3-bs.512-ep.100,mot_patch_small_1d,0.3,42,30,0.11269651692527179,0.31043878379481815,0.9293363931918148,0.9276348948478699,0.9744214955058329,0.7085492734015558,0.8382409177820268,0.8380322456359863,0.9323135755258126
mot_patch_small_1d-p3-bs.512-ep.100,mot_patch_small_1d,0.3,42,31,0.10364745084375795,0.30572507303470997,0.9308663224325875,0.930045485496521,0.9760470453241538,0.7036982381321049,0.8363288718929255,0.8345336318016052,0.9334608030592734
mot_patch_small_1d-p3-bs.512-ep.100,mot_patch_small_1d,0.3,42,32,0.09478131709729837,0.30462211558549346,0.9301969783897495,0.9291943311691284,0.9766685790782176,0.7014607810609427,0.8416826003824092,0.8417205214500427,0.9319311663479923
mot_patch_small_1d-p3-bs.512-ep.100,mot_patch_small_1d,0.3,42,33,0.08613310626523911,0.2988849961066889,0.9339261809141327,0.9322591423988342,0.9772423025435074,0.7023230700374333,0.8451242829827916,0.8427404165267944,0.9338432122370937
mot_patch_small_1d-p3-bs.512-ep.100,mot_patch_small_1d,0.3,42,34,0.0777369488847427,0.29524184477035165,0.9364601262191624,0.9354267716407776,0.9765251482118952,0.6972501087371068,0.8424474187380497,0.8419375419616699,0.9346080305927342
mot_patch_small_1d-p3-bs.512-ep.100,mot_patch_small_1d,0.3,42,35,0.06962598075315048,0.29463761229888047,0.9357429718875502,0.93381667137146,0.9775769745649264,0.6939383935290131,0.8435946462715105,0.8425213694572449,0.9361376673040153
mot_patch_small_1d-p3-bs.512-ep.100,mot_patch_small_1d,0.3,42,36,0.06183221215612905,0.2916086495640766,0.9372250908395486,0.9359062314033508,0.9778638362975712,0.6889030894175542,0.8435946462715105,0.8425358533859253,0.9361376673040153
mot_patch_small_1d-p3-bs.512-ep.100,mot_patch_small_1d,0.3,42,37,0.05438640153769654,0.28794501192096905,0.9393765538343851,0.9382308125495911,0.9781985083189902,0.6979976617583353,0.84282982791587,0.8408069014549255,0.9349904397705545
mot_patch_small_1d-p3-bs.512-ep.100,mot_patch_small_1d,0.3,42,38,0.047317934110696694,0.28448949222196285,0.9410499139414802,0.9393263459205627,0.9782941288965386,0.6898562619152762,0.8443594646271511,0.8419454097747803,0.9353728489483748
mot_patch_small_1d-p3-bs.512-ep.100,mot_patch_small_1d,0.3,42,39,0.0406547058867883,0.28388433270391483,0.9403327596098681,0.939117968082428,0.9782463186077643,0.6836622456975466,0.8481835564053537,0.8464623093605042,0.9361376673040153
mot_patch_small_1d-p3-bs.512-ep.100,mot_patch_small_1d,0.3,42,40,0.03442301358363163,0.28137249754181465,0.9424364123159303,0.941057026386261,0.9783419391853126,0.6865444030178208,0.8439770554493308,0.8414601683616638,0.9349904397705545
mot_patch_small_1d-p3-bs.512-ep.100,mot_patch_small_1d,0.3,42,41,0.0286474508437579,0.2812828102082635,0.942962325492446,0.9414381384849548,0.9782941288965386,0.6893362661620627,0.8466539196940727,0.8459355235099792,0.935755258126195
mot_patch_small_1d-p3-bs.512-ep.100,mot_patch_small_1d,0.3,42,42,0.023350811174697773,0.27968082092396046,0.9431057563587684,0.9419177174568176,0.9786288009179576,0.6841571745863381,0.8462715105162524,0.8453131318092346,0.9353728489483748
mot_patch_small_1d-p3-bs.512-ep.100,mot_patch_small_1d,0.3,42,43,0.018553997993420463,0.2790643075019047,0.9431535666475426,0.9418952465057373,0.9785331803404093,0.6854470407985592,0.8451242829827916,0.8431150317192078,0.935755258126195
mot_patch_small_1d-p3-bs.512-ep.100,mot_patch_small_1d,0.3,42,44,0.014275942130097098,0.2782954176608954,0.9441575827117996,0.9428773522377014,0.97877223178428,0.6844006766324745,0.8458891013384321,0.8436477184295654,0.935755258126195
mot_patch_small_1d-p3-bs.512-ep.100,mot_patch_small_1d,0.3,42,45,0.010533527116762299,0.2778671435722545,0.9439185312679289,0.9426009654998779,0.9792503346720214,0.6843160421396989,0.8455066921606118,0.8443576097488403,0.9361376673040153
mot_patch_small_1d-p3-bs.512-ep.100,mot_patch_small_1d,0.3,42,46,0.00734152255572697,0.27777266415749025,0.9440141518454771,0.9427250623703003,0.9790590935169249,0.6841481320032882,0.848565965583174,0.8479229211807251,0.935755258126195
mot_patch_small_1d-p3-bs.512-ep.100,mot_patch_small_1d,0.3,42,47,0.004712525830705355,0.27754915647420997,0.9441097724230254,0.9427395462989807,0.9791547140944731,0.684135152550546,0.847036328871893,0.8456270694732666,0.9365200764818356
mot_patch_small_1d-p3-bs.512-ep.100,mot_patch_small_1d,0.3,42,48,0.0026569123906966916,0.2775004863465441,0.944301013578122,0.942959725856781,0.9792025243832473,0.6843399857471824,0.847036328871893,0.8459489345550537,0.9361376673040153
mot_patch_small_1d-p3-bs.512-ep.100,mot_patch_small_1d,0.3,42,49,0.001182794802828335,0.27744668381326765,0.9443488238668961,0.9429926872253418,0.9792025243832473,0.6842630842219803,0.8466539196940727,0.8456548452377319,0.9365200764818356
mot_patch_small_1d-p3-bs.512-ep.100,mot_patch_small_1d,0.3,42,50,0.0002959907357592661,0.27743914141484444,0.9442532032893479,0.942901611328125,0.9792025243832473,0.6842592687953271,0.8466539196940727,0.8456548452377319,0.9365200764818356
mot_patch_small_1d-p3-bs.512-ep.100,mot_patch_small_1d,0.5,42,1,0.5,1.2886360126144458,0.7117517689806846,0.7082383632659912,0.8699560145343278,1.5437318608592163,0.6711281070745698,0.6758204698562622,0.8413001912045889
mot_patch_small_1d-p3-bs.512-ep.100,mot_patch_small_1d,0.5,42,2,0.4995066821070679,0.9578771412452382,0.780837636259323,0.7742589712142944,0.9034232166762287,1.174169873370723,0.745697896749522,0.744879961013794,0.8814531548757171
mot_patch_small_1d-p3-bs.512-ep.100,mot_patch_small_1d,0.5,42,3,0.4980286753286195,0.8438646507482042,0.7995792694587875,0.7992357611656189,0.9191528016829221,1.1028378481162893,0.7502868068833652,0.7535871267318726,0.897131931166348
mot_patch_small_1d-p3-bs.512-ep.100,mot_patch_small_1d,0.5,42,4,0.4955718126821722,0.8096995194114674,0.807037674507554,0.8064981698989868,0.9234557276725951,1.1113718131304242,0.7537284894837476,0.7574833035469055,0.8898661567877629
mot_patch_small_1d-p3-bs.512-ep.100,mot_patch_small_1d,0.5,42,5,0.49214579028215777,0.7462496010653944,0.8262096003059859,0.8249922394752502,0.9299101166571047,1.07070674203322,0.7717017208413002,0.7748772501945496,0.897131931166348
mot_patch_small_1d-p3-bs.512-ep.100,mot_patch_small_1d,0.5,42,6,0.4877641290737884,0.6759041676582399,0.8308471983170779,0.8312233090400696,0.9413367756741251,1.0149498744402972,0.7694072657743786,0.7701650261878967,0.9105162523900574
mot_patch_small_1d-p3-bs.512-ep.100,mot_patch_small_1d,0.5,42,7,0.48244412147206284,0.669063423121721,0.8387837062535858,0.8390960693359375,0.9383725377701281,1.014817998969988,0.7873804971319311,0.7862722873687744,0.9070745697896749
mot_patch_small_1d-p3-bs.512-ep.100,mot_patch_small_1d,0.5,42,8,0.4762067631165049,0.5993552613746234,0.8492063492063492,0.8454623222351074,0.9478389749474087,0.986071997618812,0.7847036328871893,0.7865704298019409,0.9116634799235181
mot_patch_small_1d-p3-bs.512-ep.100,mot_patch_small_1d,0.5,42,9,0.46907667001096587,0.6087328967730752,0.856425702811245,0.8565455675125122,0.9430579460699943,0.9943295947452349,0.7912045889101338,0.7940499782562256,0.9093690248565965
mot_patch_small_1d-p3-bs.512-ep.100,mot_patch_small_1d,0.5,42,10,0.46108198137550377,0.5472793400367421,0.8587205966724039,0.8583570718765259,0.9507075922738574,0.961364106420805,0.7954110898661568,0.7970716953277588,0.9131931166347992
mot_patch_small_1d-p3-bs.512-ep.100,mot_patch_small_1d,0.5,42,11,0.45225424859373686,0.5034318377899153,0.8687129470262,0.8669818043708801,0.9568273092369478,0.896073420508186,0.8026768642447418,0.8010581731796265,0.920076481835564
mot_patch_small_1d-p3-bs.512-ep.100,mot_patch_small_1d,0.5,42,12,0.4426283106939473,0.4981546658223937,0.8732071141709696,0.8736577033996582,0.9564926372155288,0.9284064808949458,0.8015296367112811,0.8015137314796448,0.9173996175908222
mot_patch_small_1d-p3-bs.512-ep.100,mot_patch_small_1d,0.5,42,13,0.4322421568553529,0.5023819923765642,0.872011856951616,0.871493399143219,0.958883151654236,0.9176514342911612,0.8011472275334608,0.8026845455169678,0.920076481835564
mot_patch_small_1d-p3-bs.512-ep.100,mot_patch_small_1d,0.5,42,14,0.4211367764821722,0.4816343749223783,0.8763625932300632,0.8754026889801025,0.9581181870338497,0.9176386225975722,0.807265774378585,0.806000828742981,0.9204588910133843
mot_patch_small_1d-p3-bs.512-ep.100,mot_patch_small_1d,0.5,42,15,0.40935599743717244,0.43235502691701166,0.8870242876266973,0.8859321475028992,0.9644291451520367,0.8663149835502668,0.815678776290631,0.8150495290756226,0.9254302103250478
mot_patch_small_1d-p3-bs.512-ep.100,mot_patch_small_1d,0.5,42,16,0.39694631307311834,0.4411287608669191,0.888267355134825,0.8886754512786865,0.9617039586919105,0.9211449792690533,0.8141491395793499,0.8180890083312988,0.9124282982791587
mot_patch_small_1d-p3-bs.512-ep.100,mot_patch_small_1d,0.5,42,17,0.38395669874474914,0.45227641597900275,0.8919487473704342,0.8897104859352112,0.9606999426276535,0.9157149612105827,0.8126195028680688,0.812666118144989,0.9208413001912046
mot_patch_small_1d-p3-bs.512-ep.100,mot_patch_small_1d,0.5,42,18,0.3704384185254288,0.3519200459792341,0.9098297953719641,0.9081996083259583,0.9705966724039014,0.8107657087920501,0.8309751434034417,0.8292914032936096,0.9254302103250478
mot_patch_small_1d-p3-bs.512-ep.100,mot_patch_small_1d,0.5,42,19,0.35644482289126816,0.38224679257861055,0.898211895199847,0.8979802131652832,0.9685886402753873,0.8432410165411108,0.8240917782026769,0.8242729306221008,0.924282982791587
mot_patch_small_1d-p3-bs.512-ep.100,mot_patch_small_1d,0.5,42,20,0.34203113817116954,0.35624848389675706,0.9054312488047428,0.9033766984939575,0.9711703958691911,0.8240801838570297,0.8233269598470363,0.8216301202774048,0.9334608030592734
mot_patch_small_1d-p3-bs.512-ep.100,mot_patch_small_1d,0.5,42,21,0.32725424859373686,0.3499334275688307,0.9086823484413846,0.9070457220077515,0.9711703958691911,0.8098221386823782,0.8248565965583174,0.8228275775909424,0.9323135755258126
mot_patch_small_1d-p3-bs.512-ep.100,mot_patch_small_1d,0.5,42,22,0.31217247179121366,0.356753378211711,0.9066265060240963,0.9067502617835999,0.9706444826926754,0.8201418947763243,0.8260038240917782,0.8267980217933655,0.9288718929254303
mot_patch_small_1d-p3-bs.512-ep.100,mot_patch_small_1d,0.5,42,23,0.2968453286464312,0.36771207932738326,0.9029451137884873,0.902424693107605,0.9725568942436412,0.8451489216966793,0.8202676864244742,0.819068431854248,0.9311663479923518
mot_patch_small_1d-p3-bs.512-ep.100,mot_patch_small_1d,0.5,42,24,0.2813333083910761,0.3151150772005724,0.9172882004207306,0.9166027903556824,0.9741824440619621,0.8091217558880837,0.827151051625239,0.8265473246574402,0.9304015296367113
mot_patch_small_1d-p3-bs.512-ep.100,mot_patch_small_1d,0.5,42,25,0.26569762988232837,0.29541921031978896,0.9248900363358195,0.9236147403717041,0.9759992350353797,0.7861924953715979,0.837093690248566,0.8375539183616638,0.9319311663479923
mot_patch_small_1d-p3-bs.512-ep.100,mot_patch_small_1d,0.5,42,26,0.25,0.3098977230821246,0.9202524383247275,0.9198554754257202,0.9764295276343469,0.7997062865452375,0.8298279158699808,0.8316749334335327,0.931548757170172
mot_patch_small_1d-p3-bs.512-ep.100,mot_patch_small_1d,0.5,42,27,0.23430237011767166,0.28723123894751834,0.9269458787531076,0.9250066876411438,0.9768598202333142,0.789475240032714,0.8332695984703633,0.8339243531227112,0.9353728489483748
mot_patch_small_1d-p3-bs.512-ep.100,mot_patch_small_1d,0.5,42,28,0.21866669160892396,0.2951578878266653,0.9248900363358195,0.9246854186058044,0.9774335436986039,0.7941188626262016,0.8359464627151052,0.8357599377632141,0.9334608030592734
mot_patch_small_1d-p3-bs.512-ep.100,mot_patch_small_1d,0.5,42,29,0.20315467135356885,0.26992703997899614,0.9330655957161981,0.9320889115333557,0.9783419391853126,0.7750483795516122,0.8378585086042065,0.8379795551300049,0.9334608030592734
mot_patch_small_1d-p3-bs.512-ep.100,mot_patch_small_1d,0.5,42,30,0.1878275282087863,0.2610882663161423,0.9357907821763244,0.934067964553833,0.9793459552495697,0.7637978023142478,0.8374760994263862,0.8357980251312256,0.9342256214149139
mot_patch_small_1d-p3-bs.512-ep.100,mot_patch_small_1d,0.5,42,31,0.17274575140626322,0.25716158768760927,0.9381812966150316,0.9382008910179138,0.9795371964046663,0.75751036138881,0.837093690248566,0.8353039026260376,0.9319311663479923
mot_patch_small_1d-p3-bs.512-ep.100,mot_patch_small_1d,0.5,42,32,0.15796886182883058,0.25385612957243664,0.9365557467967106,0.9359368085861206,0.9809715050678907,0.7573617661660306,0.837093690248566,0.8374318480491638,0.9346080305927342
mot_patch_small_1d-p3-bs.512-ep.100,mot_patch_small_1d,0.5,42,33,0.14355517710873184,0.24391557226948857,0.942962325492446,0.941975474357605,0.9811149359342131,0.7558961463476003,0.8382409177820268,0.8375211358070374,0.9334608030592734
mot_patch_small_1d-p3-bs.512-ep.100,mot_patch_small_1d,0.5,42,34,0.12956158147457114,0.2399000010815969,0.9447313061770893,0.9438283443450928,0.9812105565117614,0.7481654048649804,0.8390057361376673,0.8381243348121643,0.9346080305927342
mot_patch_small_1d-p3-bs.512-ep.100,mot_patch_small_1d,0.5,42,35,0.11604330125525078,0.23851668043605317,0.9442053930005737,0.9430375695228577,0.9828361063300822,0.7390490727032576,0.8458891013384321,0.8452612161636353,0.9349904397705545
mot_patch_small_1d-p3-bs.512-ep.100,mot_patch_small_1d,0.5,42,36,0.10305368692688174,0.23507414996726583,0.9461656148403136,0.9451534152030945,0.9828361063300822,0.7353221142041295,0.8458891013384321,0.846693217754364,0.9369024856596558
mot_patch_small_1d-p3-bs.512-ep.100,mot_patch_small_1d,0.5,42,37,0.09064400256282756,0.2296224433346674,0.9493689041881813,0.9488189220428467,0.9829317269076305,0.744123442815777,0.8458891013384321,0.8438856601715088,0.9361376673040153
mot_patch_small_1d-p3-bs.512-ep.100,mot_patch_small_1d,0.5,42,38,0.07886322351782782,0.22305735741092042,0.9519506597819851,0.9505606889724731,0.9834576400841462,0.7310874238752726,0.8455066921606118,0.8436699509620667,0.9391969407265774
mot_patch_small_1d-p3-bs.512-ep.100,mot_patch_small_1d,0.5,42,39,0.06775784314464717,0.22269915969040316,0.9511378848728246,0.9502873420715332,0.9834576400841462,0.7261887289597929,0.847036328871893,0.8447312712669373,0.9384321223709369
mot_patch_small_1d-p3-bs.512-ep.100,mot_patch_small_1d,0.5,42,40,0.057371689306052714,0.22002160597039036,0.9531459170013387,0.9521048069000244,0.9835532606616944,0.7297686006097447,0.8424474187380497,0.8415938019752502,0.9365200764818356
mot_patch_small_1d-p3-bs.512-ep.100,mot_patch_small_1d,0.5,42,41,0.047745751406263165,0.21931367204074856,0.952906865557468,0.9518594145774841,0.9839357429718876,0.7321365451265703,0.8478011472275334,0.8463828563690186,0.9353728489483748
mot_patch_small_1d-p3-bs.512-ep.100,mot_patch_small_1d,0.5,42,42,0.03891801862449629,0.21703754485417195,0.954914897685982,0.9541369676589966,0.9838401223943393,0.7254728962768788,0.8497131931166348,0.8495039343833923,0.9346080305927342
mot_patch_small_1d-p3-bs.512-ep.100,mot_patch_small_1d,0.5,42,43,0.030923329989034104,0.21646922080141565,0.9550105182635303,0.9541824460029602,0.984413845859629,0.7291165076523848,0.8478011472275334,0.8459786772727966,0.9365200764818356
mot_patch_small_1d-p3-bs.512-ep.100,mot_patch_small_1d,0.5,42,44,0.02379323688349516,0.21519791370916375,0.9559667240390132,0.9550942778587341,0.98407917383821,0.7251143738143074,0.848565965583174,0.8476797342300415,0.9365200764818356
mot_patch_small_1d-p3-bs.512-ep.100,mot_patch_small_1d,0.5,42,45,0.017555878527937163,0.21464738811172657,0.9553451902849494,0.954435408115387,0.984413845859629,0.7251983817631155,0.8489483747609943,0.8478755950927734,0.9349904397705545
mot_patch_small_1d-p3-bs.512-ep.100,mot_patch_small_1d,0.5,42,46,0.012235870926211617,0.21453992202008834,0.9557754828839167,0.954933762550354,0.9843660355708549,0.7249471850422554,0.8504780114722753,0.8495798707008362,0.9361376673040153
mot_patch_small_1d-p3-bs.512-ep.100,mot_patch_small_1d,0.5,42,47,0.007854209717842259,0.21421236589730505,0.9557754828839167,0.9548798203468323,0.9847007075922739,0.7248662551092144,0.8516252390057362,0.850726306438446,0.935755258126195
mot_patch_small_1d-p3-bs.512-ep.100,mot_patch_small_1d,0.5,42,48,0.00442818731782782,0.2141539506096985,0.9554408108624977,0.9546215534210205,0.9845094664371773,0.7253621015676349,0.8512428298279159,0.8501965999603271,0.9361376673040153
mot_patch_small_1d-p3-bs.512-ep.100,mot_patch_small_1d,0.5,42,49,0.0019713246713805588,0.2140562009072755,0.9554408108624977,0.9545568823814392,0.9846050870147256,0.725094920317028,0.8508604206500956,0.8499263525009155,0.935755258126195
mot_patch_small_1d-p3-bs.512-ep.100,mot_patch_small_1d,0.5,42,50,0.0004933178929321103,0.21404604315415784,0.9554886211512718,0.9546135067939758,0.9846050870147256,0.7250946985831908,0.8508604206500956,0.8499263525009155,0.9353728489483748
mot_patch_small_1d-p3-bs.512-ep.100,mot_patch_small_1d,0.7,42,1,0.7,1.6961843049601446,0.6848345764008414,0.6824661493301392,0.8483457640084147,2.0668441101424326,0.648565965583174,0.6566959619522095,0.8198852772466539
mot_patch_small_1d-p3-bs.512-ep.100,mot_patch_small_1d,0.7,42,2,0.699309354949895,1.3384105363569698,0.7459839357429718,0.7398015856742859,0.887263339070568,1.642700398082259,0.7166347992351817,0.7135781645774841,0.8630975143403442
mot_patch_small_1d-p3-bs.512-ep.100,mot_patch_small_1d,0.7,42,3,0.6972401454600672,1.0554831932142283,0.7814591700133868,0.7817333340644836,0.9113119143239625,1.3684190462013959,0.7353728489483747,0.7412851452827454,0.8879541108986616
mot_patch_small_1d-p3-bs.512-ep.100,mot_patch_small_1d,0.7,42,4,0.6938005377550409,0.998774607292346,0.7942723274048575,0.7948114275932312,0.9157104608911838,1.3820764888085098,0.7453154875717017,0.7521674633026123,0.8810707456978968
mot_patch_small_1d-p3-bs.512-ep.100,mot_patch_small_1d,0.7,42,5,0.6890041063950206,0.9291937821315839,0.8150698030216103,0.8144550919532776,0.9198221457257602,1.3378191435542206,0.7636711281070746,0.7681751847267151,0.8910133843212237
mot_patch_small_1d-p3-bs.512-ep.100,mot_patch_small_1d,0.7,42,6,0.6828697807033035,0.8245906903698604,0.8168387837062536,0.8172460198402405,0.9355995410212278,1.2462586484949174,0.7652007648183556,0.7678468227386475,0.902868068833652
mot_patch_small_1d-p3-bs.512-ep.100,mot_patch_small_1d,0.7,42,7,0.6754217700608878,0.8217368055698543,0.8244406196213425,0.8226250410079956,0.932348441384586,1.2474510995197479,0.778585086042065,0.7744840979576111,0.8982791586998088
mot_patch_small_1d-p3-bs.512-ep.100,mot_patch_small_1d,0.7,42,8,0.6666894683631067,0.7376359402278477,0.8359628992159113,0.833441972732544,0.9412411550965768,1.2339543825809631,0.7766730401529637,0.7797473073005676,0.9036328871892926
mot_patch_small_1d-p3-bs.512-ep.100,mot_patch_small_1d,0.7,42,9,0.6567073380153521,0.7008722137141853,0.8534136546184738,0.851935625076294,0.9423886020271562,1.1855372733413376,0.7858508604206501,0.7903980016708374,0.9093690248565965
mot_patch_small_1d-p3-bs.512-ep.100,mot_patch_small_1d,0.7,42,10,0.6455147739257051,0.6814559534189235,0.8460508701472557,0.8475835919380188,0.9447791164658634,1.2025307897855857,0.7816443594646272,0.7855900526046753,0.9089866156787763
mot_patch_small_1d-p3-bs.512-ep.100,mot_patch_small_1d,0.7,42,11,0.6331559480312314,0.6214318378497364,0.8529355517307324,0.8515471816062927,0.9538152610441767,1.1164406362500747,0.7869980879541109,0.7852723598480225,0.9166347992351817
mot_patch_small_1d-p3-bs.512-ep.100,mot_patch_small_1d,0.7,42,12,0.619679634971526,0.5878689491080836,0.8616370242876267,0.8618670701980591,0.9553930005737234,1.1319699187123753,0.7858508604206501,0.7868930101394653,0.9177820267686424
mot_patch_small_1d-p3-bs.512-ep.100,mot_patch_small_1d,0.7,42,13,0.6051390195974938,0.606325003265947,0.8586727863836298,0.8577550649642944,0.954580225664563,1.1263130618326977,0.790057361376673,0.7923925518989563,0.9177820267686424
mot_patch_small_1d-p3-bs.512-ep.100,mot_patch_small_1d,0.7,42,14,0.5895914870750408,0.5852507726027693,0.8647925033467202,0.8636772632598877,0.9537674507554026,1.1236962451533652,0.7969407265774379,0.7953994870185852,0.9147227533460803
mot_patch_small_1d-p3-bs.512-ep.100,mot_patch_small_1d,0.7,42,15,0.5730983964120412,0.4894491399216775,0.8794702620003825,0.8788307905197144,0.9632816982214573,1.038267020376873,0.8049713193116634,0.804270327091217,0.9231357552581262
mot_patch_small_1d-p3-bs.512-ep.100,mot_patch_small_1d,0.7,42,16,0.5557248383023655,0.46539625143042757,0.8826735513482501,0.8832296133041382,0.9628035953337158,1.0717036580948256,0.8049713193116634,0.8100024461746216,0.9108986615678776
mot_patch_small_1d-p3-bs.512-ep.100,mot_patch_small_1d,0.7,42,17,0.5375393782426486,0.518217700233102,0.8827691719257984,0.8808222413063049,0.9594090648307516,1.113373832629698,0.8011472275334608,0.8008493185043335,0.9208413001912046
mot_patch_small_1d-p3-bs.512-ep.100,mot_patch_small_1d,0.7,42,18,0.5186137859356001,0.3871392255350107,0.9028973034997131,0.9006573557853699,0.9699751386498374,0.9647643014532202,0.8202676864244742,0.8182710409164429,0.924282982791587
mot_patch_small_1d-p3-bs.512-ep.100,mot_patch_small_1d,0.7,42,19,0.49902275204777524,0.45024895125444,0.8854943583859246,0.8863493204116821,0.9664371772805508,1.0213020966568138,0.815678776290631,0.8147905468940735,0.9231357552581262
mot_patch_small_1d-p3-bs.512-ep.100,mot_patch_small_1d,0.7,42,20,0.47884359343963717,0.3977950997643499,0.8967775865366227,0.8951928615570068,0.9703098106712564,0.9794066347082077,0.8168260038240918,0.8171569108963013,0.9304015296367113
mot_patch_small_1d-p3-bs.512-ep.100,mot_patch_small_1d,0.7,42,21,0.45815594803123144,0.3641167854255097,0.9072480397781603,0.9066520929336548,0.9707879135589979,0.9301073821963133,0.8248565965583174,0.8240070343017578,0.9281070745697897
mot_patch_small_1d-p3-bs.512-ep.100,mot_patch_small_1d,0.7,42,22,0.437041460507699,0.38349072375564736,0.9027060623446166,0.9031431078910828,0.9700707592273857,0.9620673899896742,0.8256214149139579,0.8267195224761963,0.92848948374761
mot_patch_small_1d-p3-bs.512-ep.100,mot_patch_small_1d,0.7,42,23,0.4155834601050035,0.38765995195614583,0.9001243067508128,0.8997234106063843,0.9720787913558998,0.989729379103243,0.8130019120458891,0.8119291067123413,0.930019120458891
mot_patch_small_1d-p3-bs.512-ep.100,mot_patch_small_1d,0.7,42,24,0.3938666317475064,0.3252021272863205,0.9154235991585389,0.9149088859558105,0.9739433926180914,0.9443703821010845,0.817208413001912,0.8152105808258057,0.9288718929254303
mot_patch_small_1d-p3-bs.512-ep.100,mot_patch_small_1d,0.7,42,25,0.37197668183525956,0.28899168311626283,0.9239816408491107,0.9227403998374939,0.9774335436986039,0.903090486836479,0.832887189292543,0.8320144414901733,0.9304015296367113
mot_patch_small_1d-p3-bs.512-ep.100,mot_patch_small_1d,0.7,42,26,0.34999999999999987,0.3049682971737676,0.9203002486135016,0.9203053116798401,0.9770988716771849,0.9152200490977067,0.8252390057361376,0.8268865942955017,0.931548757170172
mot_patch_small_1d-p3-bs.512-ep.100,mot_patch_small_1d,0.7,42,27,0.3280233181647402,0.27858013896099537,0.9248900363358195,0.9231537580490112,0.9792503346720214,0.9063227491214672,0.8302103250478011,0.8293169140815735,0.9326959847036329
mot_patch_small_1d-p3-bs.512-ep.100,mot_patch_small_1d,0.7,42,28,0.3061333682524934,0.28227940848644706,0.927376171352075,0.9279078841209412,0.9784853700516352,0.909221185279394,0.8275334608030592,0.8281726837158203,0.9330783938814532
mot_patch_small_1d-p3-bs.512-ep.100,mot_patch_small_1d,0.7,42,29,0.28441653989499627,0.2618095484489372,0.9303404092560719,0.9291486144065857,0.9803021610250526,0.890007005184604,0.8298279158699808,0.8311490416526794,0.9342256214149139
mot_patch_small_1d-p3-bs.512-ep.100,mot_patch_small_1d,0.7,42,30,0.2629585394923007,0.2380888293363506,0.938659399502773,0.936869740486145,0.9820233314209218,0.8574018007938539,0.834416826003824,0.8325037360191345,0.9349904397705545
mot_patch_small_1d-p3-bs.512-ep.100,mot_patch_small_1d,0.7,42,31,0.2418440519687684,0.23863140427375482,0.9400937081659974,0.940220057964325,0.9814017976668579,0.8557178227441032,0.832887189292543,0.8313336372375488,0.9326959847036329
mot_patch_small_1d-p3-bs.512-ep.100,mot_patch_small_1d,0.7,42,32,0.2211564065603627,0.22779668793210475,0.9405718110537388,0.9399966597557068,0.9833142092178236,0.8549127961663854,0.8340344168260039,0.8354431986808777,0.9346080305927342
mot_patch_small_1d-p3-bs.512-ep.100,mot_patch_small_1d,0.7,42,33,0.20097724795222446,0.21599865657327097,0.9450659781985083,0.9445277452468872,0.9841269841269841,0.8490055806322262,0.834416826003824,0.8335916996002197,0.9330783938814532
mot_patch_small_1d-p3-bs.512-ep.100,mot_patch_small_1d,0.7,42,34,0.1813862140643995,0.20913375648218396,0.9484126984126984,0.9479416608810425,0.9847963281698221,0.8375036119275066,0.8321223709369024,0.8325178623199463,0.935755258126195
mot_patch_small_1d-p3-bs.512-ep.100,mot_patch_small_1d,0.7,42,35,0.16246062175735101,0.20538975098639653,0.9508510231401798,0.950020432472229,0.9852266207687894,0.8223771366972769,0.84282982791587,0.842345118522644,0.9353728489483748
mot_patch_small_1d-p3-bs.512-ep.100,mot_patch_small_1d,0.7,42,36,0.14427516169763435,0.2001988951164533,0.9526200038248231,0.9518237113952637,0.984748517881048,0.8194951540653382,0.838623326959847,0.8399854302406311,0.9365200764818356
mot_patch_small_1d-p3-bs.512-ep.100,mot_patch_small_1d,0.7,42,37,0.12690160358795852,0.19582796675863903,0.9546280359533371,0.9543108940124512,0.9853700516351118,0.830002539290069,0.8413001912045889,0.839535117149353,0.9372848948374761
mot_patch_small_1d-p3-bs.512-ep.100,mot_patch_small_1d,0.7,42,38,0.11040851292495889,0.18665699015887477,0.9585962899215911,0.9576440453529358,0.9862306368330465,0.8098829185529604,0.8447418738049713,0.8442833423614502,0.9388145315487572
mot_patch_small_1d-p3-bs.512-ep.100,mot_patch_small_1d,0.7,42,39,0.09486098040250598,0.1869629509568921,0.9568751195257219,0.9563571214675903,0.9868043602983362,0.8105764728203331,0.8413001912045889,0.8387835621833801,0.9391969407265774
mot_patch_small_1d-p3-bs.512-ep.100,mot_patch_small_1d,0.7,42,40,0.08032036502847376,0.18292784535832424,0.9605087014725568,0.9598683714866638,0.9871390323197552,0.8117774700799362,0.8390057361376673,0.8385599255561829,0.9376673040152964
mot_patch_small_1d-p3-bs.512-ep.100,mot_patch_small_1d,0.7,42,41,0.06684405196876839,0.18166341328397492,0.959552495697074,0.9587650299072266,0.9871390323197552,0.8136913671548235,0.8455066921606118,0.8442285060882568,0.9365200764818356
mot_patch_small_1d-p3-bs.512-ep.100,mot_patch_small_1d,0.7,42,42,0.05448522607429477,0.1790980584627357,0.9618951998470071,0.9614341259002686,0.9873780837636259,0.8060783933271186,0.8455066921606118,0.8449823260307312,0.935755258126195
mot_patch_small_1d-p3-bs.512-ep.100,mot_patch_small_1d,0.7,42,43,0.04329266198464772,0.1784597731475553,0.9615605278255881,0.9611164927482605,0.9873780837636259,0.8120270409957857,0.8447418738049713,0.8428833484649658,0.9372848948374761
mot_patch_small_1d-p3-bs.512-ep.100,mot_patch_small_1d,0.7,42,44,0.03331053163689321,0.17659628119972975,0.9627079747561675,0.9622909426689148,0.9879039969401415,0.8045288786149618,0.8466539196940727,0.8455761671066284,0.9361376673040153
mot_patch_small_1d-p3-bs.512-ep.100,mot_patch_small_1d,0.7,42,45,0.024578229939112014,0.1759313567233236,0.9628514056224899,0.9623110294342041,0.9879039969401415,0.8051434912599523,0.8455066921606118,0.8442332744598389,0.9353728489483748
mot_patch_small_1d-p3-bs.512-ep.100,mot_patch_small_1d,0.7,42,46,0.017130219296696253,0.17572499174168016,0.9628035953337158,0.9622480869293213,0.9878083763625932,0.8047895850916438,0.8443594646271511,0.8432627320289612,0.9365200764818356
mot_patch_small_1d-p3-bs.512-ep.100,mot_patch_small_1d,0.7,42,47,0.010995893604979155,0.17535776694387706,0.9627079747561675,0.9620072245597839,0.9877127557850449,0.8046061003413301,0.8451242829827916,0.8432738780975342,0.9361376673040153
mot_patch_small_1d-p3-bs.512-ep.100,mot_patch_small_1d,0.7,42,48,0.006199462244958943,0.17527015050981806,0.9625645438898451,0.9619432687759399,0.9879996175176898,0.8053982269695567,0.8443594646271511,0.8424571752548218,0.9361376673040153
mot_patch_small_1d-p3-bs.512-ep.100,mot_patch_small_1d,0.7,42,49,0.0027598545399327803,0.17514759063903085,0.9629948364888123,0.9623700976371765,0.9878083763625932,0.8049408965539294,0.8443594646271511,0.8424571752548218,0.9361376673040153
mot_patch_small_1d-p3-bs.512-ep.100,mot_patch_small_1d,0.7,42,50,0.0006906450501049539,0.17513480143602683,0.963186077643909,0.9625803232192993,0.9878083763625932,0.8049494464356403,0.8443594646271511,0.8424571752548218,0.9361376673040153
mot_patch_small_1d-p3-bs.512-ep.100,mot_patch_small_1d,1.0,42,1,1.0,2.3793286148278474,0.6615509657678332,0.6590391397476196,0.8364888123924269,2.833090498798436,0.6248565965583174,0.6283763647079468,0.8080305927342256
mot_patch_small_1d-p3-bs.512-ep.100,mot_patch_small_1d,1.0,42,2,0.9990133642141358,1.680178654857292,0.739051443870721,0.7325371503829956,0.8913750239051443,2.0474915316638254,0.7120458891013385,0.7078487873077393,0.8630975143403442
mot_patch_small_1d-p3-bs.512-ep.100,mot_patch_small_1d,1.0,42,3,0.996057350657239,1.5734606670088558,0.7548288391661886,0.7555637359619141,0.8953910881621725,2.0812525222223988,0.6994263862332696,0.7032854557037354,0.8653919694072658
mot_patch_small_1d-p3-bs.512-ep.100,mot_patch_small_1d,1.0,42,4,0.9911436253643444,1.456246438047402,0.7673551348250144,0.7678616046905518,0.9074392809332569,1.9689961799927924,0.7189292543021033,0.721088707447052,0.8722753346080306
mot_patch_small_1d-p3-bs.512-ep.100,mot_patch_small_1d,1.0,42,5,0.9842915805643155,1.2784412885218328,0.8000095620577549,0.7997068762779236,0.9210652132338879,1.8743809789362191,0.7518164435946463,0.7539100050926208,0.8868068833652007
mot_patch_small_1d-p3-bs.512-ep.100,mot_patch_small_1d,1.0,42,6,0.9755282581475768,1.1780267494042622,0.8013482501434309,0.8035597801208496,0.928045515394913,1.741410131800927,0.7418738049713193,0.7439559102058411,0.8963671128107075
mot_patch_small_1d-p3-bs.512-ep.100,mot_patch_small_1d,1.0,42,7,0.9648882429441257,1.2295041318650135,0.8005832855230446,0.7990734577178955,0.9212086441002104,1.8559533011616987,0.7472275334608031,0.7457836866378784,0.8818355640535372
mot_patch_small_1d-p3-bs.512-ep.100,mot_patch_small_1d,1.0,42,8,0.9524135262330098,1.0364744339966825,0.8223847772040543,0.8181161284446716,0.9347389558232931,1.7394392549649706,0.7571701720841301,0.7599080801010132,0.8982791586998088
mot_patch_small_1d-p3-bs.512-ep.100,mot_patch_small_1d,1.0,42,9,0.9381533400219317,0.8743163526662336,0.8449034232166762,0.8432155847549438,0.9418626888506406,1.499458400514796,0.7862332695984704,0.788664698600769,0.9070745697896749
mot_patch_small_1d-p3-bs.512-ep.100,mot_patch_small_1d,1.0,42,10,0.9221639627510075,0.9982736174976833,0.8270223752151463,0.8286792039871216,0.9361732644865175,1.7407592102400888,0.7609942638623327,0.7664892077445984,0.9040152963671129
mot_patch_small_1d-p3-bs.512-ep.100,mot_patch_small_1d,1.0,42,11,0.9045084971874737,0.8170065080077682,0.8477242302543507,0.8453180193901062,0.9503251099636641,1.4597633434755168,0.7812619502868069,0.7798894643783569,0.9120458891013384
mot_patch_small_1d-p3-bs.512-ep.100,mot_patch_small_1d,1.0,42,12,0.8852566213878946,0.789278027750972,0.8527443105756358,0.8533784747123718,0.9500382482310193,1.560606184425135,0.7827915869980879,0.7836971879005432,0.9078393881453155
mot_patch_small_1d-p3-bs.512-ep.100,mot_patch_small_1d,1.0,42,13,0.8644843137107058,0.8317101404347277,0.8453337158156435,0.8439947366714478,0.9511378848728246,1.5724514051331617,0.778585086042065,0.7804943919181824,0.9101338432122371
mot_patch_small_1d-p3-bs.512-ep.100,mot_patch_small_1d,1.0,42,14,0.8422735529643444,0.8067398687739472,0.8520271562440237,0.8503584861755371,0.9500382482310193,1.5741090924060595,0.7877629063097514,0.7851060628890991,0.9089866156787763
mot_patch_small_1d-p3-bs.512-ep.100,mot_patch_small_1d,1.0,42,15,0.8187119948743449,0.6791932455643934,0.8654618473895582,0.8644992113113403,0.9577357047236565,1.4141487705092128,0.8,0.7986057996749878,0.9177820267686424
mot_patch_small_1d-p3-bs.512-ep.100,mot_patch_small_1d,1.0,42,16,0.7938926261462367,0.6699805225963961,0.866370242876267,0.8655855655670166,0.9586441002103653,1.473998565382073,0.7892925430210325,0.7923227548599243,0.9147227533460803
mot_patch_small_1d-p3-bs.512-ep.100,mot_patch_small_1d,1.0,42,17,0.7679133974894983,0.6877793726808916,0.8722509083954867,0.8708570003509521,0.9555842417288201,1.5187700464894165,0.7919694072657744,0.7921199202537537,0.912810707456979
mot_patch_small_1d-p3-bs.512-ep.100,mot_patch_small_1d,1.0,42,18,0.7408768370508576,0.5202554449977645,0.8894148020654045,0.887099027633667,0.9659112641040352,1.3117945041984718,0.8080305927342256,0.806210994720459,0.920076481835564
mot_patch_small_1d-p3-bs.512-ep.100,mot_patch_small_1d,1.0,42,19,0.7128896457825363,0.5812596644651231,0.8771275578504494,0.8764961361885071,0.9641422834193919,1.367549500912143,0.8068833652007649,0.8050268292427063,0.9219885277246654
mot_patch_small_1d-p3-bs.512-ep.100,mot_patch_small_1d,1.0,42,20,0.6840622763423391,0.5320484749011042,0.8847772040543125,0.8838708400726318,0.9661503155479059,1.3199762902341883,0.8068833652007649,0.8063933849334717,0.9250478011472275
mot_patch_small_1d-p3-bs.512-ep.100,mot_patch_small_1d,1.0,42,21,0.6545084971874737,0.4517832660930383,0.9005067890610059,0.8995532989501953,0.968827691719258,1.2247498244218116,0.8152963671128107,0.8132489919662476,0.9258126195028681
mot_patch_small_1d-p3-bs.512-ep.100,mot_patch_small_1d,1.0,42,22,0.6243449435824273,0.4899932319107099,0.8942436412315931,0.8947446346282959,0.9672021419009371,1.2776609796410994,0.8191204588910134,0.8213528990745544,0.9246653919694072
mot_patch_small_1d-p3-bs.512-ep.100,mot_patch_small_1d,1.0,42,23,0.5936906572928624,0.4422023459131938,0.9007458405048766,0.8999427556991577,0.9719831707783515,1.266411026030152,0.8061185468451243,0.8048136234283447,0.9288718929254303
mot_patch_small_1d-p3-bs.512-ep.100,mot_patch_small_1d,1.0,42,24,0.5626666167821522,0.3798932508474829,0.9094473130617708,0.9093627333641052,0.9731784279977052,1.2257479826305382,0.8091778202676865,0.8066063523292542,0.924282982791587
mot_patch_small_1d-p3-bs.512-ep.100,mot_patch_small_1d,1.0,42,25,0.5313952597646567,0.32842232479285866,0.9179575444635686,0.9161161780357361,0.9766685790782176,1.172880269738046,0.8187380497131931,0.8165479898452759,0.930019120458891
mot_patch_small_1d-p3-bs.512-ep.100,mot_patch_small_1d,1.0,42,26,0.5,0.33495736199643605,0.9178619238860203,0.9177935719490051,0.9774813539873781,1.164791671723754,0.8206500956022944,0.8227203488349915,0.931548757170172
mot_patch_small_1d-p3-bs.512-ep.100,mot_patch_small_1d,1.0,42,27,0.4686047402353433,0.31017973350507394,0.9204914897685982,0.9187072515487671,0.979106903805699,1.1671532370164335,0.8244741873804972,0.8227977156639099,0.9304015296367113
mot_patch_small_1d-p3-bs.512-ep.100,mot_patch_small_1d,1.0,42,28,0.4373333832178479,0.2972780603549977,0.9271371199082042,0.9275733232498169,0.978437559762861,1.1586499420224368,0.8244741873804972,0.8258464336395264,0.9311663479923518
mot_patch_small_1d-p3-bs.512-ep.100,mot_patch_small_1d,1.0,42,29,0.4063093427071377,0.27873926081559836,0.9283323771275579,0.927297055721283,0.9808280742015681,1.1326713014971002,0.8248565965583174,0.8268815875053406,0.9334608030592734
mot_patch_small_1d-p3-bs.512-ep.100,mot_patch_small_1d,1.0,42,30,0.3756550564175726,0.23679737307004478,0.939998087588449,0.9381476044654846,0.9826448651749856,1.0695509697237617,0.8298279158699808,0.8287506103515625,0.9361376673040153
mot_patch_small_1d-p3-bs.512-ep.100,mot_patch_small_1d,1.0,42,31,0.34549150281252644,0.24254216924865424,0.9387072097915471,0.9390913248062134,0.9822623828647925,1.0762790957098938,0.8279158699808795,0.8253373503684998,0.9323135755258126
mot_patch_small_1d-p3-bs.512-ep.100,mot_patch_small_1d,1.0,42,32,0.31593772365766115,0.22000188302255128,0.9427232740485753,0.9420589208602905,0.9847963281698221,1.0699207604957128,0.8282982791586998,0.8288230895996094,0.9323135755258126
mot_patch_small_1d-p3-bs.512-ep.100,mot_patch_small_1d,1.0,42,33,0.28711035421746367,0.20571978791171766,0.9457353222413464,0.9454708695411682,0.9860393956779498,1.0574626258864686,0.8321223709369024,0.8320930600166321,0.9349904397705545
mot_patch_small_1d-p3-bs.512-ep.100,mot_patch_small_1d,1.0,42,34,0.2591231629491423,0.1934769214236912,0.95027729967489,0.9500135183334351,0.9857047236565308,1.0397969787480954,0.8305927342256214,0.8299729824066162,0.9376673040152964
mot_patch_small_1d-p3-bs.512-ep.100,mot_patch_small_1d,1.0,42,35,0.23208660251050156,0.18693442608207197,0.9526200038248231,0.9520931839942932,0.9866131191432396,1.0171218171858194,0.8363288718929255,0.8363322615623474,0.9365200764818356
mot_patch_small_1d-p3-bs.512-ep.100,mot_patch_small_1d,1.0,42,36,0.2061073738537635,0.17678125307240342,0.9576878944348823,0.957212507724762,0.9871390323197552,1.0163246884172779,0.834416826003824,0.8357685208320618,0.9380497131931166
mot_patch_small_1d-p3-bs.512-ep.100,mot_patch_small_1d,1.0,42,37,0.18128800512565513,0.1731388123866636,0.9582616179001722,0.9581794142723083,0.9869477911646586,1.02909962670525,0.832887189292543,0.831367552280426,0.9380497131931166
mot_patch_small_1d-p3-bs.512-ep.100,mot_patch_small_1d,1.0,42,38,0.15772644703565564,0.16111291182111842,0.9619908204245554,0.9612390995025635,0.9882864792503346,0.9957384572658211,0.8367112810707457,0.8339430093765259,0.9407265774378585
mot_patch_small_1d-p3-bs.512-ep.100,mot_patch_small_1d,1.0,42,39,0.13551568628929433,0.16070311630084516,0.9619430101357812,0.9615499377250671,0.9884299101166572,1.0049518723788726,0.8363288718929255,0.8340540528297424,0.9384321223709369
mot_patch_small_1d-p3-bs.512-ep.100,mot_patch_small_1d,1.0,42,40,0.11474337861210543,0.15441762961035455,0.9643335245744884,0.9638622999191284,0.9888602027156244,1.0017486820257417,0.8325047801147227,0.8313702344894409,0.9365200764818356
mot_patch_small_1d-p3-bs.512-ep.100,mot_patch_small_1d,1.0,42,41,0.09549150281252633,0.15206505007989138,0.964524765729585,0.9639039635658264,0.9893383056033659,1.0030816831278755,0.8374760994263862,0.8367367386817932,0.9349904397705545
mot_patch_small_1d-p3-bs.512-ep.100,mot_patch_small_1d,1.0,42,42,0.07783603724899257,0.14967140528594453,0.9662459361254542,0.9657799601554871,0.989051443870721,0.9952103025826624,0.8355640535372849,0.8355529308319092,0.9372848948374761
mot_patch_small_1d-p3-bs.512-ep.100,mot_patch_small_1d,1.0,42,43,0.06184665997806821,0.1480672299280566,0.9669152801682922,0.9665728807449341,0.9896729776247849,1.0034114939760752,0.8359464627151052,0.8349635601043701,0.9372848948374761
mot_patch_small_1d-p3-bs.512-ep.100,mot_patch_small_1d,1.0,42,44,0.04758647376699032,0.14549069658568675,0.9677280550774526,0.9674391746520996,0.990055459934978,0.990989620872483,0.8374760994263862,0.8369465470314026,0.9372848948374761
mot_patch_small_1d-p3-bs.512-ep.100,mot_patch_small_1d,1.0,42,45,0.035111757055874326,0.14458293790775312,0.9676802447886785,0.9672405123710632,0.9902467010900746,0.9923568222308478,0.8351816443594646,0.8345655798912048,0.9369024856596558
mot_patch_small_1d-p3-bs.512-ep.100,mot_patch_small_1d,1.0,42,46,0.024471741852423234,0.14412792915822809,0.9674411933448078,0.9670466780662537,0.9902467010900746,0.9924853038605495,0.8351816443594646,0.8349981904029846,0.9372848948374761
mot_patch_small_1d-p3-bs.512-ep.100,mot_patch_small_1d,1.0,42,47,0.015708419435684517,0.14373331567848543,0.9678714859437751,0.967455267906189,0.9903423216676229,0.9920833201071044,0.8367112810707457,0.8363184332847595,0.9369024856596558
mot_patch_small_1d-p3-bs.512-ep.100,mot_patch_small_1d,1.0,42,48,0.00885637463565564,0.14360325305451396,0.9677758653662268,0.9673508405685425,0.9904379422451711,0.9933060713525484,0.8355640535372849,0.8343985676765442,0.9376673040152964
mot_patch_small_1d-p3-bs.512-ep.100,mot_patch_small_1d,1.0,42,49,0.0039426493427611176,0.14345053029256424,0.9679192962325492,0.9674609303474426,0.990390131956397,0.9925650740672708,0.8359464627151052,0.8347985744476318,0.9376673040152964
mot_patch_small_1d-p3-bs.512-ep.100,mot_patch_small_1d,1.0,42,50,0.0009866357858642205,0.1434317325218888,0.9679192962325492,0.9674732089042664,0.990390131956397,0.9925822387461909,0.8359464627151052,0.8347985744476318,0.9376673040152964
mot_patch_small_1d-p3-bs.512-ep.200,mot_patch_small_1d,0.1,42,1,0.1,1.7789655325403175,0.6124976094855613,0.6027281284332275,0.8208548479632817,1.8587546879201273,0.5938814531548757,0.5920943021774292,0.7950286806883365
mot_patch_small_1d-p3-bs.512-ep.200,mot_patch_small_1d,0.1,42,2,0.09990133642141358,1.434485890893139,0.6912411550965768,0.6837848424911499,0.8576209600305986,1.5460697298068162,0.6638623326959847,0.6606895327568054,0.8374760994263862
mot_patch_small_1d-p3-bs.512-ep.200,mot_patch_small_1d,0.1,42,3,0.0996057350657239,1.287766281699879,0.7161025052591318,0.7100090980529785,0.8740198890801301,1.4327347341504653,0.6822179732313576,0.6852571368217468,0.8455066921606118
mot_patch_small_1d-p3-bs.512-ep.200,mot_patch_small_1d,0.1,42,4,0.09911436253643444,1.1846562343793654,0.7401032702237521,0.7339464426040649,0.8848728246318608,1.3361524315682698,0.707074569789675,0.7043760418891907,0.8588910133843213
mot_patch_small_1d-p3-bs.512-ep.200,mot_patch_small_1d,0.1,42,5,0.09842915805643154,1.1126789901698382,0.7561675272518646,0.7511932849884033,0.8904666284184356,1.2856493481258588,0.7135755258126195,0.7116826772689819,0.8608030592734226
mot_patch_small_1d-p3-bs.512-ep.200,mot_patch_small_1d,0.1,42,6,0.09755282581475767,1.073201008247905,0.7617135207496654,0.7584198713302612,0.8947695544081087,1.2514495163985009,0.7128107074569789,0.7109082937240601,0.8676864244741874
mot_patch_small_1d-p3-bs.512-ep.200,mot_patch_small_1d,0.1,42,7,0.09648882429441256,1.0243648792412021,0.7725186460126219,0.7683893442153931,0.9014151845477146,1.2206693426828767,0.7219885277246654,0.7184361219406128,0.8711281070745698
mot_patch_small_1d-p3-bs.512-ep.200,mot_patch_small_1d,0.1,42,8,0.09524135262330098,0.9942590454883615,0.7763434691145534,0.7731000781059265,0.9053834385159686,1.2015863174234247,0.7269598470363289,0.7254518270492554,0.874187380497132
mot_patch_small_1d-p3-bs.512-ep.200,mot_patch_small_1d,0.1,42,9,0.09381533400219318,0.9663084496683955,0.7832759609868044,0.7795102000236511,0.9072480397781603,1.1812723615657303,0.7311663479923518,0.7271159887313843,0.8753346080305927
mot_patch_small_1d-p3-bs.512-ep.200,mot_patch_small_1d,0.1,42,10,0.09221639627510075,0.9406321555301961,0.7903040734366036,0.7857608795166016,0.9094473130617708,1.1622115986752921,0.7395793499043977,0.7372439503669739,0.8753346080305927
mot_patch_small_1d-p3-bs.512-ep.200,mot_patch_small_1d,0.1,42,11,0.09045084971874737,0.9252203826262313,0.7893000573723465,0.7865738868713379,0.9114553451902849,1.15040050966106,0.7407265774378585,0.7380219101905823,0.8791586998087955
mot_patch_small_1d-p3-bs.512-ep.200,mot_patch_small_1d,0.1,42,12,0.08852566213878946,0.905677335078549,0.7946548097150506,0.7911813259124756,0.9138458596289921,1.1371010308055987,0.7411089866156788,0.7378098964691162,0.8848948374760994
mot_patch_small_1d-p3-bs.512-ep.200,mot_patch_small_1d,0.1,42,13,0.08644843137107057,0.8871026561647328,0.8000095620577549,0.7963736057281494,0.9155192197360872,1.1296066619697993,0.7487571701720841,0.7459549903869629,0.8791586998087955
mot_patch_small_1d-p3-bs.512-ep.200,mot_patch_small_1d,0.1,42,14,0.08422735529643442,0.8769619096007122,0.7995314591700133,0.7951396107673645,0.9167622872442149,1.1269059482085773,0.7437858508604207,0.740336000919342,0.8806883365200765
mot_patch_small_1d-p3-bs.512-ep.200,mot_patch_small_1d,0.1,42,15,0.08187119948743447,0.8658840466147514,0.8023522662076878,0.7981645464897156,0.9182922164849876,1.119952946912718,0.7472275334608031,0.7448607683181763,0.8841300191204589
mot_patch_small_1d-p3-bs.512-ep.200,mot_patch_small_1d,0.1,42,16,0.07938926261462366,0.8477313934810577,0.8066073819085867,0.8024250268936157,0.9207305412124689,1.1089390187600832,0.7441682600382409,0.7424725294113159,0.8841300191204589
mot_patch_small_1d-p3-bs.512-ep.200,mot_patch_small_1d,0.1,42,17,0.07679133974894982,0.8390440141112838,0.8091891375023905,0.8052788376808167,0.9210174029451138,1.099886289928429,0.7518164435946463,0.7495741844177246,0.8826003824091778
mot_patch_small_1d-p3-bs.512-ep.200,mot_patch_small_1d,0.1,42,18,0.07408768370508576,0.8292357608359638,0.8112449799196787,0.8067896366119385,0.9217345572767259,1.0920341900156287,0.7521988527724666,0.7484352588653564,0.88565965583174
mot_patch_small_1d-p3-bs.512-ep.200,mot_patch_small_1d,0.1,42,19,0.07128896457825362,0.8232054087554412,0.8115796519410977,0.8094378709793091,0.923407917383821,1.0941024342640864,0.7483747609942638,0.7466160655021667,0.8868068833652007
mot_patch_small_1d-p3-bs.512-ep.200,mot_patch_small_1d,0.1,42,20,0.06840622763423389,0.8144964087554295,0.8138267355134825,0.8111262321472168,0.9241250717154331,1.0918513602554,0.7491395793499044,0.7466486096382141,0.887189292543021
mot_patch_small_1d-p3-bs.512-ep.200,mot_patch_small_1d,0.1,42,21,0.06545084971874736,0.8045206292452058,0.8171256454388984,0.8147556185722351,0.9243641231593038,1.0811533036241112,0.752963671128107,0.7493075728416443,0.88565965583174
mot_patch_small_1d-p3-bs.512-ep.200,mot_patch_small_1d,0.1,42,22,0.06243449435824272,0.8018024679487809,0.817316886593995,0.8145239949226379,0.9243641231593038,1.08504448155828,0.751434034416826,0.7490673661231995,0.8860420650095602
mot_patch_small_1d-p3-bs.512-ep.200,mot_patch_small_1d,0.1,42,23,0.05936906572928623,0.7907771166890637,0.8213329508510231,0.818572461605072,0.9264677758653662,1.0647833114828251,0.7590822179732314,0.7537705302238464,0.8891013384321224
mot_patch_small_1d-p3-bs.512-ep.200,mot_patch_small_1d,0.1,42,24,0.056266661678215216,0.7834170799817107,0.8230063109581182,0.8190007209777832,0.9273283610633009,1.0723774678392575,0.752963671128107,0.7511405944824219,0.887189292543021
mot_patch_small_1d-p3-bs.512-ep.200,mot_patch_small_1d,0.1,42,25,0.053139525976465665,0.7841578826641667,0.82095046854083,0.8170346617698669,0.9284758079938803,1.071873278645211,0.7556405353728489,0.752360999584198,0.8894837476099426
mot_patch_small_1d-p3-bs.512-ep.200,mot_patch_small_1d,0.1,42,26,0.049999999999999996,0.7770611012864236,0.8240581373111494,0.8211292028427124,0.928045515394913,1.068332644402411,0.7621414913957935,0.7584661841392517,0.887189292543021
mot_patch_small_1d-p3-bs.512-ep.200,mot_patch_small_1d,0.1,42,27,0.046860474023534326,0.7712273047836224,0.825588066551922,0.8220677971839905,0.9293363931918148,1.0656041584780749,0.7560229445506692,0.7520385980606079,0.8894837476099426
mot_patch_small_1d-p3-bs.512-ep.200,mot_patch_small_1d,0.1,42,28,0.04373333832178478,0.7674819140526368,0.8257314974182444,0.8223786950111389,0.9288582903040734,1.06486575270702,0.7564053537284895,0.7524529099464417,0.8887189292543021
mot_patch_small_1d-p3-bs.512-ep.200,mot_patch_small_1d,0.1,42,29,0.040630934270713764,0.7659235150163409,0.8240103270223752,0.8206034898757935,0.9293363931918148,1.0631284199526843,0.7571701720841301,0.7533477544784546,0.8891013384321224
mot_patch_small_1d-p3-bs.512-ep.200,mot_patch_small_1d,0.1,42,30,0.03756550564175726,0.7604193976514083,0.8271658060814687,0.8237573504447937,0.9296710652132338,1.0610737029270734,0.7552581261950286,0.753385603427887,0.8879541108986616
mot_patch_small_1d-p3-bs.512-ep.200,mot_patch_small_1d,0.1,42,31,0.03454915028125265,0.7573756808691121,0.827261426659017,0.8239738345146179,0.9298144960795564,1.0579811154542416,0.7594646271510517,0.7547770142555237,0.8906309751434034
mot_patch_small_1d-p3-bs.512-ep.200,mot_patch_small_1d,0.1,42,32,0.03159377236576612,0.7545695561117003,0.8290782176324345,0.8261457085609436,0.9314878561866514,1.0586770810770942,0.7606118546845124,0.7576971650123596,0.8887189292543021
mot_patch_small_1d-p3-bs.512-ep.200,mot_patch_small_1d,0.1,42,33,0.028711035421746366,0.7529209729338905,0.8281220118569517,0.8251873850822449,0.9310575635876841,1.0565273547491654,0.7586998087954111,0.7544465661048889,0.887189292543021
mot_patch_small_1d-p3-bs.512-ep.200,mot_patch_small_1d,0.1,42,34,0.025912316294914226,0.7502324047223585,0.8293172690763052,0.8257408738136292,0.9304360298336202,1.0593459134803904,0.7575525812619502,0.7562635540962219,0.8894837476099426
mot_patch_small_1d-p3-bs.512-ep.200,mot_patch_small_1d,0.1,42,35,0.023208660251050155,0.748079258708476,0.8307993880283037,0.8279831409454346,0.9312488047427806,1.0523003368487094,0.7659655831739962,0.7615790367126465,0.8887189292543021
mot_patch_small_1d-p3-bs.512-ep.200,mot_patch_small_1d,0.1,42,36,0.020610737385376346,0.7458848944127981,0.8317077835150124,0.8283160924911499,0.9312488047427806,1.0526318551933331,0.7632887189292543,0.7601537108421326,0.8906309751434034
mot_patch_small_1d-p3-bs.512-ep.200,mot_patch_small_1d,0.1,42,37,0.01812880051256551,0.745129218496358,0.8310384394721744,0.8274294137954712,0.9314400458978772,1.0520285203397617,0.7632887189292543,0.758755624294281,0.8894837476099426
mot_patch_small_1d-p3-bs.512-ep.200,mot_patch_small_1d,0.1,42,38,0.015772644703565562,0.7435407213600262,0.8314209217823676,0.8281729817390442,0.9322528208070376,1.0512645130631573,0.7640535372848949,0.7601959109306335,0.8898661567877629
mot_patch_small_1d-p3-bs.512-ep.200,mot_patch_small_1d,0.1,42,39,0.013551568628929433,0.7423837260138489,0.8320424555364314,0.8290931582450867,0.9322050105182635,1.0508799675089908,0.7621414913957935,0.7587940692901611,0.8891013384321224
mot_patch_small_1d-p3-bs.512-ep.200,mot_patch_small_1d,0.1,42,40,0.011474337861210542,0.741502982887535,0.8318512143813349,0.8286575078964233,0.9325396825396826,1.049953990958161,0.761376673040153,0.7574617266654968,0.8898661567877629
mot_patch_small_1d-p3-bs.512-ep.200,mot_patch_small_1d,0.1,42,41,0.009549150281252632,0.7405282183071011,0.832233696691528,0.8289898037910461,0.9323006310958118,1.0493322893948673,0.761376673040153,0.7569826245307922,0.8910133843212237
mot_patch_small_1d-p3-bs.512-ep.200,mot_patch_small_1d,0.1,42,42,0.007783603724899257,0.740026811770076,0.832233696691528,0.8290786147117615,0.9323962516733602,1.0496419392397938,0.762906309751434,0.7583807110786438,0.8906309751434034
mot_patch_small_1d-p3-bs.512-ep.200,mot_patch_small_1d,0.1,42,43,0.0061846659978068205,0.739510134406791,0.8327117995792694,0.8294260501861572,0.932683113406005,1.0487104426834368,0.762906309751434,0.758317768573761,0.8902485659655832
mot_patch_small_1d-p3-bs.512-ep.200,mot_patch_small_1d,0.1,42,44,0.004758647376699033,0.7390864668259044,0.8329508510231401,0.8296778202056885,0.9325396825396826,1.0489605934624462,0.7625239005736137,0.7580564022064209,0.8906309751434034
mot_patch_small_1d-p3-bs.512-ep.200,mot_patch_small_1d,0.1,42,45,0.0035111757055874327,0.7388294852470709,0.8327596098680436,0.829457700252533,0.9327787339835533,1.0494826293128399,0.7636711281070746,0.7590388655662537,0.8902485659655832
mot_patch_small_1d-p3-bs.512-ep.200,mot_patch_small_1d,0.1,42,46,0.0024471741852423235,0.7386589498952142,0.8331899024670109,0.8299379944801331,0.9327309236947792,1.04924667679329,0.7625239005736137,0.758229672908783,0.8906309751434034
mot_patch_small_1d-p3-bs.512-ep.200,mot_patch_small_1d,0.1,42,47,0.0015708419435684518,0.7385469948408776,0.832903040734366,0.8297197818756104,0.932683113406005,1.0492094284261846,0.7625239005736137,0.7580316066741943,0.8906309751434034
mot_patch_small_1d-p3-bs.512-ep.200,mot_patch_small_1d,0.1,42,48,0.000885637463565564,0.7384849746406454,0.8328074201568177,0.8296471238136292,0.9326353031172309,1.0491626134110226,0.762906309751434,0.7582879662513733,0.8906309751434034
mot_patch_small_1d-p3-bs.512-ep.200,mot_patch_small_1d,0.1,42,49,0.00039426493427611173,0.7384591367965584,0.8330464716006885,0.8298518657684326,0.9327309236947792,1.0491604908930412,0.762906309751434,0.7583888173103333,0.8906309751434034
mot_patch_small_1d-p3-bs.512-ep.200,mot_patch_small_1d,0.1,42,50,9.866357858642205e-05,0.7384523222838106,0.8330942818894627,0.8299055695533752,0.9327309236947792,1.0491510030188478,0.762906309751434,0.7583888173103333,0.8906309751434034
mot_patch_small_1d-p3-bs.512-ep.200,mot_patch_small_1d,0.3,42,1,0.3,1.3887317064365161,0.6716389366991776,0.6629688739776611,0.8516446739338306,1.5366546995553185,0.6455066921606119,0.643145740032196,0.8252390057361376
mot_patch_small_1d-p3-bs.512-ep.200,mot_patch_small_1d,0.3,42,2,0.29970400926424073,1.1630083247520517,0.7222222222222222,0.7162241339683533,0.8802352266207688,1.3449445414497565,0.6848948374760995,0.6807861328125,0.8523900573613766
mot_patch_small_1d-p3-bs.512-ep.200,mot_patch_small_1d,0.3,42,3,0.2988172051971717,1.0549528691344152,0.7420634920634921,0.7383500933647156,0.8930005737234653,1.276727151961901,0.6990439770554493,0.6970531344413757,0.860038240917782
mot_patch_small_1d-p3-bs.512-ep.200,mot_patch_small_1d,0.3,42,4,0.29734308760930334,1.002812829658711,0.7561675272518646,0.7540543079376221,0.8970166379804934,1.259921500970027,0.7005736137667304,0.7028108239173889,0.8627151051625239
mot_patch_small_1d-p3-bs.512-ep.200,mot_patch_small_1d,0.3,42,5,0.2952874741692947,0.9422294640773613,0.7743832472748136,0.77288818359375,0.9044750430292599,1.2166319546234539,0.7189292543021033,0.7205902338027954,0.865774378585086
mot_patch_small_1d-p3-bs.512-ep.200,mot_patch_small_1d,0.3,42,6,0.2926584774442731,0.8971289289820648,0.7794033275960986,0.7752947807312012,0.9094473130617708,1.1529254789334182,0.7307839388145315,0.7254982590675354,0.8768642447418739
mot_patch_small_1d-p3-bs.512-ep.200,mot_patch_small_1d,0.3,42,7,0.28946647288323774,0.8719054526866884,0.7840887358959648,0.7813640832901001,0.9126506024096386,1.1708863646760725,0.7235181644359464,0.721071720123291,0.8745697896749522
mot_patch_small_1d-p3-bs.512-ep.200,mot_patch_small_1d,0.3,42,8,0.28572405786990296,0.8320398223083227,0.7982405813731115,0.7958828806877136,0.9202524383247275,1.158879871259,0.7254302103250478,0.7241432666778564,0.8783938814531549
mot_patch_small_1d-p3-bs.512-ep.200,mot_patch_small_1d,0.3,42,9,0.28144600200657954,0.830966857177711,0.7946548097150506,0.7920874953269958,0.9181487856186651,1.1648162856384627,0.7284894837476099,0.7269169092178345,0.874187380497132
mot_patch_small_1d-p3-bs.512-ep.200,mot_patch_small_1d,0.3,42,10,0.27664918882530226,0.7942440580469081,0.8058424172882004,0.8024255633354187,0.9238382099827883,1.1347807349939876,0.7353728489483747,0.7318633794784546,0.8841300191204589
mot_patch_small_1d-p3-bs.512-ep.200,mot_patch_small_1d,0.3,42,11,0.27135254915624213,0.7969924224952731,0.8027825588066552,0.8017023205757141,0.9228341939185313,1.1445891108613169,0.7296367112810708,0.7265594601631165,0.8776290630975143
mot_patch_small_1d-p3-bs.512-ep.200,mot_patch_small_1d,0.3,42,12,0.2655769864163684,0.7806310392880581,0.8053165041116849,0.8053106665611267,0.9242685025817556,1.1308339996046135,0.7353728489483747,0.7320627570152283,0.8803059273422562
mot_patch_small_1d-p3-bs.512-ep.200,mot_patch_small_1d,0.3,42,13,0.2593452941132117,0.7536899468528994,0.8138745458022566,0.8105229139328003,0.9300535475234271,1.1166884157899233,0.7449330783938815,0.7385637164115906,0.8822179732313575
mot_patch_small_1d-p3-bs.512-ep.200,mot_patch_small_1d,0.3,42,14,0.2526820658893033,0.7300799324763713,0.821619812583668,0.8182835578918457,0.9311053738764582,1.1045936424007379,0.7476099426386233,0.7415242195129395,0.8860420650095602
mot_patch_small_1d-p3-bs.512-ep.200,mot_patch_small_1d,0.3,42,15,0.24561359846230346,0.720691143246722,0.8201376936316696,0.8169114589691162,0.9342130426467776,1.1012812875196993,0.7453154875717017,0.7422357201576233,0.8891013384321224
mot_patch_small_1d-p3-bs.512-ep.200,mot_patch_small_1d,0.3,42,16,0.23816778784387102,0.7090670213026352,0.8253490151080513,0.8239795565605164,0.9329699751386499,1.103736113043178,0.7426386233269598,0.7425182461738586,0.8879541108986616
mot_patch_small_1d-p3-bs.512-ep.200,mot_patch_small_1d,0.3,42,17,0.2303740192468495,0.7094407956124629,0.8249187225090839,0.8226768970489502,0.9331134060049723,1.1039043907909503,0.7388145315487572,0.7356878519058228,0.8879541108986616
mot_patch_small_1d-p3-bs.512-ep.200,mot_patch_small_1d,0.3,42,18,0.22226305111525732,0.6973407163198693,0.8256836871294703,0.8231481909751892,0.9345477146681966,1.0901739765991445,0.7464627151051625,0.743172824382782,0.8936902485659656
mot_patch_small_1d-p3-bs.512-ep.200,mot_patch_small_1d,0.3,42,19,0.21386689373476092,0.6802600091674128,0.830560336584433,0.829597532749176,0.9383725377701281,1.0868371595160227,0.749904397705545,0.7497180104255676,0.8898661567877629
mot_patch_small_1d-p3-bs.512-ep.200,mot_patch_small_1d,0.3,42,20,0.20521868290270173,0.6707217215944554,0.8355804169057182,0.8341579437255859,0.9392809332568369,1.0880310933858897,0.7453154875717017,0.7436102032661438,0.8936902485659656
mot_patch_small_1d-p3-bs.512-ep.200,mot_patch_small_1d,0.3,42,21,0.19635254915624212,0.6631531822086406,0.8390227576974565,0.8372511267662048,0.9390896921017403,1.0829731111544725,0.7541108986615679,0.7501876354217529,0.8883365200764818
mot_patch_small_1d-p3-bs.512-ep.200,mot_patch_small_1d,0.3,42,22,0.18730348307472822,0.6657536388651821,0.8353891757506215,0.8350288271903992,0.9390896921017403,1.0849706201206886,0.7548757170172085,0.7530761957168579,0.8921606118546845
mot_patch_small_1d-p3-bs.512-ep.200,mot_patch_small_1d,0.3,42,23,0.17810719718785872,0.6492890044092152,0.8426563396442914,0.8407018780708313,0.9415758271179958,1.0694750433898108,0.7560229445506692,0.752066433429718,0.8975143403441682
mot_patch_small_1d-p3-bs.512-ep.200,mot_patch_small_1d,0.3,42,24,0.1687999850346457,0.646697191007508,0.8410307898259706,0.8383589386940002,0.942962325492446,1.0833535269159205,0.7464627151051625,0.7433682084083557,0.8910133843212237
mot_patch_small_1d-p3-bs.512-ep.200,mot_patch_small_1d,0.3,42,25,0.15941857792939704,0.6411236444561904,0.8440428380187416,0.8413960933685303,0.9418626888506406,1.0840668556111264,0.7487571701720841,0.7445777654647827,0.8921606118546845
mot_patch_small_1d-p3-bs.512-ep.200,mot_patch_small_1d,0.3,42,26,0.15000000000000002,0.6362926734294005,0.8456205775482883,0.8437822461128235,0.9420539300057372,1.0849433928101286,0.7502868068833652,0.7475802898406982,0.8894837476099426
mot_patch_small_1d-p3-bs.512-ep.200,mot_patch_small_1d,0.3,42,27,0.140581422070603,0.6246173809034734,0.8506884681583476,0.8475387096405029,0.944301013578122,1.0696441679566129,0.7476099426386233,0.742726743221283,0.8933078393881453
mot_patch_small_1d-p3-bs.512-ep.200,mot_patch_small_1d,0.3,42,28,0.13120001496535438,0.6211300426971208,0.8486326257410595,0.8462429642677307,0.9446834958883151,1.0693244890318774,0.7556405353728489,0.7527027726173401,0.8940726577437859
mot_patch_small_1d-p3-bs.512-ep.200,mot_patch_small_1d,0.3,42,29,0.12189280281214132,0.617387802246584,0.8492063492063492,0.8465993404388428,0.9440141518454771,1.0614242232780384,0.7594646271510517,0.7544427514076233,0.897131931166348
mot_patch_small_1d-p3-bs.512-ep.200,mot_patch_small_1d,0.3,42,30,0.11269651692527179,0.6132088963218072,0.8523140179766686,0.8496877551078796,0.9458309428188946,1.059034605737398,0.7617590822179733,0.757437527179718,0.897131931166348
mot_patch_small_1d-p3-bs.512-ep.200,mot_patch_small_1d,0.3,42,31,0.10364745084375795,0.6067359210838891,0.8554694970357621,0.8532891869544983,0.9457831325301205,1.0584897845470655,0.7632887189292543,0.7587049603462219,0.8959847036328872
mot_patch_small_1d-p3-bs.512-ep.200,mot_patch_small_1d,0.3,42,32,0.09478131709729837,0.6080321995699969,0.8541308089500861,0.8514159321784973,0.9462134251290878,1.0582634949547383,0.7625239005736137,0.756818413734436,0.8917782026768643
mot_patch_small_1d-p3-bs.512-ep.200,mot_patch_small_1d,0.3,42,33,0.08613310626523911,0.6027669729705887,0.8565691336775674,0.8550820350646973,0.9484605087014726,1.0624383565344728,0.7541108986615679,0.7495395541191101,0.8944550669216061
mot_patch_small_1d-p3-bs.512-ep.200,mot_patch_small_1d,0.3,42,34,0.0777369488847427,0.5995000980396894,0.8562822719449226,0.8549563884735107,0.9470262000382482,1.0620779354759202,0.7575525812619502,0.7547834515571594,0.8959847036328872
mot_patch_small_1d-p3-bs.512-ep.200,mot_patch_small_1d,0.3,42,35,0.06962598075315048,0.5951336271381215,0.861063300822337,0.8587622046470642,0.9483170778351502,1.0481366239587846,0.7617590822179733,0.7564966082572937,0.8982791586998088
mot_patch_small_1d-p3-bs.512-ep.200,mot_patch_small_1d,0.3,42,36,0.06183221215612905,0.5936869592825298,0.8607764390896921,0.8581703305244446,0.9481736469688277,1.0504277741703887,0.7644359464627151,0.7601467967033386,0.8956022944550669
mot_patch_small_1d-p3-bs.512-ep.200,mot_patch_small_1d,0.3,42,37,0.05438640153769654,0.5906613852011585,0.8613501625549819,0.8589069843292236,0.9485561292790209,1.0498806240453775,0.7648183556405354,0.7593526244163513,0.8963671128107075
mot_patch_small_1d-p3-bs.512-ep.200,mot_patch_small_1d,0.3,42,38,0.047317934110696694,0.589747226085506,0.8614935934213043,0.8595993518829346,0.9481736469688277,1.0502259686617732,0.7655831739961759,0.759809136390686,0.8959847036328872
mot_patch_small_1d-p3-bs.512-ep.200,mot_patch_small_1d,0.3,42,39,0.0406547058867883,0.5875063044638679,0.8624976094855613,0.8610605001449585,0.9484126984126984,1.0463706065774192,0.762906309751434,0.7593196034431458,0.8956022944550669
mot_patch_small_1d-p3-bs.512-ep.200,mot_patch_small_1d,0.3,42,40,0.03442301358363163,0.5852174451597837,0.8626410403518837,0.860238790512085,0.9495601453432779,1.0453042426027257,0.762906309751434,0.7568871974945068,0.8963671128107075
mot_patch_small_1d-p3-bs.512-ep.200,mot_patch_small_1d,0.3,42,41,0.0286474508437579,0.5845474677050312,0.8640753490151081,0.8617043495178223,0.9496557659208261,1.0449117810046924,0.7652007648183556,0.7590791583061218,0.897131931166348
mot_patch_small_1d-p3-bs.512-ep.200,mot_patch_small_1d,0.3,42,42,0.023350811174697773,0.583275743368867,0.8624497991967871,0.8603094220161438,0.9494167144769554,1.046272708900116,0.7625239005736137,0.757373571395874,0.897131931166348
mot_patch_small_1d-p3-bs.512-ep.200,mot_patch_small_1d,0.3,42,43,0.018553997993420463,0.5827954196182167,0.8650793650793651,0.8629414439201355,0.949273283610633,1.0437988784527459,0.762906309751434,0.7578563690185547,0.8967495219885278
mot_patch_small_1d-p3-bs.512-ep.200,mot_patch_small_1d,0.3,42,44,0.014275942130097098,0.5817311922162002,0.8651749856569134,0.8630287051200867,0.9498948173646968,1.0432935207797283,0.7621414913957935,0.7569980621337891,0.8967495219885278
mot_patch_small_1d-p3-bs.512-ep.200,mot_patch_small_1d,0.3,42,45,0.010533527116762299,0.581540440847368,0.8648881239242685,0.8626656532287598,0.9499904379422451,1.0452645733981014,0.7632887189292543,0.7581716179847717,0.8963671128107075
mot_patch_small_1d-p3-bs.512-ep.200,mot_patch_small_1d,0.3,42,46,0.00734152255572697,0.5813966394724639,0.8646012621916236,0.8624834418296814,0.9501816790973417,1.0448646837165205,0.7632887189292543,0.7583104968070984,0.8952198852772466
mot_patch_small_1d-p3-bs.512-ep.200,mot_patch_small_1d,0.3,42,47,0.004712525830705355,0.5810988231607139,0.8657487091222031,0.8636073470115662,0.9499904379422451,1.0445555035972232,0.7636711281070746,0.7584983706474304,0.8956022944550669
mot_patch_small_1d-p3-bs.512-ep.200,mot_patch_small_1d,0.3,42,48,0.0026569123906966916,0.5810320126118954,0.8652227959456875,0.863054633140564,0.9500382482310193,1.04445891590009,0.7617590822179733,0.7564863562583923,0.8948374760994264
mot_patch_small_1d-p3-bs.512-ep.200,mot_patch_small_1d,0.3,42,49,0.001182794802828335,0.5810028763933559,0.8654140371007841,0.863291323184967,0.9500382482310193,1.044443383590669,0.7625239005736137,0.7573408484458923,0.8956022944550669
mot_patch_small_1d-p3-bs.512-ep.200,mot_patch_small_1d,0.3,42,50,0.0002959907357592661,0.5809967886719929,0.8654140371007841,0.8633029460906982,0.9500382482310193,1.0444425637589814,0.7625239005736137,0.7573408484458923,0.8956022944550669
mot_patch_small_1d-p3-bs.512-ep.200,mot_patch_small_1d,0.5,42,1,0.5,1.3662612569972739,0.6696309045706637,0.6639845371246338,0.8509753298909926,1.5597019932238139,0.6374760994263863,0.6386746764183044,0.8240917782026769
mot_patch_small_1d-p3-bs.512-ep.200,mot_patch_small_1d,0.5,42,2,0.4995066821070679,1.148279543519362,0.7169630904570664,0.7096917033195496,0.8810480015299292,1.3859503547274588,0.6856596558317399,0.6776681542396545,0.8504780114722753
mot_patch_small_1d-p3-bs.512-ep.200,mot_patch_small_1d,0.5,42,3,0.4980286753286195,1.0671108568300594,0.7319755211321476,0.7280357480049133,0.8931440045897877,1.3300891971041093,0.6925430210325048,0.6890459656715393,0.8619502868068833
mot_patch_small_1d-p3-bs.512-ep.200,mot_patch_small_1d,0.5,42,4,0.4955718126821722,1.0156394178266848,0.7521036527060624,0.750414252281189,0.8965385350927519,1.3408590736170345,0.6921606118546845,0.696444571018219,0.8604206500956023
mot_patch_small_1d-p3-bs.512-ep.200,mot_patch_small_1d,0.5,42,5,0.49214579028215777,1.0132671957331512,0.7534423407917383,0.7539709210395813,0.8983075157773953,1.3592318766431644,0.6948374760994264,0.6946553587913513,0.8562141491395794
mot_patch_small_1d-p3-bs.512-ep.200,mot_patch_small_1d,0.5,42,6,0.4877641290737884,0.913476925549167,0.7696500286861733,0.7667331099510193,0.9070567986230637,1.2375347130157295,0.7089866156787763,0.7065188884735107,0.8715105162523901
mot_patch_small_1d-p3-bs.512-ep.200,mot_patch_small_1d,0.5,42,7,0.48244412147206284,0.9014351619181339,0.7738573340982979,0.7719617486000061,0.9104991394148021,1.2746545868211676,0.7017208413001912,0.6998211145401001,0.8695984703632887
mot_patch_small_1d-p3-bs.512-ep.200,mot_patch_small_1d,0.5,42,8,0.4762067631165049,0.8387495627433352,0.7906387454580226,0.7873674035072327,0.9200611971696309,1.2592046646497446,0.7204588910133843,0.7185947299003601,0.8711281070745698
mot_patch_small_1d-p3-bs.512-ep.200,mot_patch_small_1d,0.5,42,9,0.46907667001096587,0.8326774923813733,0.791116848345764,0.7883680462837219,0.9183400267737617,1.2641708607427478,0.7170172084130019,0.7159568071365356,0.869980879541109
mot_patch_small_1d-p3-bs.512-ep.200,mot_patch_small_1d,0.5,42,10,0.46108198137550377,0.8167742101611314,0.7934595524956971,0.7883812785148621,0.9219736087205966,1.234650378838096,0.7254302103250478,0.7199469208717346,0.8791586998087955
mot_patch_small_1d-p3-bs.512-ep.200,mot_patch_small_1d,0.5,42,11,0.45225424859373686,0.8060694326290233,0.7971409447313061,0.7957485318183899,0.9226429527634347,1.2355504985977086,0.7196940726577438,0.713789701461792,0.8768642447418739
mot_patch_small_1d-p3-bs.512-ep.200,mot_patch_small_1d,0.5,42,12,0.4426283106939473,0.8323841748809376,0.7900650219927329,0.7889243960380554,0.9203480589022758,1.2692171771485308,0.7154875717017208,0.7139438390731812,0.8715105162523901
mot_patch_small_1d-p3-bs.512-ep.200,mot_patch_small_1d,0.5,42,13,0.4322421568553529,0.7449811142793598,0.8112927902084529,0.8087111711502075,0.9301491681009754,1.2027636526191667,0.7311663479923518,0.7264415621757507,0.8799235181644359
mot_patch_small_1d-p3-bs.512-ep.200,mot_patch_small_1d,0.5,42,14,0.4211367764821722,0.7211726997158089,0.8194683495888315,0.8170493841171265,0.9314878561866514,1.1890058659686642,0.7361376673040153,0.7330717444419861,0.88565965583174
mot_patch_small_1d-p3-bs.512-ep.200,mot_patch_small_1d,0.5,42,15,0.40935599743717244,0.7204441687736577,0.8136833046471601,0.8101520538330078,0.9352170587110347,1.187915759697471,0.735755258126195,0.7336486577987671,0.8860420650095602
mot_patch_small_1d-p3-bs.512-ep.200,mot_patch_small_1d,0.5,42,16,0.39694631307311834,0.7242924574798917,0.817316886593995,0.8173292279243469,0.9311053738764582,1.2022524751623092,0.7326959847036328,0.733040452003479,0.8833652007648184
mot_patch_small_1d-p3-bs.512-ep.200,mot_patch_small_1d,0.5,42,17,0.38395669874474914,0.6868780770432222,0.825922738573341,0.8238056302070618,0.9356951615987761,1.179446122295314,0.7380497131931166,0.735302746295929,0.88565965583174
mot_patch_small_1d-p3-bs.512-ep.200,mot_patch_small_1d,0.5,42,18,0.3704384185254288,0.6881388251880406,0.8237234652897304,0.8226443529129028,0.9368904188181296,1.1666989838871855,0.7414913957934991,0.7358464002609253,0.8898661567877629
mot_patch_small_1d-p3-bs.512-ep.200,mot_patch_small_1d,0.5,42,19,0.35644482289126816,0.6573151877332678,0.8332855230445592,0.8321073055267334,0.9399502772996748,1.151878105294864,0.745697896749522,0.745316743850708,0.8894837476099426
mot_patch_small_1d-p3-bs.512-ep.200,mot_patch_small_1d,0.5,42,20,0.34203113817116954,0.6409214734347196,0.8362497609485561,0.8345495462417603,0.9419104991394148,1.1609392578241702,0.7353728489483747,0.7336774468421936,0.8883365200764818
mot_patch_small_1d-p3-bs.512-ep.200,mot_patch_small_1d,0.5,42,21,0.32725424859373686,0.6562337419411767,0.8328552304455918,0.8302381634712219,0.9410021036527061,1.1832471012385353,0.7395793499043977,0.7358844876289368,0.8875717017208413
mot_patch_small_1d-p3-bs.512-ep.200,mot_patch_small_1d,0.5,42,22,0.31217247179121366,0.6395667158729785,0.8344329699751386,0.8333412408828735,0.9425320328934786,1.1524200286281725,0.7495219885277247,0.7464537024497986,0.8917782026768643
mot_patch_small_1d-p3-bs.512-ep.200,mot_patch_small_1d,0.5,42,23,0.2968453286464312,0.6337441149668019,0.8367278638362976,0.8350502848625183,0.9434882386689616,1.1550193451102788,0.745697896749522,0.7419047355651855,0.8948374760994264
mot_patch_small_1d-p3-bs.512-ep.200,mot_patch_small_1d,0.5,42,24,0.2813333083910761,0.6150837497196865,0.8409351692484223,0.8383843898773193,0.9460699942627654,1.158297315200018,0.7349904397705544,0.7330924272537231,0.8875717017208413
mot_patch_small_1d-p3-bs.512-ep.200,mot_patch_small_1d,0.5,42,25,0.26569762988232837,0.6095417702624346,0.8441384585962899,0.8422611355781555,0.9450659781985083,1.158910453023236,0.7453154875717017,0.7418743968009949,0.8894837476099426
mot_patch_small_1d-p3-bs.512-ep.200,mot_patch_small_1d,0.5,42,26,0.25,0.6003020219625946,0.8476286096768024,0.8458821177482605,0.9468349588831516,1.1495465455501988,0.7449330783938815,0.7422476410865784,0.8891013384321224
mot_patch_small_1d-p3-bs.512-ep.200,mot_patch_small_1d,0.5,42,27,0.23430237011767166,0.5803120037318872,0.8568081851214381,0.8541961908340454,0.9475999235035379,1.136204458787382,0.7464627151051625,0.7428077459335327,0.897131931166348
mot_patch_small_1d-p3-bs.512-ep.200,mot_patch_small_1d,0.5,42,28,0.21866669160892396,0.5810099050223109,0.8542742398164085,0.8525314331054688,0.9487951807228916,1.131972742171862,0.745697896749522,0.7434034943580627,0.8959847036328872
mot_patch_small_1d-p3-bs.512-ep.200,mot_patch_small_1d,0.5,42,29,0.20315467135356885,0.5763390335532397,0.856091030789826,0.8539454936981201,0.948603939567795,1.117294731650708,0.7567877629063098,0.7515584826469421,0.8967495219885278
mot_patch_small_1d-p3-bs.512-ep.200,mot_patch_small_1d,0.5,42,30,0.1878275282087863,0.5703408988490116,0.8568081851214381,0.8547626733779907,0.9498948173646968,1.1211580951172808,0.7518164435946463,0.7488939166069031,0.8963671128107075
mot_patch_small_1d-p3-bs.512-ep.200,mot_patch_small_1d,0.5,42,31,0.17274575140626322,0.5596514452162608,0.8621629374641423,0.860179603099823,0.9512335054503729,1.1146011906873656,0.7521988527724666,0.7481555342674255,0.8959847036328872
mot_patch_small_1d-p3-bs.512-ep.200,mot_patch_small_1d,0.5,42,32,0.15796886182883058,0.5604980718248272,0.8599158538917575,0.8583139777183533,0.9509466437177281,1.1063470931627555,0.7586998087954111,0.7519540190696716,0.8952198852772466
mot_patch_small_1d-p3-bs.512-ep.200,mot_patch_small_1d,0.5,42,33,0.14355517710873184,0.5517756129615187,0.8643144004589788,0.8632509708404541,0.9530981067125646,1.1215291258481903,0.752963671128107,0.75018709897995,0.8967495219885278
mot_patch_small_1d-p3-bs.512-ep.200,mot_patch_small_1d,0.5,42,34,0.12956158147457114,0.5502814086633924,0.862401988908013,0.8613607287406921,0.9531459170013387,1.118451047353945,0.7525812619502869,0.7496581077575684,0.897131931166348
mot_patch_small_1d-p3-bs.512-ep.200,mot_patch_small_1d,0.5,42,35,0.11604330125525078,0.5428020048150599,0.8689041881812967,0.8667108416557312,0.9520940906483075,1.0988336712634814,0.7548757170172085,0.7503607869148254,0.8986615678776291
mot_patch_small_1d-p3-bs.512-ep.200,mot_patch_small_1d,0.5,42,36,0.10305368692688174,0.5426713849007684,0.8681392235609103,0.8661339282989502,0.9534327787339836,1.1019942434978303,0.7560229445506692,0.7509359121322632,0.8959847036328872
mot_patch_small_1d-p3-bs.512-ep.200,mot_patch_small_1d,0.5,42,37,0.09064400256282756,0.5336025880568113,0.871677184930197,0.8701981902122498,0.9541977433543699,1.0983180270368238,0.7575525812619502,0.7510325908660889,0.8982791586998088
mot_patch_small_1d-p3-bs.512-ep.200,mot_patch_small_1d,0.5,42,38,0.07886322351782782,0.5343571332974196,0.8714381334863263,0.869454562664032,0.9542933639319181,1.098238725096956,0.7621414913957935,0.7569710612297058,0.8986615678776291
mot_patch_small_1d-p3-bs.512-ep.200,mot_patch_small_1d,0.5,42,39,0.06775784314464717,0.5299130306801985,0.8739720787913559,0.8727886080741882,0.9542933639319181,1.0909620193860727,0.7609942638623327,0.7565110921859741,0.8975143403441682
mot_patch_small_1d-p3-bs.512-ep.200,mot_patch_small_1d,0.5,42,40,0.057371689306052714,0.5272184988581033,0.8746414228341939,0.87298983335495,0.9546758462421113,1.090209788802021,0.7609942638623327,0.7550109028816223,0.8975143403441682
mot_patch_small_1d-p3-bs.512-ep.200,mot_patch_small_1d,0.5,42,41,0.047745751406263165,0.525770484386655,0.8761235417861923,0.8741514682769775,0.9552973799961751,1.088346989706415,0.7606118546845124,0.754066526889801,0.8986615678776291
mot_patch_small_1d-p3-bs.512-ep.200,mot_patch_small_1d,0.5,42,42,0.03891801862449629,0.5229499824736947,0.8767450755402563,0.8750272393226624,0.9553451902849494,1.0893193217582047,0.7621414913957935,0.7560942769050598,0.9001912045889101
mot_patch_small_1d-p3-bs.512-ep.200,mot_patch_small_1d,0.5,42,43,0.030923329989034104,0.5230573469786828,0.8767928858290304,0.874868631362915,0.9559189137502391,1.0869687694892374,0.7598470363288718,0.7539800405502319,0.9001912045889101
mot_patch_small_1d-p3-bs.512-ep.200,mot_patch_small_1d,0.5,42,44,0.02379323688349516,0.5210800435352015,0.8770797475616753,0.8754659295082092,0.9552017594186268,1.0854621624627487,0.7625239005736137,0.7563146352767944,0.9005736137667304
mot_patch_small_1d-p3-bs.512-ep.200,mot_patch_small_1d,0.5,42,45,0.017555878527937163,0.5209819909878365,0.8772709887167719,0.8756600022315979,0.9554408108624977,1.0882825176756878,0.7625239005736137,0.7564588785171509,0.9005736137667304
mot_patch_small_1d-p3-bs.512-ep.200,mot_patch_small_1d,0.5,42,46,0.012235870926211617,0.5208796701597241,0.8777490916045133,0.8762118816375732,0.9555364314400459,1.0872977517530977,0.7621414913957935,0.7562612295150757,0.8998087954110898
mot_patch_small_1d-p3-bs.512-ep.200,mot_patch_small_1d,0.5,42,47,0.007854209717842259,0.52023193507469,0.8775578504494167,0.8759502172470093,0.9559667240390132,1.0866703069916648,0.7640535372848949,0.7577455639839172,0.8998087954110898
mot_patch_small_1d-p3-bs.512-ep.200,mot_patch_small_1d,0.5,42,48,0.00442818731782782,0.5201010809821959,0.8779403327596099,0.8763176798820496,0.9557754828839167,1.0864842278095779,0.7644359464627151,0.7582324743270874,0.9001912045889101
mot_patch_small_1d-p3-bs.512-ep.200,mot_patch_small_1d,0.5,42,49,0.0019713246713805588,0.5200575784598238,0.8775100401606426,0.8758809566497803,0.9559667240390132,1.0864668866188532,0.7640535372848949,0.7580997347831726,0.9001912045889101
mot_patch_small_1d-p3-bs.512-ep.200,mot_patch_small_1d,0.5,42,50,0.0004933178929321103,0.5200482146145851,0.8776056607381909,0.8759905099868774,0.9559667240390132,1.0864795327414518,0.7636711281070746,0.7576649188995361,0.9001912045889101
mot_patch_small_1d-p3-bs.512-ep.200,mot_patch_small_1d,0.7,42,1,0.7,1.5258735723125247,0.6470644482692676,0.643023669719696,0.8387358959648116,1.771043165509605,0.6122370936902486,0.6154025197029114,0.8034416826003824
mot_patch_small_1d-p3-bs.512-ep.200,mot_patch_small_1d,0.7,42,2,0.699309354949895,1.2464873911568894,0.703910881621725,0.6955263018608093,0.8741633199464525,1.5273693835986049,0.6684512428298279,0.6622161269187927,0.8435946462715105
mot_patch_small_1d-p3-bs.512-ep.200,mot_patch_small_1d,0.7,42,3,0.6972401454600672,1.1227728157386334,0.7267163893669918,0.7223162055015564,0.8888888888888888,1.4443759721278233,0.6906309751434034,0.6893267035484314,0.858508604206501
mot_patch_small_1d-p3-bs.512-ep.200,mot_patch_small_1d,0.7,42,4,0.6938005377550409,1.0854952816389605,0.7478963472939376,0.7452380657196045,0.8951042264295276,1.467084853279887,0.6852772466539196,0.6872785091400146,0.8546845124282982
mot_patch_small_1d-p3-bs.512-ep.200,mot_patch_small_1d,0.7,42,5,0.6890041063950206,1.1147039985766167,0.7375215146299484,0.7377105951309204,0.8958213807611398,1.5123741609416546,0.6803059273422563,0.682224452495575,0.8577437858508604
mot_patch_small_1d-p3-bs.512-ep.200,mot_patch_small_1d,0.7,42,6,0.6828697807033035,1.0192732109716185,0.7551157008988334,0.7550662755966187,0.8994549627079748,1.413501250812246,0.6879541108986615,0.6876433491706848,0.8615678776290631
mot_patch_small_1d-p3-bs.512-ep.200,mot_patch_small_1d,0.7,42,7,0.6754217700608878,1.0385568446970779,0.7537292025243832,0.7518184781074524,0.899215911264104,1.4861116894344526,0.6868068833652008,0.6853294372558594,0.8569789674952198
mot_patch_small_1d-p3-bs.512-ep.200,mot_patch_small_1d,0.7,42,8,0.6666894683631067,0.910934905108541,0.7795945687511953,0.7755194902420044,0.9139892904953146,1.420993777214911,0.7017208413001912,0.6990683674812317,0.8692160611854685
mot_patch_small_1d-p3-bs.512-ep.200,mot_patch_small_1d,0.7,42,9,0.6567073380153521,0.9031273369853869,0.7832759609868044,0.7808197140693665,0.9151845477146682,1.4244699496384106,0.7112810707456979,0.7093858122825623,0.8646271510516252
mot_patch_small_1d-p3-bs.512-ep.200,mot_patch_small_1d,0.7,42,10,0.6455147739257051,0.8811202259906324,0.7802161025052591,0.774382472038269,0.9197743354369861,1.386495817778899,0.7135755258126195,0.706699550151825,0.8753346080305927
mot_patch_small_1d-p3-bs.512-ep.200,mot_patch_small_1d,0.7,42,11,0.6331559480312314,0.8676613670709508,0.7853318034040926,0.7824159264564514,0.9210174029451138,1.390676915622806,0.7135755258126195,0.7056896686553955,0.875717017208413
mot_patch_small_1d-p3-bs.512-ep.200,mot_patch_small_1d,0.7,42,12,0.619679634971526,0.961746883702383,0.7696500286861733,0.7686783075332642,0.9125549818320903,1.4895591808778605,0.6998087954110899,0.69877028465271,0.8673040152963671
mot_patch_small_1d-p3-bs.512-ep.200,mot_patch_small_1d,0.7,42,13,0.6051390195974938,0.8051965758731657,0.800726716389367,0.7986438870429993,0.9278542742398164,1.3622696221900488,0.7204588910133843,0.7167026400566101,0.8753346080305927
mot_patch_small_1d-p3-bs.512-ep.200,mot_patch_small_1d,0.7,42,14,0.5895914870750408,0.7583971616300348,0.8121055651176133,0.8100763559341431,0.9281889462612354,1.3118634050708429,0.7304015296367112,0.7282689809799194,0.8875717017208413
mot_patch_small_1d-p3-bs.512-ep.200,mot_patch_small_1d,0.7,42,15,0.5730983964120412,0.7523741144868606,0.8095238095238095,0.8080691695213318,0.9328743545611016,1.2971152325661186,0.7304015296367112,0.7286576628684998,0.88565965583174
mot_patch_small_1d-p3-bs.512-ep.200,mot_patch_small_1d,0.7,42,16,0.5557248383023655,0.7912897885837434,0.8096672403901319,0.8103650808334351,0.9250812774909161,1.3459498097290272,0.7269598470363289,0.7262303233146667,0.8810707456978968
mot_patch_small_1d-p3-bs.512-ep.200,mot_patch_small_1d,0.7,42,17,0.5375393782426486,0.7181931348119646,0.8194683495888315,0.817549467086792,0.9331612162937464,1.2992891504933228,0.7353728489483747,0.7316017150878906,0.8814531548757171
mot_patch_small_1d-p3-bs.512-ep.200,mot_patch_small_1d,0.7,42,18,0.5186137859356001,0.6994156440783013,0.8205679862306369,0.8196679949760437,0.9367469879518072,1.2622384386810244,0.7372848948374761,0.733039140701294,0.8894837476099426
mot_patch_small_1d-p3-bs.512-ep.200,mot_patch_small_1d,0.7,42,19,0.49902275204777524,0.686928956543745,0.8250143430866322,0.8241320252418518,0.9380856760374833,1.2767262912845065,0.7384321223709369,0.7371242046356201,0.8848948374760994
mot_patch_small_1d-p3-bs.512-ep.200,mot_patch_small_1d,0.7,42,20,0.47884359343963717,0.6643420487704982,0.827596098680436,0.8253968954086304,0.9406196213425129,1.2802367857719699,0.7235181644359464,0.7227647304534912,0.88565965583174
mot_patch_small_1d-p3-bs.512-ep.200,mot_patch_small_1d,0.7,42,21,0.45815594803123144,0.6878361274280063,0.8220979154714094,0.8186520338058472,0.9399024670109007,1.3144759139868771,0.725812619502868,0.7230228185653687,0.8845124282982791
mot_patch_small_1d-p3-bs.512-ep.200,mot_patch_small_1d,0.7,42,22,0.437041460507699,0.6569049404419319,0.8286479250334672,0.8273451328277588,0.9421973608720596,1.2648368215469739,0.7395793499043977,0.736152708530426,0.8933078393881453
mot_patch_small_1d-p3-bs.512-ep.200,mot_patch_small_1d,0.7,42,23,0.4155834601050035,0.6657793721133196,0.8233887932683114,0.8224424123764038,0.9433448078026391,1.285797405060573,0.7281070745697896,0.7235676050186157,0.8906309751434034
mot_patch_small_1d-p3-bs.512-ep.200,mot_patch_small_1d,0.7,42,24,0.3938666317475064,0.6188949537359294,0.8384012239433927,0.8366594910621643,0.9470740103270223,1.2576699251426566,0.7261950286806883,0.7265861630439758,0.8894837476099426
mot_patch_small_1d-p3-bs.512-ep.200,mot_patch_small_1d,0.7,42,25,0.37197668183525956,0.5945466992321149,0.846815834767642,0.844252347946167,0.9477433543698603,1.2422756844223344,0.7403441682600382,0.7349448204040527,0.8879541108986616
mot_patch_small_1d-p3-bs.512-ep.200,mot_patch_small_1d,0.7,42,26,0.34999999999999987,0.602151120408905,0.8438515968636451,0.8414623141288757,0.948269267546376,1.2453881601074686,0.7380497131931166,0.7363436818122864,0.891395793499044
mot_patch_small_1d-p3-bs.512-ep.200,mot_patch_small_1d,0.7,42,27,0.3280233181647402,0.5748640438137467,0.8526965002868617,0.8507421612739563,0.9491298527443106,1.2355334309273422,0.7407265774378585,0.7382763624191284,0.8952198852772466
mot_patch_small_1d-p3-bs.512-ep.200,mot_patch_small_1d,0.7,42,28,0.3061333682524934,0.5782991846288498,0.8503059858481545,0.8487758040428162,0.9500382482310193,1.226768665058435,0.7384321223709369,0.737548828125,0.8936902485659656
mot_patch_small_1d-p3-bs.512-ep.200,mot_patch_small_1d,0.7,42,29,0.28441653989499627,0.5624760293805546,0.8560432205010519,0.8537998795509338,0.9517594186268885,1.194238084315342,0.751434034416826,0.7464491128921509,0.8936902485659656
mot_patch_small_1d-p3-bs.512-ep.200,mot_patch_small_1d,0.7,42,30,0.2629585394923007,0.5518905162172943,0.8591986995601454,0.8576881885528564,0.9521419009370816,1.197103521518452,0.7422562141491396,0.739408016204834,0.8959847036328872
mot_patch_small_1d-p3-bs.512-ep.200,mot_patch_small_1d,0.7,42,31,0.2418440519687684,0.5455022851284113,0.8611589213998853,0.8596002459526062,0.9531459170013387,1.1964156076055639,0.749904397705545,0.7466831207275391,0.8967495219885278
mot_patch_small_1d-p3-bs.512-ep.200,mot_patch_small_1d,0.7,42,32,0.2211564065603627,0.5361806123930128,0.8636450564161408,0.8624283075332642,0.9537674507554026,1.1758388504699357,0.7560229445506692,0.7513765096664429,0.8975143403441682
mot_patch_small_1d-p3-bs.512-ep.200,mot_patch_small_1d,0.7,42,33,0.20097724795222446,0.5284130256384366,0.866704914897686,0.8660831451416016,0.9556320520175942,1.1998912410116105,0.745697896749522,0.7438719272613525,0.8963671128107075
mot_patch_small_1d-p3-bs.512-ep.200,mot_patch_small_1d,0.7,42,34,0.1813862140643995,0.5250214158884539,0.8647446930579461,0.8638850450515747,0.9563970166379805,1.186817161895577,0.7483747609942638,0.7437183260917664,0.8975143403441682
mot_patch_small_1d-p3-bs.512-ep.200,mot_patch_small_1d,0.7,42,35,0.16246062175735101,0.5163754695550186,0.8711034614649072,0.8691644072532654,0.9555364314400459,1.1666207512295725,0.749904397705545,0.7452145218849182,0.8994263862332696
mot_patch_small_1d-p3-bs.512-ep.200,mot_patch_small_1d,0.7,42,36,0.14427516169763435,0.5156718064594689,0.8701472556894244,0.8684686422348022,0.9568751195257219,1.1686706878487056,0.7510516252390057,0.7465900182723999,0.8948374760994264
mot_patch_small_1d-p3-bs.512-ep.200,mot_patch_small_1d,0.7,42,37,0.12690160358795852,0.502202510195404,0.876984126984127,0.8755450248718262,0.9583094281889463,1.1628762976389315,0.7533460803059273,0.7478713393211365,0.8975143403441682
mot_patch_small_1d-p3-bs.512-ep.200,mot_patch_small_1d,0.7,42,38,0.11040851292495889,0.5025342455966268,0.8770797475616753,0.8754852414131165,0.9574488429910116,1.161735410672073,0.7579349904397705,0.752417802810669,0.8982791586998088
mot_patch_small_1d-p3-bs.512-ep.200,mot_patch_small_1d,0.7,42,39,0.09486098040250598,0.4961582376433048,0.8799005545993498,0.8788678050041199,0.9584050487664946,1.1521189396057712,0.7579349904397705,0.7529944777488708,0.8975143403441682
mot_patch_small_1d-p3-bs.512-ep.200,mot_patch_small_1d,0.7,42,40,0.08032036502847376,0.49376464988925894,0.8809523809523809,0.8795309662818909,0.9583572384777204,1.1514624776165527,0.7575525812619502,0.7515609264373779,0.8956022944550669
mot_patch_small_1d-p3-bs.512-ep.200,mot_patch_small_1d,0.7,42,41,0.06684405196876839,0.4900264794704768,0.882291069038057,0.8807421922683716,0.9589787722317843,1.1465901580868898,0.7583173996175908,0.7521370053291321,0.8990439770554494
mot_patch_small_1d-p3-bs.512-ep.200,mot_patch_small_1d,0.7,42,42,0.05448522607429477,0.48638816882009644,0.8832472748135399,0.8814430236816406,0.9590265825205584,1.1461415292655988,0.7606118546845124,0.7544176578521729,0.901338432122371
mot_patch_small_1d-p3-bs.512-ep.200,mot_patch_small_1d,0.7,42,43,0.04329266198464772,0.4868148304714393,0.8821954484605087,0.8805533051490784,0.9596003059858481,1.1454441471719834,0.7598470363288718,0.7537102699279785,0.8986615678776291
mot_patch_small_1d-p3-bs.512-ep.200,mot_patch_small_1d,0.7,42,44,0.03331053163689321,0.48401404585248314,0.8826735513482501,0.8812898993492126,0.959552495697074,1.1429420719183199,0.7602294455066921,0.7538079619407654,0.8982791586998088
mot_patch_small_1d-p3-bs.512-ep.200,mot_patch_small_1d,0.7,42,45,0.024578229939112014,0.48384735957685726,0.8835819468349588,0.8823238611221313,0.9595046854082999,1.1457819674256655,0.7609942638623327,0.7552337050437927,0.9001912045889101
mot_patch_small_1d-p3-bs.512-ep.200,mot_patch_small_1d,0.7,42,46,0.017130219296696253,0.4836841948197891,0.8842991011665711,0.8829777240753174,0.9593134442532033,1.1438603607236086,0.7594646271510517,0.7538499236106873,0.9001912045889101
mot_patch_small_1d-p3-bs.512-ep.200,mot_patch_small_1d,0.7,42,47,0.010995893604979155,0.482740155641516,0.8841556703002487,0.882568359375,0.9591222030981067,1.1430789400469048,0.7602294455066921,0.754106342792511,0.8990439770554494
mot_patch_small_1d-p3-bs.512-ep.200,mot_patch_small_1d,0.7,42,48,0.006199462244958943,0.48253248936588755,0.8837253777012813,0.8823846578598022,0.9594568751195257,1.14286147604481,0.7617590822179733,0.7555953860282898,0.8994263862332696
mot_patch_small_1d-p3-bs.512-ep.200,mot_patch_small_1d,0.7,42,49,0.0027598545399327803,0.4824678654833947,0.8842034805890228,0.8827329874038696,0.9594568751195257,1.1428402873343766,0.761376673040153,0.7551814317703247,0.8994263862332696
mot_patch_small_1d-p3-bs.512-ep.200,mot_patch_small_1d,0.7,42,50,0.0006906450501049539,0.48245214991916957,0.8841078600114745,0.8826457858085632,0.9594090648307516,1.1428653549281862,0.7609942638623327,0.7548243999481201,0.8994263862332696
mot_patch_small_1d-p3-bs.512-ep.200,mot_patch_small_1d,1.0,42,1,1.0,1.7507017817363202,0.6355421686746988,0.6308881044387817,0.831229680627271,2.061098478765834,0.5881453154875717,0.5909369587898254,0.7923518164435946
mot_patch_small_1d-p3-bs.512-ep.200,mot_patch_small_1d,1.0,42,2,0.9990133642141358,1.4750733763110595,0.6842130426467776,0.677174985408783,0.8675655000956206,1.8222319170804142,0.6451242829827916,0.6414306163787842,0.837093690248566
mot_patch_small_1d-p3-bs.512-ep.200,mot_patch_small_1d,1.0,42,3,0.996057350657239,1.290908250828778,0.7171543316121629,0.7128900289535522,0.8842512908777969,1.6865616705403956,0.6833652007648183,0.6839553117752075,0.8531548757170172
mot_patch_small_1d-p3-bs.512-ep.200,mot_patch_small_1d,1.0,42,4,0.9911436253643444,1.289449750864157,0.7333620195065979,0.7286090850830078,0.888267355134825,1.7656740491294496,0.6772466539196941,0.6763542890548706,0.8458891013384321
mot_patch_small_1d-p3-bs.512-ep.200,mot_patch_small_1d,1.0,42,5,0.9842915805643155,1.3779813719424994,0.7150984891948747,0.711893618106842,0.8868330464716007,1.9055675185661243,0.6550669216061186,0.6543729901313782,0.8474187380497132
mot_patch_small_1d-p3-bs.512-ep.200,mot_patch_small_1d,1.0,42,6,0.9755282581475768,1.2821181764746743,0.7331707783515012,0.7356066107749939,0.8868330464716007,1.790641179276242,0.6738049713193117,0.6766592264175415,0.8508604206500956
mot_patch_small_1d-p3-bs.512-ep.200,mot_patch_small_1d,1.0,42,7,0.9648882429441257,1.268818051164386,0.7362306368330465,0.733945906162262,0.8900841461082425,1.8391042676528142,0.6734225621414914,0.6714545488357544,0.8435946462715105
mot_patch_small_1d-p3-bs.512-ep.200,mot_patch_small_1d,1.0,42,8,0.9524135262330098,1.1008216323896312,0.759609868043603,0.7556885480880737,0.9092082616179001,1.7396940213088552,0.6959847036328872,0.694537341594696,0.8581261950286807
mot_patch_small_1d-p3-bs.512-ep.200,mot_patch_small_1d,1.0,42,9,0.9381533400219317,1.0851637070984657,0.7649646203863071,0.761549174785614,0.9083476764199656,1.734625201836143,0.7024856596558318,0.7011885046958923,0.8550669216061185
mot_patch_small_1d-p3-bs.512-ep.200,mot_patch_small_1d,1.0,42,10,0.9221639627510075,1.045507718646337,0.7629087779690189,0.7592329978942871,0.9130808950086059,1.6913244127087566,0.7005736137667304,0.6939114332199097,0.865774378585086
mot_patch_small_1d-p3-bs.512-ep.200,mot_patch_small_1d,1.0,42,11,0.9045084971874737,1.054182154928482,0.7661598776056607,0.7623216509819031,0.913463377318799,1.7209580073165165,0.6883365200764818,0.6802647113800049,0.8692160611854685
mot_patch_small_1d-p3-bs.512-ep.200,mot_patch_small_1d,1.0,42,12,0.8852566213878946,1.1492393703938533,0.7587014725568942,0.7587344646453857,0.9059093516924842,1.8192879102426094,0.6910133843212237,0.6898776888847351,0.8592734225621415
mot_patch_small_1d-p3-bs.512-ep.200,mot_patch_small_1d,1.0,42,13,0.8644843137107058,0.9749516948365098,0.7807898259705489,0.7788162231445312,0.9219736087205966,1.6815888610898195,0.7013384321223709,0.6963929533958435,0.8695984703632887
mot_patch_small_1d-p3-bs.512-ep.200,mot_patch_small_1d,1.0,42,14,0.8422735529643444,0.899414399906289,0.794750430292599,0.792550802230835,0.9239816408491107,1.593158011500284,0.7131931166347992,0.7099792957305908,0.8776290630975143
mot_patch_small_1d-p3-bs.512-ep.200,mot_patch_small_1d,1.0,42,15,0.8187119948743449,0.9132635917597917,0.789778160260088,0.7887281775474548,0.9254637598011092,1.5906334404735674,0.7128107074569789,0.7153456211090088,0.875717017208413
mot_patch_small_1d-p3-bs.512-ep.200,mot_patch_small_1d,1.0,42,16,0.7938926261462367,0.9833688066620789,0.7963759801109199,0.7966788411140442,0.9172403901319564,1.6817888103069356,0.7131931166347992,0.7144355773925781,0.8703632887189292
mot_patch_small_1d-p3-bs.512-ep.200,mot_patch_small_1d,1.0,42,17,0.7679133974894983,0.8497068835937126,0.8038343851596864,0.8017788529396057,0.928045515394913,1.5895098655219289,0.7231357552581262,0.7203442454338074,0.8726577437858508
mot_patch_small_1d-p3-bs.512-ep.200,mot_patch_small_1d,1.0,42,18,0.7408768370508576,0.7831933486983708,0.8122489959839357,0.8103550672531128,0.9333046471600689,1.5012492892847007,0.7277246653919694,0.7230639457702637,0.8810707456978968
mot_patch_small_1d-p3-bs.512-ep.200,mot_patch_small_1d,1.0,42,19,0.7128896457825363,0.7864842855307951,0.8108624976094856,0.8110419511795044,0.9344520940906483,1.5332813912094436,0.7250478011472276,0.7263926863670349,0.8783938814531549
mot_patch_small_1d-p3-bs.512-ep.200,mot_patch_small_1d,1.0,42,20,0.6840622763423391,0.7588071834063024,0.8146395104226429,0.812640905380249,0.9376075731497419,1.5292211645647855,0.7139579349904398,0.7129486203193665,0.8803059273422562
mot_patch_small_1d-p3-bs.512-ep.200,mot_patch_small_1d,1.0,42,21,0.6545084971874737,0.7438239410197582,0.8170778351501243,0.8139272928237915,0.9386115892139989,1.5265776508396944,0.7208413001912046,0.7184739112854004,0.8826003824091778
mot_patch_small_1d-p3-bs.512-ep.200,mot_patch_small_1d,1.0,42,22,0.6243449435824273,0.7376670075046512,0.8164563013960604,0.8162146806716919,0.9411933448078026,1.494270379411103,0.7296367112810708,0.7270647287368774,0.88565965583174
mot_patch_small_1d-p3-bs.512-ep.200,mot_patch_small_1d,1.0,42,23,0.5936906572928624,0.7333407039098836,0.8111971696309046,0.8102713823318481,0.9421017402945113,1.5272312536294328,0.7158699808795411,0.711873471736908,0.8845124282982791
mot_patch_small_1d-p3-bs.512-ep.200,mot_patch_small_1d,1.0,42,24,0.5626666167821522,0.6749249681001139,0.8280263912794034,0.8272683024406433,0.9443488238668961,1.4773799830595349,0.7181644359464627,0.7179429531097412,0.8848948374760994
mot_patch_small_1d-p3-bs.512-ep.200,mot_patch_small_1d,1.0,42,25,0.5313952597646567,0.620096462090719,0.8388793268311341,0.8355799317359924,0.9483648881239243,1.4313652352210897,0.7250478011472276,0.7199238538742065,0.8887189292543021
mot_patch_small_1d-p3-bs.512-ep.200,mot_patch_small_1d,1.0,42,26,0.5,0.6366973632743924,0.8366800535475234,0.8344882130622864,0.9471218206157965,1.435144912398796,0.7269598470363289,0.7247798442840576,0.8875717017208413
mot_patch_small_1d-p3-bs.512-ep.200,mot_patch_small_1d,1.0,42,27,0.4686047402353433,0.6102966079522237,0.8427519602218397,0.8419204950332642,0.9484605087014726,1.4375491308208634,0.7319311663479924,0.7304394245147705,0.8883365200764818
mot_patch_small_1d-p3-bs.512-ep.200,mot_patch_small_1d,1.0,42,28,0.4373333832178479,0.6061590373071527,0.8452380952380952,0.8432563543319702,0.9507075922738574,1.4155963073497064,0.7323135755258127,0.7307036519050598,0.8906309751434034
mot_patch_small_1d-p3-bs.512-ep.200,mot_patch_small_1d,1.0,42,29,0.4063093427071377,0.563348519366657,0.8555173073245362,0.853156328201294,0.9527156244023713,1.3437695928103153,0.7483747609942638,0.7428992986679077,0.8936902485659656
mot_patch_small_1d-p3-bs.512-ep.200,mot_patch_small_1d,1.0,42,30,0.3756550564175726,0.5454355164362108,0.8605373876458213,0.8593505024909973,0.9536240198890801,1.3430827168160142,0.7395793499043977,0.7358570694923401,0.8948374760994264
mot_patch_small_1d-p3-bs.512-ep.200,mot_patch_small_1d,1.0,42,31,0.34549150281252644,0.5425126539359109,0.8620195065978199,0.8609335422515869,0.9547714668196596,1.3412546161483851,0.7422562141491396,0.7384251356124878,0.8982791586998088
mot_patch_small_1d-p3-bs.512-ep.200,mot_patch_small_1d,1.0,42,32,0.31593772365766115,0.5261672574034337,0.8642187798814305,0.8633111715316772,0.9550583285523044,1.3231300849987488,0.7510516252390057,0.7467793226242065,0.8956022944550669
mot_patch_small_1d-p3-bs.512-ep.200,mot_patch_small_1d,1.0,42,33,0.28711035421746367,0.5158473588604616,0.8659877605660738,0.8661317229270935,0.9579747561675273,1.3482268025268789,0.7391969407265775,0.738187849521637,0.8921606118546845
mot_patch_small_1d-p3-bs.512-ep.200,mot_patch_small_1d,1.0,42,34,0.2591231629491423,0.5142782287539294,0.8661790017211703,0.8657094836235046,0.9577357047236565,1.3298382585864679,0.739961759082218,0.7339943647384644,0.8959847036328872
mot_patch_small_1d-p3-bs.512-ep.200,mot_patch_small_1d,1.0,42,35,0.23208660251050156,0.4999960268129694,0.8732071141709696,0.8710899949073792,0.958883151654236,1.3025228759298817,0.7437858508604207,0.7396488785743713,0.8982791586998088
mot_patch_small_1d-p3-bs.512-ep.200,mot_patch_small_1d,1.0,42,36,0.2061073738537635,0.49579211662002126,0.8726333907056799,0.870975136756897,0.9593612545419774,1.3007406289445282,0.7468451242829828,0.743370771408081,0.8952198852772466
mot_patch_small_1d-p3-bs.512-ep.200,mot_patch_small_1d,1.0,42,37,0.18128800512565513,0.4790807275522232,0.8803786574870912,0.8790520429611206,0.9605087014725568,1.2952972455872633,0.7449330783938815,0.7394744753837585,0.8975143403441682
mot_patch_small_1d-p3-bs.512-ep.200,mot_patch_small_1d,1.0,42,38,0.15772644703565564,0.47609767341139575,0.8819085867278639,0.8804075717926025,0.9603174603174603,1.2903094552443086,0.7525812619502869,0.7466937303543091,0.8963671128107075
mot_patch_small_1d-p3-bs.512-ep.200,mot_patch_small_1d,1.0,42,39,0.13551568628929433,0.46579919761443234,0.8860202715624402,0.8850533366203308,0.9614170969592656,1.2764598175398933,0.752963671128107,0.7483331561088562,0.8959847036328872
mot_patch_small_1d-p3-bs.512-ep.200,mot_patch_small_1d,1.0,42,40,0.11474337861210543,0.46360038329456565,0.8857812201185695,0.8846545219421387,0.9612736660929432,1.2750702429455962,0.7548757170172085,0.7490561604499817,0.8940726577437859
mot_patch_small_1d-p3-bs.512-ep.200,mot_patch_small_1d,1.0,42,41,0.09549150281252633,0.4589868079729166,0.8853987378083764,0.8846445679664612,0.9626601644673933,1.2682022634473402,0.7560229445506692,0.7504536509513855,0.8975143403441682
mot_patch_small_1d-p3-bs.512-ep.200,mot_patch_small_1d,1.0,42,42,0.07783603724899257,0.4527489149130469,0.8897494740868235,0.8881731629371643,0.9626123541786192,1.2633543813205814,0.7552581261950286,0.7496542930603027,0.8982791586998088
mot_patch_small_1d-p3-bs.512-ep.200,mot_patch_small_1d,1.0,42,43,0.06184665997806821,0.45294883962935073,0.8880283036909543,0.8866593241691589,0.9624211130235226,1.265608911167823,0.7579349904397705,0.7519045472145081,0.8978967495219885
mot_patch_small_1d-p3-bs.512-ep.200,mot_patch_small_1d,1.0,42,44,0.04758647376699032,0.449228758838396,0.8904188181296615,0.8892984986305237,0.9634251290877797,1.2616207407263906,0.7556405353728489,0.7497078776359558,0.897131931166348
mot_patch_small_1d-p3-bs.512-ep.200,mot_patch_small_1d,1.0,42,45,0.035111757055874326,0.4485415501356535,0.8895104226429528,0.8884151577949524,0.9633773187990056,1.2636214611863088,0.7564053537284895,0.7506709098815918,0.897131931166348
mot_patch_small_1d-p3-bs.512-ep.200,mot_patch_small_1d,1.0,42,46,0.024471741852423234,0.44812954678136957,0.8913750239051443,0.890227735042572,0.9637598011091987,1.260036001697781,0.7544933078393882,0.7492359280586243,0.897131931166348
mot_patch_small_1d-p3-bs.512-ep.200,mot_patch_small_1d,1.0,42,47,0.015708419435684517,0.4468971194261619,0.8909925415949512,0.8895032405853271,0.963520749665328,1.259306528007551,0.7583173996175908,0.7519375085830688,0.897131931166348
mot_patch_small_1d-p3-bs.512-ep.200,mot_patch_small_1d,1.0,42,48,0.00885637463565564,0.44656491621567884,0.8914706444826926,0.8900833129882812,0.963520749665328,1.2591225064279472,0.7571701720841301,0.7509381771087646,0.897131931166348
mot_patch_small_1d-p3-bs.512-ep.200,mot_patch_small_1d,1.0,42,49,0.0039426493427611176,0.4464553862918424,0.8911837827500478,0.8897494673728943,0.9637119908204246,1.2590758358315346,0.7586998087954111,0.7526141405105591,0.8982791586998088
mot_patch_small_1d-p3-bs.512-ep.200,mot_patch_small_1d,1.0,42,50,0.0009866357858642205,0.44642633998751935,0.8909447313061771,0.8895007967948914,0.9637119908204246,1.2591191731265126,0.7586998087954111,0.7526141405105591,0.8975143403441682
mot_patch_small_1d-p3-bs.512-ep.300,mot_patch_small_1d,0.1,42,1,0.1,2.700721581685746,0.4027060623446166,0.3804415166378021,0.6757984318225282,2.764981790983882,0.3881453154875717,0.3734065592288971,0.652772466539197
mot_patch_small_1d-p3-bs.512-ep.300,mot_patch_small_1d,0.1,42,2,0.09990133642141358,2.222161055021565,0.5127175368139224,0.49636393785476685,0.7612354178619238,2.312450909295456,0.4707456978967495,0.4578244090080261,0.7288718929254302
mot_patch_small_1d-p3-bs.512-ep.300,mot_patch_small_1d,0.1,42,3,0.0996057350657239,2.0073920414264945,0.5571811053738764,0.5440793633460999,0.7870529737999618,2.1136854561975307,0.5154875717017209,0.5059759020805359,0.7606118546845124
mot_patch_small_1d-p3-bs.512-ep.300,mot_patch_small_1d,0.1,42,4,0.09911436253643444,1.8715374527663295,0.5782654427232741,0.5642361640930176,0.8070854847963281,1.9963607817261442,0.530019120458891,0.5184982419013977,0.7694072657743786
mot_patch_small_1d-p3-bs.512-ep.300,mot_patch_small_1d,0.1,42,5,0.09842915805643154,1.7605348033689818,0.6061866513673743,0.5974196791648865,0.8208070376745076,1.8875405743746638,0.5567877629063097,0.5492477416992188,0.7889101338432123
mot_patch_small_1d-p3-bs.512-ep.300,mot_patch_small_1d,0.1,42,6,0.09755282581475767,1.6846197554704494,0.6245936125454198,0.6147567629814148,0.8309428188946262,1.8218681437563486,0.567112810707457,0.5571303367614746,0.7954110898661568
mot_patch_small_1d-p3-bs.512-ep.300,mot_patch_small_1d,0.1,42,7,0.09648882429441256,1.6238300712324278,0.6359724612736661,0.6263158321380615,0.8366322432587493,1.77021919090023,0.5908221797323135,0.5819305181503296,0.8053537284894837
mot_patch_small_1d-p3-bs.512-ep.300,mot_patch_small_1d,0.1,42,8,0.09524135262330098,1.574079262957242,0.6473513100019124,0.6401519179344177,0.8430388219544847,1.7292639066794635,0.6,0.594683051109314,0.8145315487571702
mot_patch_small_1d-p3-bs.512-ep.300,mot_patch_small_1d,0.1,42,9,0.09381533400219318,1.5398591789877376,0.6532319755211321,0.6456297039985657,0.8457640084146109,1.7037630216113469,0.5992351816443595,0.5888216495513916,0.8145315487571702
mot_patch_small_1d-p3-bs.512-ep.300,mot_patch_small_1d,0.1,42,10,0.09221639627510075,1.4932609590204662,0.6672403901319564,0.6581453084945679,0.8543698603939568,1.6703836532213492,0.6022944550669216,0.5949379801750183,0.817208413001912
mot_patch_small_1d-p3-bs.512-ep.300,mot_patch_small_1d,0.1,42,11,0.09045084971874737,1.4745695271348835,0.6653757888697648,0.6577789783477783,0.8544654809715051,1.6590485815336327,0.6007648183556406,0.5935291051864624,0.8195028680688337
mot_patch_small_1d-p3-bs.512-ep.300,mot_patch_small_1d,0.1,42,12,0.08852566213878946,1.4433220655244676,0.6758462421113024,0.6696850657463074,0.8578122011856951,1.6377301130422444,0.611472275334608,0.6039127111434937,0.821414913957935
mot_patch_small_1d-p3-bs.512-ep.300,mot_patch_small_1d,0.1,42,13,0.08644843137107057,1.4250274325538763,0.674746605469497,0.6667987704277039,0.8608720596672403,1.6224158992730864,0.6110898661567877,0.6035338640213013,0.822944550669216
mot_patch_small_1d-p3-bs.512-ep.300,mot_patch_small_1d,0.1,42,14,0.08422735529643442,1.4065714278214747,0.6778064639510423,0.6686052083969116,0.8620195065978199,1.6081967559872805,0.6122370936902486,0.6028644442558289,0.8248565965583174
mot_patch_small_1d-p3-bs.512-ep.300,mot_patch_small_1d,0.1,42,15,0.08187119948743447,1.3766203016002814,0.6869860393956779,0.6813102960586548,0.8658921399885255,1.5943552983650513,0.6164435946462715,0.6092096567153931,0.8282982791586998
mot_patch_small_1d-p3-bs.512-ep.300,mot_patch_small_1d,0.1,42,16,0.07938926261462366,1.3638017238223727,0.6878466245936126,0.682345449924469,0.8678523618282654,1.5813436300303239,0.6217973231357553,0.6169796586036682,0.8225621414913958
mot_patch_small_1d-p3-bs.512-ep.300,mot_patch_small_1d,0.1,42,17,0.07679133974894982,1.3486300775028592,0.693296997513865,0.6854299306869507,0.8664658634538153,1.570958620731507,0.6302103250478012,0.6211153864860535,0.8248565965583174
mot_patch_small_1d-p3-bs.512-ep.300,mot_patch_small_1d,0.1,42,18,0.07408768370508576,1.3353409857429859,0.6951137884872824,0.6874061822891235,0.8699082042455536,1.5554333834529608,0.6202676864244742,0.6101107597351074,0.8275334608030592
mot_patch_small_1d-p3-bs.512-ep.300,mot_patch_small_1d,0.1,42,19,0.07128896457825362,1.3204375219791928,0.7021419009370816,0.6964263916015625,0.8729202524383247,1.5475369105147585,0.627151051625239,0.6214346885681152,0.834416826003824
mot_patch_small_1d-p3-bs.512-ep.300,mot_patch_small_1d,0.1,42,20,0.06840622763423389,1.310136374836329,0.7034327787339836,0.6965222954750061,0.8741155096576784,1.5398090690773258,0.6336520076481835,0.6233649253845215,0.8317399617590823
mot_patch_small_1d-p3-bs.512-ep.300,mot_patch_small_1d,0.1,42,21,0.06545084971874736,1.2959882313445095,0.7089787722317843,0.7041203379631042,0.8754541977433544,1.5276905738144941,0.6355640535372848,0.6279043555259705,0.832887189292543
mot_patch_small_1d-p3-bs.512-ep.300,mot_patch_small_1d,0.1,42,22,0.06243449435824272,1.2918230626888132,0.7089309619430101,0.7040709853172302,0.8749760948556129,1.5255829295054448,0.6340344168260038,0.6275631189346313,0.8275334608030592
mot_patch_small_1d-p3-bs.512-ep.300,mot_patch_small_1d,0.1,42,23,0.05936906572928623,1.2769215048145988,0.7117039586919105,0.706023097038269,0.8768885064065787,1.510232683987736,0.6347992351816444,0.6255002021789551,0.8359464627151052
mot_patch_small_1d-p3-bs.512-ep.300,mot_patch_small_1d,0.1,42,24,0.056266661678215216,1.2698270871046966,0.7123733027347485,0.7057163715362549,0.8776056607381909,1.5197511691208323,0.6317399617590822,0.6241854429244995,0.8355640535372849
mot_patch_small_1d-p3-bs.512-ep.300,mot_patch_small_1d,0.1,42,25,0.053139525976465665,1.2643218978820556,0.7120386307133295,0.7056469917297363,0.8795658825779308,1.5060901634551827,0.6313575525812619,0.621038019657135,0.8367112810707457
mot_patch_small_1d-p3-bs.512-ep.300,mot_patch_small_1d,0.1,42,26,0.049999999999999996,1.259451249881875,0.7150028686173264,0.7092864513397217,0.8788965385350928,1.5029052355093437,0.6313575525812619,0.6214784383773804,0.8378585086042065
mot_patch_small_1d-p3-bs.512-ep.300,mot_patch_small_1d,0.1,42,27,0.046860474023534326,1.2495308899929611,0.7202620003824823,0.7146474719047546,0.8805698986421878,1.4946256575575294,0.6340344168260038,0.6256676912307739,0.8390057361376673
mot_patch_small_1d-p3-bs.512-ep.300,mot_patch_small_1d,0.1,42,28,0.04373333832178478,1.2457144010087504,0.7200229489386116,0.7131352424621582,0.8815261044176707,1.4955671656883924,0.6340344168260038,0.6236995458602905,0.8363288718929255
mot_patch_small_1d-p3-bs.512-ep.300,mot_patch_small_1d,0.1,42,29,0.040630934270713764,1.2423661746858388,0.7189233122968063,0.7133306860923767,0.8806177089309619,1.4958617011630055,0.6363288718929254,0.628506064414978,0.8393881453154876
mot_patch_small_1d-p3-bs.512-ep.300,mot_patch_small_1d,0.1,42,30,0.03756550564175726,1.2338865509587644,0.7203576209600306,0.7141687870025635,0.881621724995219,1.4953455470943997,0.6305927342256215,0.6218945384025574,0.837093690248566
mot_patch_small_1d-p3-bs.512-ep.300,mot_patch_small_1d,0.1,42,31,0.03454915028125265,1.2283396601426166,0.7231784279977052,0.71788489818573,0.8823866896156053,1.4889533456835191,0.637093690248566,0.6290389895439148,0.8401529636711281
mot_patch_small_1d-p3-bs.512-ep.300,mot_patch_small_1d,0.1,42,32,0.03159377236576612,1.22639341896044,0.7236087205966724,0.7176251411437988,0.8829126027921209,1.4920855987140371,0.6355640535372848,0.6283385753631592,0.838623326959847
mot_patch_small_1d-p3-bs.512-ep.300,mot_patch_small_1d,0.1,42,33,0.028711035421746366,1.2208774816148662,0.7256167527251864,0.719575047492981,0.8843469114553452,1.4813685838396644,0.6382409177820267,0.6298391222953796,0.837093690248566
mot_patch_small_1d-p3-bs.512-ep.300,mot_patch_small_1d,0.1,42,34,0.025912316294914226,1.2210197040195285,0.7245171160833811,0.7189204692840576,0.8827213616370243,1.4901507609205082,0.6409177820267686,0.6340165734291077,0.8413001912045889
mot_patch_small_1d-p3-bs.512-ep.300,mot_patch_small_1d,0.1,42,35,0.023208660251050155,1.2160838300946064,0.7257123733027347,0.7199777364730835,0.883295085102314,1.4824053587466763,0.6347992351816444,0.6262136697769165,0.8393881453154876
mot_patch_small_1d-p3-bs.512-ep.300,mot_patch_small_1d,0.1,42,36,0.020610737385376346,1.2146150049503959,0.7272901128322815,0.7216686010360718,0.8848250143430866,1.4814450353327036,0.6374760994263863,0.629448413848877,0.838623326959847
mot_patch_small_1d-p3-bs.512-ep.300,mot_patch_small_1d,0.1,42,37,0.01812880051256551,1.2103721274315546,0.7278638362975712,0.7220686078071594,0.8850640657869574,1.4777096443832718,0.6393881453154876,0.6315057277679443,0.8390057361376673
mot_patch_small_1d-p3-bs.512-ep.300,mot_patch_small_1d,0.1,42,38,0.015772644703565562,1.2081935625045288,0.7286288009179576,0.7234323024749756,0.8845381526104418,1.4781258300431144,0.637093690248566,0.6295492053031921,0.8397705544933078
mot_patch_small_1d-p3-bs.512-ep.300,mot_patch_small_1d,0.1,42,39,0.013551568628929433,1.206188281422752,0.7305412124689233,0.7251904010772705,0.8862593230063109,1.471518650383156,0.6374760994263863,0.627286434173584,0.8409177820267686
mot_patch_small_1d-p3-bs.512-ep.300,mot_patch_small_1d,0.1,42,40,0.011474337861210542,1.2048126996919972,0.7303499713138267,0.7242918610572815,0.8856855995410212,1.4743747630949002,0.6390057361376673,0.6296236515045166,0.8390057361376673
mot_patch_small_1d-p3-bs.512-ep.300,mot_patch_small_1d,0.1,42,41,0.009549150281252632,1.2037357232565633,0.7312105565117614,0.725792646408081,0.8860680818512143,1.4712707081898677,0.638623326959847,0.6292799115180969,0.8397705544933078
mot_patch_small_1d-p3-bs.512-ep.300,mot_patch_small_1d,0.1,42,42,0.007783603724899257,1.2026589649497357,0.729776247848537,0.7242845892906189,0.8854943583859246,1.4698687493231284,0.6378585086042065,0.6288452744483948,0.8393881453154876
mot_patch_small_1d-p3-bs.512-ep.300,mot_patch_small_1d,0.1,42,43,0.0061846659978068205,1.2015966932275233,0.7315452285331804,0.7258241176605225,0.8869764773379232,1.469889148836154,0.6378585086042065,0.6289759278297424,0.8416826003824092
mot_patch_small_1d-p3-bs.512-ep.300,mot_patch_small_1d,0.1,42,44,0.004758647376699033,1.2008931219611987,0.7314496079556321,0.7257200479507446,0.8864027538726333,1.47032804179146,0.6405353728489483,0.6313016414642334,0.8405353728489484
mot_patch_small_1d-p3-bs.512-ep.300,mot_patch_small_1d,0.1,42,45,0.0035111757055874327,1.2004527753843452,0.7318799005545994,0.7262211441993713,0.8864027538726333,1.4701693518439853,0.6390057361376673,0.6303112506866455,0.8405353728489484
mot_patch_small_1d-p3-bs.512-ep.300,mot_patch_small_1d,0.1,42,46,0.0024471741852423235,1.2001620942125084,0.7321189519984701,0.7266048192977905,0.8864983744501816,1.4697799128282594,0.6401529636711281,0.6319624781608582,0.8405353728489484
mot_patch_small_1d-p3-bs.512-ep.300,mot_patch_small_1d,0.1,42,47,0.0015708419435684518,1.1999901381066023,0.7315452285331804,0.7259662747383118,0.8863549435838592,1.4695292631481163,0.6397705544933079,0.6314456462860107,0.8401529636711281
mot_patch_small_1d-p3-bs.512-ep.300,mot_patch_small_1d,0.1,42,48,0.000885637463565564,1.1999056428175032,0.7318320902658252,0.7263615131378174,0.8867374258940524,1.4695009979189695,0.638623326959847,0.630344569683075,0.8405353728489484
mot_patch_small_1d-p3-bs.512-ep.300,mot_patch_small_1d,0.1,42,49,0.00039426493427611173,1.1998631179526513,0.7316886593995028,0.72618567943573,0.8866418053165042,1.4694417410097431,0.6390057361376673,0.6307613253593445,0.8405353728489484
mot_patch_small_1d-p3-bs.512-ep.300,mot_patch_small_1d,0.1,42,50,9.866357858642205e-05,1.1998532780909725,0.7317364696882769,0.726234495639801,0.8866418053165042,1.469421017648613,0.6390057361376673,0.6307613253593445,0.8405353728489484
mot_patch_small_1d-p3-bs.512-ep.300,mot_patch_small_1d,0.3,42,1,0.3,2.2571281123785973,0.4651462994836489,0.45303523540496826,0.7161025052591318,2.379594873607045,0.4390057361376673,0.4349440336227417,0.6910133843212237
mot_patch_small_1d-p3-bs.512-ep.300,mot_patch_small_1d,0.3,42,2,0.29970400926424073,1.8050824513875816,0.5678427997705107,0.5555561184883118,0.7990055459934978,1.9488013068758963,0.5288718929254302,0.5190761089324951,0.7644359464627151
mot_patch_small_1d-p3-bs.512-ep.300,mot_patch_small_1d,0.3,42,3,0.2988172051971717,1.6470846984828265,0.6055173073245362,0.5963168144226074,0.8180818512143814,1.8114711112319626,0.5720841300191205,0.5673512816429138,0.7915869980879541
mot_patch_small_1d-p3-bs.512-ep.300,mot_patch_small_1d,0.3,42,4,0.29734308760930334,1.5669657429446908,0.6140753490151081,0.6047928333282471,0.8328074201568177,1.7879582304799535,0.5602294455066922,0.5572782158851624,0.7839388145315488
mot_patch_small_1d-p3-bs.512-ep.300,mot_patch_small_1d,0.3,42,5,0.2952874741692947,1.5191621209540542,0.6217728055077453,0.6144976615905762,0.8360585197934596,1.7283269615975667,0.5732313575525813,0.5627908110618591,0.7973231357552581
mot_patch_small_1d-p3-bs.512-ep.300,mot_patch_small_1d,0.3,42,6,0.2926584774442731,1.439514841534572,0.6469210174029452,0.6414903998374939,0.8476764199655766,1.6663329319561873,0.5946462715105163,0.5882418751716614,0.8160611854684512
mot_patch_small_1d-p3-bs.512-ep.300,mot_patch_small_1d,0.3,42,7,0.28946647288323774,1.412945842031631,0.6523235800344234,0.6458855271339417,0.8523140179766686,1.6534023598548786,0.594263862332696,0.5826490521430969,0.8168260038240918
mot_patch_small_1d-p3-bs.512-ep.300,mot_patch_small_1d,0.3,42,8,0.28572405786990296,1.3241032979574547,0.6814400458978772,0.6716787219047546,0.8641709695926564,1.5899570880838836,0.6107074569789674,0.601987898349762,0.8210325047801147
mot_patch_small_1d-p3-bs.512-ep.300,mot_patch_small_1d,0.3,42,9,0.28144600200657954,1.3199507362597713,0.6788582903040734,0.674587070941925,0.8635016255498184,1.6102702051458122,0.6084130019120458,0.6031335592269897,0.8187380497131931
mot_patch_small_1d-p3-bs.512-ep.300,mot_patch_small_1d,0.3,42,10,0.27664918882530226,1.2806212311608085,0.6865079365079365,0.6800535321235657,0.867039586919105,1.5751877647968824,0.6068833652007648,0.5964574217796326,0.822944550669216
mot_patch_small_1d-p3-bs.512-ep.300,mot_patch_small_1d,0.3,42,11,0.27135254915624213,1.2803389596127488,0.6842130426467776,0.6777019500732422,0.8712947026200039,1.5653608216382349,0.6179732313575526,0.6070719957351685,0.8305927342256214
mot_patch_small_1d-p3-bs.512-ep.300,mot_patch_small_1d,0.3,42,12,0.2655769864163684,1.2591984946359798,0.687990055459935,0.6841710805892944,0.8719640466628419,1.551440601822979,0.613001912045889,0.6024549007415771,0.8351816443594646
mot_patch_small_1d-p3-bs.512-ep.300,mot_patch_small_1d,0.3,42,13,0.2593452941132117,1.22947753421844,0.6980302161025053,0.6908700466156006,0.8773666092943201,1.5471550162845997,0.6229445506692161,0.6135661602020264,0.8248565965583174
mot_patch_small_1d-p3-bs.512-ep.300,mot_patch_small_1d,0.3,42,14,0.2526820658893033,1.200260345100057,0.7037674507554026,0.6985876560211182,0.8820042073054122,1.5249632913797353,0.6260038240917782,0.6194694638252258,0.8397705544933078
mot_patch_small_1d-p3-bs.512-ep.300,mot_patch_small_1d,0.3,42,15,0.24561359846230346,1.1803908797654579,0.7127557850449416,0.7084169983863831,0.8840600497227004,1.5235954532659761,0.625621414913958,0.6195252537727356,0.8340344168260039
mot_patch_small_1d-p3-bs.512-ep.300,mot_patch_small_1d,0.3,42,16,0.23816778784387102,1.1840925116364827,0.7114649072480398,0.7103146314620972,0.8795658825779308,1.5292804375205395,0.6263862332695985,0.6249974966049194,0.827151051625239
mot_patch_small_1d-p3-bs.512-ep.300,mot_patch_small_1d,0.3,42,17,0.2303740192468495,1.1590353067893786,0.7186842608529356,0.7132143378257751,0.8846815834767642,1.5169211714035238,0.6267686424474187,0.6162817478179932,0.8321223709369024
mot_patch_small_1d-p3-bs.512-ep.300,mot_patch_small_1d,0.3,42,18,0.22226305111525732,1.1502174294275316,0.7202620003824823,0.7138715386390686,0.8864983744501816,1.511600396646824,0.62868068833652,0.6184121966362,0.8290630975143404
mot_patch_small_1d-p3-bs.512-ep.300,mot_patch_small_1d,0.3,42,19,0.21386689373476092,1.1494954062319778,0.7205966724039014,0.7134523987770081,0.8867374258940524,1.5115460164232417,0.6282982791586998,0.616636335849762,0.8363288718929255
mot_patch_small_1d-p3-bs.512-ep.300,mot_patch_small_1d,0.3,42,20,0.20521868290270173,1.1494466847638414,0.7163415567030025,0.7105837464332581,0.8886976477337923,1.516955792516413,0.6260038240917782,0.6143758296966553,0.8347992351816443
mot_patch_small_1d-p3-bs.512-ep.300,mot_patch_small_1d,0.3,42,21,0.19635254915624212,1.1242628755932398,0.7252820807037674,0.7204120755195618,0.8910403518837253,1.5013305022201393,0.6282982791586998,0.6209028959274292,0.838623326959847
mot_patch_small_1d-p3-bs.512-ep.300,mot_patch_small_1d,0.3,42,22,0.18730348307472822,1.1171202098782966,0.7262860967680245,0.721832275390625,0.8900841461082425,1.4905607963839178,0.6305927342256215,0.6245335936546326,0.838623326959847
mot_patch_small_1d-p3-bs.512-ep.300,mot_patch_small_1d,0.3,42,23,0.17810719718785872,1.0991326082411632,0.7325970548862115,0.7278159856796265,0.8933830560336584,1.4694825619174234,0.6325047801147228,0.62156081199646,0.8455066921606118
mot_patch_small_1d-p3-bs.512-ep.300,mot_patch_small_1d,0.3,42,24,0.1687999850346457,1.0921958517358006,0.7337923121055652,0.7303311824798584,0.8946739338305604,1.4937973664322046,0.6282982791586998,0.6228278279304504,0.8363288718929255
mot_patch_small_1d-p3-bs.512-ep.300,mot_patch_small_1d,0.3,42,25,0.15941857792939704,1.0883665008238521,0.735083189902467,0.7306742072105408,0.8952476572958501,1.4756020934358383,0.6279158699808796,0.6162855625152588,0.8413001912045889
mot_patch_small_1d-p3-bs.512-ep.300,mot_patch_small_1d,0.3,42,26,0.15000000000000002,1.073388990605395,0.7414897685982024,0.7379403114318848,0.8969210174029452,1.4528906331691414,0.6455066921606119,0.6368127465248108,0.8424474187380497
mot_patch_small_1d-p3-bs.512-ep.300,mot_patch_small_1d,0.3,42,27,0.140581422070603,1.0619860547157474,0.7456492637215528,0.7410028576850891,0.8976381717345573,1.4499768521544127,0.6420650095602295,0.6335214972496033,0.8474187380497132
mot_patch_small_1d-p3-bs.512-ep.300,mot_patch_small_1d,0.3,42,28,0.13120001496535438,1.0662938885990623,0.7424459743736852,0.7366636395454407,0.89720787913559,1.4590520242432108,0.637093690248566,0.6288444399833679,0.8439770554493308
mot_patch_small_1d-p3-bs.512-ep.300,mot_patch_small_1d,0.3,42,29,0.12189280281214132,1.0607212214014867,0.7434499904379422,0.7393960356712341,0.8973991202906866,1.451836074333118,0.6474187380497132,0.6394718289375305,0.8478011472275334
mot_patch_small_1d-p3-bs.512-ep.300,mot_patch_small_1d,0.3,42,30,0.11269651692527179,1.0477254761407517,0.7505737234652897,0.7448617815971375,0.9005067890610059,1.4497519206818386,0.6393881453154876,0.6293533444404602,0.847036328871893
mot_patch_small_1d-p3-bs.512-ep.300,mot_patch_small_1d,0.3,42,31,0.10364745084375795,1.0424680536576179,0.7545419774335437,0.750835657119751,0.8999808758844904,1.453755287184998,0.6351816443594647,0.6254837512969971,0.847036328871893
mot_patch_small_1d-p3-bs.512-ep.300,mot_patch_small_1d,0.3,42,32,0.09478131709729837,1.0431887119079462,0.75,0.7444536089897156,0.8998374450181679,1.4550058164286568,0.64282982791587,0.6332153081893921,0.848565965583174
mot_patch_small_1d-p3-bs.512-ep.300,mot_patch_small_1d,0.3,42,33,0.08613310626523911,1.0297134437349473,0.7565500095620578,0.7527225017547607,0.9019889080130044,1.4329490413629302,0.6420650095602295,0.6341275572776794,0.8481835564053537
mot_patch_small_1d-p3-bs.512-ep.300,mot_patch_small_1d,0.3,42,34,0.0777369488847427,1.0342677965016456,0.7526295658825779,0.7491570115089417,0.9001721170395869,1.4391897431295186,0.6493307839388145,0.6415269374847412,0.8493307839388146
mot_patch_small_1d-p3-bs.512-ep.300,mot_patch_small_1d,0.3,42,35,0.06962598075315048,1.0218274110497514,0.759944540065022,0.755734920501709,0.9032797858099063,1.4308638490636763,0.6500956022944551,0.6434017419815063,0.8531548757170172
mot_patch_small_1d-p3-bs.512-ep.300,mot_patch_small_1d,0.3,42,36,0.06183221215612905,1.0217496073480818,0.7599923503537961,0.7555621266365051,0.9036144578313253,1.4249499465037943,0.6462715105162524,0.6366086006164551,0.8520076481835565
mot_patch_small_1d-p3-bs.512-ep.300,mot_patch_small_1d,0.3,42,37,0.05438640153769654,1.018321216573768,0.7608529355517307,0.7563413381576538,0.9029929240772614,1.4228074112084355,0.6550669216061186,0.6459195017814636,0.8508604206500956
mot_patch_small_1d-p3-bs.512-ep.300,mot_patch_small_1d,0.3,42,38,0.047317934110696694,1.0141952683898727,0.7639127940332759,0.7605016231536865,0.903853509275196,1.4302856649541034,0.6481835564053537,0.6400363445281982,0.850095602294455
mot_patch_small_1d-p3-bs.512-ep.300,mot_patch_small_1d,0.3,42,39,0.0406547058867883,1.0114897839036812,0.7627175368139224,0.7585568428039551,0.9042838018741634,1.4170750313461624,0.648565965583174,0.6405154466629028,0.8508604206500956
mot_patch_small_1d-p3-bs.512-ep.300,mot_patch_small_1d,0.3,42,40,0.03442301358363163,1.007615962113311,0.7642952763434692,0.759661853313446,0.9049053356282272,1.4204676611701572,0.6516252390057361,0.641440212726593,0.8493307839388146
mot_patch_small_1d-p3-bs.512-ep.300,mot_patch_small_1d,0.3,42,41,0.0286474508437579,1.0074013469095644,0.7671160833811437,0.7623881697654724,0.9045706636068082,1.416203833264557,0.6531548757170172,0.6442092657089233,0.8489483747609943
mot_patch_small_1d-p3-bs.512-ep.300,mot_patch_small_1d,0.3,42,42,0.023350811174697773,1.0051370067381225,0.7666857907821764,0.7628432512283325,0.9051443870720979,1.4139892023790408,0.6550669216061186,0.6439740061759949,0.848565965583174
mot_patch_small_1d-p3-bs.512-ep.300,mot_patch_small_1d,0.3,42,43,0.018553997993420463,1.004000719019003,0.7654905335628227,0.7608121633529663,0.9057181105373876,1.4155893840023939,0.6516252390057361,0.6423980593681335,0.8489483747609943
mot_patch_small_1d-p3-bs.512-ep.300,mot_patch_small_1d,0.3,42,44,0.014275942130097098,1.0016938361092949,0.7682157200229489,0.7638641595840454,0.9047140944731307,1.4134334338098822,0.6535372848948374,0.6446731686592102,0.8523900573613766
mot_patch_small_1d-p3-bs.512-ep.300,mot_patch_small_1d,0.3,42,45,0.010533527116762299,1.0008380749093846,0.7677854274239816,0.7632949948310852,0.9055746796710652,1.4120331233591696,0.6504780114722754,0.6406631469726562,0.8516252390057362
mot_patch_small_1d-p3-bs.512-ep.300,mot_patch_small_1d,0.3,42,46,0.00734152255572697,1.0003941419772515,0.7681200994454006,0.763848066329956,0.9054312488047428,1.4119356771728049,0.6535372848948374,0.6448832750320435,0.8516252390057362
mot_patch_small_1d-p3-bs.512-ep.300,mot_patch_small_1d,0.3,42,47,0.004712525830705355,0.9997399374457933,0.7696500286861733,0.7652623653411865,0.9057659208261618,1.4117289176634575,0.6516252390057361,0.6418783664703369,0.8504780114722753
mot_patch_small_1d-p3-bs.512-ep.300,mot_patch_small_1d,0.3,42,48,0.0026569123906966916,0.999583583736219,0.7693153566647543,0.7648246884346008,0.9055268693822911,1.4109911770939143,0.6531548757170172,0.6435868144035339,0.8508604206500956
mot_patch_small_1d-p3-bs.512-ep.300,mot_patch_small_1d,0.3,42,49,0.001182794802828335,0.9995219934098373,0.7697934595524957,0.7653100490570068,0.9053834385159686,1.4108731213308885,0.6523900573613767,0.6426312327384949,0.8508604206500956
mot_patch_small_1d-p3-bs.512-ep.300,mot_patch_small_1d,0.3,42,50,0.0002959907357592661,0.9995105299855719,0.7698412698412699,0.7653271555900574,0.9054312488047428,1.41085264596155,0.652772466539197,0.6430131793022156,0.8508604206500956
mot_patch_small_1d-p3-bs.512-ep.300,mot_patch_small_1d,0.5,42,1,0.5,2.1822319847832086,0.4723178427997705,0.46163517236709595,0.7294893861158921,2.315092552870683,0.4462715105162524,0.43751803040504456,0.7063097514340344
mot_patch_small_1d-p3-bs.512-ep.300,mot_patch_small_1d,0.5,42,2,0.4995066821070679,1.7770545763959391,0.5656435264869,0.5541774034500122,0.7972365653088545,1.9540696824257962,0.5231357552581262,0.513538122177124,0.7655831739961759
mot_patch_small_1d-p3-bs.512-ep.300,mot_patch_small_1d,0.5,42,3,0.4980286753286195,1.6392603232405067,0.5989194874737044,0.5883808732032776,0.8203767450755403,1.854073790336886,0.5560229445506693,0.5509363412857056,0.7862332695984704
mot_patch_small_1d-p3-bs.512-ep.300,mot_patch_small_1d,0.5,42,4,0.4955718126821722,1.5309789193978294,0.6191910499139415,0.6116814613342285,0.8339548670873972,1.791742789449017,0.5613766730401529,0.553518533706665,0.7923518164435946
mot_patch_small_1d-p3-bs.512-ep.300,mot_patch_small_1d,0.5,42,5,0.49214579028215777,1.4450166709201016,0.6430961943010136,0.6371787786483765,0.8487282463186078,1.73154931004599,0.5770554493307839,0.5748754143714905,0.8061185468451243
mot_patch_small_1d-p3-bs.512-ep.300,mot_patch_small_1d,0.5,42,6,0.4877641290737884,1.489951078831112,0.6249760948556129,0.6214139461517334,0.8416045132912603,1.785942079095494,0.5690248565965583,0.5643232464790344,0.7977055449330784
mot_patch_small_1d-p3-bs.512-ep.300,mot_patch_small_1d,0.5,42,7,0.48244412147206284,1.4252689578241817,0.6479250334672021,0.6417350172996521,0.8502103652706062,1.7295077438792126,0.5915869980879541,0.5822824239730835,0.8084130019120459
mot_patch_small_1d-p3-bs.512-ep.300,mot_patch_small_1d,0.5,42,8,0.4762067631165049,1.3423316993501817,0.6670491489768599,0.6578624844551086,0.8601070950468541,1.6899209075402575,0.5927342256214149,0.5856351256370544,0.8080305927342256
mot_patch_small_1d-p3-bs.512-ep.300,mot_patch_small_1d,0.5,42,9,0.46907667001096587,1.3451835915380739,0.6653757888697648,0.6606292128562927,0.861732644865175,1.7153630987863924,0.5904397705544933,0.5833596587181091,0.8145315487571702
mot_patch_small_1d-p3-bs.512-ep.300,mot_patch_small_1d,0.5,42,10,0.46108198137550377,1.3194404845712837,0.6706827309236948,0.6661282181739807,0.8611111111111112,1.696027218178627,0.5934990439770554,0.5864450335502625,0.8164435946462715
mot_patch_small_1d-p3-bs.512-ep.300,mot_patch_small_1d,0.5,42,11,0.45225424859373686,1.3079955596544475,0.6733122968062727,0.6669624447822571,0.8677567412507171,1.6659868491995176,0.605736137667304,0.5942251086235046,0.8179732313575526
mot_patch_small_1d-p3-bs.512-ep.300,mot_patch_small_1d,0.5,42,12,0.4426283106939473,1.3407986980707427,0.6618378275004781,0.6571829319000244,0.8631669535283993,1.7296996253398362,0.5854684512428299,0.5785109996795654,0.8175908221797323
mot_patch_small_1d-p3-bs.512-ep.300,mot_patch_small_1d,0.5,42,13,0.4322421568553529,1.271563821961488,0.6800057372346529,0.6791811585426331,0.8686173264486517,1.658371409312261,0.6038240917782027,0.5950760841369629,0.8191204588910134
mot_patch_small_1d-p3-bs.512-ep.300,mot_patch_small_1d,0.5,42,14,0.4211367764821722,1.201370003255792,0.6995123350545037,0.6942395567893982,0.8795658825779308,1.6249872648921113,0.609942638623327,0.6033263206481934,0.8332695984703633
mot_patch_small_1d-p3-bs.512-ep.300,mot_patch_small_1d,0.5,42,15,0.40935599743717244,1.2150825326131303,0.6914802065404475,0.6900392174720764,0.8799483648881239,1.6351157077183915,0.5961759082217973,0.5913271903991699,0.8309751434034417
mot_patch_small_1d-p3-bs.512-ep.300,mot_patch_small_1d,0.5,42,16,0.39694631307311834,1.1762181838490262,0.7033849684452094,0.7005141973495483,0.8800917957544464,1.5970142692726383,0.6233269598470363,0.6212233901023865,0.8302103250478011
mot_patch_small_1d-p3-bs.512-ep.300,mot_patch_small_1d,0.5,42,17,0.38395669874474914,1.1853557060680875,0.7070663606808185,0.700551450252533,0.8782271944922547,1.63565087254599,0.6198852772466539,0.6107786893844604,0.8248565965583174
mot_patch_small_1d-p3-bs.512-ep.300,mot_patch_small_1d,0.5,42,18,0.3704384185254288,1.1628317615000552,0.708883151654236,0.7022901177406311,0.8840600497227004,1.6254461489033745,0.6133843212237093,0.603614330291748,0.8302103250478011
mot_patch_small_1d-p3-bs.512-ep.300,mot_patch_small_1d,0.5,42,19,0.35644482289126816,1.1510787926661306,0.7101740294511378,0.704468846321106,0.8870720979154714,1.5860377032715778,0.6248565965583174,0.6132315993309021,0.8309751434034417
mot_patch_small_1d-p3-bs.512-ep.300,mot_patch_small_1d,0.5,42,20,0.34203113817116954,1.116730392172998,0.7150506789061006,0.7105766534805298,0.8936221074775291,1.5673347983715866,0.6279158699808796,0.6211613416671753,0.8374760994263862
mot_patch_small_1d-p3-bs.512-ep.300,mot_patch_small_1d,0.5,42,21,0.32725424859373686,1.106530920317944,0.7199273283610633,0.7172382473945618,0.8929527634346911,1.5638472402073,0.6248565965583174,0.6201082468032837,0.8340344168260039
mot_patch_small_1d-p3-bs.512-ep.300,mot_patch_small_1d,0.5,42,22,0.31217247179121366,1.0800864189937298,0.7308758844903424,0.7245495319366455,0.8966819659590743,1.5504288667930473,0.625621414913958,0.6179981827735901,0.8413001912045889
mot_patch_small_1d-p3-bs.512-ep.300,mot_patch_small_1d,0.5,42,23,0.2968453286464312,1.1063511031926487,0.7207879135589979,0.7166662812232971,0.8931440045897877,1.5649587890158192,0.621414913957935,0.6099221706390381,0.8413001912045889
mot_patch_small_1d-p3-bs.512-ep.300,mot_patch_small_1d,0.5,42,24,0.2813333083910761,1.0702927030051592,0.7305412124689233,0.7270755767822266,0.8964429145152036,1.5693380177134992,0.625621414913958,0.6208001971244812,0.8351816443594646
mot_patch_small_1d-p3-bs.512-ep.300,mot_patch_small_1d,0.5,42,25,0.26569762988232837,1.064356874475791,0.7320233314209218,0.7280346155166626,0.8982597054886211,1.5501886867428374,0.6237093690248566,0.6131742596626282,0.8435946462715105
mot_patch_small_1d-p3-bs.512-ep.300,mot_patch_small_1d,0.5,42,26,0.25,1.0465790075060286,0.7425894052400076,0.7378803491592407,0.9010805125262956,1.514479724307817,0.6413001912045889,0.6337373852729797,0.8397705544933078
mot_patch_small_1d-p3-bs.512-ep.300,mot_patch_small_1d,0.5,42,27,0.23430237011767166,1.0180154847104774,0.7530120481927711,0.7491981387138367,0.9020367183017786,1.4881963405280907,0.6393881453154876,0.6322096586227417,0.8478011472275334
mot_patch_small_1d-p3-bs.512-ep.300,mot_patch_small_1d,0.5,42,28,0.21866669160892396,1.0482904124519843,0.7364218779881431,0.7296496033668518,0.8995027729967489,1.5266626259564897,0.6424474187380497,0.6338956356048584,0.8443594646271511
mot_patch_small_1d-p3-bs.512-ep.300,mot_patch_small_1d,0.5,42,29,0.20315467135356885,1.0318122647829506,0.7420156817747179,0.7368928790092468,0.9002677376171352,1.5264073227833153,0.6374760994263863,0.629953920841217,0.8512428298279159
mot_patch_small_1d-p3-bs.512-ep.300,mot_patch_small_1d,0.5,42,30,0.1878275282087863,1.0003776280367938,0.7571237330273475,0.7520290613174438,0.9046184738955824,1.4843639497775192,0.638623326959847,0.6279711127281189,0.8462715105162524
mot_patch_small_1d-p3-bs.512-ep.300,mot_patch_small_1d,0.5,42,31,0.17274575140626322,0.9967494042842104,0.7565021992732837,0.7533048987388611,0.9048097150506789,1.4969590721349186,0.64282982791587,0.637092113494873,0.8424474187380497
mot_patch_small_1d-p3-bs.512-ep.300,mot_patch_small_1d,0.5,42,32,0.15796886182883058,0.9940650605817989,0.7576974564926372,0.7527223825454712,0.9046184738955824,1.4942488763346042,0.6409177820267686,0.6332040429115295,0.850095602294455
mot_patch_small_1d-p3-bs.512-ep.300,mot_patch_small_1d,0.5,42,33,0.14355517710873184,0.977419856675703,0.7629565882577931,0.7603746056556702,0.9063874545802256,1.474444699697695,0.6409177820267686,0.6344503164291382,0.8466539196940727
mot_patch_small_1d-p3-bs.512-ep.300,mot_patch_small_1d,0.5,42,34,0.12956158147457114,0.9824419809495726,0.7604704532415376,0.7565174698829651,0.9061962134251291,1.4698219255553149,0.6500956022944551,0.6417497992515564,0.8489483747609943
mot_patch_small_1d-p3-bs.512-ep.300,mot_patch_small_1d,0.5,42,35,0.11604330125525078,0.9636190392178134,0.7687416331994645,0.7647445201873779,0.9088735895964811,1.457551579083357,0.6493307839388145,0.6424053311347961,0.8573613766730401
mot_patch_small_1d-p3-bs.512-ep.300,mot_patch_small_1d,0.5,42,36,0.10305368692688174,0.9663173006560748,0.7671638936699178,0.7632330060005188,0.9090170204628036,1.4532471928496207,0.6478011472275335,0.6379173398017883,0.8546845124282982
mot_patch_small_1d-p3-bs.512-ep.300,mot_patch_small_1d,0.5,42,37,0.09064400256282756,0.9560036187783827,0.7717536813922357,0.7672083973884583,0.9102600879709314,1.441079797981802,0.6554493307839389,0.6451967358589172,0.8516252390057362
mot_patch_small_1d-p3-bs.512-ep.300,mot_patch_small_1d,0.5,42,38,0.07886322351782782,0.9561663357881862,0.7718971122585581,0.7688566446304321,0.9104513291260279,1.4608478553436455,0.6500956022944551,0.64342200756073,0.8516252390057362
mot_patch_small_1d-p3-bs.512-ep.300,mot_patch_small_1d,0.5,42,39,0.06775784314464717,0.9514677279719114,0.7741441958309428,0.7701759338378906,0.9119812583668006,1.4435629864723687,0.6504780114722754,0.6426364779472351,0.8577437858508604
mot_patch_small_1d-p3-bs.512-ep.300,mot_patch_small_1d,0.5,42,40,0.057371689306052714,0.9432059508889236,0.7764868999808758,0.7727007865905762,0.9112162937464142,1.44140294587407,0.6550669216061186,0.6446512341499329,0.8527724665391969
mot_patch_small_1d-p3-bs.512-ep.300,mot_patch_small_1d,0.5,42,41,0.047745751406263165,0.941770201592036,0.7785427423981641,0.7739561200141907,0.9108338114362211,1.4346610410263616,0.6523900573613767,0.6414775252342224,0.8554493307839388
mot_patch_small_1d-p3-bs.512-ep.300,mot_patch_small_1d,0.5,42,42,0.03891801862449629,0.9410857650923168,0.7775387263339071,0.7738382816314697,0.9114553451902849,1.4349041167454328,0.6611854684512428,0.6517022848129272,0.8550669216061185
mot_patch_small_1d-p3-bs.512-ep.300,mot_patch_small_1d,0.5,42,43,0.030923329989034104,0.939428516226714,0.7786383629757124,0.7740964293479919,0.9133677567412507,1.4373924795117934,0.6569789674952199,0.6485914587974548,0.8546845124282982
mot_patch_small_1d-p3-bs.512-ep.300,mot_patch_small_1d,0.5,42,44,0.02379323688349516,0.9354249243299463,0.7809810671256454,0.7770383358001709,0.9127462229871869,1.4319825969280293,0.6581261950286806,0.6484293937683105,0.8550669216061185
mot_patch_small_1d-p3-bs.512-ep.300,mot_patch_small_1d,0.5,42,45,0.017555878527937163,0.9338577693268774,0.7807420156817747,0.7766776084899902,0.9128418435647351,1.4292860450525813,0.6569789674952199,0.6478275060653687,0.8543021032504781
mot_patch_small_1d-p3-bs.512-ep.300,mot_patch_small_1d,0.5,42,46,0.012235870926211617,0.9332048365435561,0.7809332568368713,0.7769525647163391,0.91312870529738,1.4290478007971215,0.6573613766730402,0.6484512090682983,0.8535372848948375
mot_patch_small_1d-p3-bs.512-ep.300,mot_patch_small_1d,0.5,42,47,0.007854209717842259,0.931778248465752,0.7814591700133868,0.77720046043396,0.9134155670300249,1.4293908288784283,0.6581261950286806,0.6483614444732666,0.8565965583173997
mot_patch_small_1d-p3-bs.512-ep.300,mot_patch_small_1d,0.5,42,48,0.00442818731782782,0.9314110652509943,0.7814113597246127,0.7772908210754395,0.9131765155861541,1.4272962960412807,0.6596558317399618,0.6487815976142883,0.8562141491395794
mot_patch_small_1d-p3-bs.512-ep.300,mot_patch_small_1d,0.5,42,49,0.0019713246713805588,0.931289021383852,0.7816982214572576,0.7775454521179199,0.9130808950086059,1.427248456965897,0.6585086042065009,0.6477506756782532,0.8562141491395794
mot_patch_small_1d-p3-bs.512-ep.300,mot_patch_small_1d,0.5,42,50,0.0004933178929321103,0.9312672625082268,0.7817460317460317,0.7776069641113281,0.9130808950086059,1.42723763868868,0.6581261950286806,0.6473506689071655,0.8562141491395794
mot_patch_small_1d-p3-bs.512-ep.300,mot_patch_small_1d,0.7,42,1,0.7,2.2194383358221295,0.47528208070376743,0.46660545468330383,0.7302543507362784,2.4220733263296563,0.4413001912045889,0.4420899450778961,0.7009560229445506
mot_patch_small_1d-p3-bs.512-ep.300,mot_patch_small_1d,0.7,42,2,0.699309354949895,1.8959253325383005,0.5445591891375023,0.5378124117851257,0.7846146490724804,2.1076055172980404,0.5021032504780115,0.4985183775424957,0.7510516252390057
mot_patch_small_1d-p3-bs.512-ep.300,mot_patch_small_1d,0.7,42,3,0.6972401454600672,1.8316111197136948,0.5674603174603174,0.5601454973220825,0.7994836488812392,2.0915873029719805,0.5235181644359465,0.5202667713165283,0.7636711281070746
mot_patch_small_1d-p3-bs.512-ep.300,mot_patch_small_1d,0.7,42,4,0.6938005377550409,1.55291648539377,0.6196213425129088,0.6122198700904846,0.8346242111302352,1.8457581091565338,0.5732313575525813,0.5636193156242371,0.788527724665392
mot_patch_small_1d-p3-bs.512-ep.300,mot_patch_small_1d,0.7,42,5,0.6890041063950206,1.4976899458359387,0.637932683113406,0.6311374306678772,0.8448556129279021,1.8395396420422294,0.5766730401529637,0.5730237364768982,0.795793499043977
mot_patch_small_1d-p3-bs.512-ep.300,mot_patch_small_1d,0.7,42,6,0.6828697807033035,1.6681141301627642,0.5986326257410595,0.5975320339202881,0.8267355134825014,2.0338864970161628,0.5296367112810707,0.5260186195373535,0.7797323135755259
mot_patch_small_1d-p3-bs.512-ep.300,mot_patch_small_1d,0.7,42,7,0.6754217700608878,1.632366173854178,0.6211512717536813,0.6165306568145752,0.8302734748517882,1.970021521019434,0.5743785850860421,0.5661097168922424,0.7873804971319311
mot_patch_small_1d-p3-bs.512-ep.300,mot_patch_small_1d,0.7,42,8,0.6666894683631067,1.4278550198165243,0.6511283228150698,0.6436359882354736,0.8578122011856951,1.827025153486496,0.5850860420650096,0.5767809152603149,0.8084130019120459
mot_patch_small_1d-p3-bs.512-ep.300,mot_patch_small_1d,0.7,42,9,0.6567073380153521,1.3736077139222114,0.6594473130617708,0.6534472703933716,0.8649359342130426,1.820037503361018,0.5866156787762906,0.580716073513031,0.8110898661567878
mot_patch_small_1d-p3-bs.512-ep.300,mot_patch_small_1d,0.7,42,10,0.6455147739257051,1.4397342045007597,0.6506980302161025,0.6438397765159607,0.8533658443296998,1.8730454745757648,0.5774378585086042,0.5678410530090332,0.8011472275334608
mot_patch_small_1d-p3-bs.512-ep.300,mot_patch_small_1d,0.7,42,11,0.6331559480312314,1.4111456401399638,0.6537578886976477,0.6461946368217468,0.8580034423407917,1.814461033020603,0.5946462715105163,0.5800505876541138,0.815678776290631
mot_patch_small_1d-p3-bs.512-ep.300,mot_patch_small_1d,0.7,42,12,0.619679634971526,1.4232506065346766,0.6540447504302926,0.6489700078964233,0.8568559954102123,1.9019123609845543,0.5797323135755258,0.577033281326294,0.8
mot_patch_small_1d-p3-bs.512-ep.300,mot_patch_small_1d,0.7,42,13,0.6051390195974938,1.3897680606138048,0.6577739529546759,0.6563160419464111,0.8606808185121438,1.840239226886465,0.578585086042065,0.5695368051528931,0.8087954110898662
mot_patch_small_1d-p3-bs.512-ep.300,mot_patch_small_1d,0.7,42,14,0.5895914870750408,1.252455640053471,0.6976477337923122,0.6913008093833923,0.8767928858290304,1.7410252324937634,0.6080305927342257,0.5991916060447693,0.8175908221797323
mot_patch_small_1d-p3-bs.512-ep.300,mot_patch_small_1d,0.7,42,15,0.5730983964120412,1.2341605728318665,0.6910977242302544,0.687531590461731,0.8786096768024478,1.710977359574794,0.594263862332696,0.5880773067474365,0.8290630975143404
mot_patch_small_1d-p3-bs.512-ep.300,mot_patch_small_1d,0.7,42,16,0.5557248383023655,1.2301151970874102,0.6912411550965768,0.6869413256645203,0.8806177089309619,1.7391598674125015,0.6103250478011473,0.6039587259292603,0.8233269598470363
mot_patch_small_1d-p3-bs.512-ep.300,mot_patch_small_1d,0.7,42,17,0.5375393782426486,1.3181851909182956,0.6872250908395486,0.6801663041114807,0.8693822910690381,1.8495437111498976,0.6049713193116635,0.5983687043190002,0.8107074569789675
mot_patch_small_1d-p3-bs.512-ep.300,mot_patch_small_1d,0.7,42,18,0.5186137859356001,1.2353509307295214,0.6963090457066361,0.6901812553405762,0.8805698986421878,1.7782643611754787,0.6110898661567877,0.6022433638572693,0.8244741873804972
mot_patch_small_1d-p3-bs.512-ep.300,mot_patch_small_1d,0.7,42,19,0.49902275204777524,1.2241306651457018,0.6965002868617326,0.690186619758606,0.8802830369095429,1.721279635894367,0.6149139579349905,0.6019477248191833,0.8260038240917782
mot_patch_small_1d-p3-bs.512-ep.300,mot_patch_small_1d,0.7,42,20,0.47884359343963717,1.1412238531209333,0.7113214763817174,0.7067645788192749,0.8920443679479824,1.6542970923575115,0.615678776290631,0.6065617203712463,0.8363288718929255
mot_patch_small_1d-p3-bs.512-ep.300,mot_patch_small_1d,0.7,42,21,0.45815594803123144,1.1424050910177868,0.7115605278255881,0.7101706862449646,0.8934786766112067,1.6692498493376926,0.6168260038240918,0.6139891147613525,0.8317399617590823
mot_patch_small_1d-p3-bs.512-ep.300,mot_patch_small_1d,0.7,42,22,0.437041460507699,1.1283782138995901,0.7168196595907439,0.7116459012031555,0.8933830560336584,1.687079012052051,0.6187380497131931,0.6114405393600464,0.832887189292543
mot_patch_small_1d-p3-bs.512-ep.300,mot_patch_small_1d,0.7,42,23,0.4155834601050035,1.1233720912557643,0.7178236756550009,0.7150753736495972,0.8914228341939185,1.6534304996293543,0.6168260038240918,0.606096625328064,0.8390057361376673
mot_patch_small_1d-p3-bs.512-ep.300,mot_patch_small_1d,0.7,42,24,0.3938666317475064,1.0878105604938122,0.7240868234844139,0.7221700549125671,0.8959648116274622,1.655931474966483,0.6187380497131931,0.6142762899398804,0.8355640535372849
mot_patch_small_1d-p3-bs.512-ep.300,mot_patch_small_1d,0.7,42,25,0.37197668183525956,1.084352549824484,0.7249474086823484,0.7205647230148315,0.8978294128896539,1.6399197813657684,0.6187380497131931,0.6086641550064087,0.8336520076481836
mot_patch_small_1d-p3-bs.512-ep.300,mot_patch_small_1d,0.7,42,26,0.34999999999999987,1.0635093416121704,0.7324058137311149,0.7265453934669495,0.8984509466437177,1.6146762796843257,0.6229445506692161,0.6178544163703918,0.8325047801147227
mot_patch_small_1d-p3-bs.512-ep.300,mot_patch_small_1d,0.7,42,27,0.3280233181647402,1.0300973243662312,0.7434499904379422,0.738595724105835,0.9009370816599732,1.54985348499072,0.6401529636711281,0.6306188702583313,0.8432122370936902
mot_patch_small_1d-p3-bs.512-ep.300,mot_patch_small_1d,0.7,42,28,0.3061333682524934,1.0273508504873754,0.7425894052400076,0.7366588115692139,0.902180149168101,1.5665766874645226,0.6416826003824092,0.6302708387374878,0.8451242829827916
mot_patch_small_1d-p3-bs.512-ep.300,mot_patch_small_1d,0.7,42,29,0.28441653989499627,1.0265956691903169,0.7419200611971696,0.7370356917381287,0.9010327022375215,1.5927812186071568,0.6317399617590822,0.6246621608734131,0.8451242829827916
mot_patch_small_1d-p3-bs.512-ep.300,mot_patch_small_1d,0.7,42,30,0.2629585394923007,0.9917317552944058,0.7551157008988334,0.7507943511009216,0.9049053356282272,1.5447355821073396,0.6390057361376673,0.6283576488494873,0.8466539196940727
mot_patch_small_1d-p3-bs.512-ep.300,mot_patch_small_1d,0.7,42,31,0.2418440519687684,0.9905316653227026,0.755641614075349,0.7517153024673462,0.9058615414037101,1.5677489067354804,0.6405353728489483,0.6328176856040955,0.84282982791587
mot_patch_small_1d-p3-bs.512-ep.300,mot_patch_small_1d,0.7,42,32,0.2211564065603627,0.9712547445233407,0.7607573149741824,0.7566348314285278,0.9076783323771276,1.5392157443394852,0.6409177820267686,0.6321094036102295,0.848565965583174
mot_patch_small_1d-p3-bs.512-ep.300,mot_patch_small_1d,0.7,42,33,0.20097724795222446,0.9496538319444537,0.7675463759801109,0.765946626663208,0.9098297953719641,1.5233215915541347,0.64282982791587,0.6363312602043152,0.8443594646271511
mot_patch_small_1d-p3-bs.512-ep.300,mot_patch_small_1d,0.7,42,34,0.1813862140643995,0.9636385168621613,0.7616179001721171,0.7575294375419617,0.9083954867087397,1.5225871842860264,0.6474187380497132,0.6380736231803894,0.8493307839388146
mot_patch_small_1d-p3-bs.512-ep.300,mot_patch_small_1d,0.7,42,35,0.16246062175735101,0.9471106440780678,0.7669726525148212,0.762129545211792,0.9120768789443489,1.5055928480100906,0.6489483747609943,0.6397833228111267,0.8539196940726578
mot_patch_small_1d-p3-bs.512-ep.300,mot_patch_small_1d,0.7,42,36,0.14427516169763435,0.943106771495744,0.7687894434882386,0.764126718044281,0.9109294320137694,1.5017343553940607,0.6478011472275335,0.6367994546890259,0.8543021032504781
mot_patch_small_1d-p3-bs.512-ep.300,mot_patch_small_1d,0.7,42,37,0.12690160358795852,0.9220317865015331,0.7776821572002295,0.7726156115531921,0.9137024287626697,1.4792772107096976,0.6531548757170172,0.6443615555763245,0.8558317399617591
mot_patch_small_1d-p3-bs.512-ep.300,mot_patch_small_1d,0.7,42,38,0.11040851292495889,0.9258261016915738,0.7753394530502964,0.7731586694717407,0.9135589978963473,1.5025640746603504,0.6489483747609943,0.6421201825141907,0.8493307839388146
mot_patch_small_1d-p3-bs.512-ep.300,mot_patch_small_1d,0.7,42,39,0.09486098040250598,0.9203759906715543,0.7792120864410021,0.7757045030593872,0.9153279785809906,1.482200017166867,0.6478011472275335,0.640285313129425,0.8577437858508604
mot_patch_small_1d-p3-bs.512-ep.300,mot_patch_small_1d,0.7,42,40,0.08032036502847376,0.9084014961883201,0.78184165232358,0.7777511477470398,0.9150889271371199,1.4757447514433706,0.6550669216061186,0.6438366174697876,0.8546845124282982
mot_patch_small_1d-p3-bs.512-ep.300,mot_patch_small_1d,0.7,42,41,0.06684405196876839,0.9047178455191558,0.7841365461847389,0.7797331213951111,0.9150889271371199,1.4676889394027097,0.655831739961759,0.6475755572319031,0.8577437858508604
mot_patch_small_1d-p3-bs.512-ep.300,mot_patch_small_1d,0.7,42,42,0.05448522607429477,0.906666004080963,0.7829890992541595,0.7794922590255737,0.9153757888697648,1.471850591772601,0.6588910133843212,0.6489590406417847,0.8569789674952198
mot_patch_small_1d-p3-bs.512-ep.300,mot_patch_small_1d,0.7,42,43,0.04329266198464772,0.9035990653564197,0.7849493210938994,0.7805123925209045,0.9168579078217632,1.4729555571284394,0.6554493307839389,0.6471735239028931,0.8558317399617591
mot_patch_small_1d-p3-bs.512-ep.300,mot_patch_small_1d,0.7,42,44,0.03331053163689321,0.897702267074658,0.7871964046662842,0.7835646271705627,0.9164276152227959,1.4639704191889864,0.6588910133843212,0.6493213772773743,0.8562141491395794
mot_patch_small_1d-p3-bs.512-ep.300,mot_patch_small_1d,0.7,42,45,0.024578229939112014,0.89559444986308,0.7877223178427998,0.7840078473091125,0.9172403901319564,1.4604164838335025,0.6592734225621415,0.6495697498321533,0.8581261950286807
mot_patch_small_1d-p3-bs.512-ep.300,mot_patch_small_1d,0.7,42,46,0.017130219296696253,0.8946120053683624,0.7876266972652515,0.7836835980415344,0.9166188563778925,1.4598733526342913,0.6608030592734225,0.651561975479126,0.8554493307839388
mot_patch_small_1d-p3-bs.512-ep.300,mot_patch_small_1d,0.7,42,47,0.010995893604979155,0.892645208483149,0.7892522470835723,0.785246729850769,0.917431631287053,1.4611798346612468,0.6585086042065009,0.6492483615875244,0.8565965583173997
mot_patch_small_1d-p3-bs.512-ep.300,mot_patch_small_1d,0.7,42,48,0.006199462244958943,0.8920134458470741,0.7890610059284758,0.7852597236633301,0.917431631287053,1.457679579317228,0.6588910133843212,0.6492500305175781,0.858508604206501
mot_patch_small_1d-p3-bs.512-ep.300,mot_patch_small_1d,0.7,42,49,0.0027598545399327803,0.8917882570597564,0.7884872824631861,0.7845990061759949,0.9174794415758272,1.4576996039250156,0.6588910133843212,0.6493116617202759,0.8569789674952198
mot_patch_small_1d-p3-bs.512-ep.300,mot_patch_small_1d,0.7,42,50,0.0006906450501049539,0.8917486254994285,0.7887741441958309,0.7848489284515381,0.9175272518646013,1.4576938607268761,0.6585086042065009,0.6489545702934265,0.8569789674952198
mot_patch_small_1d-p3-bs.512-ep.300,mot_patch_small_1d,1.0,42,1,1.0,2.535293366079646,0.4673455727672595,0.45883405208587646,0.7062057754828839,2.8235101528423012,0.43250478011472276,0.43288880586624146,0.6703632887189293
mot_patch_small_1d-p3-bs.512-ep.300,mot_patch_small_1d,1.0,42,2,0.9990133642141358,2.373095661396049,0.510279212086441,0.5054142475128174,0.75530694205393,2.700403182137309,0.4722753346080306,0.4707411229610443,0.718546845124283
mot_patch_small_1d-p3-bs.512-ep.300,mot_patch_small_1d,1.0,42,3,0.996057350657239,2.2921314410940825,0.5326066169439664,0.5237436890602112,0.7771562440237139,2.6079434819704717,0.49674952198852773,0.4886927008628845,0.7426386233269598
mot_patch_small_1d-p3-bs.512-ep.300,mot_patch_small_1d,1.0,42,4,0.9911436253643444,1.8218021735700007,0.591174220692293,0.5814282298088074,0.8163606808185121,2.2001603485749284,0.5391969407265774,0.5255720019340515,0.7736137667304015
mot_patch_small_1d-p3-bs.512-ep.300,mot_patch_small_1d,1.0,42,5,0.9842915805643155,1.8506866892064864,0.5987760566073819,0.5879714488983154,0.8291738382099828,2.332568324364394,0.5453154875717017,0.5379285216331482,0.7789674952198853
mot_patch_small_1d-p3-bs.512-ep.300,mot_patch_small_1d,1.0,42,6,0.9755282581475768,1.9663914227991766,0.5804647160068847,0.5799909234046936,0.8035475234270415,2.4046575425915693,0.5216061185468451,0.520016610622406,0.7602294455066921
mot_patch_small_1d-p3-bs.512-ep.300,mot_patch_small_1d,1.0,42,7,0.9648882429441257,1.9513938970925089,0.5957640084146109,0.5934315323829651,0.8108624976094856,2.412475548009344,0.5376673040152964,0.5312256813049316,0.7659655831739962
mot_patch_small_1d-p3-bs.512-ep.300,mot_patch_small_1d,1.0,42,8,0.9524135262330098,1.7733156926820237,0.6197169630904571,0.6111911535263062,0.8373015873015873,2.274134689535283,0.5609942638623326,0.5540170669555664,0.7877629063097514
mot_patch_small_1d-p3-bs.512-ep.300,mot_patch_small_1d,1.0,42,9,0.9381533400219317,1.5869458881202358,0.6385542168674698,0.6303324103355408,0.847150506789061,2.152280999324062,0.5694072657743786,0.5632227063179016,0.7904397705544933
mot_patch_small_1d-p3-bs.512-ep.300,mot_patch_small_1d,1.0,42,10,0.9221639627510075,1.665735248398612,0.6308089500860585,0.6215296387672424,0.8446165614840314,2.2083555174147422,0.5652007648183557,0.5541061758995056,0.7969407265774379
mot_patch_small_1d-p3-bs.512-ep.300,mot_patch_small_1d,1.0,42,11,0.9045084971874737,1.6983330973386082,0.6400363358194684,0.6372697949409485,0.8391661885637789,2.204744800691623,0.5816443594646271,0.5754669308662415,0.8003824091778202
mot_patch_small_1d-p3-bs.512-ep.300,mot_patch_small_1d,1.0,42,12,0.8852566213878946,1.621859639296,0.6405622489959839,0.6365900635719299,0.8466724039013196,2.209659449502569,0.5739961759082218,0.5684441924095154,0.7938814531548757
mot_patch_small_1d-p3-bs.512-ep.300,mot_patch_small_1d,1.0,42,13,0.8644843137107058,1.5560804769399632,0.643239625167336,0.6396709680557251,0.8571906674316313,2.1227327423387456,0.5648183556405354,0.5583972334861755,0.8091778202676865
mot_patch_small_1d-p3-bs.512-ep.300,mot_patch_small_1d,1.0,42,14,0.8422735529643444,1.3870868175839985,0.6805794606999426,0.6719784736633301,0.8733983553260661,1.9961238007700466,0.5965583173996176,0.5873151421546936,0.8187380497131931
mot_patch_small_1d-p3-bs.512-ep.300,mot_patch_small_1d,1.0,42,15,0.8187119948743449,1.4002993655355238,0.6700133868808568,0.6656534075737,0.8698125836680054,2.0045552970346483,0.5816443594646271,0.5739423632621765,0.8137667304015297
mot_patch_small_1d-p3-bs.512-ep.300,mot_patch_small_1d,1.0,42,16,0.7938926261462367,1.4497705703256782,0.662124689233123,0.6546721458435059,0.8647446930579461,2.0639224969634133,0.5923518164435947,0.5828337073326111,0.8045889101338433
mot_patch_small_1d-p3-bs.512-ep.300,mot_patch_small_1d,1.0,42,17,0.7679133974894983,1.518922486982785,0.6779498948173647,0.6694397926330566,0.8614935934213043,2.1993807980480886,0.5877629063097515,0.5788554549217224,0.8049713193116634
mot_patch_small_1d-p3-bs.512-ep.300,mot_patch_small_1d,1.0,42,18,0.7408768370508576,1.411459554561718,0.6722604704532416,0.6673299670219421,0.8695735322241346,2.060836707383223,0.5946462715105163,0.5872517228126526,0.8095602294455067
mot_patch_small_1d-p3-bs.512-ep.300,mot_patch_small_1d,1.0,42,19,0.7128896457825363,1.3159623356708083,0.6872250908395486,0.6822002530097961,0.8788965385350928,1.9067403848039033,0.6049713193116635,0.5908752679824829,0.8210325047801147
mot_patch_small_1d-p3-bs.512-ep.300,mot_patch_small_1d,1.0,42,20,0.6840622763423391,1.2737455860472793,0.6898068464333524,0.6850621104240417,0.8853509275196022,1.9262891663647974,0.5938814531548757,0.586129903793335,0.8237093690248566
mot_patch_small_1d-p3-bs.512-ep.300,mot_patch_small_1d,1.0,42,21,0.6545084971874737,1.2863936625787236,0.6852648689998088,0.6843838691711426,0.8874545802256646,1.931235505609166,0.5854684512428299,0.583456814289093,0.8263862332695985
mot_patch_small_1d-p3-bs.512-ep.300,mot_patch_small_1d,1.0,42,22,0.6243449435824273,1.2293311250576853,0.7006119716963091,0.6951614618301392,0.8883629757123733,1.8996037616328574,0.5950286806883365,0.5857641696929932,0.8240917782026769
mot_patch_small_1d-p3-bs.512-ep.300,mot_patch_small_1d,1.0,42,23,0.5936906572928624,1.2465383172559565,0.6961178045515395,0.6946685910224915,0.8849206349206349,1.8660743056930047,0.6019120458891013,0.5915844440460205,0.8275334608030592
mot_patch_small_1d-p3-bs.512-ep.300,mot_patch_small_1d,1.0,42,24,0.5626666167821522,1.1803985801065007,0.7123733027347485,0.7104058861732483,0.8909447313061771,1.8387424943096096,0.6141491395793499,0.6101603507995605,0.831357552581262
mot_patch_small_1d-p3-bs.512-ep.300,mot_patch_small_1d,1.0,42,25,0.5313952597646567,1.164699756887133,0.7110346146490725,0.7052798271179199,0.8949607955632052,1.8406299102374746,0.6091778202676864,0.5986813306808472,0.8321223709369024
mot_patch_small_1d-p3-bs.512-ep.300,mot_patch_small_1d,1.0,42,26,0.5,1.1441563467469673,0.7179671065213233,0.7119987607002258,0.893908969210174,1.800299095606029,0.613001912045889,0.6056846380233765,0.8305927342256214
mot_patch_small_1d-p3-bs.512-ep.300,mot_patch_small_1d,1.0,42,27,0.4686047402353433,1.0717409002231488,0.7341747944157583,0.729066014289856,0.8987856186651367,1.6878493387430165,0.6325047801147228,0.6220966577529907,0.8420650095602294
mot_patch_small_1d-p3-bs.512-ep.300,mot_patch_small_1d,1.0,42,28,0.4373333832178479,1.0570133356592992,0.7372824631860776,0.7330668568611145,0.9007458405048766,1.7061828817509783,0.6332695984703632,0.6223998665809631,0.8405353728489484
mot_patch_small_1d-p3-bs.512-ep.300,mot_patch_small_1d,1.0,42,29,0.4063093427071377,1.0678532269015142,0.7363740676993689,0.7318854331970215,0.8982597054886211,1.7281114217200197,0.625621414913958,0.6178054213523865,0.84282982791587
mot_patch_small_1d-p3-bs.512-ep.300,mot_patch_small_1d,1.0,42,30,0.3756550564175726,1.0193592968122023,0.7480875884490342,0.7442842125892639,0.9026582520558424,1.686657535414395,0.6332695984703632,0.6242064833641052,0.8432122370936902
mot_patch_small_1d-p3-bs.512-ep.300,mot_patch_small_1d,1.0,42,31,0.34549150281252644,1.0128592563920231,0.7508127749091604,0.7470640540122986,0.9055268693822911,1.704708275877039,0.627151051625239,0.621275782585144,0.837093690248566
mot_patch_small_1d-p3-bs.512-ep.300,mot_patch_small_1d,1.0,42,32,0.31593772365766115,0.9748025800420805,0.7598967297762479,0.7561204433441162,0.9082042455536431,1.645083068205795,0.6374760994263863,0.6294812560081482,0.8493307839388146
mot_patch_small_1d-p3-bs.512-ep.300,mot_patch_small_1d,1.0,42,33,0.28711035421746367,0.9387407603786379,0.7667814113597247,0.766381025314331,0.912124689233123,1.6175257505923795,0.6397705544933079,0.6317282319068909,0.8409177820267686
mot_patch_small_1d-p3-bs.512-ep.300,mot_patch_small_1d,1.0,42,34,0.2591231629491423,0.9661359688501144,0.7573149741824441,0.7537071108818054,0.9092560719066743,1.6273573589142605,0.6432122370936902,0.6329076886177063,0.8478011472275334
mot_patch_small_1d-p3-bs.512-ep.300,mot_patch_small_1d,1.0,42,35,0.23208660251050156,0.9600120310255391,0.7607573149741824,0.7543919086456299,0.9115031554790591,1.6206862323826632,0.6382409177820267,0.6280540227890015,0.8516252390057362
mot_patch_small_1d-p3-bs.512-ep.300,mot_patch_small_1d,1.0,42,36,0.2061073738537635,0.9293453583504871,0.771562440237139,0.7670648097991943,0.9125071715433162,1.5975516645675862,0.6481835564053537,0.6388773918151855,0.8527724665391969
mot_patch_small_1d-p3-bs.512-ep.300,mot_patch_small_1d,1.0,42,37,0.18128800512565513,0.9029143408758733,0.7793555173073246,0.7745158672332764,0.9166188563778925,1.5687625644311851,0.6493307839388145,0.6403805613517761,0.8539196940726578
mot_patch_small_1d-p3-bs.512-ep.300,mot_patch_small_1d,1.0,42,38,0.15772644703565564,0.9072684048922391,0.7770128131573915,0.7755746245384216,0.9166188563778925,1.587614852292588,0.6504780114722754,0.6449968814849854,0.850095602294455
mot_patch_small_1d-p3-bs.512-ep.300,mot_patch_small_1d,1.0,42,39,0.13551568628929433,0.8996292064285205,0.7808854465480971,0.7783181071281433,0.9170013386880856,1.5673197919506416,0.6447418738049713,0.6382614374160767,0.8569789674952198
mot_patch_small_1d-p3-bs.512-ep.300,mot_patch_small_1d,1.0,42,40,0.11474337861210543,0.881422354537138,0.786144578313253,0.7823363542556763,0.9183878370625359,1.5524625001400425,0.6585086042065009,0.647346019744873,0.8550669216061185
mot_patch_small_1d-p3-bs.512-ep.300,mot_patch_small_1d,1.0,42,41,0.09549150281252633,0.8759570325120819,0.7890610059284758,0.784331202507019,0.9187225090839549,1.544216201227892,0.6508604206500956,0.6411974430084229,0.858508604206501
mot_patch_small_1d-p3-bs.512-ep.300,mot_patch_small_1d,1.0,42,42,0.07783603724899257,0.8778889244431222,0.7891566265060241,0.7856003046035767,0.9181487856186651,1.5508444616489154,0.6585086042065009,0.6488606333732605,0.8565965583173997
mot_patch_small_1d-p3-bs.512-ep.300,mot_patch_small_1d,1.0,42,43,0.06184665997806821,0.8724033503806894,0.7920730541212468,0.7877293229103088,0.9201568177471792,1.5483185485489737,0.6546845124282983,0.6461633443832397,0.8569789674952198
mot_patch_small_1d-p3-bs.512-ep.300,mot_patch_small_1d,1.0,42,44,0.04758647376699032,0.8639082501007097,0.7940810862497609,0.7905333042144775,0.9201090074584051,1.535025265111978,0.6615678776290631,0.6532676219940186,0.8562141491395794
mot_patch_small_1d-p3-bs.512-ep.300,mot_patch_small_1d,1.0,42,45,0.035111757055874326,0.8614405566179221,0.7949416714476956,0.7916264533996582,0.9218301778542742,1.530221357764979,0.6523900573613767,0.6422215104103088,0.8581261950286807
mot_patch_small_1d-p3-bs.512-ep.300,mot_patch_small_1d,1.0,42,46,0.024471741852423234,0.8598992553261549,0.795754446356856,0.7919824123382568,0.9211608338114362,1.528789865993405,0.6588910133843212,0.6497495174407959,0.8573613766730401
mot_patch_small_1d-p3-bs.512-ep.300,mot_patch_small_1d,1.0,42,47,0.015708419435684517,0.8574053231241325,0.7972365653088545,0.793389081954956,0.9221648498756932,1.531605093611358,0.6611854684512428,0.6526604294776917,0.8577437858508604
mot_patch_small_1d-p3-bs.512-ep.300,mot_patch_small_1d,1.0,42,48,0.00885637463565564,0.8563151466251445,0.7972365653088545,0.7937923669815063,0.9224995218971123,1.5264200462210018,0.6562141491395793,0.6465215086936951,0.8569789674952198
mot_patch_small_1d-p3-bs.512-ep.300,mot_patch_small_1d,1.0,42,49,0.0039426493427611176,0.8559048926768738,0.7977624784853701,0.7940971851348877,0.9221170395869192,1.5263938772518821,0.6577437858508605,0.6485702395439148,0.8562141491395794
mot_patch_small_1d-p3-bs.512-ep.300,mot_patch_small_1d,1.0,42,50,0.0009866357858642205,0.8558208996671909,0.7982405813731115,0.7946171760559082,0.9220692292981449,1.5263786403444484,0.6577437858508605,0.6488522291183472,0.8565965583173997
mot_patch_base_1d-p3-bs.512-ep.100,mot_patch_base_1d,0.1,42,1,0.1,1.014944361418423,0.7700803212851406,0.765720546245575,0.9017498565691336,1.1491393138528099,0.7430210325047801,0.745747447013855,0.8806883365200765
mot_patch_base_1d-p3-bs.512-ep.100,mot_patch_base_1d,0.1,42,2,0.09990133642141358,0.793159152563682,0.8186077643908969,0.8129768371582031,0.9261331038439472,0.9597646199038562,0.7816443594646272,0.7805936336517334,0.904397705544933
mot_patch_base_1d-p3-bs.512-ep.100,mot_patch_base_1d,0.1,42,3,0.0996057350657239,0.677996331406588,0.8450468540829986,0.8432886004447937,0.9373685217058711,0.8781840176700861,0.8045889101338433,0.8053171038627625,0.9139579349904398
mot_patch_base_1d-p3-bs.512-ep.100,mot_patch_base_1d,0.1,42,4,0.09911436253643444,0.6089645226340513,0.8627844712182061,0.8598837852478027,0.9458787531076688,0.8422466460423077,0.8015296367112811,0.8030712604522705,0.91434034416826
mot_patch_base_1d-p3-bs.512-ep.100,mot_patch_base_1d,0.1,42,5,0.09842915805643154,0.5648575130031496,0.8711034614649072,0.8712449073791504,0.9501338688085676,0.802696789655813,0.8160611854684512,0.8189203143119812,0.9212237093690249
mot_patch_base_1d-p3-bs.512-ep.100,mot_patch_base_1d,0.1,42,6,0.09755282581475767,0.5259808064145416,0.878657487091222,0.8776493668556213,0.9547236565308854,0.7799638934162789,0.8198852772466539,0.8199145793914795,0.9216061185468452
mot_patch_base_1d-p3-bs.512-ep.100,mot_patch_base_1d,0.1,42,7,0.09648882429441256,0.4909587494614339,0.888602027156244,0.8872102499008179,0.958213807611398,0.7584234671656533,0.8256214149139579,0.8237767219543457,0.9216061185468452
mot_patch_base_1d-p3-bs.512-ep.100,mot_patch_base_1d,0.1,42,8,0.09524135262330098,0.4717421673023124,0.8921399885255307,0.8916797637939453,0.9590743928093326,0.7621610171024475,0.8282982791586998,0.8283495306968689,0.9231357552581262
mot_patch_base_1d-p3-bs.512-ep.100,mot_patch_base_1d,0.1,42,9,0.09381533400219318,0.45169905609463523,0.8965863453815262,0.8954371809959412,0.9630426467775866,0.7479672112838716,0.8256214149139579,0.8254091143608093,0.9254302103250478
mot_patch_base_1d-p3-bs.512-ep.100,mot_patch_base_1d,0.1,42,10,0.09221639627510075,0.42536375585991193,0.903518837253777,0.9016048908233643,0.9656244023713904,0.7310435227636626,0.8290630975143404,0.8287715315818787,0.9273422562141491
mot_patch_base_1d-p3-bs.512-ep.100,mot_patch_base_1d,0.1,42,11,0.09045084971874737,0.4113127627639931,0.9065786957353222,0.9053596258163452,0.9664849875693249,0.7240427932593381,0.831357552581262,0.8292851448059082,0.9277246653919694
mot_patch_base_1d-p3-bs.512-ep.100,mot_patch_base_1d,0.1,42,12,0.08852566213878946,0.3922329787930787,0.9113597246127366,0.9099505543708801,0.9694492254733219,0.7189072763942623,0.8355640535372849,0.8342289924621582,0.9265774378585087
mot_patch_base_1d-p3-bs.512-ep.100,mot_patch_base_1d,0.1,42,13,0.08644843137107057,0.3844541965330689,0.912459361254542,0.9115514159202576,0.9704532415375788,0.7143510348026428,0.8351816443594646,0.8352498412132263,0.9307839388145316
mot_patch_base_1d-p3-bs.512-ep.100,mot_patch_base_1d,0.1,42,14,0.08422735529643442,0.3715254815911946,0.9165232358003442,0.9145843386650085,0.9721266016446739,0.7198425015801454,0.834416826003824,0.8318679928779602,0.930019120458891
mot_patch_base_1d-p3-bs.512-ep.100,mot_patch_base_1d,0.1,42,15,0.08187119948743447,0.3609139947094227,0.9172403901319564,0.915916919708252,0.9733218588640276,0.7106367691069214,0.834416826003824,0.8339568972587585,0.930019120458891
mot_patch_base_1d-p3-bs.512-ep.100,mot_patch_base_1d,0.1,42,16,0.07938926261462366,0.34750758742118887,0.922403901319564,0.9210702776908875,0.9755211321476381,0.708982674797452,0.8382409177820268,0.8361181616783142,0.9323135755258126
mot_patch_base_1d-p3-bs.512-ep.100,mot_patch_base_1d,0.1,42,17,0.07679133974894982,0.338827023932026,0.9242685025817556,0.922670304775238,0.9765729585006694,0.6984931354996807,0.84282982791587,0.8406692743301392,0.9330783938814532
mot_patch_base_1d-p3-bs.512-ep.100,mot_patch_base_1d,0.1,42,18,0.07408768370508576,0.3321307471934275,0.9259896729776248,0.9242918491363525,0.9771944922547332,0.6979864335652747,0.8382409177820268,0.8341836333274841,0.9342256214149139
mot_patch_base_1d-p3-bs.512-ep.100,mot_patch_base_1d,0.1,42,19,0.07128896457825362,0.3215749187619035,0.9302447886785237,0.9286975264549255,0.9789634729393766,0.6904260318092361,0.8432122370936902,0.8406674265861511,0.9334608030592734
mot_patch_base_1d-p3-bs.512-ep.100,mot_patch_base_1d,0.1,42,20,0.06840622763423389,0.3210350939593276,0.929718875502008,0.9297793507575989,0.978437559762861,0.6967912633833876,0.8432122370936902,0.8420284390449524,0.9330783938814532
mot_patch_base_1d-p3-bs.512-ep.100,mot_patch_base_1d,0.1,42,21,0.06545084971874736,0.30957960503396353,0.9338783706253586,0.9330389499664307,0.9795850066934404,0.6872135789626871,0.8405353728489484,0.839877188205719,0.9361376673040153
mot_patch_base_1d-p3-bs.512-ep.100,mot_patch_base_1d,0.1,42,22,0.06243449435824272,0.30852500164479185,0.9323006310958118,0.9310320019721985,0.9800631095811819,0.697098436227948,0.8401529636711281,0.8388922810554504,0.9311663479923518
mot_patch_base_1d-p3-bs.512-ep.100,mot_patch_base_1d,0.1,42,23,0.05936906572928623,0.2981332791515007,0.9364123159303882,0.9352782964706421,0.9812583668005355,0.683270808524429,0.84282982791587,0.8407578468322754,0.935755258126195
mot_patch_base_1d-p3-bs.512-ep.100,mot_patch_base_1d,0.1,42,24,0.056266661678215216,0.2913813048417629,0.9391375023905144,0.93760085105896,0.9819755211321476,0.6879045927729707,0.8432122370936902,0.8400742411613464,0.935755258126195
mot_patch_base_1d-p3-bs.512-ep.100,mot_patch_base_1d,0.1,42,25,0.053139525976465665,0.28990676512930674,0.9388506406578696,0.9372103810310364,0.9820711417096959,0.6922826041227089,0.8432122370936902,0.8402566313743591,0.9338432122370937
mot_patch_base_1d-p3-bs.512-ep.100,mot_patch_base_1d,0.1,42,26,0.049999999999999996,0.29119420776542276,0.9375597628609676,0.9368383288383484,0.9821189519984701,0.6951296461699797,0.84282982791587,0.8402968049049377,0.9334608030592734
mot_patch_base_1d-p3-bs.512-ep.100,mot_patch_base_1d,0.1,42,27,0.046860474023534326,0.28438076505152166,0.9388984509466437,0.9375879764556885,0.9829317269076305,0.6871311530556323,0.8432122370936902,0.8408493995666504,0.9346080305927342
mot_patch_base_1d-p3-bs.512-ep.100,mot_patch_base_1d,0.1,42,28,0.04373333832178478,0.2783380200380029,0.9422451711608338,0.9414598345756531,0.9835054503729203,0.6867745437767948,0.8435946462715105,0.8419597744941711,0.9361376673040153
mot_patch_base_1d-p3-bs.512-ep.100,mot_patch_base_1d,0.1,42,29,0.040630934270713764,0.27540788469954736,0.9432013769363167,0.9421027302742004,0.9836966915280169,0.6877638669132502,0.84282982791587,0.8395570516586304,0.9365200764818356
mot_patch_base_1d-p3-bs.512-ep.100,mot_patch_base_1d,0.1,42,30,0.03756550564175726,0.2734456732569928,0.943966341556703,0.943149745464325,0.9836488812392427,0.6892543712491971,0.8439770554493308,0.8419051170349121,0.935755258126195
mot_patch_base_1d-p3-bs.512-ep.100,mot_patch_base_1d,0.1,42,31,0.03454915028125265,0.27205450180543955,0.9428188946261236,0.9424014091491699,0.9843660355708549,0.6874027908646125,0.8435946462715105,0.8422556519508362,0.9365200764818356
mot_patch_base_1d-p3-bs.512-ep.100,mot_patch_base_1d,0.1,42,32,0.03159377236576612,0.26765070328135226,0.9457831325301205,0.9449719190597534,0.9851788104800153,0.6852749447065831,0.8443594646271511,0.8419860005378723,0.9369024856596558
mot_patch_base_1d-p3-bs.512-ep.100,mot_patch_base_1d,0.1,42,33,0.028711035421746366,0.26423038645715324,0.9466437177280551,0.945881187915802,0.9853222413463377,0.6810503067979393,0.8447418738049713,0.8422328233718872,0.9384321223709369
mot_patch_base_1d-p3-bs.512-ep.100,mot_patch_base_1d,0.1,42,34,0.025912316294914226,0.2636178297165772,0.9471218206157965,0.9463111162185669,0.9850353796136929,0.6840064032355868,0.8451242829827916,0.8442603945732117,0.9369024856596558
mot_patch_base_1d-p3-bs.512-ep.100,mot_patch_base_1d,0.1,42,35,0.023208660251050155,0.26125358509319785,0.9478389749474087,0.9468777179718018,0.9855612927902084,0.6833521870308579,0.84282982791587,0.840933084487915,0.9372848948374761
mot_patch_base_1d-p3-bs.512-ep.100,mot_patch_base_1d,0.1,42,36,0.020610737385376346,0.2595762390323478,0.9490820424555364,0.9480574727058411,0.9856091030789826,0.6791366693850457,0.8455066921606118,0.8435042500495911,0.935755258126195
mot_patch_base_1d-p3-bs.512-ep.100,mot_patch_base_1d,0.1,42,37,0.01812880051256551,0.2584298526518065,0.9492254733218589,0.9483009576797485,0.9858959648116274,0.6810518691462267,0.8447418738049713,0.8425092101097107,0.9376673040152964
mot_patch_base_1d-p3-bs.512-ep.100,mot_patch_base_1d,0.1,42,38,0.015772644703565562,0.2574463601913934,0.9495601453432779,0.9487321972846985,0.9858959648116274,0.6826926426495467,0.8443594646271511,0.8425138592720032,0.9372848948374761
mot_patch_base_1d-p3-bs.512-ep.100,mot_patch_base_1d,0.1,42,39,0.013551568628929433,0.25658154245954007,0.9499904379422451,0.9491162896156311,0.9859437751004017,0.6805279835688225,0.8466539196940727,0.8443974256515503,0.9372848948374761
mot_patch_base_1d-p3-bs.512-ep.100,mot_patch_base_1d,0.1,42,40,0.011474337861210542,0.25570561959242405,0.9505163511187608,0.9496591091156006,0.9861350162554982,0.6803637240174624,0.8435946462715105,0.8412415385246277,0.9369024856596558
mot_patch_base_1d-p3-bs.512-ep.100,mot_patch_base_1d,0.1,42,41,0.009549150281252632,0.25487368511273634,0.95027729967489,0.9493690729141235,0.9863262574105948,0.6807184033366508,0.8432122370936902,0.8411041498184204,0.9372848948374761
mot_patch_base_1d-p3-bs.512-ep.100,mot_patch_base_1d,0.1,42,42,0.007783603724899257,0.2544284065678462,0.9506597819850832,0.9499047994613647,0.9864696882769172,0.6795610081397324,0.8432122370936902,0.841503918170929,0.9376673040152964
mot_patch_base_1d-p3-bs.512-ep.100,mot_patch_base_1d,0.1,42,43,0.0061846659978068205,0.25402475967305094,0.9509944540065022,0.9502792954444885,0.9866131191432396,0.6797371545211763,0.8451242829827916,0.8434647917747498,0.9361376673040153
mot_patch_base_1d-p3-bs.512-ep.100,mot_patch_base_1d,0.1,42,44,0.004758647376699033,0.2537168924839051,0.9511378848728246,0.9504122138023376,0.9866131191432396,0.6799858983114618,0.8435946462715105,0.8418594598770142,0.9372848948374761
mot_patch_base_1d-p3-bs.512-ep.100,mot_patch_base_1d,0.1,42,45,0.0035111757055874327,0.25351815014866713,0.9509466437177281,0.9501556158065796,0.9865174985656914,0.6799369111799601,0.84282982791587,0.8411811590194702,0.9361376673040153
mot_patch_base_1d-p3-bs.512-ep.100,mot_patch_base_1d,0.1,42,46,0.0024471741852423235,0.2533822746298741,0.9512335054503729,0.9504948258399963,0.9866131191432396,0.6799552465260142,0.84282982791587,0.8411811590194702,0.9365200764818356
mot_patch_base_1d-p3-bs.512-ep.100,mot_patch_base_1d,0.1,42,47,0.0015708419435684518,0.25328782275475836,0.9510900745840505,0.9503312706947327,0.9864218779881431,0.6799710494382432,0.8424474187380497,0.8407049775123596,0.9369024856596558
mot_patch_base_1d-p3-bs.512-ep.100,mot_patch_base_1d,0.1,42,48,0.000885637463565564,0.25324124545799337,0.9510900745840505,0.9503235816955566,0.9864218779881431,0.67995889856984,0.84282982791587,0.8411396741867065,0.9365200764818356
mot_patch_base_1d-p3-bs.512-ep.100,mot_patch_base_1d,0.1,42,49,0.00039426493427611173,0.25322080009593223,0.9511856951615988,0.9504189491271973,0.9864218779881431,0.6799599116892477,0.8424474187380497,0.8407049775123596,0.9369024856596558
mot_patch_base_1d-p3-bs.512-ep.100,mot_patch_base_1d,0.1,42,50,9.866357858642205e-05,0.2532155484126389,0.9511378848728246,0.9503645300865173,0.9864218779881431,0.6799602676304075,0.84282982791587,0.8410080075263977,0.9369024856596558
mot_patch_base_1d-p3-bs.512-ep.100,mot_patch_base_1d,0.3,42,1,0.3,0.9002317595285813,0.7806942053930006,0.7785835862159729,0.9143717728055077,1.1524409671586513,0.734225621414914,0.7397682070732117,0.8860420650095602
mot_patch_base_1d-p3-bs.512-ep.100,mot_patch_base_1d,0.3,42,2,0.29970400926424073,0.7017712444437464,0.8258749282845669,0.8226847052574158,0.9345955249569707,0.9829460632732676,0.7717017208413002,0.7693013548851013,0.9066921606118546
mot_patch_base_1d-p3-bs.512-ep.100,mot_patch_base_1d,0.3,42,3,0.2988172051971717,0.5914341486487477,0.8441384585962899,0.8444284200668335,0.9472652514821189,0.9094253999553265,0.7954110898661568,0.7946911454200745,0.9131931166347992
mot_patch_base_1d-p3-bs.512-ep.100,mot_patch_base_1d,0.3,42,4,0.29734308760930334,0.5483741720129915,0.8598680436029834,0.8586862087249756,0.9521897112258558,0.9084215751341607,0.7892925430210325,0.7890763282775879,0.9158699808795411
mot_patch_base_1d-p3-bs.512-ep.100,mot_patch_base_1d,0.3,42,5,0.2952874741692947,0.4831543355399369,0.8765060240963856,0.8774279952049255,0.9589787722317843,0.8682288977657632,0.807265774378585,0.8104252815246582,0.9177820267686424
mot_patch_base_1d-p3-bs.512-ep.100,mot_patch_base_1d,0.3,42,6,0.2926584774442731,0.4205537918398681,0.8886976477337923,0.8880080580711365,0.965194109772423,0.8329556146041841,0.8149139579349904,0.8142387270927429,0.9223709369024856
mot_patch_base_1d-p3-bs.512-ep.100,mot_patch_base_1d,0.3,42,7,0.28946647288323774,0.3978297790210729,0.8930483840122394,0.8931131958961487,0.9686364505641614,0.8413303907697105,0.8084130019120459,0.8081790208816528,0.9269598470363288
mot_patch_base_1d-p3-bs.512-ep.100,mot_patch_base_1d,0.3,42,8,0.28572405786990296,0.38374253289606997,0.8982597054886211,0.8989889025688171,0.9714094473130618,0.8458267036861034,0.8183556405353728,0.8164916038513184,0.9235181644359465
mot_patch_base_1d-p3-bs.512-ep.100,mot_patch_base_1d,0.3,42,9,0.28144600200657954,0.35903335287867777,0.9044272327404858,0.9039058089256287,0.9725568942436412,0.860088021623017,0.8175908221797323,0.8168409466743469,0.9212237093690249
mot_patch_base_1d-p3-bs.512-ep.100,mot_patch_base_1d,0.3,42,10,0.27664918882530226,0.35132480337916605,0.90782176324345,0.9069334268569946,0.9733218588640276,0.8320142538096207,0.8240917782026769,0.8196031451225281,0.9269598470363288
mot_patch_base_1d-p3-bs.512-ep.100,mot_patch_base_1d,0.3,42,11,0.27135254915624213,0.3050383353329088,0.9197743354369861,0.9189978837966919,0.9796328169822146,0.8061426545648228,0.8233269598470363,0.8185027241706848,0.9342256214149139
mot_patch_base_1d-p3-bs.512-ep.100,mot_patch_base_1d,0.3,42,12,0.2655769864163684,0.2952262479822593,0.9224517116083382,0.9224281311035156,0.9796328169822146,0.8296699647921677,0.8256214149139579,0.8229067921638489,0.9304015296367113
mot_patch_base_1d-p3-bs.512-ep.100,mot_patch_base_1d,0.3,42,13,0.2593452941132117,0.296455212773819,0.9211130235226621,0.9204509258270264,0.9800152992924077,0.8311118211618573,0.8210325047801147,0.8168187737464905,0.9288718929254303
mot_patch_base_1d-p3-bs.512-ep.100,mot_patch_base_1d,0.3,42,14,0.2526820658893033,0.27386715408036305,0.9246987951807228,0.9236651659011841,0.9825492445974374,0.8241650101787501,0.8198852772466539,0.8172909617424011,0.931548757170172
mot_patch_base_1d-p3-bs.512-ep.100,mot_patch_base_1d,0.3,42,15,0.24561359846230346,0.2528742264780266,0.9328743545611016,0.9317785501480103,0.9838401223943393,0.8098852824982448,0.8263862332695985,0.8222696185112,0.92848948374761
mot_patch_base_1d-p3-bs.512-ep.100,mot_patch_base_1d,0.3,42,16,0.23816778784387102,0.2623306086743213,0.9308663224325875,0.9310544729232788,0.9851788104800153,0.836104116932156,0.827151051625239,0.8274672627449036,0.9292543021032504
mot_patch_base_1d-p3-bs.512-ep.100,mot_patch_base_1d,0.3,42,17,0.2303740192468495,0.2332020533839474,0.9406674316312871,0.9396951198577881,0.9863262574105948,0.7983415760456034,0.8363288718929255,0.8334928750991821,0.9330783938814532
mot_patch_base_1d-p3-bs.512-ep.100,mot_patch_base_1d,0.3,42,18,0.22226305111525732,0.21900062748888388,0.9422929814496079,0.9409544467926025,0.9869956014534328,0.8074183958210407,0.8305927342256214,0.8260514140129089,0.9334608030592734
mot_patch_base_1d-p3-bs.512-ep.100,mot_patch_base_1d,0.3,42,19,0.21386689373476092,0.20276041394735436,0.9494645247657296,0.9485587477684021,0.9885255306942053,0.7779997459105278,0.8321223709369024,0.8294456601142883,0.9376673040152964
mot_patch_base_1d-p3-bs.512-ep.100,mot_patch_base_1d,0.3,42,20,0.20521868290270173,0.19859914616431396,0.9515203671830178,0.95163893699646,0.988716771849302,0.7864569399598451,0.837093690248566,0.8336105346679688,0.9349904397705545
mot_patch_base_1d-p3-bs.512-ep.100,mot_patch_base_1d,0.3,42,21,0.19635254915624212,0.2108711693204368,0.94497035762096,0.9448806047439575,0.9887645821380762,0.8049475062645645,0.8286806883365201,0.827507734298706,0.9323135755258126
mot_patch_base_1d-p3-bs.512-ep.100,mot_patch_base_1d,0.3,42,22,0.18730348307472822,0.19720213343477494,0.9512813157391471,0.9514672756195068,0.9896729776247849,0.7958907658009866,0.8378585086042065,0.8344560861587524,0.9334608030592734
mot_patch_base_1d-p3-bs.512-ep.100,mot_patch_base_1d,0.3,42,23,0.17810719718785872,0.17738927915324715,0.9594090648307516,0.9585919976234436,0.9901988908013004,0.7742222671071156,0.8340344168260039,0.8306193351745605,0.9353728489483748
mot_patch_base_1d-p3-bs.512-ep.100,mot_patch_base_1d,0.3,42,24,0.1687999850346457,0.16349318953539815,0.9650028686173264,0.9646788239479065,0.9915853891757507,0.7717405614615854,0.8393881453154876,0.8356677293777466,0.9369024856596558
mot_patch_base_1d-p3-bs.512-ep.100,mot_patch_base_1d,0.3,42,25,0.15941857792939704,0.17208611504665455,0.9607477529164277,0.9597010612487793,0.9921591126410404,0.7900251953825213,0.8359464627151052,0.8330745697021484,0.9365200764818356
mot_patch_base_1d-p3-bs.512-ep.100,mot_patch_base_1d,0.3,42,26,0.15000000000000002,0.15779676891508557,0.9668196595907439,0.9666834473609924,0.9927806463951042,0.7829076084990346,0.8382409177820268,0.8361252546310425,0.9353728489483748
mot_patch_base_1d-p3-bs.512-ep.100,mot_patch_base_1d,0.3,42,27,0.140581422070603,0.15887846192567656,0.9652897303499713,0.9646045565605164,0.9927328361063301,0.780482421641596,0.8393881453154876,0.8381906151771545,0.9361376673040153
mot_patch_base_1d-p3-bs.512-ep.100,mot_patch_base_1d,0.3,42,28,0.13120001496535438,0.15012501507604253,0.9700229489386116,0.9699873924255371,0.9935934213042646,0.7750674873191585,0.8351816443594646,0.8317331075668335,0.9369024856596558
mot_patch_base_1d-p3-bs.512-ep.100,mot_patch_base_1d,0.3,42,29,0.12189280281214132,0.14817291656628373,0.9697360872059667,0.9694569110870361,0.9937368521705872,0.7834603231222178,0.8413001912045889,0.8381668329238892,0.9361376673040153
mot_patch_base_1d-p3-bs.512-ep.100,mot_patch_base_1d,0.3,42,30,0.11269651692527179,0.14154973636965698,0.9738477720405432,0.9734922647476196,0.9939759036144579,0.7822561136395252,0.8390057361376673,0.8368673920631409,0.9349904397705545
mot_patch_base_1d-p3-bs.512-ep.100,mot_patch_base_1d,0.3,42,31,0.10364745084375795,0.1455351973291245,0.9706444826926754,0.9709258079528809,0.9939280933256837,0.7871016354679378,0.8363288718929255,0.833142876625061,0.9365200764818356
mot_patch_base_1d-p3-bs.512-ep.100,mot_patch_base_1d,0.3,42,32,0.09478131709729837,0.13867308793001362,0.9745649263721553,0.9744766354560852,0.9946452476572959,0.7764737145622648,0.837093690248566,0.8331751823425293,0.9346080305927342
mot_patch_base_1d-p3-bs.512-ep.100,mot_patch_base_1d,0.3,42,33,0.08613310626523911,0.13381511063027687,0.9763817173455728,0.9762616157531738,0.9949321093899407,0.7711946148261514,0.84282982791587,0.8392037749290466,0.9365200764818356
mot_patch_base_1d-p3-bs.512-ep.100,mot_patch_base_1d,0.3,42,34,0.0777369488847427,0.1327971244182065,0.9767641996557659,0.976952075958252,0.9945018167909734,0.7749640244142959,0.8424474187380497,0.8401499390602112,0.9342256214149139
mot_patch_base_1d-p3-bs.512-ep.100,mot_patch_base_1d,0.3,42,35,0.06962598075315048,0.1311602751596363,0.9777682157200229,0.9777934551239014,0.9948364888123924,0.7766487486275843,0.8435946462715105,0.8414366841316223,0.9369024856596558
mot_patch_base_1d-p3-bs.512-ep.100,mot_patch_base_1d,0.3,42,36,0.06183221215612905,0.1294393457584888,0.9784853700516352,0.9781910181045532,0.9956014534327787,0.7720327884243734,0.8420650095602294,0.8392471075057983,0.9372848948374761
mot_patch_base_1d-p3-bs.512-ep.100,mot_patch_base_1d,0.3,42,37,0.05438640153769654,0.1270987019755002,0.9797284375597629,0.9797453880310059,0.9954102122776821,0.7701440785628659,0.84282982791587,0.840386152267456,0.9365200764818356
mot_patch_base_1d-p3-bs.512-ep.100,mot_patch_base_1d,0.3,42,38,0.047317934110696694,0.12675798625511978,0.9803977816026008,0.9801170229911804,0.9953145917001339,0.7757227108081942,0.84282982791587,0.8403617739677429,0.9365200764818356
mot_patch_base_1d-p3-bs.512-ep.100,mot_patch_base_1d,0.3,42,39,0.0406547058867883,0.12569051111239188,0.9799674890036336,0.9798678755760193,0.9955536431440046,0.7707303450166837,0.8416826003824092,0.8387203216552734,0.9365200764818356
mot_patch_base_1d-p3-bs.512-ep.100,mot_patch_base_1d,0.3,42,40,0.03442301358363163,0.1247517189210814,0.9805890227576974,0.9805012345314026,0.9957448842991011,0.772459942615283,0.8424474187380497,0.8396927118301392,0.9361376673040153
mot_patch_base_1d-p3-bs.512-ep.100,mot_patch_base_1d,0.3,42,41,0.0286474508437579,0.12402446435500478,0.9806368330464716,0.9805194139480591,0.9956492637215528,0.7735958442177417,0.8443594646271511,0.8416288495063782,0.9361376673040153
mot_patch_base_1d-p3-bs.512-ep.100,mot_patch_base_1d,0.3,42,42,0.023350811174697773,0.12324402044598654,0.980780263912794,0.9806430339813232,0.9957926945878753,0.7709456726424325,0.84282982791587,0.8407070636749268,0.9372848948374761
mot_patch_base_1d-p3-bs.512-ep.100,mot_patch_base_1d,0.3,42,43,0.018553997993420463,0.12298351224190557,0.9807324536240198,0.980855405330658,0.995697074010327,0.7702719197902351,0.8424474187380497,0.840572714805603,0.935755258126195
mot_patch_base_1d-p3-bs.512-ep.100,mot_patch_base_1d,0.3,42,44,0.014275942130097098,0.1222425794756465,0.9812583668005355,0.9812309145927429,0.995697074010327,0.7709720356286598,0.8435946462715105,0.8413884043693542,0.9361376673040153
mot_patch_base_1d-p3-bs.512-ep.100,mot_patch_base_1d,0.3,42,45,0.010533527116762299,0.12201324369146391,0.9811149359342131,0.9810339212417603,0.9957926945878753,0.7701540624206427,0.8443594646271511,0.8421337604522705,0.9365200764818356
mot_patch_base_1d-p3-bs.512-ep.100,mot_patch_base_1d,0.3,42,46,0.00734152255572697,0.12193588388424391,0.9811149359342131,0.9810743927955627,0.9957926945878753,0.7708473920366277,0.8435946462715105,0.841233491897583,0.9369024856596558
mot_patch_base_1d-p3-bs.512-ep.100,mot_patch_base_1d,0.3,42,47,0.004712525830705355,0.12180872719473446,0.9814496079556321,0.9813570976257324,0.9958405048766494,0.7707675167980887,0.8443594646271511,0.8419985771179199,0.9361376673040153
mot_patch_base_1d-p3-bs.512-ep.100,mot_patch_base_1d,0.3,42,48,0.0026569123906966916,0.12175868300275425,0.9812583668005355,0.9811546206474304,0.9958883151654236,0.7706536754367457,0.8435946462715105,0.841198742389679,0.9361376673040153
mot_patch_base_1d-p3-bs.512-ep.100,mot_patch_base_1d,0.3,42,49,0.001182794802828335,0.12174145747699253,0.9811149359342131,0.9810183644294739,0.9958405048766494,0.7706755410188927,0.8439770554493308,0.8415986895561218,0.9361376673040153
mot_patch_base_1d-p3-bs.512-ep.100,mot_patch_base_1d,0.3,42,50,0.0002959907357592661,0.12173717136842659,0.9811627462229872,0.9810829162597656,0.9958405048766494,0.7706891090874463,0.8439770554493308,0.8415986895561218,0.9361376673040153
mot_patch_base_1d-p3-bs.512-ep.100,mot_patch_base_1d,0.5,42,1,0.5,1.1347818836059687,0.7525817555938038,0.7504029870033264,0.9038056989864218,1.4939329493797988,0.7112810707456979,0.7160049676895142,0.877246653919694
mot_patch_base_1d-p3-bs.512-ep.100,mot_patch_base_1d,0.5,42,2,0.4995066821070679,0.8370579197749191,0.8139701663798049,0.8098858594894409,0.9309619430101358,1.237397175309307,0.7556405353728489,0.7530815005302429,0.8998087954110898
mot_patch_base_1d-p3-bs.512-ep.100,mot_patch_base_1d,0.5,42,3,0.4980286753286195,0.7472393076377427,0.8287913558997896,0.8284081816673279,0.9411455345190285,1.2032779963476936,0.7701720841300191,0.7662070989608765,0.9040152963671129
mot_patch_base_1d-p3-bs.512-ep.100,mot_patch_base_1d,0.5,42,4,0.4955718126821722,0.7306762307933604,0.8356760374832664,0.8350135087966919,0.9454484605087015,1.2510148232571254,0.7667304015296367,0.7680951952934265,0.9059273422562142
mot_patch_base_1d-p3-bs.512-ep.100,mot_patch_base_1d,0.5,42,5,0.49214579028215777,0.5802180186629318,0.8654140371007841,0.8648180365562439,0.9559189137502391,1.129527950833906,0.7954110898661568,0.7959978580474854,0.9105162523900574
mot_patch_base_1d-p3-bs.512-ep.100,mot_patch_base_1d,0.5,42,6,0.4877641290737884,0.5163989919712448,0.8708644100210365,0.8690191507339478,0.9616561484031364,1.092106963936275,0.7912045889101338,0.7887523770332336,0.9181644359464627
mot_patch_base_1d-p3-bs.512-ep.100,mot_patch_base_1d,0.5,42,7,0.48244412147206284,0.481576102667681,0.8764104035188373,0.8769416213035583,0.9661981258366801,1.10789068451803,0.7873804971319311,0.7877156734466553,0.9181644359464627
mot_patch_base_1d-p3-bs.512-ep.100,mot_patch_base_1d,0.5,42,8,0.4762067631165049,0.47313383647373747,0.8842512908777969,0.8841936588287354,0.9668674698795181,1.134394489237273,0.8022944550669217,0.8023066520690918,0.9166347992351817
mot_patch_base_1d-p3-bs.512-ep.100,mot_patch_base_1d,0.5,42,9,0.46907667001096587,0.4293518206840219,0.8945305029642379,0.8935980796813965,0.9702620003824823,1.1152293042972485,0.8053537284894837,0.804004967212677,0.9170172084130019
mot_patch_base_1d-p3-bs.512-ep.100,mot_patch_base_1d,0.5,42,10,0.46108198137550377,0.4241027177736622,0.8991681009753298,0.8983574509620667,0.9697360872059667,1.0947358271815808,0.8103250478011472,0.8080177903175354,0.9227533460803059
mot_patch_base_1d-p3-bs.512-ep.100,mot_patch_base_1d,0.5,42,11,0.45225424859373686,0.36661829750541064,0.9036144578313253,0.9034908413887024,0.9767163893669918,1.0567239692060715,0.8091778202676865,0.8067439198493958,0.9277246653919694
mot_patch_base_1d-p3-bs.512-ep.100,mot_patch_base_1d,0.5,42,12,0.4426283106939473,0.37890580225273535,0.8999808758844904,0.9003422260284424,0.9761904761904762,1.1351076698667917,0.7980879541108986,0.7952225208282471,0.9246653919694072
mot_patch_base_1d-p3-bs.512-ep.100,mot_patch_base_1d,0.5,42,13,0.4322421568553529,0.3220936159121874,0.9154235991585389,0.9151567220687866,0.9788200420730542,1.0645779728205664,0.8118546845124283,0.8074005842208862,0.9246653919694072
mot_patch_base_1d-p3-bs.512-ep.100,mot_patch_base_1d,0.5,42,14,0.4211367764821722,0.28166962098519055,0.9205393000573724,0.9186381697654724,0.9835532606616944,1.0404562503384358,0.8130019120458891,0.8082891702651978,0.92848948374761
mot_patch_base_1d-p3-bs.512-ep.100,mot_patch_base_1d,0.5,42,15,0.40935599743717244,0.2745079585894455,0.9270893096194301,0.9259290099143982,0.9826448651749856,1.0522386817129803,0.8152963671128107,0.8133874535560608,0.9250478011472275
mot_patch_base_1d-p3-bs.512-ep.100,mot_patch_base_1d,0.5,42,16,0.39694631307311834,0.2922953370652935,0.9232166762287244,0.9248847365379333,0.9847007075922739,1.0925451406329358,0.8118546845124283,0.8141674995422363,0.9208413001912046
mot_patch_base_1d-p3-bs.512-ep.100,mot_patch_base_1d,0.5,42,17,0.38395669874474914,0.2698947202409287,0.9348823866896157,0.9343950748443604,0.9861828265442724,1.0562010537142053,0.8202676864244742,0.8183451890945435,0.9265774378585087
mot_patch_base_1d-p3-bs.512-ep.100,mot_patch_base_1d,0.5,42,18,0.3704384185254288,0.21460905574799313,0.9395677949894817,0.9379914999008179,0.9880474278064639,1.0390569347724403,0.8130019120458891,0.8086779117584229,0.9288718929254303
mot_patch_base_1d-p3-bs.512-ep.100,mot_patch_base_1d,0.5,42,19,0.35644482289126816,0.1987810760913148,0.9434404283801874,0.9439364671707153,0.9889558232931727,0.9856092274302962,0.8252390057361376,0.8246641755104065,0.9296367112810707
mot_patch_base_1d-p3-bs.512-ep.100,mot_patch_base_1d,0.5,42,20,0.34203113817116954,0.1837188304097549,0.9503729202524384,0.9506704211235046,0.9901988908013004,0.977131806003432,0.8290630975143404,0.8251020312309265,0.9323135755258126
mot_patch_base_1d-p3-bs.512-ep.100,mot_patch_base_1d,0.5,42,21,0.32725424859373686,0.1892146315873752,0.9472174411933448,0.9469571709632874,0.990055459934978,0.9890645189449391,0.8267686424474188,0.823823869228363,0.931548757170172
mot_patch_base_1d-p3-bs.512-ep.100,mot_patch_base_1d,0.5,42,22,0.31217247179121366,0.16863572453878012,0.9541977433543699,0.9542694687843323,0.9908682348441384,0.9712680998997296,0.8302103250478011,0.8265396356582642,0.9326959847036329
mot_patch_base_1d-p3-bs.512-ep.100,mot_patch_base_1d,0.5,42,23,0.2968453286464312,0.15470114794304549,0.9595046854082999,0.9587923288345337,0.9917288200420731,0.9620014270906466,0.827151051625239,0.8229954242706299,0.9307839388145316
mot_patch_base_1d-p3-bs.512-ep.100,mot_patch_base_1d,0.5,42,24,0.2813333083910761,0.12768798593490843,0.9686364505641614,0.9682505130767822,0.9935456110154905,0.9412254464785865,0.8305927342256214,0.8270449042320251,0.9323135755258126
mot_patch_base_1d-p3-bs.512-ep.100,mot_patch_base_1d,0.5,42,25,0.26569762988232837,0.1328021058914971,0.9662937464142284,0.9655795097351074,0.9936412315930389,0.9534349897395584,0.8302103250478011,0.8269373178482056,0.9323135755258126
mot_patch_base_1d-p3-bs.512-ep.100,mot_patch_base_1d,0.5,42,26,0.25,0.11376028618089418,0.9721266016446739,0.9718821048736572,0.9946452476572959,0.9484843441906669,0.8279158699808795,0.824744701385498,0.9304015296367113
mot_patch_base_1d-p3-bs.512-ep.100,mot_patch_base_1d,0.5,42,27,0.23430237011767166,0.11922812994179842,0.9704054312488047,0.9696968197822571,0.9945018167909734,0.9476466082250183,0.8309751434034417,0.8288917541503906,0.9342256214149139
mot_patch_base_1d-p3-bs.512-ep.100,mot_patch_base_1d,0.5,42,28,0.21866669160892396,0.12092634835464819,0.9706444826926754,0.9713876247406006,0.9952189711225856,0.9559289542028598,0.8260038240917782,0.8239899277687073,0.9369024856596558
mot_patch_base_1d-p3-bs.512-ep.100,mot_patch_base_1d,0.5,42,29,0.20315467135356885,0.10427041880417381,0.9762382864792504,0.9762641191482544,0.995697074010327,0.9446536850063112,0.8321223709369024,0.8298441171646118,0.9334608030592734
mot_patch_base_1d-p3-bs.512-ep.100,mot_patch_base_1d,0.5,42,30,0.1878275282087863,0.09507431713110814,0.9808280742015681,0.9806488156318665,0.9967010900745841,0.9414995211716136,0.8302103250478011,0.8270459771156311,0.9334608030592734
mot_patch_base_1d-p3-bs.512-ep.100,mot_patch_base_1d,0.5,42,31,0.17274575140626322,0.10509172014124103,0.9760470453241538,0.9764485359191895,0.9961273666092944,0.9569574709832098,0.8309751434034417,0.8276364803314209,0.9338432122370937
mot_patch_base_1d-p3-bs.512-ep.100,mot_patch_base_1d,0.5,42,32,0.15796886182883058,0.0935042577210246,0.9803977816026008,0.9803634881973267,0.9964620386307134,0.9387795005200242,0.838623326959847,0.8364126086235046,0.9349904397705545
mot_patch_base_1d-p3-bs.512-ep.100,mot_patch_base_1d,0.5,42,33,0.14355517710873184,0.08575215326437965,0.9829795371964046,0.9829061031341553,0.9967489003633582,0.9288402272911874,0.8378585086042065,0.8350374102592468,0.9338432122370937
mot_patch_base_1d-p3-bs.512-ep.100,mot_patch_base_1d,0.5,42,34,0.12956158147457114,0.08373459984955721,0.9845094664371773,0.9847390651702881,0.9970835723847772,0.9315124052204548,0.8359464627151052,0.8340715765953064,0.9319311663479923
mot_patch_base_1d-p3-bs.512-ep.100,mot_patch_base_1d,0.5,42,35,0.11604330125525078,0.08208187535151534,0.9854656722126601,0.9854480028152466,0.9967489003633582,0.9333179182121905,0.837093690248566,0.8341701626777649,0.9338432122370937
mot_patch_base_1d-p3-bs.512-ep.100,mot_patch_base_1d,0.5,42,36,0.10305368692688174,0.08054505646810133,0.9859437751004017,0.9858705401420593,0.9972748135398738,0.9301247109874484,0.8359464627151052,0.8334144353866577,0.9338432122370937
mot_patch_base_1d-p3-bs.512-ep.100,mot_patch_base_1d,0.5,42,37,0.09064400256282756,0.07837020540401571,0.9864696882769172,0.9865815043449402,0.9973704341174221,0.9253537865487385,0.834416826003824,0.8311457633972168,0.9326959847036329
mot_patch_base_1d-p3-bs.512-ep.100,mot_patch_base_1d,0.5,42,38,0.07886322351782782,0.07722470167148726,0.9878083763625932,0.9877182841300964,0.9975138649837445,0.9319420692341733,0.838623326959847,0.8358727097511292,0.9326959847036329
mot_patch_base_1d-p3-bs.512-ep.100,mot_patch_base_1d,0.5,42,39,0.06775784314464717,0.07622761789301108,0.9869477911646586,0.9868506789207458,0.9978485370051635,0.9263520548949962,0.8378585086042065,0.8348709344863892,0.9342256214149139
mot_patch_base_1d-p3-bs.512-ep.100,mot_patch_base_1d,0.5,42,40,0.057371689306052714,0.07614451453024171,0.9873302734748518,0.9874529838562012,0.9976094855612928,0.9285770656957681,0.8351816443594646,0.8328669667243958,0.9342256214149139
mot_patch_base_1d-p3-bs.512-ep.100,mot_patch_base_1d,0.5,42,41,0.047745751406263165,0.07475546257152546,0.9884299101166572,0.9883490800857544,0.9978963472939376,0.9298476297586415,0.8382409177820268,0.8354754447937012,0.9353728489483748
mot_patch_base_1d-p3-bs.512-ep.100,mot_patch_base_1d,0.5,42,42,0.03891801862449629,0.07367914298406453,0.989051443870721,0.989073634147644,0.9979441575827118,0.9257162177995788,0.837093690248566,0.8349908590316772,0.9342256214149139
mot_patch_base_1d-p3-bs.512-ep.100,mot_patch_base_1d,0.5,42,43,0.030923329989034104,0.07331946261368191,0.9888602027156244,0.9889731407165527,0.9981832090265825,0.9246856871800031,0.8378585086042065,0.8358584642410278,0.9330783938814532
mot_patch_base_1d-p3-bs.512-ep.100,mot_patch_base_1d,0.5,42,44,0.02379323688349516,0.07248138780688711,0.9888123924268503,0.988860011100769,0.9981832090265825,0.9257813032452964,0.838623326959847,0.8360642194747925,0.9330783938814532
mot_patch_base_1d-p3-bs.512-ep.100,mot_patch_base_1d,0.5,42,45,0.017555878527937163,0.0720817872114176,0.9896729776247849,0.9897019267082214,0.9981353987378083,0.9242873066014131,0.8390057361376673,0.8368776440620422,0.9334608030592734
mot_patch_base_1d-p3-bs.512-ep.100,mot_patch_base_1d,0.5,42,46,0.012235870926211617,0.07207670126756488,0.9895773570472366,0.9896078705787659,0.9981832090265825,0.925158476966289,0.8405353728489484,0.8381092548370361,0.9338432122370937
mot_patch_base_1d-p3-bs.512-ep.100,mot_patch_base_1d,0.5,42,47,0.007854209717842259,0.07189105087768327,0.9895295467584624,0.9895115494728088,0.9982310193153566,0.9249496532899699,0.8382409177820268,0.8357250690460205,0.9334608030592734
mot_patch_base_1d-p3-bs.512-ep.100,mot_patch_base_1d,0.5,42,48,0.00442818731782782,0.07183486738449348,0.9896251673360107,0.9896316528320312,0.9982788296041308,0.9248584112747221,0.8374760994263862,0.8349427580833435,0.9334608030592734
mot_patch_base_1d-p3-bs.512-ep.100,mot_patch_base_1d,0.5,42,49,0.0019713246713805588,0.0718201092904055,0.9896251673360107,0.9896316528320312,0.9982788296041308,0.9249025596487362,0.8378585086042065,0.8354690670967102,0.9334608030592734
mot_patch_base_1d-p3-bs.512-ep.100,mot_patch_base_1d,0.5,42,50,0.0004933178929321103,0.07181590500286465,0.9896729776247849,0.9896708726882935,0.9983266398929049,0.9249202487573569,0.8378585086042065,0.8354690670967102,0.9334608030592734
mot_patch_base_1d-p3-bs.512-ep.100,mot_patch_base_1d,0.7,42,1,0.7,1.5018128887328985,0.7405335628227194,0.7406256794929504,0.8947695544081087,2.058373862972223,0.6898661567877629,0.695261538028717,0.8604206500956023
mot_patch_base_1d-p3-bs.512-ep.100,mot_patch_base_1d,0.7,42,2,0.699309354949895,1.211716991693756,0.7880569898642188,0.7822496294975281,0.9223082807420157,1.734267567038308,0.7422562141491396,0.7375567555427551,0.8940726577437859
mot_patch_base_1d-p3-bs.512-ep.100,mot_patch_base_1d,0.7,42,3,0.6972401454600672,1.0358620430411425,0.8107190667431631,0.810518205165863,0.9338783706253586,1.6574217488159413,0.7491395793499044,0.7469733357429504,0.8986615678776291
mot_patch_base_1d-p3-bs.512-ep.100,mot_patch_base_1d,0.7,42,4,0.6938005377550409,0.9275653324429951,0.8239147064448269,0.8242111206054688,0.9432013769363167,1.6380054218591285,0.7541108986615679,0.7537925839424133,0.9005736137667304
mot_patch_base_1d-p3-bs.512-ep.100,mot_patch_base_1d,0.7,42,5,0.6890041063950206,0.8277208860254717,0.8438515968636451,0.8429321050643921,0.9479824058137312,1.6193396092372916,0.7724665391969407,0.7757935523986816,0.8948374760994264
mot_patch_base_1d-p3-bs.512-ep.100,mot_patch_base_1d,0.7,42,6,0.6828697807033035,0.6832054874641212,0.8608242493784662,0.8587427735328674,0.9579747561675273,1.4972338061943564,0.7808795411089866,0.7782030701637268,0.9093690248565965
mot_patch_base_1d-p3-bs.512-ep.100,mot_patch_base_1d,0.7,42,7,0.6754217700608878,0.6918394419220899,0.8559954102122777,0.8563148975372314,0.9601262191623637,1.526954537094437,0.7724665391969407,0.7704277038574219,0.9108986615678776
mot_patch_base_1d-p3-bs.512-ep.100,mot_patch_base_1d,0.7,42,8,0.6666894683631067,0.6777930588903699,0.8662746222987187,0.8663696050643921,0.9616561484031364,1.5957401953965256,0.7869980879541109,0.7893093228340149,0.9101338432122371
mot_patch_base_1d-p3-bs.512-ep.100,mot_patch_base_1d,0.7,42,9,0.6567073380153521,0.5934430174080723,0.8769363166953529,0.875934898853302,0.9661981258366801,1.5010170668534522,0.7927342256214149,0.7888119220733643,0.9120458891013384
mot_patch_base_1d-p3-bs.512-ep.100,mot_patch_base_1d,0.7,42,10,0.6455147739257051,0.5605735377568682,0.8870242876266973,0.8862490057945251,0.9672499521897112,1.4727911371118023,0.7996175908221798,0.7960397601127625,0.9158699808795411
mot_patch_base_1d-p3-bs.512-ep.100,mot_patch_base_1d,0.7,42,11,0.6331559480312314,0.49035427059218084,0.8923312296806273,0.893236517906189,0.9737043411742207,1.4374168935742935,0.8,0.7959390878677368,0.920076481835564
mot_patch_base_1d-p3-bs.512-ep.100,mot_patch_base_1d,0.7,42,12,0.619679634971526,0.49124877241743437,0.8908491107286288,0.890958309173584,0.9718875502008032,1.5022922669040542,0.7980879541108986,0.793491542339325,0.9173996175908222
mot_patch_base_1d-p3-bs.512-ep.100,mot_patch_base_1d,0.7,42,13,0.6051390195974938,0.44178777813432685,0.8983075157773953,0.8986581563949585,0.9761904761904762,1.4565327193951287,0.8030592734225621,0.79721999168396,0.9181644359464627
mot_patch_base_1d-p3-bs.512-ep.100,mot_patch_base_1d,0.7,42,14,0.5895914870750408,0.3836486417993256,0.9079173838209983,0.9054762125015259,0.9800152992924077,1.414716803001856,0.8019120458891014,0.7988224625587463,0.9223709369024856
mot_patch_base_1d-p3-bs.512-ep.100,mot_patch_base_1d,0.7,42,15,0.5730983964120412,0.3813362808477402,0.9150889271371199,0.9141408801078796,0.9799674890036336,1.417375690759254,0.8095602294455067,0.8074408769607544,0.9212237093690249
mot_patch_base_1d-p3-bs.512-ep.100,mot_patch_base_1d,0.7,42,16,0.5557248383023655,0.40016689590524135,0.9120290686555746,0.9138841032981873,0.9809236947791165,1.4917115424832696,0.7988527724665392,0.8030543327331543,0.9162523900573614
mot_patch_base_1d-p3-bs.512-ep.100,mot_patch_base_1d,0.7,42,17,0.5375393782426486,0.3466606300404706,0.9290017211703959,0.9284274578094482,0.9819755211321476,1.4127239059535768,0.8145315487571702,0.8120296597480774,0.9204588910133843
mot_patch_base_1d-p3-bs.512-ep.100,mot_patch_base_1d,0.7,42,18,0.5186137859356001,0.2620142148634881,0.9334958883151654,0.9323605298995972,0.9868521705871104,1.3668705008453894,0.8099426386233269,0.8058021664619446,0.9250478011472275
mot_patch_base_1d-p3-bs.512-ep.100,mot_patch_base_1d,0.7,42,19,0.49902275204777524,0.24316842213691955,0.9347867661120673,0.9358682036399841,0.9878561866513674,1.3144032684384523,0.8141491395793499,0.8133695721626282,0.9273422562141491
mot_patch_base_1d-p3-bs.512-ep.100,mot_patch_base_1d,0.7,42,20,0.47884359343963717,0.22694063057838376,0.9441097724230254,0.9443515539169312,0.9882864792503346,1.28868842918148,0.8210325047801147,0.81719970703125,0.9292543021032504
mot_patch_base_1d-p3-bs.512-ep.100,mot_patch_base_1d,0.7,42,21,0.45815594803123144,0.2035392510387131,0.9462134251290878,0.9460861086845398,0.9894817364696883,1.2612450127391925,0.8237093690248566,0.820939302444458,0.9281070745697897
mot_patch_base_1d-p3-bs.512-ep.100,mot_patch_base_1d,0.7,42,22,0.437041460507699,0.1857124951401457,0.9514725568942436,0.9516098499298096,0.9905335628227194,1.2553895501743995,0.8240917782026769,0.8209982514381409,0.9311663479923518
mot_patch_base_1d-p3-bs.512-ep.100,mot_patch_base_1d,0.7,42,23,0.4155834601050035,0.16333828993864055,0.9564448269267546,0.955746591091156,0.9914897685982024,1.2325021178499007,0.827151051625239,0.8228724598884583,0.9281070745697897
mot_patch_base_1d-p3-bs.512-ep.100,mot_patch_base_1d,0.7,42,24,0.3938666317475064,0.12281311618413175,0.9671065213233888,0.9667366743087769,0.9930196978389749,1.1946991973351795,0.8282982791586998,0.8246816992759705,0.9307839388145316
mot_patch_base_1d-p3-bs.512-ep.100,mot_patch_base_1d,0.7,42,25,0.37197668183525956,0.12026039019246976,0.9672977624784854,0.9665086269378662,0.9945018167909734,1.195589069198696,0.8309751434034417,0.8273941278457642,0.931548757170172
mot_patch_base_1d-p3-bs.512-ep.100,mot_patch_base_1d,0.7,42,26,0.34999999999999987,0.10075257305639336,0.97346528973035,0.9733207821846008,0.995027729967489,1.1923020634550894,0.827151051625239,0.8250343203544617,0.9307839388145316
mot_patch_base_1d-p3-bs.512-ep.100,mot_patch_base_1d,0.7,42,27,0.3280233181647402,0.10887291802345943,0.9702620003824823,0.9696515798568726,0.9948842991011666,1.2028033006715502,0.8256214149139579,0.822784423828125,0.9330783938814532
mot_patch_base_1d-p3-bs.512-ep.100,mot_patch_base_1d,0.7,42,28,0.3061333682524934,0.12271779276919333,0.9678236756550009,0.9687680602073669,0.9956492637215528,1.2253963025532535,0.821414913957935,0.8195276856422424,0.9334608030592734
mot_patch_base_1d-p3-bs.512-ep.100,mot_patch_base_1d,0.7,42,29,0.28441653989499627,0.08562870572438133,0.9779116465863453,0.977979302406311,0.9958405048766494,1.186479951409947,0.8286806883365201,0.8266794085502625,0.9311663479923518
mot_patch_base_1d-p3-bs.512-ep.100,mot_patch_base_1d,0.7,42,30,0.2629585394923007,0.07334492585129664,0.9830273474851788,0.9827004075050354,0.9972748135398738,1.1804630841169486,0.8267686424474188,0.8238020539283752,0.9319311663479923
mot_patch_base_1d-p3-bs.512-ep.100,mot_patch_base_1d,0.7,42,31,0.2418440519687684,0.09036280258957116,0.9775769745649264,0.9779897928237915,0.9968923312296806,1.2056674191418386,0.8248565965583174,0.8214800953865051,0.9319311663479923
mot_patch_base_1d-p3-bs.512-ep.100,mot_patch_base_1d,0.7,42,32,0.2211564065603627,0.07343050460784425,0.9815930388219545,0.9815163612365723,0.9973704341174221,1.180623289731903,0.8317399617590823,0.8285603523254395,0.9346080305927342
mot_patch_base_1d-p3-bs.512-ep.100,mot_patch_base_1d,0.7,42,33,0.20097724795222446,0.061208776036784304,0.9860872059667241,0.9860293865203857,0.9978485370051635,1.1641696820523497,0.8302103250478011,0.8274530172348022,0.9346080305927342
mot_patch_base_1d-p3-bs.512-ep.100,mot_patch_base_1d,0.7,42,34,0.1813862140643995,0.05815874360149827,0.9876171352074966,0.9877060055732727,0.9976572958500669,1.16054610184912,0.8286806883365201,0.8266018629074097,0.9311663479923518
mot_patch_base_1d-p3-bs.512-ep.100,mot_patch_base_1d,0.7,42,35,0.16246062175735101,0.05678715792958881,0.9882386689615605,0.9882600903511047,0.9976094855612928,1.167206268602302,0.8321223709369024,0.8291186690330505,0.9334608030592734
mot_patch_base_1d-p3-bs.512-ep.100,mot_patch_base_1d,0.7,42,36,0.14427516169763435,0.053849847327228896,0.9894339261809141,0.9893724322319031,0.9983744501816791,1.163620152664914,0.831357552581262,0.8286555409431458,0.9326959847036329
mot_patch_base_1d-p3-bs.512-ep.100,mot_patch_base_1d,0.7,42,37,0.12690160358795852,0.05312028332339302,0.9892426850258176,0.989311695098877,0.9983744501816791,1.1571986240365082,0.8321223709369024,0.8294355869293213,0.9330783938814532
mot_patch_base_1d-p3-bs.512-ep.100,mot_patch_base_1d,0.7,42,38,0.11040851292495889,0.050666598505170427,0.9915375788869765,0.9914094805717468,0.9984222604704532,1.165142316070615,0.8336520076481836,0.8313593864440918,0.931548757170172
mot_patch_base_1d-p3-bs.512-ep.100,mot_patch_base_1d,0.7,42,39,0.09486098040250598,0.04963755481077622,0.9905335628227194,0.9902716279029846,0.9986135016255498,1.1579419517152396,0.832887189292543,0.8306470513343811,0.9326959847036329
mot_patch_base_1d-p3-bs.512-ep.100,mot_patch_base_1d,0.7,42,40,0.08032036502847376,0.05056692177398092,0.9903423216676229,0.990501880645752,0.998661311914324,1.1608413535823785,0.831357552581262,0.8297675848007202,0.9323135755258126
mot_patch_base_1d-p3-bs.512-ep.100,mot_patch_base_1d,0.7,42,41,0.06684405196876839,0.048382663212718,0.9913941480206541,0.9913513660430908,0.9988047427806463,1.161347370621807,0.831357552581262,0.8306571841239929,0.9330783938814532
mot_patch_base_1d-p3-bs.512-ep.100,mot_patch_base_1d,0.7,42,42,0.05448522607429477,0.04721188919109695,0.9922069229298145,0.9921359419822693,0.9988047427806463,1.1557322733716802,0.832887189292543,0.8316634893417358,0.9338432122370937
mot_patch_base_1d-p3-bs.512-ep.100,mot_patch_base_1d,0.7,42,43,0.04329266198464772,0.046565135103449305,0.9924937846624594,0.9924743175506592,0.998661311914324,1.1546901112076886,0.8298279158699808,0.8282070755958557,0.9326959847036329
mot_patch_base_1d-p3-bs.512-ep.100,mot_patch_base_1d,0.7,42,44,0.03331053163689321,0.045849466459498986,0.9927806463951042,0.9928234815597534,0.9989003633581947,1.1562467556838552,0.8332695984703633,0.8317670226097107,0.9330783938814532
mot_patch_base_1d-p3-bs.512-ep.100,mot_patch_base_1d,0.7,42,45,0.024578229939112014,0.04535325905131801,0.9930675081277491,0.9929945468902588,0.9988525530694206,1.1545575406309752,0.8332695984703633,0.8313659429550171,0.9323135755258126
mot_patch_base_1d-p3-bs.512-ep.100,mot_patch_base_1d,0.7,42,46,0.017130219296696253,0.0454033019153309,0.9930675081277491,0.9930582642555237,0.9989481736469689,1.15527930323526,0.832887189292543,0.8312910199165344,0.9319311663479923
mot_patch_base_1d-p3-bs.512-ep.100,mot_patch_base_1d,0.7,42,47,0.010995893604979155,0.04515066633467967,0.9930196978389749,0.9929925799369812,0.9989481736469689,1.1550462069976397,0.8332695984703633,0.8317351341247559,0.9319311663479923
mot_patch_base_1d-p3-bs.512-ep.100,mot_patch_base_1d,0.7,42,48,0.006199462244958943,0.04509981276086649,0.9927806463951042,0.9927679300308228,0.9989481736469689,1.155037697961636,0.8332695984703633,0.8317351341247559,0.9323135755258126
mot_patch_base_1d-p3-bs.512-ep.100,mot_patch_base_1d,0.7,42,49,0.0027598545399327803,0.045085495010482854,0.9929240772614266,0.9929109215736389,0.9989481736469689,1.155101538342682,0.8332695984703633,0.8317351341247559,0.9323135755258126
mot_patch_base_1d-p3-bs.512-ep.100,mot_patch_base_1d,0.7,42,50,0.0006906450501049539,0.045081171792924556,0.9929240772614266,0.9929109215736389,0.9989481736469689,1.1551192303688531,0.8332695984703633,0.8317351341247559,0.9323135755258126
mot_patch_base_1d-p3-bs.512-ep.100,mot_patch_base_1d,1.0,42,1,1.0,2.301558345926722,0.7187798814304839,0.716256320476532,0.8815261044176707,3.103693656848448,0.6688336520076482,0.6752343773841858,0.8401529636711281
mot_patch_base_1d-p3-bs.512-ep.100,mot_patch_base_1d,1.0,42,2,0.9990133642141358,1.689994087591297,0.7890610059284758,0.785041332244873,0.9150889271371199,2.502446541138862,0.7407265774378585,0.7383697628974915,0.8864244741873805
mot_patch_base_1d-p3-bs.512-ep.100,mot_patch_base_1d,1.0,42,3,0.996057350657239,1.4997811404075192,0.8012048192771084,0.8019564747810364,0.9281889462612354,2.4267990258182213,0.7483747609942638,0.7471676468849182,0.8891013384321224
mot_patch_base_1d-p3-bs.512-ep.100,mot_patch_base_1d,1.0,42,4,0.9911436253643444,1.268403923883108,0.8258271179957927,0.8218725323677063,0.9416236374067699,2.2692411652486593,0.762906309751434,0.7589514255523682,0.9001912045889101
mot_patch_base_1d-p3-bs.512-ep.100,mot_patch_base_1d,1.0,42,5,0.9842915805643155,1.390076953700451,0.821285140562249,0.8204972147941589,0.9404283801874164,2.442213670427895,0.7652007648183556,0.7615483999252319,0.8910133843212237
mot_patch_base_1d-p3-bs.512-ep.100,mot_patch_base_1d,1.0,42,6,0.9755282581475768,1.0124351742573554,0.856425702811245,0.8544065356254578,0.9519506597819851,2.1700562427878154,0.790057361376673,0.7885789275169373,0.9066921606118546
mot_patch_base_1d-p3-bs.512-ep.100,mot_patch_base_1d,1.0,42,7,0.9648882429441257,0.9629781057876117,0.8552782558806655,0.8555840849876404,0.958213807611398,2.196795132055337,0.7751434034416826,0.7785047292709351,0.9097514340344168
mot_patch_base_1d-p3-bs.512-ep.100,mot_patch_base_1d,1.0,42,8,0.9524135262330098,0.9609633755515196,0.8581946834958883,0.8567608594894409,0.9597915471409447,2.2747903214813876,0.7843212237093691,0.7817730903625488,0.9101338432122371
mot_patch_base_1d-p3-bs.512-ep.100,mot_patch_base_1d,1.0,42,9,0.9381533400219317,0.7936579526143266,0.8790399694014152,0.8778854608535767,0.9632816982214573,2.0783506258495907,0.7977055449330784,0.797554612159729,0.9112810707456979
mot_patch_base_1d-p3-bs.512-ep.100,mot_patch_base_1d,1.0,42,10,0.9221639627510075,0.9192707187975768,0.8740676993689042,0.8725642561912537,0.9585006693440429,2.2755348789076506,0.790057361376673,0.7876244187355042,0.9024856596558317
mot_patch_base_1d-p3-bs.512-ep.100,mot_patch_base_1d,1.0,42,11,0.9045084971874737,0.7965783553999819,0.8791834002677377,0.8785781264305115,0.9676802447886785,2.147438816632185,0.794263862332696,0.7932630777359009,0.9193116634799235
mot_patch_base_1d-p3-bs.512-ep.100,mot_patch_base_1d,1.0,42,12,0.8852566213878946,0.81896115262414,0.8764104035188373,0.8757867217063904,0.9681105373876459,2.2953303962547054,0.790057361376673,0.7848281860351562,0.9120458891013384
mot_patch_base_1d-p3-bs.512-ep.100,mot_patch_base_1d,1.0,42,13,0.8644843137107058,0.6004643194943091,0.8948173646968828,0.8939167857170105,0.9743736852170587,2.055508419934012,0.7996175908221798,0.7960191369056702,0.9196940726577438
mot_patch_base_1d-p3-bs.512-ep.100,mot_patch_base_1d,1.0,42,14,0.8422735529643444,0.6760249475170719,0.8957257601835915,0.8946720361709595,0.97346528973035,2.169595672432369,0.7896749521988528,0.7894112467765808,0.9173996175908222
mot_patch_base_1d-p3-bs.512-ep.100,mot_patch_base_1d,1.0,42,15,0.8187119948743449,0.5474453666830729,0.9047619047619048,0.9028127193450928,0.9781506980302161,1.990637790541348,0.8068833652007649,0.8037214875221252,0.9216061185468452
mot_patch_base_1d-p3-bs.512-ep.100,mot_patch_base_1d,1.0,42,16,0.7938926261462367,0.4994915261234875,0.9115031554790591,0.9127939343452454,0.9794893861158921,2.074029363045045,0.8022944550669217,0.8028427958488464,0.9173996175908222
mot_patch_base_1d-p3-bs.512-ep.100,mot_patch_base_1d,1.0,42,17,0.7679133974894983,0.49086146697553035,0.9146586345381527,0.9139866828918457,0.9817364696882769,2.0716829113932915,0.804206500956023,0.8005591034889221,0.9227533460803059
mot_patch_base_1d-p3-bs.512-ep.100,mot_patch_base_1d,1.0,42,18,0.7408768370508576,0.42115358080729903,0.9177184930196979,0.9176695942878723,0.98407917383821,2.0204909096712362,0.8038240917782027,0.8004000186920166,0.920076481835564
mot_patch_base_1d-p3-bs.512-ep.100,mot_patch_base_1d,1.0,42,19,0.7128896457825363,0.34232995097291563,0.9279020845285906,0.9289079308509827,0.9859915853891758,1.871621135179217,0.8099426386233269,0.8093774318695068,0.9246653919694072
mot_patch_base_1d-p3-bs.512-ep.100,mot_patch_base_1d,1.0,42,20,0.6840622763423391,0.32066606936114633,0.9388506406578696,0.9400117993354797,0.9882864792503346,1.8659124852138542,0.8202676864244742,0.8178204894065857,0.9292543021032504
mot_patch_base_1d-p3-bs.512-ep.100,mot_patch_base_1d,1.0,42,21,0.6545084971874737,0.3110794773359877,0.9359342130426468,0.9360191226005554,0.9869956014534328,1.8616428061607464,0.8164435946462715,0.8172367811203003,0.9235181644359465
mot_patch_base_1d-p3-bs.512-ep.100,mot_patch_base_1d,1.0,42,22,0.6243449435824273,0.2586304204177619,0.9427710843373494,0.9434210062026978,0.9892904953145917,1.794546094496893,0.8191204588910134,0.8146008849143982,0.9304015296367113
mot_patch_base_1d-p3-bs.512-ep.100,mot_patch_base_1d,1.0,42,23,0.5936906572928624,0.24515941691777063,0.9461656148403136,0.9451429843902588,0.990724803977816,1.7610444194728057,0.8217973231357553,0.8179832696914673,0.9265774378585087
mot_patch_base_1d-p3-bs.512-ep.100,mot_patch_base_1d,1.0,42,24,0.5626666167821522,0.17786124481437174,0.958213807611398,0.9582204222679138,0.9912985274431058,1.7361530048669411,0.8202676864244742,0.81685471534729,0.9304015296367113
mot_patch_base_1d-p3-bs.512-ep.100,mot_patch_base_1d,1.0,42,25,0.5313952597646567,0.15077634443714003,0.9623733027347485,0.9618131518363953,0.9938802830369096,1.7072358490632096,0.8252390057361376,0.8231748938560486,0.9296367112810707
mot_patch_base_1d-p3-bs.512-ep.100,mot_patch_base_1d,1.0,42,26,0.5,0.12854344674348148,0.9675368139223561,0.9673625230789185,0.993689041881813,1.7202775973434885,0.8217973231357553,0.820151150226593,0.9277246653919694
mot_patch_base_1d-p3-bs.512-ep.100,mot_patch_base_1d,1.0,42,27,0.4686047402353433,0.13016122510326503,0.9662937464142284,0.9660272002220154,0.993689041881813,1.7009971939582897,0.8244741873804972,0.8219066858291626,0.9288718929254303
mot_patch_base_1d-p3-bs.512-ep.100,mot_patch_base_1d,1.0,42,28,0.4373333832178479,0.1457757677424818,0.964859437751004,0.9655946493148804,0.9952667814113597,1.7425282115462177,0.817208413001912,0.8152408003807068,0.9326959847036329
mot_patch_base_1d-p3-bs.512-ep.100,mot_patch_base_1d,1.0,42,29,0.4063093427071377,0.09185937247054712,0.9762860967680245,0.9761692881584167,0.9957926945878753,1.6722633230526633,0.8290630975143404,0.8278058767318726,0.931548757170172
mot_patch_base_1d-p3-bs.512-ep.100,mot_patch_base_1d,1.0,42,30,0.3756550564175726,0.06964269450561657,0.9822623828647925,0.9817919135093689,0.9974182444061962,1.6556780317317459,0.8263862332695985,0.8229950666427612,0.9304015296367113
mot_patch_base_1d-p3-bs.512-ep.100,mot_patch_base_1d,1.0,42,31,0.34549150281252644,0.08616844167497217,0.9790590935169249,0.9795486927032471,0.9971791929623255,1.6880499145041004,0.8233269598470363,0.8201634287834167,0.9323135755258126
mot_patch_base_1d-p3-bs.512-ep.100,mot_patch_base_1d,1.0,42,32,0.31593772365766115,0.06602510258335985,0.9820711417096959,0.9820601940155029,0.9975616752725186,1.6443689218670643,0.8275334608030592,0.8257923126220703,0.9330783938814532
mot_patch_base_1d-p3-bs.512-ep.100,mot_patch_base_1d,1.0,42,33,0.28711035421746367,0.049448862965372785,0.9874258940524001,0.9873847365379333,0.9979919678714859,1.6295484728840524,0.8282982791586998,0.8261915445327759,0.9311663479923518
mot_patch_base_1d-p3-bs.512-ep.100,mot_patch_base_1d,1.0,42,34,0.2591231629491423,0.0471974593072668,0.9879518072289156,0.988070011138916,0.9980875884490342,1.6162209738736855,0.8305927342256214,0.8292234539985657,0.9296367112810707
mot_patch_base_1d-p3-bs.512-ep.100,mot_patch_base_1d,1.0,42,35,0.23208660251050156,0.04337317526745144,0.9894817364696883,0.9895371198654175,0.9980875884490342,1.6328962366166124,0.8294455066921607,0.8262903690338135,0.9307839388145316
mot_patch_base_1d-p3-bs.512-ep.100,mot_patch_base_1d,1.0,42,36,0.2061073738537635,0.03839746923491339,0.9914419583094282,0.9914447069168091,0.998661311914324,1.6275432200094482,0.832887189292543,0.8311055898666382,0.931548757170172
mot_patch_base_1d-p3-bs.512-ep.100,mot_patch_base_1d,1.0,42,37,0.18128800512565513,0.03822639887751027,0.9913941480206541,0.9915826320648193,0.9987569324918723,1.6209950784424294,0.827151051625239,0.8249718546867371,0.9307839388145316
mot_patch_base_1d-p3-bs.512-ep.100,mot_patch_base_1d,1.0,42,38,0.15772644703565564,0.03388534636331302,0.9930196978389749,0.992964506149292,0.9988047427806463,1.6274294676333951,0.8290630975143404,0.8274022936820984,0.9307839388145316
mot_patch_base_1d-p3-bs.512-ep.100,mot_patch_base_1d,1.0,42,39,0.13551568628929433,0.03262356930599543,0.9930196978389749,0.9928227066993713,0.9990916045132913,1.6191936602328065,0.8286806883365201,0.8263658881187439,0.9323135755258126
mot_patch_base_1d-p3-bs.512-ep.100,mot_patch_base_1d,1.0,42,40,0.11474337861210543,0.0349008519766002,0.9919200611971696,0.9921533465385437,0.9991394148020654,1.623953589882495,0.827151051625239,0.825590968132019,0.9319311663479923
mot_patch_base_1d-p3-bs.512-ep.100,mot_patch_base_1d,1.0,42,41,0.09549150281252633,0.03140574424096744,0.9934499904379422,0.9934559464454651,0.9990437942245172,1.622731891872778,0.8294455066921607,0.8278343081474304,0.931548757170172
mot_patch_base_1d-p3-bs.512-ep.100,mot_patch_base_1d,1.0,42,42,0.07783603724899257,0.030441189945302653,0.9937368521705872,0.9935891628265381,0.9990437942245172,1.6144880480793649,0.8294455066921607,0.8279198408126831,0.9307839388145316
mot_patch_base_1d-p3-bs.512-ep.100,mot_patch_base_1d,1.0,42,43,0.06184665997806821,0.02930746306012479,0.9946452476572959,0.9946470856666565,0.9990916045132913,1.613763421899274,0.8305927342256214,0.8293633460998535,0.930019120458891
mot_patch_base_1d-p3-bs.512-ep.100,mot_patch_base_1d,1.0,42,44,0.04758647376699032,0.028609889278928918,0.995027729967489,0.995064914226532,0.9991872250908396,1.615753894463096,0.8282982791586998,0.8266348242759705,0.931548757170172
mot_patch_base_1d-p3-bs.512-ep.100,mot_patch_base_1d,1.0,42,45,0.035111757055874326,0.028062272291836398,0.995027729967489,0.9949875473976135,0.9991872250908396,1.614553561675617,0.8305927342256214,0.828857958316803,0.9307839388145316
mot_patch_base_1d-p3-bs.512-ep.100,mot_patch_base_1d,1.0,42,46,0.024471741852423234,0.028152290106868396,0.9953145917001339,0.9953708052635193,0.9991872250908396,1.6151192338699136,0.8305927342256214,0.8293070793151855,0.9311663479923518
mot_patch_base_1d-p3-bs.512-ep.100,mot_patch_base_1d,1.0,42,47,0.015708419435684517,0.02779445888538346,0.9951711608338114,0.9952357411384583,0.9991394148020654,1.6147644991172658,0.8309751434034417,0.8296029567718506,0.9307839388145316
mot_patch_base_1d-p3-bs.512-ep.100,mot_patch_base_1d,1.0,42,48,0.00885637463565564,0.027744786635391754,0.9951233505450373,0.9951475262641907,0.9991394148020654,1.6148313562455185,0.8305927342256214,0.8292028903961182,0.9307839388145316
mot_patch_base_1d-p3-bs.512-ep.100,mot_patch_base_1d,1.0,42,49,0.0039426493427611176,0.027725802818204595,0.9951711608338114,0.9951798319816589,0.9991394148020654,1.614949963425587,0.8302103250478011,0.8288029432296753,0.9307839388145316
mot_patch_base_1d-p3-bs.512-ep.100,mot_patch_base_1d,1.0,42,50,0.0009866357858642205,0.027721002059608417,0.9952189711225856,0.9952247142791748,0.9991394148020654,1.614951659981197,0.8305927342256214,0.8292028903961182,0.9307839388145316
mot_patch_base_1d-p3-bs.512-ep.200,mot_patch_base_1d,0.1,42,1,0.1,1.69269211120372,0.63659399502773,0.6272339820861816,0.8387358959648116,1.7868380194640296,0.6137667304015296,0.6053909063339233,0.8221797323135756
mot_patch_base_1d-p3-bs.512-ep.200,mot_patch_base_1d,0.1,42,2,0.09990133642141358,1.313678276016781,0.7235609103078983,0.7149019837379456,0.8830560336584433,1.4424994211579827,0.681453154875717,0.6749163269996643,0.8638623326959847
mot_patch_base_1d-p3-bs.512-ep.200,mot_patch_base_1d,0.1,42,3,0.0996057350657239,1.1464620401627204,0.756310958118187,0.7493280172348022,0.8977816026008797,1.3057538924208107,0.7131931166347992,0.7070438265800476,0.8753346080305927
mot_patch_base_1d-p3-bs.512-ep.200,mot_patch_base_1d,0.1,42,4,0.09911436253643444,1.0391071063880826,0.7766781411359724,0.7694318294525146,0.9076783323771276,1.2103644113923577,0.7273422562141492,0.7190853953361511,0.8875717017208413
mot_patch_base_1d-p3-bs.512-ep.200,mot_patch_base_1d,0.1,42,5,0.09842915805643154,0.9691778800528098,0.7927902084528591,0.7875162363052368,0.9139414802065404,1.161200248762025,0.7441682600382409,0.736815333366394,0.8887189292543021
mot_patch_base_1d-p3-bs.512-ep.200,mot_patch_base_1d,0.1,42,6,0.09755282581475767,0.9259987630678149,0.7966628418435647,0.7923629283905029,0.9165232358003442,1.1377539610999492,0.7349904397705544,0.7317534685134888,0.8906309751434034
mot_patch_base_1d-p3-bs.512-ep.200,mot_patch_base_1d,0.1,42,7,0.09648882429441256,0.8741781399249574,0.8094759992350353,0.8050602674484253,0.9220692292981449,1.0920944097165168,0.7583173996175908,0.7504928112030029,0.8921606118546845
mot_patch_base_1d-p3-bs.512-ep.200,mot_patch_base_1d,0.1,42,8,0.09524135262330098,0.8449090994847485,0.8134442532032894,0.8095170855522156,0.9250812774909161,1.0902916888206,0.752963671128107,0.7463392615318298,0.8933078393881453
mot_patch_base_1d-p3-bs.512-ep.200,mot_patch_base_1d,0.1,42,9,0.09381533400219318,0.8195070413358582,0.8187990055459935,0.8148403763771057,0.9269458787531076,1.062883503259254,0.7541108986615679,0.7479875087738037,0.8967495219885278
mot_patch_base_1d-p3-bs.512-ep.200,mot_patch_base_1d,0.1,42,10,0.09221639627510075,0.7886199943876604,0.8247752916427615,0.8201963901519775,0.9302925989672978,1.0496937243022153,0.7602294455066921,0.7520711421966553,0.8936902485659656
mot_patch_base_1d-p3-bs.512-ep.200,mot_patch_base_1d,0.1,42,11,0.09045084971874737,0.7713868414199838,0.8278829604130808,0.8239702582359314,0.9322528208070376,1.0363919318292154,0.7602294455066921,0.7527661323547363,0.9021032504780114
mot_patch_base_1d-p3-bs.512-ep.200,mot_patch_base_1d,0.1,42,12,0.08852566213878946,0.7462328297842481,0.8345764008414611,0.8305621147155762,0.9344999043794224,1.020528760512518,0.7632887189292543,0.7561648488044739,0.901338432122371
mot_patch_base_1d-p3-bs.512-ep.200,mot_patch_base_1d,0.1,42,13,0.08644843137107057,0.7290425653506885,0.8382099827882961,0.8342251777648926,0.9357429718875502,1.0115340209144024,0.7694072657743786,0.7624163627624512,0.8998087954110898
mot_patch_base_1d-p3-bs.512-ep.200,mot_patch_base_1d,0.1,42,14,0.08422735529643442,0.7172571991296544,0.8412698412698413,0.8374306559562683,0.9373685217058711,1.0119066635919574,0.7644359464627151,0.7573989629745483,0.904397705544933
mot_patch_base_1d-p3-bs.512-ep.200,mot_patch_base_1d,0.1,42,15,0.08187119948743447,0.7028097458017057,0.8454771466819659,0.8416900634765625,0.938994071524192,1.0087485960747042,0.7652007648183556,0.758826494216919,0.901338432122371
mot_patch_base_1d-p3-bs.512-ep.200,mot_patch_base_1d,0.1,42,16,0.07938926261462366,0.6880227185772947,0.8486804360298337,0.8444889783859253,0.9410977242302544,0.991581567067717,0.7697896749521989,0.7639341950416565,0.9051625239005736
mot_patch_base_1d-p3-bs.512-ep.200,mot_patch_base_1d,0.1,42,17,0.07679133974894982,0.6769290766494409,0.8517402945113789,0.8480918407440186,0.9413845859628992,0.9919550018602302,0.7678776290630975,0.7630008459091187,0.9021032504780114
mot_patch_base_1d-p3-bs.512-ep.200,mot_patch_base_1d,0.1,42,18,0.07408768370508576,0.6671187398446908,0.8528877414419583,0.8490995168685913,0.9416714476955441,0.9846167642801259,0.7739961759082218,0.7665382623672485,0.9063097514340345
mot_patch_base_1d-p3-bs.512-ep.200,mot_patch_base_1d,0.1,42,19,0.07128896457825362,0.659140992652483,0.8548001529929241,0.8513529896736145,0.9435360489577357,0.9853072186501031,0.7720841300191205,0.7677171230316162,0.9047801147227533
mot_patch_base_1d-p3-bs.512-ep.200,mot_patch_base_1d,0.1,42,20,0.06840622763423389,0.6543607633367827,0.8541308089500861,0.8511831760406494,0.9433448078026391,0.9867366287494025,0.7701720841300191,0.7632687091827393,0.9059273422562142
mot_patch_base_1d-p3-bs.512-ep.200,mot_patch_base_1d,0.1,42,21,0.06545084971874736,0.6463317721540692,0.8568081851214381,0.8537448644638062,0.9438229106903806,0.9791505117033453,0.7705544933078394,0.7646849155426025,0.9055449330783939
mot_patch_base_1d-p3-bs.512-ep.200,mot_patch_base_1d,0.1,42,22,0.06243449435824272,0.6376587132191106,0.8573340982979537,0.853649377822876,0.9455918913750239,0.9829590135505049,0.7717017208413002,0.7657361626625061,0.9036328871892926
mot_patch_base_1d-p3-bs.512-ep.200,mot_patch_base_1d,0.1,42,23,0.05936906572928623,0.6319066844859208,0.8600114744693058,0.8570464849472046,0.9452572193536048,0.9747682575058071,0.7736137667304015,0.7666726112365723,0.9059273422562142
mot_patch_base_1d-p3-bs.512-ep.200,mot_patch_base_1d,0.1,42,24,0.056266661678215216,0.6258837994801472,0.8630235226620768,0.8593065142631531,0.9461178045515395,0.9702090626237041,0.7793499043977056,0.7728737592697144,0.9047801147227533
mot_patch_base_1d-p3-bs.512-ep.200,mot_patch_base_1d,0.1,42,25,0.053139525976465665,0.620485663619181,0.8642187798814305,0.8608249425888062,0.9468349588831516,0.9700923722743077,0.7747609942638624,0.7682275176048279,0.9063097514340345
mot_patch_base_1d-p3-bs.512-ep.200,mot_patch_base_1d,0.1,42,26,0.049999999999999996,0.6158682742386025,0.8623541786192389,0.8592486381530762,0.9475521132147638,0.9696155219871273,0.7747609942638624,0.7688287496566772,0.9059273422562142
mot_patch_base_1d-p3-bs.512-ep.200,mot_patch_base_1d,0.1,42,27,0.046860474023534326,0.6086398734032344,0.8657965194109772,0.8630149960517883,0.9483170778351502,0.9657962864717151,0.7747609942638624,0.7700010538101196,0.9078393881453155
mot_patch_base_1d-p3-bs.512-ep.200,mot_patch_base_1d,0.1,42,28,0.04373333832178478,0.6062787844405664,0.867374258940524,0.8638936877250671,0.9479824058137312,0.9664368361405615,0.7766730401529637,0.7713983654975891,0.9063097514340345
mot_patch_base_1d-p3-bs.512-ep.200,mot_patch_base_1d,0.1,42,29,0.040630934270713764,0.6020304033691967,0.8672308280742016,0.8644190430641174,0.9491298527443106,0.9640798988123469,0.7739961759082218,0.7685890197753906,0.9082217973231358
mot_patch_base_1d-p3-bs.512-ep.200,mot_patch_base_1d,0.1,42,30,0.03756550564175726,0.5982623575385293,0.8692866704914898,0.8660776019096375,0.949273283610633,0.9637263398325466,0.777055449330784,0.771996021270752,0.904397705544933
mot_patch_base_1d-p3-bs.512-ep.200,mot_patch_base_1d,0.1,42,31,0.03454915028125265,0.5953122556813704,0.8697647733792312,0.8663585782051086,0.9491776630330847,0.9621240152683587,0.7759082217973231,0.7702667117118835,0.9082217973231358
mot_patch_base_1d-p3-bs.512-ep.200,mot_patch_base_1d,0.1,42,32,0.03159377236576612,0.5925311608167697,0.8714381334863263,0.8680831789970398,0.9499904379422451,0.9626002835042162,0.7778202676864244,0.7729261517524719,0.904397705544933
mot_patch_base_1d-p3-bs.512-ep.200,mot_patch_base_1d,0.1,42,33,0.028711035421746366,0.5910497427579435,0.8701950659781985,0.8670318722724915,0.949273283610633,0.9611801118285432,0.7774378585086043,0.7717876434326172,0.9066921606118546
mot_patch_base_1d-p3-bs.512-ep.200,mot_patch_base_1d,0.1,42,34,0.025912316294914226,0.5885517875786652,0.871342512908778,0.8683735132217407,0.9500382482310193,0.9655817852421427,0.7762906309751434,0.7723926305770874,0.9055449330783939
mot_patch_base_1d-p3-bs.512-ep.200,mot_patch_base_1d,0.1,42,35,0.023208660251050155,0.5863059593400574,0.8712468923312296,0.868425190448761,0.9500382482310193,0.961263701108856,0.7778202676864244,0.7732873558998108,0.9051625239005736
mot_patch_base_1d-p3-bs.512-ep.200,mot_patch_base_1d,0.1,42,36,0.020610737385376346,0.5841078974362153,0.8731593038821954,0.8699080944061279,0.9508032128514057,0.9588251730224142,0.7759082217973231,0.7704890966415405,0.9063097514340345
mot_patch_base_1d-p3-bs.512-ep.200,mot_patch_base_1d,0.1,42,37,0.01812880051256551,0.5826957425051653,0.8729680627270989,0.8698077201843262,0.9508988334289539,0.9587751516192639,0.7808795411089866,0.7762806415557861,0.9066921606118546
mot_patch_base_1d-p3-bs.512-ep.200,mot_patch_base_1d,0.1,42,38,0.015772644703565562,0.5814007479867737,0.8731114935934213,0.870151698589325,0.9506119716963091,0.9591126772003465,0.7774378585086043,0.7724743485450745,0.9059273422562142
mot_patch_base_1d-p3-bs.512-ep.200,mot_patch_base_1d,0.1,42,39,0.013551568628929433,0.5800416701654787,0.8746414228341939,0.8717561364173889,0.9507554025626315,0.9580344205604685,0.7782026768642447,0.7730221748352051,0.9059273422562142
mot_patch_base_1d-p3-bs.512-ep.200,mot_patch_base_1d,0.1,42,40,0.011474337861210542,0.5792297688650342,0.8742111302352267,0.8712428212165833,0.9510900745840505,0.9563612141071268,0.7797323135755259,0.7740345597267151,0.9063097514340345
mot_patch_base_1d-p3-bs.512-ep.200,mot_patch_base_1d,0.1,42,41,0.009549150281252632,0.5783670704094396,0.8748804742780646,0.8718662261962891,0.9512335054503729,0.9571234037497759,0.778585086042065,0.7730266451835632,0.9063097514340345
mot_patch_base_1d-p3-bs.512-ep.200,mot_patch_base_1d,0.1,42,42,0.007783603724899257,0.5777745266037294,0.8745458022566456,0.8716021180152893,0.9509944540065022,0.9570016281098754,0.7793499043977056,0.7741641998291016,0.9059273422562142
mot_patch_base_1d-p3-bs.512-ep.200,mot_patch_base_1d,0.1,42,43,0.0061846659978068205,0.577306535144134,0.8750239051443871,0.8721325397491455,0.9511378848728246,0.9573785595866507,0.778585086042065,0.7732751965522766,0.9059273422562142
mot_patch_base_1d-p3-bs.512-ep.200,mot_patch_base_1d,0.1,42,44,0.004758647376699033,0.5769309198726407,0.8753585771658061,0.8725248575210571,0.9513769363166954,0.957081382270069,0.7793499043977056,0.7741988301277161,0.9063097514340345
mot_patch_base_1d-p3-bs.512-ep.200,mot_patch_base_1d,0.1,42,45,0.0035111757055874327,0.5766813218377019,0.8752151462994836,0.8722724914550781,0.9513291260279212,0.9572481231981208,0.7797323135755259,0.7745624780654907,0.9066921606118546
mot_patch_base_1d-p3-bs.512-ep.200,mot_patch_base_1d,0.1,42,46,0.0024471741852423235,0.5765049675952227,0.8751195257219354,0.8722417950630188,0.9511856951615988,0.9571154913528471,0.780114722753346,0.7748556733131409,0.9063097514340345
mot_patch_base_1d-p3-bs.512-ep.200,mot_patch_base_1d,0.1,42,47,0.0015708419435684518,0.5763936587195252,0.8751673360107095,0.8722863793373108,0.9511856951615988,0.9571268712585332,0.7793499043977056,0.7741532921791077,0.9066921606118546
mot_patch_base_1d-p3-bs.512-ep.200,mot_patch_base_1d,0.1,42,48,0.000885637463565564,0.5763298635798308,0.8751195257219354,0.8722720146179199,0.9511378848728246,0.9571314459777015,0.7789674952198853,0.773751974105835,0.9066921606118546
mot_patch_base_1d-p3-bs.512-ep.200,mot_patch_base_1d,0.1,42,49,0.00039426493427611173,0.5763031081730194,0.8751195257219354,0.8722768425941467,0.9511378848728246,0.9571226524805247,0.7797323135755259,0.7745532989501953,0.9066921606118546
mot_patch_base_1d-p3-bs.512-ep.200,mot_patch_base_1d,0.1,42,50,9.866357858642205e-05,0.5762960220938045,0.8750717154331612,0.8722165822982788,0.9510900745840505,0.9571090129319842,0.7797323135755259,0.7745532989501953,0.9066921606118546
mot_patch_base_1d-p3-bs.512-ep.200,mot_patch_base_1d,0.3,42,1,0.3,1.2814533618832893,0.7005641614075349,0.6933553814888,0.873350545037292,1.4456274554104924,0.6684512428298279,0.6634135246276855,0.8481835564053537
mot_patch_base_1d-p3-bs.512-ep.200,mot_patch_base_1d,0.3,42,2,0.29970400926424073,1.0168403580622365,0.7582233696691528,0.750653088092804,0.9018932874354562,1.2271952977371945,0.7093690248565966,0.7026631832122803,0.8795411089866156
mot_patch_base_1d-p3-bs.512-ep.200,mot_patch_base_1d,0.3,42,3,0.2988172051971717,0.8859343301682245,0.7886307133295085,0.7855303883552551,0.9187225090839549,1.150535662269957,0.7334608030592734,0.7307665348052979,0.8891013384321224
mot_patch_base_1d-p3-bs.512-ep.200,mot_patch_base_1d,0.3,42,4,0.29734308760930334,0.8188281381168975,0.7999617517689807,0.7951655387878418,0.9251768980684644,1.1161016927394538,0.735755258126195,0.7314894199371338,0.8925430210325048
mot_patch_base_1d-p3-bs.512-ep.200,mot_patch_base_1d,0.3,42,5,0.2952874741692947,0.7592601212563354,0.8155000956205776,0.8123736381530762,0.9289061005928476,1.0879981090188255,0.7464627151051625,0.743601381778717,0.8906309751434034
mot_patch_base_1d-p3-bs.512-ep.200,mot_patch_base_1d,0.3,42,6,0.2926584774442731,0.7274721291170542,0.8217154331612163,0.8189808130264282,0.9330655957161981,1.0612118285199197,0.745697896749522,0.741294264793396,0.9005736137667304
mot_patch_base_1d-p3-bs.512-ep.200,mot_patch_base_1d,0.3,42,7,0.28946647288323774,0.6936164986542385,0.8313731114935934,0.8292874097824097,0.9364123159303882,1.0527882388171457,0.7548757170172085,0.7511915564537048,0.8944550669216061
mot_patch_base_1d-p3-bs.512-ep.200,mot_patch_base_1d,0.3,42,8,0.28572405786990296,0.6541346890859335,0.8421304264677759,0.8405756950378418,0.9407152419200612,1.0581356435159424,0.7525812619502869,0.7507526874542236,0.8944550669216061
mot_patch_base_1d-p3-bs.512-ep.200,mot_patch_base_1d,0.3,42,9,0.28144600200657954,0.6503465562733985,0.8401702046280359,0.8379634618759155,0.9422451711608338,1.0551327327925206,0.751434034416826,0.7496001720428467,0.8967495219885278
mot_patch_base_1d-p3-bs.512-ep.200,mot_patch_base_1d,0.3,42,10,0.27664918882530226,0.6167367162611453,0.8460508701472557,0.8426101803779602,0.9467871485943775,1.0529267976662398,0.7541108986615679,0.7513430714607239,0.8948374760994264
mot_patch_base_1d-p3-bs.512-ep.200,mot_patch_base_1d,0.3,42,11,0.27135254915624213,0.5876254497374146,0.8560432205010519,0.8540589809417725,0.9497991967871486,1.0181240249546262,0.7552581261950286,0.7513806223869324,0.904397705544933
mot_patch_base_1d-p3-bs.512-ep.200,mot_patch_base_1d,0.3,42,12,0.2655769864163684,0.5722586602046672,0.857429718875502,0.8541669249534607,0.9513291260279212,1.0160284534695043,0.7682600382409178,0.7639513611793518,0.902868068833652
mot_patch_base_1d-p3-bs.512-ep.200,mot_patch_base_1d,0.3,42,13,0.2593452941132117,0.5793785694156602,0.8547045324153758,0.8510987758636475,0.9509466437177281,1.0310835172751665,0.7579349904397705,0.754004716873169,0.9017208413001913
mot_patch_base_1d-p3-bs.512-ep.200,mot_patch_base_1d,0.3,42,14,0.2526820658893033,0.559942698975689,0.8600592847580799,0.8570961952209473,0.9534805890227577,1.0376837925518905,0.7586998087954111,0.7565571665763855,0.9036328871892926
mot_patch_base_1d-p3-bs.512-ep.200,mot_patch_base_1d,0.3,42,15,0.24561359846230346,0.54017632877104,0.8655574679671065,0.8631516098976135,0.9550583285523044,1.0200186399383253,0.7648183556405354,0.7602289319038391,0.8982791586998088
mot_patch_base_1d-p3-bs.512-ep.200,mot_patch_base_1d,0.3,42,16,0.23816778784387102,0.5301951710045691,0.8713903231975522,0.8699754476547241,0.9559667240390132,1.0269122296947821,0.7636711281070746,0.7641197443008423,0.902868068833652
mot_patch_base_1d-p3-bs.512-ep.200,mot_patch_base_1d,0.3,42,17,0.2303740192468495,0.5120472088213928,0.8759323006310958,0.8734989166259766,0.958883151654236,1.0195089336563024,0.7697896749521989,0.766005277633667,0.9024856596558317
mot_patch_base_1d-p3-bs.512-ep.200,mot_patch_base_1d,0.3,42,18,0.22226305111525732,0.5025712126503713,0.8780837636259323,0.8749054074287415,0.9583572384777204,1.0041837615675042,0.7724665391969407,0.7668762803077698,0.9078393881453155
mot_patch_base_1d-p3-bs.512-ep.200,mot_patch_base_1d,0.3,42,19,0.21386689373476092,0.49715648360406495,0.8803308471983171,0.8787717223167419,0.960556511761331,1.0119324839137935,0.7678776290630975,0.7655587792396545,0.9063097514340345
mot_patch_base_1d-p3-bs.512-ep.200,mot_patch_base_1d,0.3,42,20,0.20521868290270173,0.49042315318037755,0.8797093134442532,0.8784389495849609,0.9612258558041691,1.0126144817636755,0.7652007648183556,0.7599206566810608,0.904397705544933
mot_patch_base_1d-p3-bs.512-ep.200,mot_patch_base_1d,0.3,42,21,0.19635254915624212,0.47940908296314794,0.8863071332950851,0.8850151300430298,0.9625645438898451,1.008234065622946,0.7713193116634799,0.7679042220115662,0.904397705544933
mot_patch_base_1d-p3-bs.512-ep.200,mot_patch_base_1d,0.3,42,22,0.18730348307472822,0.4767978729857932,0.8835341365461847,0.8823343515396118,0.963520749665328,1.0115680468469914,0.7736137667304015,0.768464982509613,0.9047801147227533
mot_patch_base_1d-p3-bs.512-ep.200,mot_patch_base_1d,0.3,42,23,0.17810719718785872,0.4637017590203051,0.8897494740868235,0.8872635364532471,0.9639032319755211,1.0063201773007102,0.7720841300191205,0.7679860591888428,0.9055449330783939
mot_patch_base_1d-p3-bs.512-ep.200,mot_patch_base_1d,0.3,42,24,0.1687999850346457,0.46165329057186827,0.8893191814878562,0.8865339756011963,0.9639032319755211,1.0014719261038143,0.772848948374761,0.7679623961448669,0.9066921606118546
mot_patch_base_1d-p3-bs.512-ep.200,mot_patch_base_1d,0.3,42,25,0.15941857792939704,0.4525401274454391,0.8927615222795946,0.8912345767021179,0.964859437751004,1.0070413097140893,0.7694072657743786,0.7653056979179382,0.9097514340344168
mot_patch_base_1d-p3-bs.512-ep.200,mot_patch_base_1d,0.3,42,26,0.15000000000000002,0.4566718332396796,0.8903710078408874,0.8886893391609192,0.9649550583285523,1.0159369269930838,0.7667304015296367,0.7635957598686218,0.9078393881453155
mot_patch_base_1d-p3-bs.512-ep.200,mot_patch_base_1d,0.3,42,27,0.140581422070603,0.44296563189169674,0.8950564161407535,0.8929794430732727,0.9670109007458405,1.0027555534990067,0.772848948374761,0.7686443328857422,0.908604206500956
mot_patch_base_1d-p3-bs.512-ep.200,mot_patch_base_1d,0.3,42,28,0.13120001496535438,0.4463984559110757,0.8930483840122394,0.8913670182228088,0.9673933830560336,1.0144552956575645,0.7701720841300191,0.7669644951820374,0.9105162523900574
mot_patch_base_1d-p3-bs.512-ep.200,mot_patch_base_1d,0.3,42,29,0.12189280281214132,0.4407959323605107,0.8966819659590743,0.8949005007743835,0.9677758653662268,1.0071349251566608,0.7713193116634799,0.7692152261734009,0.9074569789674952
mot_patch_base_1d-p3-bs.512-ep.200,mot_patch_base_1d,0.3,42,30,0.11269651692527179,0.43123119787951913,0.9001721170395869,0.898181676864624,0.9693057946069994,1.005706108778886,0.7682600382409178,0.7648872137069702,0.9063097514340345
mot_patch_base_1d-p3-bs.512-ep.200,mot_patch_base_1d,0.3,42,31,0.10364745084375795,0.4290951283626881,0.8987378083763626,0.896892786026001,0.9687320711417097,1.0084381161866636,0.7690248565965583,0.7657076120376587,0.9078393881453155
mot_patch_base_1d-p3-bs.512-ep.200,mot_patch_base_1d,0.3,42,32,0.09478131709729837,0.4253163127056566,0.9019410977242303,0.8997304439544678,0.969162363740677,1.0075294246637114,0.7739961759082218,0.7711941003799438,0.9059273422562142
mot_patch_base_1d-p3-bs.512-ep.200,mot_patch_base_1d,0.3,42,33,0.08613310626523911,0.42379496306847786,0.90251482118952,0.900749921798706,0.9702620003824823,1.0049455048249283,0.7690248565965583,0.7647064924240112,0.9108986615678776
mot_patch_base_1d-p3-bs.512-ep.200,mot_patch_base_1d,0.3,42,34,0.0777369488847427,0.41959805660937205,0.9047619047619048,0.9032780528068542,0.9697838974947409,1.011887420887701,0.7724665391969407,0.7710224986076355,0.9070745697896749
mot_patch_base_1d-p3-bs.512-ep.200,mot_patch_base_1d,0.3,42,35,0.06962598075315048,0.41724100083733956,0.9066265060240963,0.904823899269104,0.9705966724039014,1.004695033115365,0.768642447418738,0.7645462155342102,0.9070745697896749
mot_patch_base_1d-p3-bs.512-ep.200,mot_patch_base_1d,0.3,42,36,0.06183221215612905,0.41666091562206553,0.9046662841843565,0.9026786684989929,0.9701185695161598,1.0033237041524445,0.7720841300191205,0.7683608531951904,0.9063097514340345
mot_patch_base_1d-p3-bs.512-ep.200,mot_patch_base_1d,0.3,42,37,0.05438640153769654,0.4145229551709617,0.9042359915853891,0.9023666381835938,0.9706444826926754,1.0052388265985377,0.7747609942638624,0.771871030330658,0.9036328871892926
mot_patch_base_1d-p3-bs.512-ep.200,mot_patch_base_1d,0.3,42,38,0.047317934110696694,0.4111691119452466,0.9064352648689998,0.9044315814971924,0.9707879135589979,1.0044312675869944,0.772848948374761,0.7700099349021912,0.9089866156787763
mot_patch_base_1d-p3-bs.512-ep.200,mot_patch_base_1d,0.3,42,39,0.0406547058867883,0.40932660705616014,0.9072958500669344,0.9058723449707031,0.9705966724039014,1.0000134105208272,0.7739961759082218,0.7703190445899963,0.9093690248565965
mot_patch_base_1d-p3-bs.512-ep.200,mot_patch_base_1d,0.3,42,40,0.03442301358363163,0.40860939919549616,0.9083954867087397,0.9063481092453003,0.9710269650028687,1.000405017276567,0.7743785850860421,0.7705574631690979,0.908604206500956
mot_patch_base_1d-p3-bs.512-ep.200,mot_patch_base_1d,0.3,42,41,0.0286474508437579,0.4073756420947462,0.90782176324345,0.906168520450592,0.9712660164467394,1.001398694127741,0.7759082217973231,0.7727205753326416,0.9082217973231358
mot_patch_base_1d-p3-bs.512-ep.200,mot_patch_base_1d,0.3,42,42,0.023350811174697773,0.4068489744960065,0.90782176324345,0.9061298966407776,0.9712182061579652,1.0020900500208196,0.7739961759082218,0.7708516120910645,0.9101338432122371
mot_patch_base_1d-p3-bs.512-ep.200,mot_patch_base_1d,0.3,42,43,0.018553997993420463,0.406230192427016,0.9089692101740294,0.9073391556739807,0.9714094473130618,1.003272514270323,0.7743785850860421,0.7715436816215515,0.9070745697896749
mot_patch_base_1d-p3-bs.512-ep.200,mot_patch_base_1d,0.3,42,44,0.014275942130097098,0.40560296872624657,0.9083476764199656,0.9068953990936279,0.9718397399120291,1.001245314122158,0.7766730401529637,0.7735002636909485,0.908604206500956
mot_patch_base_1d-p3-bs.512-ep.200,mot_patch_base_1d,0.3,42,45,0.010533527116762299,0.40531842433647114,0.9086345381526104,0.9070615172386169,0.9715050678906101,1.0019333644305315,0.7747609942638624,0.7716853618621826,0.9101338432122371
mot_patch_base_1d-p3-bs.512-ep.200,mot_patch_base_1d,0.3,42,46,0.00734152255572697,0.4051904338202711,0.9090170204628036,0.9075700640678406,0.9716006884681584,1.0020238143308213,0.7751434034416826,0.7723590731620789,0.9097514340344168
mot_patch_base_1d-p3-bs.512-ep.200,mot_patch_base_1d,0.3,42,47,0.004712525830705355,0.4050083066473775,0.9090648307515777,0.9075355529785156,0.9717441193344808,1.0018375783303957,0.7747609942638624,0.771543562412262,0.9093690248565965
mot_patch_base_1d-p3-bs.512-ep.200,mot_patch_base_1d,0.3,42,48,0.0026569123906966916,0.4049527073800165,0.908825779307707,0.9072691202163696,0.9716963090457066,1.0018420392650946,0.7751434034416826,0.7719980478286743,0.9093690248565965
mot_patch_base_1d-p3-bs.512-ep.200,mot_patch_base_1d,0.3,42,49,0.001182794802828335,0.4049267464282294,0.9090170204628036,0.9074341654777527,0.9716963090457066,1.0018574351790301,0.7751434034416826,0.7719980478286743,0.9089866156787763
mot_patch_base_1d-p3-bs.512-ep.200,mot_patch_base_1d,0.3,42,50,0.0002959907357592661,0.4049203328818203,0.9090170204628036,0.9074341654777527,0.9716963090457066,1.0018303428051805,0.7751434034416826,0.7719980478286743,0.9093690248565965
mot_patch_base_1d-p3-bs.512-ep.200,mot_patch_base_1d,0.5,42,1,0.5,1.2508440287625227,0.7020462803595334,0.6948540210723877,0.8763625932300632,1.478907131100248,0.6596558317399618,0.6570153832435608,0.848565965583174
mot_patch_base_1d-p3-bs.512-ep.200,mot_patch_base_1d,0.5,42,2,0.4995066821070679,1.0027462231039113,0.7565978198508319,0.7488911151885986,0.902180149168101,1.259740567617617,0.7043977055449331,0.6941994428634644,0.8722753346080306
mot_patch_base_1d-p3-bs.512-ep.200,mot_patch_base_1d,0.5,42,3,0.4980286753286195,0.870748877000982,0.7807420156817747,0.7774708271026611,0.9204914897685982,1.2171968492905452,0.7208413001912046,0.7143607139587402,0.8837476099426386
mot_patch_base_1d-p3-bs.512-ep.200,mot_patch_base_1d,0.5,42,4,0.4955718126821722,0.8060580634961372,0.795085102314018,0.7916133403778076,0.9257984318225282,1.2012431784751993,0.722753346080306,0.7235275506973267,0.8803059273422562
mot_patch_base_1d-p3-bs.512-ep.200,mot_patch_base_1d,0.5,42,5,0.49214579028215777,0.769272549655292,0.8044081086249761,0.8016557097434998,0.9274239816408492,1.1941951861117128,0.7250478011472276,0.7221872210502625,0.8803059273422562
mot_patch_base_1d-p3-bs.512-ep.200,mot_patch_base_1d,0.5,42,6,0.4877641290737884,0.7150057321936205,0.8221935360489577,0.8201560974121094,0.9347867661120673,1.1463051206978967,0.7414913957934991,0.7412250638008118,0.8894837476099426
mot_patch_base_1d-p3-bs.512-ep.200,mot_patch_base_1d,0.5,42,7,0.48244412147206284,0.7019913460561344,0.8205201759418627,0.8177922964096069,0.9366513673742589,1.1767503844164526,0.7384321223709369,0.7330575585365295,0.8910133843212237
mot_patch_base_1d-p3-bs.512-ep.200,mot_patch_base_1d,0.5,42,8,0.4762067631165049,0.6498200800843348,0.8360107095046854,0.8352913856506348,0.9432013769363167,1.163721091159215,0.7372848948374761,0.7347580790519714,0.8925430210325048
mot_patch_base_1d-p3-bs.512-ep.200,mot_patch_base_1d,0.5,42,9,0.46907667001096587,0.6462572761283228,0.8359150889271372,0.8342694044113159,0.9430579460699943,1.1868374169898535,0.739961759082218,0.7428233623504639,0.8848948374760994
mot_patch_base_1d-p3-bs.512-ep.200,mot_patch_base_1d,0.5,42,10,0.46108198137550377,0.6242375822499505,0.8389749474086824,0.8357647061347961,0.9475999235035379,1.1850595580004368,0.7380497131931166,0.7357177138328552,0.8933078393881453
mot_patch_base_1d-p3-bs.512-ep.200,mot_patch_base_1d,0.5,42,11,0.45225424859373686,0.559516984888873,0.8559475999235036,0.8544552326202393,0.9550583285523044,1.1089434680245802,0.7468451242829828,0.74213045835495,0.8975143403441682
mot_patch_base_1d-p3-bs.512-ep.200,mot_patch_base_1d,0.5,42,12,0.4426283106939473,0.5516163741546006,0.8580034423407917,0.8552238345146179,0.9552973799961751,1.1294560478020808,0.7483747609942638,0.7425954341888428,0.8998087954110898
mot_patch_base_1d-p3-bs.512-ep.200,mot_patch_base_1d,0.5,42,13,0.4322421568553529,0.5747997882512542,0.8477720405431248,0.8439072966575623,0.9525721935360489,1.1694785823785552,0.7418738049713193,0.7394818067550659,0.8925430210325048
mot_patch_base_1d-p3-bs.512-ep.200,mot_patch_base_1d,0.5,42,14,0.4211367764821722,0.5457360553431406,0.8562344616561484,0.8547804355621338,0.9554408108624977,1.157155148157882,0.7491395793499044,0.7498714327812195,0.8944550669216061
mot_patch_base_1d-p3-bs.512-ep.200,mot_patch_base_1d,0.5,42,15,0.40935599743717244,0.5217906206327589,0.8635016255498184,0.8623915910720825,0.9586441002103653,1.129469792382439,0.7525812619502869,0.7505789995193481,0.9001912045889101
mot_patch_base_1d-p3-bs.512-ep.200,mot_patch_base_1d,0.5,42,16,0.39694631307311834,0.5166422920898216,0.8699082042455536,0.8696739673614502,0.9590265825205584,1.173249987571235,0.749904397705545,0.7511241436004639,0.8986615678776291
mot_patch_base_1d-p3-bs.512-ep.200,mot_patch_base_1d,0.5,42,17,0.38395669874474914,0.48580165865955216,0.8768885064065787,0.8747805953025818,0.9624211130235226,1.1272443286319536,0.761376673040153,0.7569263577461243,0.8998087954110898
mot_patch_base_1d-p3-bs.512-ep.200,mot_patch_base_1d,0.5,42,18,0.3704384185254288,0.47243028645489,0.878322815069803,0.8751319050788879,0.9617039586919105,1.1044512105033686,0.7663479923518165,0.7613214254379272,0.9024856596558317
mot_patch_base_1d-p3-bs.512-ep.200,mot_patch_base_1d,0.5,42,19,0.35644482289126816,0.461689742579472,0.8816695352839932,0.8805605173110962,0.9646681965959074,1.121415337002756,0.7586998087954111,0.7572757005691528,0.9001912045889101
mot_patch_base_1d-p3-bs.512-ep.200,mot_patch_base_1d,0.5,42,20,0.34203113817116954,0.4521254303122962,0.8830560336584433,0.8819653987884521,0.9673933830560336,1.1057519449558586,0.761376673040153,0.7549952864646912,0.9040152963671129
mot_patch_base_1d-p3-bs.512-ep.200,mot_patch_base_1d,0.5,42,21,0.32725424859373686,0.4295964812794706,0.8931918148785619,0.8921127915382385,0.9685408299866132,1.1091961191443596,0.7648183556405354,0.7609481811523438,0.904397705544933
mot_patch_base_1d-p3-bs.512-ep.200,mot_patch_base_1d,0.5,42,22,0.31217247179121366,0.43859186489829644,0.8887454580225664,0.8885239958763123,0.9669152801682922,1.1163968671576243,0.7674952198852772,0.7639458179473877,0.9032504780114723
mot_patch_base_1d-p3-bs.512-ep.200,mot_patch_base_1d,0.5,42,23,0.2968453286464312,0.41978686670656074,0.8931440045897877,0.8910152912139893,0.9698795180722891,1.121125345613031,0.7533460803059273,0.7510535717010498,0.9047801147227533
mot_patch_base_1d-p3-bs.512-ep.200,mot_patch_base_1d,0.5,42,24,0.2813333083910761,0.41264823181129,0.8953910881621725,0.8929312229156494,0.9696404666284184,1.0996599390675414,0.7636711281070746,0.7585462927818298,0.9036328871892926
mot_patch_base_1d-p3-bs.512-ep.200,mot_patch_base_1d,0.5,42,25,0.26569762988232837,0.406433892810885,0.8993115318416524,0.8979034423828125,0.9715050678906101,1.112114705364745,0.7602294455066921,0.7548601627349854,0.9059273422562142
mot_patch_base_1d-p3-bs.512-ep.200,mot_patch_base_1d,0.5,42,26,0.25,0.4038275505119903,0.9001243067508128,0.8989121317863464,0.9696882769171926,1.1125312280016693,0.7609942638623327,0.758558988571167,0.9059273422562142
mot_patch_base_1d-p3-bs.512-ep.200,mot_patch_base_1d,0.5,42,27,0.23430237011767166,0.3872046902886903,0.9050965767833238,0.9033671617507935,0.9724134633773188,1.0895476711411778,0.7586998087954111,0.7554334402084351,0.9089866156787763
mot_patch_base_1d-p3-bs.512-ep.200,mot_patch_base_1d,0.5,42,28,0.21866669160892396,0.39438951920541987,0.9015108051252629,0.8998565077781677,0.9724134633773188,1.1137677194511457,0.7644359464627151,0.7611616253852844,0.9070745697896749
mot_patch_base_1d-p3-bs.512-ep.200,mot_patch_base_1d,0.5,42,29,0.20315467135356885,0.3840582588248327,0.9056224899598394,0.9048478007316589,0.973130617708931,1.0960626284889237,0.768642447418738,0.765967845916748,0.9097514340344168
mot_patch_base_1d-p3-bs.512-ep.200,mot_patch_base_1d,0.5,42,30,0.1878275282087863,0.37509712723341515,0.906817747179193,0.9050459265708923,0.974803977816026,1.1000716550400336,0.7606118546845124,0.7578002214431763,0.9066921606118546
mot_patch_base_1d-p3-bs.512-ep.200,mot_patch_base_1d,0.5,42,31,0.17274575140626322,0.3723126666954859,0.9095429336393192,0.9082080721855164,0.9742302543507363,1.1030893358628107,0.7648183556405354,0.7620947360992432,0.9051625239005736
mot_patch_base_1d-p3-bs.512-ep.200,mot_patch_base_1d,0.5,42,32,0.15796886182883058,0.3690417278426216,0.909160451329126,0.9078052043914795,0.9750908395486709,1.1033130682221335,0.768642447418738,0.7654970288276672,0.9059273422562142
mot_patch_base_1d-p3-bs.512-ep.200,mot_patch_base_1d,0.5,42,33,0.14355517710873184,0.3622015475953234,0.9136546184738956,0.9123438000679016,0.9757123733027347,1.0943699225868824,0.7652007648183556,0.7617170214653015,0.908604206500956
mot_patch_base_1d-p3-bs.512-ep.200,mot_patch_base_1d,0.5,42,34,0.12956158147457114,0.3580001493921971,0.9164276152227959,0.9155809283256531,0.9756645630139607,1.105280886006401,0.7659655831739962,0.7644174098968506,0.9051625239005736
mot_patch_base_1d-p3-bs.512-ep.200,mot_patch_base_1d,0.5,42,35,0.11604330125525078,0.35710818928499527,0.9170013386880856,0.9156907796859741,0.9760948556129279,1.0964950794927477,0.7636711281070746,0.7590181231498718,0.9074569789674952
mot_patch_base_1d-p3-bs.512-ep.200,mot_patch_base_1d,0.5,42,36,0.10305368692688174,0.35437011682273645,0.917096959265634,0.9153568744659424,0.9765729585006694,1.093041868191604,0.7644359464627151,0.7608585953712463,0.9070745697896749
mot_patch_base_1d-p3-bs.512-ep.200,mot_patch_base_1d,0.5,42,37,0.09064400256282756,0.34969240321007805,0.9181487856186651,0.9170730710029602,0.9763339070567987,1.0948163092706218,0.7701720841300191,0.7679922580718994,0.9047801147227533
mot_patch_base_1d-p3-bs.512-ep.200,mot_patch_base_1d,0.5,42,38,0.07886322351782782,0.34521616100239055,0.9198221457257602,0.9184744954109192,0.9764773379231211,1.093920869261995,0.7663479923518165,0.7644140124320984,0.9066921606118546
mot_patch_base_1d-p3-bs.512-ep.200,mot_patch_base_1d,0.5,42,39,0.06775784314464717,0.34314236765861694,0.9226429527634347,0.9215968251228333,0.9771944922547332,1.0870358002117442,0.7736137667304015,0.7706211805343628,0.9089866156787763
mot_patch_base_1d-p3-bs.512-ep.200,mot_patch_base_1d,0.5,42,40,0.057371689306052714,0.3417448391078147,0.9222126601644673,0.9209153652191162,0.9771944922547332,1.0886840805724747,0.7701720841300191,0.7668715715408325,0.9078393881453155
mot_patch_base_1d-p3-bs.512-ep.200,mot_patch_base_1d,0.5,42,41,0.047745751406263165,0.3407024885824338,0.9239816408491107,0.9226902723312378,0.9771944922547332,1.0883811819393823,0.768642447418738,0.7663544416427612,0.908604206500956
mot_patch_base_1d-p3-bs.512-ep.200,mot_patch_base_1d,0.5,42,42,0.03891801862449629,0.33993643942880547,0.9232166762287244,0.9220771789550781,0.9772423025435074,1.090239626590882,0.7713193116634799,0.7694584727287292,0.9070745697896749
mot_patch_base_1d-p3-bs.512-ep.200,mot_patch_base_1d,0.5,42,43,0.030923329989034104,0.3391288045852903,0.9241728820042073,0.923086404800415,0.9773379231210556,1.091412884509814,0.7717017208413002,0.7692623138427734,0.9078393881453155
mot_patch_base_1d-p3-bs.512-ep.200,mot_patch_base_1d,0.5,42,44,0.02379323688349516,0.33818080790481964,0.9241250717154331,0.923064649105072,0.9774813539873781,1.0881483395286546,0.7697896749521989,0.7674041986465454,0.9093690248565965
mot_patch_base_1d-p3-bs.512-ep.200,mot_patch_base_1d,0.5,42,45,0.017555878527937163,0.3377357181250696,0.9237903996940141,0.9225357174873352,0.9773857334098298,1.0888697170162749,0.7713193116634799,0.7686829566955566,0.9089866156787763
mot_patch_base_1d-p3-bs.512-ep.200,mot_patch_base_1d,0.5,42,46,0.012235870926211617,0.3376593383691306,0.9246509848919487,0.9235855340957642,0.9776725951424746,1.0893437518672324,0.7720841300191205,0.7703711986541748,0.908604206500956
mot_patch_base_1d-p3-bs.512-ep.200,mot_patch_base_1d,0.5,42,47,0.007854209717842259,0.3372942323004408,0.9251290877796902,0.9239847660064697,0.9776725951424746,1.0888190245765117,0.7717017208413002,0.7693330645561218,0.908604206500956
mot_patch_base_1d-p3-bs.512-ep.200,mot_patch_base_1d,0.5,42,48,0.00442818731782782,0.3372212057246786,0.9246987951807228,0.9234805107116699,0.9776247848537005,1.0887417255350553,0.7717017208413002,0.769481360912323,0.908604206500956
mot_patch_base_1d-p3-bs.512-ep.200,mot_patch_base_1d,0.5,42,49,0.0019713246713805588,0.3371855506342532,0.9248900363358195,0.923703670501709,0.9776247848537005,1.0887884953281848,0.7720841300191205,0.7697099447250366,0.908604206500956
mot_patch_base_1d-p3-bs.512-ep.200,mot_patch_base_1d,0.5,42,50,0.0004933178929321103,0.3371776202185976,0.9249856569133678,0.9237954616546631,0.9776247848537005,1.088752066792767,0.7717017208413002,0.7694718837738037,0.908604206500956
mot_patch_base_1d-p3-bs.512-ep.200,mot_patch_base_1d,0.7,42,1,0.7,1.272053219023205,0.6990342321667623,0.6936571002006531,0.8746892331229681,1.589015530354662,0.6531548757170172,0.6541244387626648,0.8374760994263862
mot_patch_base_1d-p3-bs.512-ep.200,mot_patch_base_1d,0.7,42,2,0.699309354949895,1.1141975701573383,0.7418244406196214,0.7348804473876953,0.89720787913559,1.4265085019755317,0.6894837476099427,0.6803106069564819,0.865774378585086
mot_patch_base_1d-p3-bs.512-ep.200,mot_patch_base_1d,0.7,42,3,0.6972401454600672,0.9215787186132924,0.7727576974564926,0.767977237701416,0.9180053547523427,1.3414201929737914,0.7097514340344169,0.7030614614486694,0.8768642447418739
mot_patch_base_1d-p3-bs.512-ep.200,mot_patch_base_1d,0.7,42,4,0.6938005377550409,0.8647294550604062,0.7856664754255116,0.7826325297355652,0.9231688659399503,1.3587654974446925,0.7055449330783938,0.7080011963844299,0.874187380497132
mot_patch_base_1d-p3-bs.512-ep.200,mot_patch_base_1d,0.7,42,5,0.6890041063950206,0.8549198196959737,0.7902562631478294,0.7865445613861084,0.923407917383821,1.3618109723122125,0.7116634799235182,0.7081584334373474,0.8791586998087955
mot_patch_base_1d-p3-bs.512-ep.200,mot_patch_base_1d,0.7,42,6,0.6828697807033035,0.7722785418611294,0.8127749091604514,0.810146689414978,0.9306750812774909,1.3202500673370654,0.7330783938814531,0.7324670553207397,0.8799235181644359
mot_patch_base_1d-p3-bs.512-ep.200,mot_patch_base_1d,0.7,42,7,0.6754217700608878,0.7833497546603242,0.8039300057372346,0.8016688823699951,0.9331134060049723,1.3661357813993786,0.7219885277246654,0.7200756669044495,0.8852772466539197
mot_patch_base_1d-p3-bs.512-ep.200,mot_patch_base_1d,0.7,42,8,0.6666894683631067,0.6725570896110017,0.8300344234079173,0.8285677433013916,0.9443488238668961,1.3038089409385083,0.7323135755258127,0.7290319204330444,0.88565965583174
mot_patch_base_1d-p3-bs.512-ep.200,mot_patch_base_1d,0.7,42,9,0.6567073380153521,0.7203490522993434,0.8232931726907631,0.8212032318115234,0.9401415184547715,1.3907480739498685,0.7219885277246654,0.7227436900138855,0.8814531548757171
mot_patch_base_1d-p3-bs.512-ep.200,mot_patch_base_1d,0.7,42,10,0.6455147739257051,0.6928478897723579,0.8261617900172117,0.8228144645690918,0.9438229106903806,1.3636572522369443,0.7246653919694073,0.720775842666626,0.8898661567877629
mot_patch_base_1d-p3-bs.512-ep.200,mot_patch_base_1d,0.7,42,11,0.6331559480312314,0.5948874863321637,0.8462421113023523,0.8450158834457397,0.9552017594186268,1.261240478865731,0.7365200764818356,0.7354752421379089,0.8948374760994264
mot_patch_base_1d-p3-bs.512-ep.200,mot_patch_base_1d,0.7,42,12,0.619679634971526,0.5903882369367723,0.8457640084146109,0.8435932993888855,0.9538152610441767,1.3092056113948785,0.7349904397705544,0.7307918667793274,0.8933078393881453
mot_patch_base_1d-p3-bs.512-ep.200,mot_patch_base_1d,0.7,42,13,0.6051390195974938,0.604244158586687,0.8401702046280359,0.8370612263679504,0.9524287626697265,1.342041564124492,0.7349904397705544,0.7335605621337891,0.8902485659655832
mot_patch_base_1d-p3-bs.512-ep.200,mot_patch_base_1d,0.7,42,14,0.5895914870750408,0.5976954658210654,0.8442340791738382,0.8439805507659912,0.9519506597819851,1.3333119627622527,0.7349904397705544,0.7378281950950623,0.8883365200764818
mot_patch_base_1d-p3-bs.512-ep.200,mot_patch_base_1d,0.7,42,15,0.5730983964120412,0.5548836284395978,0.8546089118378275,0.8525035381317139,0.9574010327022375,1.3048292798248349,0.7391969407265775,0.7369129657745361,0.8940726577437859
mot_patch_base_1d-p3-bs.512-ep.200,mot_patch_base_1d,0.7,42,16,0.5557248383023655,0.5440265480795835,0.8651749856569134,0.8650971055030823,0.9590743928093326,1.3676357437046263,0.7407265774378585,0.7414536476135254,0.8906309751434034
mot_patch_base_1d-p3-bs.512-ep.200,mot_patch_base_1d,0.7,42,17,0.5375393782426486,0.5168250378105147,0.8698603939567795,0.8674992918968201,0.9611780455153949,1.2897678003256454,0.7518164435946463,0.7483392953872681,0.8967495219885278
mot_patch_base_1d-p3-bs.512-ep.200,mot_patch_base_1d,0.7,42,18,0.5186137859356001,0.4671421319126604,0.8779403327596099,0.8755529522895813,0.9629470262000382,1.227241383364734,0.7598470363288718,0.7539413571357727,0.9005736137667304
mot_patch_base_1d-p3-bs.512-ep.200,mot_patch_base_1d,0.7,42,19,0.49902275204777524,0.4681989235184028,0.8754063874545802,0.874581515789032,0.9657200229489387,1.2763434080047316,0.745697896749522,0.7440858483314514,0.8975143403441682
mot_patch_base_1d-p3-bs.512-ep.200,mot_patch_base_1d,0.7,42,20,0.47884359343963717,0.44781869874444646,0.8804742780646395,0.8788887858390808,0.969497035762096,1.232275349779293,0.7510516252390057,0.7469253540039062,0.902868068833652
mot_patch_base_1d-p3-bs.512-ep.200,mot_patch_base_1d,0.7,42,21,0.45815594803123144,0.41312107280235855,0.8924268502581756,0.8915172815322876,0.9700229489386116,1.2427341468475517,0.7560229445506692,0.753153920173645,0.8978967495219885
mot_patch_base_1d-p3-bs.512-ep.200,mot_patch_base_1d,0.7,42,22,0.437041460507699,0.4311483248763341,0.8883629757123733,0.8882866501808167,0.9686364505641614,1.2475495172504256,0.7579349904397705,0.7561430931091309,0.8975143403441682
mot_patch_base_1d-p3-bs.512-ep.200,mot_patch_base_1d,0.7,42,23,0.4155834601050035,0.41260766171433316,0.8918531267928859,0.8899036645889282,0.9716484987569325,1.2641773902207443,0.7487571701720841,0.7458639740943909,0.8990439770554494
mot_patch_base_1d-p3-bs.512-ep.200,mot_patch_base_1d,0.7,42,24,0.3938666317475064,0.40423500334972584,0.8947217441193345,0.8924146890640259,0.9714572576018359,1.2392581027962737,0.7521988527724666,0.7483203411102295,0.9009560229445507
mot_patch_base_1d-p3-bs.512-ep.200,mot_patch_base_1d,0.7,42,25,0.37197668183525956,0.3869936641759502,0.9015586154140371,0.9003066420555115,0.973130617708931,1.2413480302799729,0.7537284894837476,0.7492178082466125,0.9036328871892926
mot_patch_base_1d-p3-bs.512-ep.200,mot_patch_base_1d,0.7,42,26,0.34999999999999987,0.3814143116831164,0.9021323388793269,0.9011145234107971,0.9724134633773188,1.2331307785005003,0.7552581261950286,0.7537295818328857,0.9021032504780114
mot_patch_base_1d-p3-bs.512-ep.200,mot_patch_base_1d,0.7,42,27,0.3280233181647402,0.36508842389108026,0.9091126410403518,0.9081773161888123,0.9748995983935743,1.211032750729621,0.7537284894837476,0.7522768378257751,0.9063097514340345
mot_patch_base_1d-p3-bs.512-ep.200,mot_patch_base_1d,0.7,42,28,0.3061333682524934,0.3668651337330873,0.9047619047619048,0.902873694896698,0.9752820807037674,1.232670928780025,0.7602294455066921,0.7573930621147156,0.9024856596558317
mot_patch_base_1d-p3-bs.512-ep.200,mot_patch_base_1d,0.7,42,29,0.28441653989499627,0.3625325769966842,0.9077261426659017,0.9073508977890015,0.9756645630139607,1.21481972251294,0.7590822179732314,0.756412148475647,0.9074569789674952
mot_patch_base_1d-p3-bs.512-ep.200,mot_patch_base_1d,0.7,42,30,0.2629585394923007,0.3483599254519152,0.9107860011474469,0.9095947742462158,0.9773857334098298,1.218732868143523,0.7552581261950286,0.7518010139465332,0.9055449330783939
mot_patch_base_1d-p3-bs.512-ep.200,mot_patch_base_1d,0.7,42,31,0.2418440519687684,0.341024294481334,0.9153757888697648,0.9143301248550415,0.9774813539873781,1.219293088894729,0.761376673040153,0.7584895491600037,0.902868068833652
mot_patch_base_1d-p3-bs.512-ep.200,mot_patch_base_1d,0.7,42,32,0.2211564065603627,0.3368971558459791,0.9150889271371199,0.9137551188468933,0.9782941288965386,1.2183603465443131,0.761376673040153,0.7594667077064514,0.9017208413001913
mot_patch_base_1d-p3-bs.512-ep.200,mot_patch_base_1d,0.7,42,33,0.20097724795222446,0.32436463558826606,0.9198221457257602,0.918587327003479,0.9786766112067317,1.201905952584903,0.7602294455066921,0.7576853036880493,0.9051625239005736
mot_patch_base_1d-p3-bs.512-ep.200,mot_patch_base_1d,0.7,42,34,0.1813862140643995,0.3234149979733445,0.9222126601644673,0.9218290448188782,0.978437559762861,1.2212327158473875,0.7594646271510517,0.7592762112617493,0.9017208413001913
mot_patch_base_1d-p3-bs.512-ep.200,mot_patch_base_1d,0.7,42,35,0.16246062175735101,0.322928590285753,0.9229298144960796,0.9219584465026855,0.9786766112067317,1.2109584742704724,0.7548757170172085,0.75127774477005,0.9036328871892926
mot_patch_base_1d-p3-bs.512-ep.200,mot_patch_base_1d,0.7,42,36,0.14427516169763435,0.3184315790339441,0.9235513482501434,0.922751247882843,0.9795850066934404,1.2030424843782677,0.7571701720841301,0.7559773325920105,0.902868068833652
mot_patch_base_1d-p3-bs.512-ep.200,mot_patch_base_1d,0.7,42,37,0.12690160358795852,0.3106731334364558,0.9278064639510423,0.9276721477508545,0.9795371964046663,1.2025826040235121,0.7621414913957935,0.7602331042289734,0.9017208413001913
mot_patch_base_1d-p3-bs.512-ep.200,mot_patch_base_1d,0.7,42,38,0.11040851292495889,0.305962676002501,0.9291451520367183,0.9279448986053467,0.9789156626506024,1.2034619770815906,0.7586998087954111,0.756949245929718,0.904397705544933
mot_patch_base_1d-p3-bs.512-ep.200,mot_patch_base_1d,0.7,42,39,0.09486098040250598,0.30319624207949497,0.9321572002294893,0.9315877556800842,0.9801587301587301,1.1948331114438935,0.762906309751434,0.7600553035736084,0.9059273422562142
mot_patch_base_1d-p3-bs.512-ep.200,mot_patch_base_1d,0.7,42,40,0.08032036502847376,0.3005333247251323,0.9325874928284567,0.9318696856498718,0.9802543507362784,1.1964202895447127,0.7617590822179733,0.7583634853363037,0.902868068833652
mot_patch_base_1d-p3-bs.512-ep.200,mot_patch_base_1d,0.7,42,41,0.06684405196876839,0.29973662891267566,0.9331134060049723,0.9323649406433105,0.9806846433352457,1.1948376788691855,0.762906309751434,0.7600939869880676,0.9036328871892926
mot_patch_base_1d-p3-bs.512-ep.200,mot_patch_base_1d,0.7,42,42,0.05448522607429477,0.2985598655703602,0.9331134060049723,0.9323576092720032,0.9805890227576974,1.1974153682788973,0.7625239005736137,0.7597451210021973,0.9055449330783939
mot_patch_base_1d-p3-bs.512-ep.200,mot_patch_base_1d,0.7,42,43,0.04329266198464772,0.2975651455053204,0.933687129470262,0.9331705570220947,0.9802065404475043,1.1984563750928947,0.7617590822179733,0.7590907216072083,0.904397705544933
mot_patch_base_1d-p3-bs.512-ep.200,mot_patch_base_1d,0.7,42,44,0.03331053163689321,0.29633760826153155,0.9339261809141327,0.9334970712661743,0.9809236947791165,1.1943579475008963,0.761376673040153,0.7596024870872498,0.904397705544933
mot_patch_base_1d-p3-bs.512-ep.200,mot_patch_base_1d,0.7,42,45,0.024578229939112014,0.29567898311494617,0.9343086632243259,0.9337968230247498,0.980780263912794,1.194757246378503,0.7617590822179733,0.7587510943412781,0.904397705544933
mot_patch_base_1d-p3-bs.512-ep.200,mot_patch_base_1d,0.7,42,46,0.017130219296696253,0.29563470273429154,0.9341174220692293,0.9337480068206787,0.9811627462229872,1.1956948770847649,0.762906309751434,0.761125922203064,0.9055449330783939
mot_patch_base_1d-p3-bs.512-ep.200,mot_patch_base_1d,0.7,42,47,0.010995893604979155,0.29506779802212596,0.9345955249569707,0.9339939951896667,0.9809715050678907,1.1948950568758963,0.7625239005736137,0.7600252032279968,0.9055449330783939
mot_patch_base_1d-p3-bs.512-ep.200,mot_patch_base_1d,0.7,42,48,0.006199462244958943,0.29496543460786856,0.9349780072671638,0.9343204498291016,0.9810193153566648,1.194649247412016,0.7621414913957935,0.7598862648010254,0.9059273422562142
mot_patch_base_1d-p3-bs.512-ep.200,mot_patch_base_1d,0.7,42,49,0.0027598545399327803,0.29491434317971993,0.934691145534519,0.9340923428535461,0.9810193153566648,1.19472352532994,0.7621414913957935,0.7598862648010254,0.9059273422562142
mot_patch_base_1d-p3-bs.512-ep.200,mot_patch_base_1d,0.7,42,50,0.0006906450501049539,0.29490430652810273,0.9347389558232931,0.9341398477554321,0.9810671256454389,1.1946813258796531,0.7621414913957935,0.7598862648010254,0.9059273422562142
mot_patch_base_1d-p3-bs.512-ep.200,mot_patch_base_1d,1.0,42,1,1.0,1.615631394961706,0.6772327404857525,0.6725038290023804,0.8602027156244024,2.044814958444745,0.6321223709369025,0.6365520358085632,0.8233269598470363
mot_patch_base_1d-p3-bs.512-ep.200,mot_patch_base_1d,1.0,42,2,0.9990133642141358,1.3198388439447661,0.7179192962325492,0.7119504809379578,0.8908491107286288,1.7711443695010007,0.6803059273422563,0.6715312004089355,0.8592734225621415
mot_patch_base_1d-p3-bs.512-ep.200,mot_patch_base_1d,1.0,42,3,0.996057350657239,1.1511852204583073,0.7471313826735514,0.7442371845245361,0.9063874545802256,1.7062190126962462,0.6933078393881453,0.6875060200691223,0.8680688336520076
mot_patch_base_1d-p3-bs.512-ep.200,mot_patch_base_1d,1.0,42,4,0.9911436253643444,1.094570761042449,0.7580321285140562,0.7557533383369446,0.9154235991585389,1.7542389514113474,0.6822179732313576,0.6855452656745911,0.8673040152963671
mot_patch_base_1d-p3-bs.512-ep.200,mot_patch_base_1d,1.0,42,5,0.9842915805643155,1.122661110182569,0.7678810480015299,0.7618468403816223,0.9144195830942818,1.8146622200085145,0.6948374760994264,0.6880332827568054,0.8688336520076482
mot_patch_base_1d-p3-bs.512-ep.200,mot_patch_base_1d,1.0,42,6,0.9755282581475768,0.9857228810391888,0.7931248804742781,0.7901196479797363,0.9218779881430483,1.710266743472156,0.7112810707456979,0.7109361290931702,0.8718929254302104
mot_patch_base_1d-p3-bs.512-ep.200,mot_patch_base_1d,1.0,42,7,0.9648882429441257,0.9804155280791134,0.7837062535857716,0.7818151116371155,0.9271849301969783,1.7399315857750508,0.7036328871892925,0.7021124362945557,0.8783938814531549
mot_patch_base_1d-p3-bs.512-ep.200,mot_patch_base_1d,1.0,42,8,0.9524135262330098,0.8294427108983506,0.8139223560910308,0.8108994960784912,0.9388506406578696,1.6919882167137832,0.7204588910133843,0.7168577313423157,0.8722753346080306
mot_patch_base_1d-p3-bs.512-ep.200,mot_patch_base_1d,1.0,42,9,0.9381533400219317,0.9190961276397442,0.8011570089883343,0.7993847727775574,0.9345477146681966,1.8018801366393926,0.7093690248565966,0.708478569984436,0.8718929254302104
mot_patch_base_1d-p3-bs.512-ep.200,mot_patch_base_1d,1.0,42,10,0.9221639627510075,0.869499281045925,0.8088544654809715,0.8059403300285339,0.9394721744119334,1.7406664729802148,0.7059273422562141,0.7011713981628418,0.8833652007648184
mot_patch_base_1d-p3-bs.512-ep.200,mot_patch_base_1d,1.0,42,11,0.9045084971874737,0.6933388772943686,0.8340504876649455,0.8325649499893188,0.9507075922738574,1.5700556271846617,0.7307839388145315,0.7309278249740601,0.8875717017208413
mot_patch_base_1d-p3-bs.512-ep.200,mot_patch_base_1d,1.0,42,12,0.8852566213878946,0.7280391865283633,0.8248709122203098,0.8235418796539307,0.9488908013004399,1.6961680366705754,0.7116634799235182,0.7095488905906677,0.8826003824091778
mot_patch_base_1d-p3-bs.512-ep.200,mot_patch_base_1d,1.0,42,13,0.8644843137107058,0.7370752380919698,0.8253968253968254,0.8233358263969421,0.948603939567795,1.6934704330181756,0.722753346080306,0.7237764000892639,0.8845124282982791
mot_patch_base_1d-p3-bs.512-ep.200,mot_patch_base_1d,1.0,42,14,0.8422735529643444,0.6950194778668536,0.8357716580608147,0.8342312574386597,0.9480780263912794,1.6340025557158782,0.7300191204588911,0.7297877669334412,0.8829827915869981
mot_patch_base_1d-p3-bs.512-ep.200,mot_patch_base_1d,1.0,42,15,0.8187119948743449,0.6547089777523529,0.8414610824249379,0.837985634803772,0.9538630713329509,1.6408497622546456,0.7277246653919694,0.7243139743804932,0.8864244741873805
mot_patch_base_1d-p3-bs.512-ep.200,mot_patch_base_1d,1.0,42,16,0.7938926261462367,0.656679126997025,0.8510709504685409,0.8513256907463074,0.9544367947982406,1.7306332794247805,0.7288718929254302,0.7294256687164307,0.8852772466539197
mot_patch_base_1d-p3-bs.512-ep.200,mot_patch_base_1d,1.0,42,17,0.7679133974894983,0.6081095606310916,0.8590552686938229,0.8553022742271423,0.9597437368521706,1.5987147110598037,0.7437858508604207,0.7397283911705017,0.8917782026768643
mot_patch_base_1d-p3-bs.512-ep.200,mot_patch_base_1d,1.0,42,18,0.7408768370508576,0.5255808141770019,0.8681392235609103,0.8667175769805908,0.9614170969592656,1.50894373498045,0.7407265774378585,0.7350417971611023,0.8982791586998088
mot_patch_base_1d-p3-bs.512-ep.200,mot_patch_base_1d,1.0,42,19,0.7128896457825363,0.5284644253373852,0.8655096576783323,0.8646679520606995,0.9638076113979729,1.580499267578125,0.7292543021032505,0.7273294925689697,0.892925430210325
mot_patch_base_1d-p3-bs.512-ep.200,mot_patch_base_1d,1.0,42,20,0.6840622763423391,0.48242763416059026,0.8743067508127749,0.8717324137687683,0.9682539682539683,1.4969357638240544,0.7479923518164436,0.7433752417564392,0.8998087954110898
mot_patch_base_1d-p3-bs.512-ep.200,mot_patch_base_1d,1.0,42,21,0.6545084971874737,0.43210004342174546,0.8880761139797284,0.8872358202934265,0.970166379804934,1.5103269412914153,0.7453154875717017,0.7417842745780945,0.8978967495219885
mot_patch_base_1d-p3-bs.512-ep.200,mot_patch_base_1d,1.0,42,22,0.6243449435824273,0.45372281427432665,0.8827691719257984,0.8830847144126892,0.9690667431631287,1.5037000258611675,0.7483747609942638,0.7466706037521362,0.897131931166348
mot_patch_base_1d-p3-bs.512-ep.200,mot_patch_base_1d,1.0,42,23,0.5936906572928624,0.44277639210303943,0.8851596863645056,0.8835246562957764,0.9705966724039014,1.5516026192367876,0.7380497131931166,0.7363132238388062,0.9001912045889101
mot_patch_base_1d-p3-bs.512-ep.200,mot_patch_base_1d,1.0,42,24,0.5626666167821522,0.42562379689306895,0.8893191814878562,0.8872846961021423,0.9715528781793842,1.503785228546901,0.7418738049713193,0.7384412884712219,0.8994263862332696
mot_patch_base_1d-p3-bs.512-ep.200,mot_patch_base_1d,1.0,42,25,0.5313952597646567,0.38351497889066616,0.9002677376171352,0.8991481065750122,0.9750430292598967,1.489249208643605,0.749904397705545,0.7452763319015503,0.8990439770554494
mot_patch_base_1d-p3-bs.512-ep.200,mot_patch_base_1d,1.0,42,26,0.5,0.38373469130034016,0.9002677376171352,0.8996050953865051,0.9735131000191242,1.472630222532079,0.7476099426386233,0.7464922070503235,0.9001912045889101
mot_patch_base_1d-p3-bs.512-ep.200,mot_patch_base_1d,1.0,42,27,0.4686047402353433,0.3628655123788145,0.9060527825588066,0.9055044651031494,0.9754255115700898,1.4502676954688807,0.7476099426386233,0.7472988963127136,0.9040152963671129
mot_patch_base_1d-p3-bs.512-ep.200,mot_patch_base_1d,1.0,42,28,0.4373333832178479,0.3560991018218323,0.9034710269650029,0.9015821814537048,0.9764773379231211,1.4658955181989797,0.7495219885277247,0.7481025457382202,0.9017208413001913
mot_patch_base_1d-p3-bs.512-ep.200,mot_patch_base_1d,1.0,42,29,0.4063093427071377,0.3561823288280482,0.9080130043985466,0.9077914953231812,0.9774335436986039,1.444683455691511,0.7479923518164436,0.7457007765769958,0.9059273422562142
mot_patch_base_1d-p3-bs.512-ep.200,mot_patch_base_1d,1.0,42,30,0.3756550564175726,0.33132517048268,0.9120290686555746,0.9111869931221008,0.9789156626506024,1.4419135245036896,0.7422562141491396,0.7401508092880249,0.9032504780114723
mot_patch_base_1d-p3-bs.512-ep.200,mot_patch_base_1d,1.0,42,31,0.34549150281252644,0.3204726787114102,0.9195352839931153,0.9190632104873657,0.9793459552495697,1.4452608214281712,0.7521988527724666,0.7493060231208801,0.8994263862332696
mot_patch_base_1d-p3-bs.512-ep.200,mot_patch_base_1d,1.0,42,32,0.31593772365766115,0.31000566920260214,0.9196309045706637,0.9181493520736694,0.9807324536240198,1.4377266469922623,0.7476099426386233,0.745744526386261,0.8998087954110898
mot_patch_base_1d-p3-bs.512-ep.200,mot_patch_base_1d,1.0,42,33,0.28711035421746367,0.2899473945459368,0.9270893096194301,0.9259095788002014,0.9808758844903424,1.4098700528846873,0.7502868068833652,0.7478025555610657,0.9024856596558317
mot_patch_base_1d-p3-bs.512-ep.200,mot_patch_base_1d,1.0,42,34,0.2591231629491423,0.2929208819417977,0.928714859437751,0.928741455078125,0.9809715050678907,1.4409321801384367,0.7525812619502869,0.7518261075019836,0.8990439770554494
mot_patch_base_1d-p3-bs.512-ep.200,mot_patch_base_1d,1.0,42,35,0.23208660251050156,0.29304063299641964,0.9278064639510423,0.9269055128097534,0.9817842799770511,1.4290634476203992,0.7464627151051625,0.7424911260604858,0.902868068833652
mot_patch_base_1d-p3-bs.512-ep.200,mot_patch_base_1d,1.0,42,36,0.2061073738537635,0.2855020093744584,0.9294798240581373,0.9293638467788696,0.9813539873780838,1.4129764418301118,0.752963671128107,0.7516217231750488,0.8986615678776291
mot_patch_base_1d-p3-bs.512-ep.200,mot_patch_base_1d,1.0,42,37,0.18128800512565513,0.27410059856123714,0.9345955249569707,0.9351057410240173,0.9824058137311149,1.4102298539637608,0.752963671128107,0.7505706548690796,0.9021032504780114
mot_patch_base_1d-p3-bs.512-ep.200,mot_patch_base_1d,1.0,42,38,0.15772644703565564,0.26830137681040034,0.9361732644865175,0.9355694651603699,0.9825492445974374,1.4124473994822164,0.7502868068833652,0.7483090162277222,0.901338432122371
mot_patch_base_1d-p3-bs.512-ep.200,mot_patch_base_1d,1.0,42,39,0.13551568628929433,0.2650581613556334,0.9385637789252247,0.9380465149879456,0.9835532606616944,1.4031421639495325,0.7548757170172085,0.7526555061340332,0.9024856596558317
mot_patch_base_1d-p3-bs.512-ep.200,mot_patch_base_1d,1.0,42,40,0.11474337861210543,0.2602663185154646,0.9410021036527061,0.940674364566803,0.9834576400841462,1.4035429814121692,0.7560229445506692,0.7533538341522217,0.901338432122371
mot_patch_base_1d-p3-bs.512-ep.200,mot_patch_base_1d,1.0,42,41,0.09549150281252633,0.2595254738396043,0.9417670682730924,0.9414787888526917,0.9834576400841462,1.4004983424228645,0.7541108986615679,0.7514156103134155,0.9005736137667304
mot_patch_base_1d-p3-bs.512-ep.200,mot_patch_base_1d,1.0,42,42,0.07783603724899257,0.2579067870931795,0.9417192579843182,0.941368818283081,0.9840313635494359,1.4035564750831853,0.7541108986615679,0.7509934306144714,0.901338432122371
mot_patch_base_1d-p3-bs.512-ep.200,mot_patch_base_1d,1.0,42,43,0.06184665997806821,0.25645380960319664,0.9416714476955441,0.9414018392562866,0.983744501816791,1.4041438348890491,0.751434034416826,0.7489842176437378,0.902868068833652
mot_patch_base_1d-p3-bs.512-ep.200,mot_patch_base_1d,1.0,42,44,0.04758647376699032,0.25483907151345336,0.9431057563587684,0.9430509209632874,0.984413845859629,1.399683480782445,0.7541108986615679,0.751230001449585,0.9021032504780114
mot_patch_base_1d-p3-bs.512-ep.200,mot_patch_base_1d,1.0,42,45,0.035111757055874326,0.2538154508671311,0.9432491872250909,0.9429979920387268,0.9839357429718876,1.399098459393299,0.7525812619502869,0.7501074075698853,0.9009560229445507
mot_patch_base_1d-p3-bs.512-ep.200,mot_patch_base_1d,1.0,42,46,0.024471741852423234,0.2537515463439655,0.943966341556703,0.9436855316162109,0.9842704149933066,1.4008761462472366,0.752963671128107,0.7511823773384094,0.9021032504780114
mot_patch_base_1d-p3-bs.512-ep.200,mot_patch_base_1d,1.0,42,47,0.015708419435684517,0.2529240473891153,0.9441575827117996,0.9439442157745361,0.98407917383821,1.3997501541050168,0.7533460803059273,0.7507771849632263,0.9017208413001913
mot_patch_base_1d-p3-bs.512-ep.200,mot_patch_base_1d,1.0,42,48,0.00885637463565564,0.25277961036811986,0.944301013578122,0.9441795945167542,0.9839357429718876,1.3991381570440404,0.7521988527724666,0.7494198679924011,0.9021032504780114
mot_patch_base_1d-p3-bs.512-ep.200,mot_patch_base_1d,1.0,42,49,0.0039426493427611176,0.252699932511301,0.9446834958883151,0.9444568753242493,0.9841269841269841,1.399258253633634,0.7525812619502869,0.7496579885482788,0.9021032504780114
mot_patch_base_1d-p3-bs.512-ep.200,mot_patch_base_1d,1.0,42,50,0.0009866357858642205,0.25268639089227246,0.944635685599541,0.9444031715393066,0.9841269841269841,1.3992159783270346,0.7525812619502869,0.7496579885482788,0.9021032504780114
mot_patch_base_1d-p3-bs.512-ep.300,mot_patch_base_1d,0.1,42,1,0.1,2.8331717387009907,0.38611589213998854,0.36650681495666504,0.6278925224708357,2.942631912960833,0.3663479923518164,0.3544175624847412,0.6007648183556406
mot_patch_base_1d-p3-bs.512-ep.300,mot_patch_base_1d,0.1,42,2,0.09990133642141358,2.346529432637077,0.4890992541594951,0.4734254777431488,0.7238955823293173,2.4808022610316085,0.44894837476099425,0.43546923995018005,0.6967495219885277
mot_patch_base_1d-p3-bs.512-ep.300,mot_patch_base_1d,0.1,42,3,0.0996057350657239,2.096688174088887,0.5441767068273092,0.5350862145423889,0.7650602409638554,2.2578158697708157,0.4982791586998088,0.4941681921482086,0.7311663479923518
mot_patch_base_1d-p3-bs.512-ep.300,mot_patch_base_1d,0.1,42,4,0.09911436253643444,1.9341308796558536,0.5700420730541212,0.5560239553451538,0.7875788869764774,2.143770717526029,0.512810707456979,0.5060314536094666,0.7510516252390057
mot_patch_base_1d-p3-bs.512-ep.300,mot_patch_base_1d,0.1,42,5,0.09842915805643154,1.7989533891821938,0.600784088735896,0.5917014479637146,0.8111971696309046,2.0061801392535177,0.5453154875717017,0.5377004146575928,0.7759082217973231
mot_patch_base_1d-p3-bs.512-ep.300,mot_patch_base_1d,0.1,42,6,0.09755282581475767,1.7054299372609019,0.6208644100210365,0.6111876964569092,0.8223369669152801,1.9344357463187516,0.5564053537284895,0.5514907240867615,0.7835564053537285
mot_patch_base_1d-p3-bs.512-ep.300,mot_patch_base_1d,0.1,42,7,0.09648882429441256,1.6631449106478695,0.6242111302352267,0.6141210794448853,0.8240103270223752,1.881627274288958,0.5663479923518164,0.5516636371612549,0.7850860420650095
mot_patch_base_1d-p3-bs.512-ep.300,mot_patch_base_1d,0.1,42,8,0.09524135262330098,1.5906618365960588,0.6448173646968828,0.6365454792976379,0.8362975712373303,1.8430826044903204,0.5762906309751434,0.5710563063621521,0.7915869980879541
mot_patch_base_1d-p3-bs.512-ep.300,mot_patch_base_1d,0.1,42,9,0.09381533400219318,1.5644586785251358,0.6446261235417862,0.6375563144683838,0.8400267737617135,1.833657714376942,0.5739961759082218,0.5692903399467468,0.7931166347992352
mot_patch_base_1d-p3-bs.512-ep.300,mot_patch_base_1d,0.1,42,10,0.09221639627510075,1.4994919179251418,0.6630808950086059,0.6534440517425537,0.8493019697838975,1.7699934833592257,0.6003824091778203,0.5941984057426453,0.8007648183556405
mot_patch_base_1d-p3-bs.512-ep.300,mot_patch_base_1d,0.1,42,11,0.09045084971874737,1.470455920361132,0.6658060814687321,0.6587318181991577,0.8548479632816982,1.7471838052140596,0.5931166347992352,0.5859041213989258,0.8095602294455067
mot_patch_base_1d-p3-bs.512-ep.300,mot_patch_base_1d,0.1,42,12,0.08852566213878946,1.44975435895659,0.6712086441002104,0.6677067279815674,0.8556129279020845,1.7409170059583383,0.5980879541108987,0.5950449705123901,0.8107074569789675
mot_patch_base_1d-p3-bs.512-ep.300,mot_patch_base_1d,0.1,42,13,0.08644843137107057,1.4209891268390387,0.6754159495123351,0.6676022410392761,0.8597246127366609,1.7285077738716315,0.6,0.5944965481758118,0.8076481835564053
mot_patch_base_1d-p3-bs.512-ep.300,mot_patch_base_1d,0.1,42,14,0.08422735529643442,1.3862276287009552,0.6847867661120673,0.6777836084365845,0.862401988908013,1.7067535458741634,0.5996175908221797,0.5939808487892151,0.8145315487571702
mot_patch_base_1d-p3-bs.512-ep.300,mot_patch_base_1d,0.1,42,15,0.08187119948743447,1.35623321744766,0.6910021036527061,0.6850221753120422,0.8668005354752343,1.6694576343660372,0.6152963671128107,0.6096888780593872,0.8183556405353728
mot_patch_base_1d-p3-bs.512-ep.300,mot_patch_base_1d,0.1,42,16,0.07938926261462366,1.3372528176846616,0.6973608720596672,0.6918714642524719,0.8703863071332951,1.672760301520674,0.6152963671128107,0.6131982803344727,0.8175908221797323
mot_patch_base_1d-p3-bs.512-ep.300,mot_patch_base_1d,0.1,42,17,0.07679133974894982,1.3201748287502222,0.7008032128514057,0.6926684379577637,0.8705775482883916,1.6566152714862423,0.611472275334608,0.6073356866836548,0.8198852772466539
mot_patch_base_1d-p3-bs.512-ep.300,mot_patch_base_1d,0.1,42,18,0.07408768370508576,1.3015096820912275,0.7050105182635303,0.696892261505127,0.8706253585771658,1.6411017160798578,0.6110898661567877,0.6016662120819092,0.8225621414913958
mot_patch_base_1d-p3-bs.512-ep.300,mot_patch_base_1d,0.1,42,19,0.07128896457825362,1.2880042840837633,0.709552495697074,0.7025096416473389,0.8776056607381909,1.6386362312856642,0.6217973231357553,0.6177799701690674,0.8225621414913958
mot_patch_base_1d-p3-bs.512-ep.300,mot_patch_base_1d,0.1,42,20,0.06840622763423389,1.2760579442403404,0.7112258558041691,0.7049816846847534,0.8774622298718684,1.6189331696548608,0.6244741873804971,0.6168853640556335,0.8260038240917782
mot_patch_base_1d-p3-bs.512-ep.300,mot_patch_base_1d,0.1,42,21,0.06545084971874736,1.2558338437396817,0.7171543316121629,0.711336076259613,0.8799005545993498,1.6099741715090226,0.6267686424474187,0.619850218296051,0.831357552581262
mot_patch_base_1d-p3-bs.512-ep.300,mot_patch_base_1d,0.1,42,22,0.06243449435824272,1.254175581560921,0.7156244023713904,0.7102985978126526,0.8794702620003825,1.6159696093936724,0.6195028680688337,0.6159895062446594,0.8210325047801147
mot_patch_base_1d-p3-bs.512-ep.300,mot_patch_base_1d,0.1,42,23,0.05936906572928623,1.2329349156706346,0.7219831707783515,0.7161964178085327,0.8821954484605087,1.5956235575630378,0.6294455066921606,0.6223888993263245,0.8298279158699808
mot_patch_base_1d-p3-bs.512-ep.300,mot_patch_base_1d,0.1,42,24,0.056266661678215216,1.224123804672746,0.7240390131956397,0.7172045111656189,0.8831038439472174,1.6040923547106536,0.6229445506692161,0.6182594299316406,0.8294455066921607
mot_patch_base_1d-p3-bs.512-ep.300,mot_patch_base_1d,0.1,42,25,0.053139525976465665,1.2162861438298185,0.7246127366609294,0.7187829613685608,0.8841556703002487,1.5833008833642672,0.6290630975143403,0.6196947693824768,0.8260038240917782
mot_patch_base_1d-p3-bs.512-ep.300,mot_patch_base_1d,0.1,42,26,0.049999999999999996,1.2181215722147332,0.7200707592273857,0.7139750719070435,0.8817651558615414,1.5957164319477848,0.62868068833652,0.6238272190093994,0.8275334608030592
mot_patch_base_1d-p3-bs.512-ep.300,mot_patch_base_1d,0.1,42,27,0.046860474023534326,1.201036051277632,0.7281506980302161,0.721729040145874,0.883629757123733,1.5864480552892155,0.6290630975143403,0.6229164004325867,0.8294455066921607
mot_patch_base_1d-p3-bs.512-ep.300,mot_patch_base_1d,0.1,42,28,0.04373333832178478,1.1924340822063364,0.730110919869956,0.7236541509628296,0.886928667049149,1.5772411251615155,0.6305927342256215,0.6247968077659607,0.8332695984703633
mot_patch_base_1d-p3-bs.512-ep.300,mot_patch_base_1d,0.1,42,29,0.040630934270713764,1.1920877855351606,0.7312583668005355,0.726000189781189,0.8877892522470836,1.5788492118879212,0.6309751434034416,0.6272140741348267,0.8321223709369024
mot_patch_base_1d-p3-bs.512-ep.300,mot_patch_base_1d,0.1,42,30,0.03756550564175726,1.182093468376272,0.7310671256454389,0.7246485948562622,0.8885542168674698,1.575656308817818,0.6340344168260038,0.6293749213218689,0.834416826003824
mot_patch_base_1d-p3-bs.512-ep.300,mot_patch_base_1d,0.1,42,31,0.03454915028125265,1.1764221293540045,0.7338879326831134,0.7287341952323914,0.8881239242685026,1.5743996191662994,0.6298279158699809,0.6259016990661621,0.8340344168260039
mot_patch_base_1d-p3-bs.512-ep.300,mot_patch_base_1d,0.1,42,32,0.03159377236576612,1.1734691637381698,0.7358003442340791,0.7297734618186951,0.8892713711990821,1.5733388488652829,0.6267686424474187,0.6240598559379578,0.832887189292543
mot_patch_base_1d-p3-bs.512-ep.300,mot_patch_base_1d,0.1,42,33,0.028711035421746366,1.166202370809036,0.7381430483840122,0.7330058217048645,0.8900363358194684,1.5580449179071314,0.6344168260038241,0.6287955641746521,0.8340344168260039
mot_patch_base_1d-p3-bs.512-ep.300,mot_patch_base_1d,0.1,42,34,0.025912316294914226,1.1645551117229334,0.7376171352074966,0.7322660684585571,0.8918531267928859,1.5668220768011323,0.6313575525812619,0.6284852027893066,0.8336520076481836
mot_patch_base_1d-p3-bs.512-ep.300,mot_patch_base_1d,0.1,42,35,0.023208660251050155,1.1559915022814473,0.7405813731114936,0.7349206805229187,0.892235609103079,1.5554289341884635,0.6347992351816444,0.6296146512031555,0.8367112810707457
mot_patch_base_1d-p3-bs.512-ep.300,mot_patch_base_1d,0.1,42,36,0.020610737385376346,1.154001974972878,0.7399598393574297,0.7342635989189148,0.8918531267928859,1.5524171220184968,0.6393881453154876,0.6342794895172119,0.837093690248566
mot_patch_base_1d-p3-bs.512-ep.300,mot_patch_base_1d,0.1,42,37,0.01812880051256551,1.150325537320646,0.7414897685982024,0.736122727394104,0.8920921782367566,1.5512888104236378,0.6328871892925431,0.6281722187995911,0.8393881453154876
mot_patch_base_1d-p3-bs.512-ep.300,mot_patch_base_1d,0.1,42,38,0.015772644703565562,1.1473146957657172,0.7420156817747179,0.7372565269470215,0.893908969210174,1.5530550881963843,0.6355640535372848,0.631509006023407,0.8390057361376673
mot_patch_base_1d-p3-bs.512-ep.300,mot_patch_base_1d,0.1,42,39,0.013551568628929433,1.1438577243077592,0.7442149550583286,0.7392608523368835,0.8937177280550774,1.5408725906284544,0.6416826003824092,0.635028064250946,0.8382409177820268
mot_patch_base_1d-p3-bs.512-ep.300,mot_patch_base_1d,0.1,42,40,0.011474337861210542,1.1422884823100063,0.7447408682348441,0.7389945387840271,0.8944348823866897,1.5453135736585804,0.6416826003824092,0.6367067694664001,0.8401529636711281
mot_patch_base_1d-p3-bs.512-ep.300,mot_patch_base_1d,0.1,42,41,0.009549150281252632,1.1410499057707766,0.7455058328552304,0.740074634552002,0.8938611589213998,1.5423398048882275,0.6416826003824092,0.6353941559791565,0.8397705544933078
mot_patch_base_1d-p3-bs.512-ep.300,mot_patch_base_1d,0.1,42,42,0.007783603724899257,1.1385401960859154,0.7465576592082617,0.7413113117218018,0.8949607955632052,1.540556592193662,0.6393881453154876,0.6344001889228821,0.8393881453154876
mot_patch_base_1d-p3-bs.512-ep.300,mot_patch_base_1d,0.1,42,43,0.0061846659978068205,1.137609839279808,0.7465098489194875,0.7411375641822815,0.8948173646968828,1.5413070649535432,0.64282982791587,0.6381189823150635,0.8382409177820268
mot_patch_base_1d-p3-bs.512-ep.300,mot_patch_base_1d,0.1,42,44,0.004758647376699033,1.1362900754921659,0.7465576592082617,0.7410606145858765,0.8949607955632052,1.5391151063528845,0.6420650095602295,0.6379179954528809,0.8413001912045889
mot_patch_base_1d-p3-bs.512-ep.300,mot_patch_base_1d,0.1,42,45,0.0035111757055874327,1.1355599220817187,0.7470357620960031,0.7415844202041626,0.8944826926754638,1.5405992059361182,0.6401529636711281,0.6355123519897461,0.8401529636711281
mot_patch_base_1d-p3-bs.512-ep.300,mot_patch_base_1d,0.1,42,46,0.0024471741852423235,1.135132058443269,0.7472270032510996,0.741807758808136,0.8950564161407535,1.539233725203155,0.6424474187380497,0.6377413272857666,0.8393881453154876
mot_patch_base_1d-p3-bs.512-ep.300,mot_patch_base_1d,0.1,42,47,0.0015708419435684518,1.134842485787878,0.7474660546949704,0.7420375943183899,0.8949607955632052,1.5392171155882155,0.6416826003824092,0.6367881298065186,0.8397705544933078
mot_patch_base_1d-p3-bs.512-ep.300,mot_patch_base_1d,0.1,42,48,0.000885637463565564,1.134731820172711,0.7474660546949704,0.7420883178710938,0.8951042264295276,1.5390283077670328,0.64282982791587,0.6381598114967346,0.8405353728489484
mot_patch_base_1d-p3-bs.512-ep.300,mot_patch_base_1d,0.1,42,49,0.00039426493427611173,1.1346773153783989,0.7471313826735514,0.7417539358139038,0.8950564161407535,1.5389898909209563,0.6416826003824092,0.6364909410476685,0.8405353728489484
mot_patch_base_1d-p3-bs.512-ep.300,mot_patch_base_1d,0.1,42,50,9.866357858642205e-05,1.1346639555484073,0.7471791929623255,0.7418071031570435,0.8951042264295276,1.5389560940160807,0.6416826003824092,0.6364909410476685,0.8405353728489484
mot_patch_base_1d-p3-bs.512-ep.300,mot_patch_base_1d,0.3,42,1,0.3,2.445435167065677,0.4296710652132339,0.41706839203834534,0.6716389366991776,2.6379290666452557,0.38317399617590825,0.37410134077072144,0.6390057361376673
mot_patch_base_1d-p3-bs.512-ep.300,mot_patch_base_1d,0.3,42,2,0.29970400926424073,1.9607502373210055,0.5371007840887358,0.5238434672355652,0.7691719257984319,2.2009530878887578,0.47992351816443596,0.4730894863605499,0.7300191204588911
mot_patch_base_1d-p3-bs.512-ep.300,mot_patch_base_1d,0.3,42,3,0.2988172051971717,1.787291741457786,0.5678906100592848,0.5605323910713196,0.7948938611589214,2.10026861303851,0.502868068833652,0.5027119517326355,0.7502868068833652
mot_patch_base_1d-p3-bs.512-ep.300,mot_patch_base_1d,0.3,42,4,0.29734308760930334,1.582224713294678,0.6171830177854274,0.6090242862701416,0.8286957353222414,1.8910526020349099,0.5487571701720841,0.5448106527328491,0.777055449330784
mot_patch_base_1d-p3-bs.512-ep.300,mot_patch_base_1d,0.3,42,5,0.2952874741692947,1.5412868409294498,0.6258844903423216,0.6148152351379395,0.8335723847772041,1.9034870446754004,0.555640535372849,0.552047610282898,0.7732313575525812
mot_patch_base_1d-p3-bs.512-ep.300,mot_patch_base_1d,0.3,42,6,0.2926584774442731,1.5158494966484708,0.6283706253585771,0.6222997903823853,0.8342895391088162,1.8962152017917961,0.5487571701720841,0.5476228594779968,0.7797323135755259
mot_patch_base_1d-p3-bs.512-ep.300,mot_patch_base_1d,0.3,42,7,0.28946647288323774,1.4356620490927157,0.6511283228150698,0.6428536176681519,0.8466245936125454,1.8256509930408251,0.5717017208413002,0.564564049243927,0.7934990439770554
mot_patch_base_1d-p3-bs.512-ep.300,mot_patch_base_1d,0.3,42,8,0.28572405786990296,1.348730109895614,0.6660929432013769,0.657593846321106,0.8613023522662077,1.7633063992852234,0.5938814531548757,0.5880287289619446,0.7996175908221798
mot_patch_base_1d-p3-bs.512-ep.300,mot_patch_base_1d,0.3,42,9,0.28144600200657954,1.3903897216703496,0.6663798049340218,0.6624512672424316,0.8544176706827309,1.8532121063874283,0.5766730401529637,0.576470136642456,0.7965583173996176
mot_patch_base_1d-p3-bs.512-ep.300,mot_patch_base_1d,0.3,42,10,0.27664918882530226,1.2791193186792231,0.6866991776630331,0.6795798540115356,0.8672786383629757,1.7291965696141551,0.5854684512428299,0.5803250670433044,0.8126195028680688
mot_patch_base_1d-p3-bs.512-ep.300,mot_patch_base_1d,0.3,42,11,0.27135254915624213,1.3214399783144857,0.6717345572767259,0.6677147150039673,0.8665614840313636,1.749946497959115,0.5866156787762906,0.5799754858016968,0.8133843212237094
mot_patch_base_1d-p3-bs.512-ep.300,mot_patch_base_1d,0.3,42,12,0.2655769864163684,1.2588886323725659,0.6904761904761905,0.6858542561531067,0.8721074775291643,1.7176838395244534,0.5969407265774379,0.5930100083351135,0.817208413001912
mot_patch_base_1d-p3-bs.512-ep.300,mot_patch_base_1d,0.3,42,13,0.2593452941132117,1.2427717906654987,0.6968349588831516,0.6925771832466125,0.8705775482883916,1.6995182423928956,0.609942638623327,0.5992950201034546,0.8183556405353728
mot_patch_base_1d-p3-bs.512-ep.300,mot_patch_base_1d,0.3,42,14,0.2526820658893033,1.1816203572777906,0.7055842417288201,0.698578417301178,0.881621724995219,1.690748743527706,0.6015296367112811,0.5939457416534424,0.821414913957935
mot_patch_base_1d-p3-bs.512-ep.300,mot_patch_base_1d,0.3,42,15,0.24561359846230346,1.186985954041006,0.7053451902849494,0.7056823968887329,0.8813826735513483,1.6866681946851099,0.611472275334608,0.6104555130004883,0.8160611854684512
mot_patch_base_1d-p3-bs.512-ep.300,mot_patch_base_1d,0.3,42,16,0.23816778784387102,1.1346279103433592,0.7237043411742207,0.7205895185470581,0.8848728246318608,1.6446142265947097,0.6221797323135755,0.6177382469177246,0.827151051625239
mot_patch_base_1d-p3-bs.512-ep.300,mot_patch_base_1d,0.3,42,17,0.2303740192468495,1.1215312160390538,0.7295371964046663,0.7223049998283386,0.8865461847389559,1.6492370036546404,0.6187380497131931,0.6113384366035461,0.821414913957935
mot_patch_base_1d-p3-bs.512-ep.300,mot_patch_base_1d,0.3,42,18,0.22226305111525732,1.1210441510931304,0.7228437559762861,0.7146208882331848,0.8881717345572767,1.684329404520943,0.6168260038240918,0.6108816266059875,0.8168260038240918
mot_patch_base_1d-p3-bs.512-ep.300,mot_patch_base_1d,0.3,42,19,0.21386689373476092,1.0718762078050856,0.735083189902467,0.7294642925262451,0.8966819659590743,1.636339176681256,0.6160611854684512,0.6104543805122375,0.827151051625239
mot_patch_base_1d-p3-bs.512-ep.300,mot_patch_base_1d,0.3,42,20,0.20521868290270173,1.0848976378915962,0.7343660355708549,0.7292671799659729,0.8946739338305604,1.6405264568146511,0.6149139579349905,0.6066064238548279,0.8279158699808795
mot_patch_base_1d-p3-bs.512-ep.300,mot_patch_base_1d,0.3,42,21,0.19635254915624212,1.0733220798377896,0.7352266207687894,0.7301257848739624,0.8942436412315931,1.6400456153184004,0.6175908221797323,0.6140896081924438,0.827151051625239
mot_patch_base_1d-p3-bs.512-ep.300,mot_patch_base_1d,0.3,42,22,0.18730348307472822,1.066864397767899,0.7384777204054312,0.7342088222503662,0.8959170013386881,1.6505718223907295,0.6237093690248566,0.6203150749206543,0.8275334608030592
mot_patch_base_1d-p3-bs.512-ep.300,mot_patch_base_1d,0.3,42,23,0.17810719718785872,1.0529290456620475,0.7418244406196214,0.7392165660858154,0.8975903614457831,1.6202784346804793,0.6202676864244742,0.6161145567893982,0.8305927342256214
mot_patch_base_1d-p3-bs.512-ep.300,mot_patch_base_1d,0.3,42,24,0.1687999850346457,1.0396594368355934,0.7442149550583286,0.7397301197052002,0.9007458405048766,1.647315197100375,0.6225621414913958,0.619468092918396,0.8282982791586998
mot_patch_base_1d-p3-bs.512-ep.300,mot_patch_base_1d,0.3,42,25,0.15941857792939704,1.0080818961240703,0.7554025626314783,0.7515480518341064,0.9031363549435839,1.5855594846532177,0.6290630975143403,0.6244483590126038,0.8336520076481836
mot_patch_base_1d-p3-bs.512-ep.300,mot_patch_base_1d,0.3,42,26,0.15000000000000002,1.0068634446844997,0.7557372346528973,0.7518081665039062,0.9042838018741634,1.6018977965725083,0.6294455066921606,0.6273616552352905,0.8325047801147227
mot_patch_base_1d-p3-bs.512-ep.300,mot_patch_base_1d,0.3,42,27,0.140581422070603,1.0012657423050415,0.7574584050487665,0.7520854473114014,0.9050965767833238,1.603519942974725,0.6252390057361377,0.6206998229026794,0.8336520076481836
mot_patch_base_1d-p3-bs.512-ep.300,mot_patch_base_1d,0.3,42,28,0.13120001496535438,0.9984332777888899,0.7535379613692866,0.748950719833374,0.9050965767833238,1.6085338381006886,0.6313575525812619,0.6269720196723938,0.837093690248566
mot_patch_base_1d-p3-bs.512-ep.300,mot_patch_base_1d,0.3,42,29,0.12189280281214132,0.9890419567354005,0.7571715433161216,0.7534579634666443,0.9073914706444827,1.5936637367846633,0.6340344168260038,0.6312070488929749,0.8340344168260039
mot_patch_base_1d-p3-bs.512-ep.300,mot_patch_base_1d,0.3,42,30,0.11269651692527179,0.9772562135312315,0.761283228150698,0.758040189743042,0.9079173838209983,1.5899596788687187,0.6263862332695985,0.6234777569770813,0.8374760994263862
mot_patch_base_1d-p3-bs.512-ep.300,mot_patch_base_1d,0.3,42,31,0.10364745084375795,0.9575535990718127,0.7678810480015299,0.7643914222717285,0.9088735895964811,1.5748175013817518,0.637093690248566,0.6315741539001465,0.8332695984703633
mot_patch_base_1d-p3-bs.512-ep.300,mot_patch_base_1d,0.3,42,32,0.09478131709729837,0.9579290735445736,0.7690284949321093,0.7635666728019714,0.9105947599923504,1.5841247689883522,0.6378585086042065,0.633795440196991,0.8317399617590823
mot_patch_base_1d-p3-bs.512-ep.300,mot_patch_base_1d,0.3,42,33,0.08613310626523911,0.9437830839815503,0.7732836106330082,0.7707573771476746,0.9113597246127366,1.5679076900445708,0.6363288718929254,0.6346539258956909,0.8340344168260039
mot_patch_base_1d-p3-bs.512-ep.300,mot_patch_base_1d,0.3,42,34,0.0777369488847427,0.9512529449769292,0.7706062344616561,0.7661841511726379,0.9112641040351884,1.5816024926150962,0.6351816443594647,0.631877601146698,0.8355640535372849
mot_patch_base_1d-p3-bs.512-ep.300,mot_patch_base_1d,0.3,42,35,0.06962598075315048,0.9288092058961992,0.780502964237904,0.7769935727119446,0.9148498756932492,1.5527415901023616,0.6451242829827916,0.6420827507972717,0.8393881453154876
mot_patch_base_1d-p3-bs.512-ep.300,mot_patch_base_1d,0.3,42,36,0.06183221215612905,0.9225375007137693,0.7814113597246127,0.7780289649963379,0.9131765155861541,1.540512201662957,0.6420650095602295,0.6386926174163818,0.8401529636711281
mot_patch_base_1d-p3-bs.512-ep.300,mot_patch_base_1d,0.3,42,37,0.05438640153769654,0.920386955464039,0.7824631860776439,0.7788717746734619,0.9140371007840887,1.5441970971072836,0.6435946462715105,0.6402871608734131,0.84282982791587
mot_patch_base_1d-p3-bs.512-ep.300,mot_patch_base_1d,0.3,42,38,0.047317934110696694,0.915608207817902,0.7862401988908013,0.7830991148948669,0.9155192197360872,1.5480377051388101,0.638623326959847,0.635796070098877,0.8435946462715105
mot_patch_base_1d-p3-bs.512-ep.300,mot_patch_base_1d,0.3,42,39,0.0406547058867883,0.9143690093568096,0.7843277873398355,0.7809467911720276,0.9146108242493785,1.5334371577713275,0.6405353728489483,0.6337454319000244,0.8416826003824092
mot_patch_base_1d-p3-bs.512-ep.300,mot_patch_base_1d,0.3,42,40,0.03442301358363163,0.9068912411994519,0.7885350927519602,0.7851782441139221,0.9168100975329891,1.531764022797973,0.648565965583174,0.6448202729225159,0.8435946462715105
mot_patch_base_1d-p3-bs.512-ep.300,mot_patch_base_1d,0.3,42,41,0.0286474508437579,0.9082099759891034,0.7860011474469306,0.7826508283615112,0.917096959265634,1.5320873530371468,0.6451242829827916,0.6402302384376526,0.8416826003824092
mot_patch_base_1d-p3-bs.512-ep.300,mot_patch_base_1d,0.3,42,42,0.023350811174697773,0.9030541795506991,0.789778160260088,0.7860238552093506,0.9179097341747944,1.5299408017335385,0.6435946462715105,0.6389389634132385,0.8420650095602294
mot_patch_base_1d-p3-bs.512-ep.300,mot_patch_base_1d,0.3,42,43,0.018553997993420463,0.9034917911304117,0.790782176324345,0.787193238735199,0.9170491489768599,1.5302325553237595,0.6424474187380497,0.6372728943824768,0.8424474187380497
mot_patch_base_1d-p3-bs.512-ep.300,mot_patch_base_1d,0.3,42,44,0.014275942130097098,0.8999962603345978,0.7904953145917001,0.7865942120552063,0.9172882004207306,1.525820609214885,0.6466539196940727,0.6409674882888794,0.8435946462715105
mot_patch_base_1d-p3-bs.512-ep.300,mot_patch_base_1d,0.3,42,45,0.010533527116762299,0.8989494316070434,0.7911646586345381,0.7875281572341919,0.9170491489768599,1.528902355070096,0.6462715105162524,0.6406382918357849,0.8435946462715105
mot_patch_base_1d-p3-bs.512-ep.300,mot_patch_base_1d,0.3,42,46,0.00734152255572697,0.8975994717803506,0.7926467775865367,0.7892963290214539,0.9180531650411169,1.5250690350796934,0.648565965583174,0.6442044973373413,0.8447418738049713
mot_patch_base_1d-p3-bs.512-ep.300,mot_patch_base_1d,0.3,42,47,0.004712525830705355,0.8962922950711071,0.7927902084528591,0.7891422510147095,0.9181965959074393,1.5249460938783723,0.6443594646271511,0.6401927471160889,0.8455066921606118
mot_patch_base_1d-p3-bs.512-ep.300,mot_patch_base_1d,0.3,42,48,0.0026569123906966916,0.8959877485069907,0.7923121055651177,0.7886602878570557,0.9176706827309237,1.5240231953433094,0.6451242829827916,0.6400874257087708,0.8455066921606118
mot_patch_base_1d-p3-bs.512-ep.300,mot_patch_base_1d,0.3,42,49,0.001182794802828335,0.8958362860943168,0.7925989672977625,0.7889146208763123,0.9179575444635686,1.5239611186215345,0.6458891013384321,0.6412737369537354,0.8455066921606118
mot_patch_base_1d-p3-bs.512-ep.300,mot_patch_base_1d,0.3,42,50,0.0002959907357592661,0.8958139906515011,0.7924077261426659,0.788723886013031,0.9179575444635686,1.523892249842219,0.6458891013384321,0.6412737369537354,0.8458891013384321
mot_patch_base_1d-p3-bs.512-ep.300,mot_patch_base_1d,0.5,42,1,0.5,2.9321746979372567,0.42603748326639895,0.4137914180755615,0.6623159303882196,3.204259501178224,0.3938814531548757,0.38991114497184753,0.6290630975143403
mot_patch_base_1d-p3-bs.512-ep.300,mot_patch_base_1d,0.5,42,2,0.4995066821070679,2.0762830848423923,0.5327022375215146,0.5191543698310852,0.7575540256263148,2.4368345825895523,0.4673040152963671,0.46753913164138794,0.7089866156787763
mot_patch_base_1d-p3-bs.512-ep.300,mot_patch_base_1d,0.5,42,3,0.4980286753286195,1.827981198533905,0.5727672595142475,0.5676217079162598,0.7965194109772423,2.2158027255056467,0.5001912045889101,0.5026133060455322,0.7487571701720841
mot_patch_base_1d-p3-bs.512-ep.300,mot_patch_base_1d,0.5,42,4,0.4955718126821722,1.6960809503009247,0.6049435838592465,0.5962572693824768,0.8187511952572194,2.099601943998902,0.5338432122370937,0.5299046635627747,0.7759082217973231
mot_patch_base_1d-p3-bs.512-ep.300,mot_patch_base_1d,0.5,42,5,0.49214579028215777,1.6773372069442904,0.6066169439663416,0.5986354947090149,0.8185121438133486,2.1259506925798055,0.5334608030592735,0.5298929214477539,0.7655831739961759
mot_patch_base_1d-p3-bs.512-ep.300,mot_patch_base_1d,0.5,42,6,0.4877641290737884,1.664981058528898,0.6007362784471219,0.5958341360092163,0.8217632434499904,2.157337826205485,0.5277246653919694,0.5196839570999146,0.7609942638623327
mot_patch_base_1d-p3-bs.512-ep.300,mot_patch_base_1d,0.5,42,7,0.48244412147206284,1.544516763123574,0.6289921591126411,0.6220584511756897,0.8360585197934596,2.047698259809505,0.5357552581261951,0.5319714546203613,0.7808795411089866
mot_patch_base_1d-p3-bs.512-ep.300,mot_patch_base_1d,0.5,42,8,0.4762067631165049,1.479888774852129,0.6391279403327597,0.6334409117698669,0.8446165614840314,2.0199810604292394,0.5495219885277247,0.5431088805198669,0.778585086042065
mot_patch_base_1d-p3-bs.512-ep.300,mot_patch_base_1d,0.5,42,9,0.46907667001096587,1.5896987207397764,0.642235609103079,0.6408299803733826,0.8335245744884299,2.207008032133201,0.5529636711281071,0.5585848093032837,0.7674952198852772
mot_patch_base_1d-p3-bs.512-ep.300,mot_patch_base_1d,0.5,42,10,0.46108198137550377,1.403201616615154,0.6600688468158348,0.6490934491157532,0.8554216867469879,1.9934347878450644,0.5598470363288719,0.5519197583198547,0.8011472275334608
mot_patch_base_1d-p3-bs.512-ep.300,mot_patch_base_1d,0.5,42,11,0.45225424859373686,1.3729307021846688,0.6676228724421496,0.66365647315979,0.8603461464907248,1.9204716436265759,0.5739961759082218,0.5653504133224487,0.8007648183556405
mot_patch_base_1d-p3-bs.512-ep.300,mot_patch_base_1d,0.5,42,12,0.4426283106939473,1.3880816934030766,0.6814878561866514,0.6767489910125732,0.8631191432396251,1.9740744596229685,0.584321223709369,0.5815518498420715,0.804206500956023
mot_patch_base_1d-p3-bs.512-ep.300,mot_patch_base_1d,0.5,42,13,0.4322421568553529,1.3189544573776761,0.6737903996940141,0.6686872243881226,0.8695735322241346,1.915095447080769,0.5816443594646271,0.5695755481719971,0.8133843212237094
mot_patch_base_1d-p3-bs.512-ep.300,mot_patch_base_1d,0.5,42,14,0.4211367764821722,1.224326961558917,0.6923407917383821,0.6877217292785645,0.8801396060432205,1.848147216855226,0.5816443594646271,0.5732059478759766,0.8164435946462715
mot_patch_base_1d-p3-bs.512-ep.300,mot_patch_base_1d,0.5,42,15,0.40935599743717244,1.1856659316360028,0.7011378848728246,0.6996505260467529,0.8820520175941863,1.8421753571548607,0.6019120458891013,0.6030799746513367,0.8107074569789675
mot_patch_base_1d-p3-bs.512-ep.300,mot_patch_base_1d,0.5,42,16,0.39694631307311834,1.2262931746400596,0.6983648881239243,0.6935951113700867,0.8781315739147064,1.8815765920606216,0.5973231357552581,0.5897411704063416,0.8099426386233269
mot_patch_base_1d-p3-bs.512-ep.300,mot_patch_base_1d,0.5,42,17,0.38395669874474914,1.2311161538797255,0.7012335054503729,0.6959719061851501,0.876984126984127,1.9012440785395255,0.5961759082217973,0.5890559554100037,0.8087954110898662
mot_patch_base_1d-p3-bs.512-ep.300,mot_patch_base_1d,0.5,42,18,0.3704384185254288,1.128198282603302,0.7218397399120291,0.7151889204978943,0.8863071332950851,1.8383846013085563,0.6,0.5932610630989075,0.8141491395793499
mot_patch_base_1d-p3-bs.512-ep.300,mot_patch_base_1d,0.5,42,19,0.35644482289126816,1.0853687159804,0.7270032510996366,0.7237952351570129,0.8957257601835915,1.7801904098481567,0.6103250478011473,0.6019811034202576,0.827151051625239
mot_patch_base_1d-p3-bs.512-ep.300,mot_patch_base_1d,0.5,42,20,0.34203113817116954,1.13999774237622,0.7136163702428763,0.7077362537384033,0.8885064065786957,1.870422054020898,0.5862332695984703,0.5802887082099915,0.8133843212237094
mot_patch_base_1d-p3-bs.512-ep.300,mot_patch_base_1d,0.5,42,21,0.32725424859373686,1.0452460048075136,0.7356091030789826,0.7328057885169983,0.9008414610824249,1.7653959081004271,0.6095602294455067,0.6079176068305969,0.8198852772466539
mot_patch_base_1d-p3-bs.512-ep.300,mot_patch_base_1d,0.5,42,22,0.31217247179121366,1.0612212560627787,0.7327882960413081,0.7270110249519348,0.8962994836488812,1.8068554121495204,0.6152963671128107,0.6133134365081787,0.822944550669216
mot_patch_base_1d-p3-bs.512-ep.300,mot_patch_base_1d,0.5,42,23,0.2968453286464312,1.0486501218438673,0.7339357429718876,0.7318992614746094,0.8999330655957162,1.759757187443983,0.6091778202676864,0.6016106605529785,0.821414913957935
mot_patch_base_1d-p3-bs.512-ep.300,mot_patch_base_1d,0.5,42,24,0.2813333083910761,1.0664277692259692,0.7290590935169249,0.7260994911193848,0.8973991202906866,1.8274529845491194,0.5977055449330784,0.5940235257148743,0.8179732313575526
mot_patch_base_1d-p3-bs.512-ep.300,mot_patch_base_1d,0.5,42,25,0.26569762988232837,0.9924398552826564,0.7512430675081277,0.745920717716217,0.9048097150506789,1.7286100165110017,0.6145315487571702,0.6102036833763123,0.8286806883365201
mot_patch_base_1d-p3-bs.512-ep.300,mot_patch_base_1d,0.5,42,26,0.25,0.9783134099333298,0.7541116848345764,0.7507355213165283,0.9072480397781603,1.7520568089093123,0.6126195028680689,0.611489474773407,0.827151051625239
mot_patch_base_1d-p3-bs.512-ep.300,mot_patch_base_1d,0.5,42,27,0.23430237011767166,0.9723574905920768,0.7574105947599924,0.7531774044036865,0.9065786957353222,1.719049387361078,0.6172084130019121,0.6100537776947021,0.8325047801147227
mot_patch_base_1d-p3-bs.512-ep.300,mot_patch_base_1d,0.5,42,28,0.21866669160892396,0.9642984345028108,0.7557372346528973,0.7511675357818604,0.9075349015108051,1.7204012956491619,0.6198852772466539,0.6130911111831665,0.8279158699808795
mot_patch_base_1d-p3-bs.512-ep.300,mot_patch_base_1d,0.5,42,29,0.20315467135356885,0.9566936128156366,0.7559284758079938,0.7516975998878479,0.9094473130617708,1.7284749164180135,0.6195028680688337,0.6178094744682312,0.831357552581262
mot_patch_base_1d-p3-bs.512-ep.300,mot_patch_base_1d,0.5,42,30,0.1878275282087863,0.9328183487647577,0.764582138076114,0.7617027759552002,0.9145152036718301,1.7004115394606873,0.627151051625239,0.6234878301620483,0.8355640535372849
mot_patch_base_1d-p3-bs.512-ep.300,mot_patch_base_1d,0.5,42,31,0.17274575140626322,0.9317329982699936,0.7653949129852744,0.7619937062263489,0.9123159303882196,1.6957490122341061,0.6206500956022944,0.6122926473617554,0.8355640535372849
mot_patch_base_1d-p3-bs.512-ep.300,mot_patch_base_1d,0.5,42,32,0.15796886182883058,0.9083909034546622,0.7725664563013961,0.7678995728492737,0.9177184930196979,1.6963159273049115,0.6248565965583174,0.6208621263504028,0.8325047801147227
mot_patch_base_1d-p3-bs.512-ep.300,mot_patch_base_1d,0.5,42,33,0.14355517710873184,0.8892866806902788,0.7795467584624212,0.7788031101226807,0.9169057181105373,1.6700476739420262,0.6313575525812619,0.6269809007644653,0.8321223709369024
mot_patch_base_1d-p3-bs.512-ep.300,mot_patch_base_1d,0.5,42,34,0.12956158147457114,0.8848471838512847,0.7804073436603557,0.7762205004692078,0.9196309045706637,1.6734762742460116,0.6282982791586998,0.6241856217384338,0.8321223709369024
mot_patch_base_1d-p3-bs.512-ep.300,mot_patch_base_1d,0.5,42,35,0.11604330125525078,0.8625757228714896,0.7881048001529929,0.7849537134170532,0.9208261617900172,1.6313465388281623,0.6363288718929254,0.6323421597480774,0.8340344168260039
mot_patch_base_1d-p3-bs.512-ep.300,mot_patch_base_1d,0.5,42,36,0.10305368692688174,0.8552865771404711,0.7901606425702812,0.786724865436554,0.9215911264104035,1.6299124168848216,0.6374760994263863,0.6301869750022888,0.8405353728489484
mot_patch_base_1d-p3-bs.512-ep.300,mot_patch_base_1d,0.5,42,37,0.09064400256282756,0.8498367740720836,0.7915471409447313,0.7880933880805969,0.9210652132338879,1.635852914376195,0.638623326959847,0.6322528719902039,0.8397705544933078
mot_patch_base_1d-p3-bs.512-ep.300,mot_patch_base_1d,0.5,42,38,0.07886322351782782,0.839709294870493,0.7989099254159495,0.7960841655731201,0.9235035379613693,1.6318336763983703,0.6313575525812619,0.6274149417877197,0.8409177820267686
mot_patch_base_1d-p3-bs.512-ep.300,mot_patch_base_1d,0.5,42,39,0.06775784314464717,0.8426848738205823,0.7955632052017594,0.7926766276359558,0.9231210556511761,1.6245060907951048,0.6374760994263863,0.6317493915557861,0.8401529636711281
mot_patch_base_1d-p3-bs.512-ep.300,mot_patch_base_1d,0.5,42,40,0.057371689306052714,0.8297985640099227,0.8006310958118187,0.7978735566139221,0.92374258940524,1.614699176620571,0.64282982791587,0.6371811628341675,0.8409177820267686
mot_patch_base_1d-p3-bs.512-ep.300,mot_patch_base_1d,0.5,42,41,0.047745751406263165,0.8289259804619683,0.79972270032511,0.7969548106193542,0.9245553643144004,1.6111961233456322,0.6470363288718929,0.6422645449638367,0.8409177820267686
mot_patch_base_1d-p3-bs.512-ep.300,mot_patch_base_1d,0.5,42,42,0.03891801862449629,0.8268131337081025,0.8024478867852362,0.7992400527000427,0.9254159495123351,1.6140933297560274,0.6416826003824092,0.6349749565124512,0.8367112810707457
mot_patch_base_1d-p3-bs.512-ep.300,mot_patch_base_1d,0.5,42,43,0.030923329989034104,0.8246404037212957,0.8028303690954294,0.7997145056724548,0.9253203289347868,1.610810052641947,0.6382409177820267,0.6313310861587524,0.8382409177820268
mot_patch_base_1d-p3-bs.512-ep.300,mot_patch_base_1d,0.5,42,44,0.02379323688349516,0.8184652374086655,0.8052208835341366,0.8017730712890625,0.9259418626888506,1.6052113914125052,0.6435946462715105,0.6361442804336548,0.8390057361376673
mot_patch_base_1d-p3-bs.512-ep.300,mot_patch_base_1d,0.5,42,45,0.017555878527937163,0.8177039505168296,0.8043124880474278,0.8016003370285034,0.9257506215337541,1.6057474431754526,0.6435946462715105,0.6387373208999634,0.8397705544933078
mot_patch_base_1d-p3-bs.512-ep.300,mot_patch_base_1d,0.5,42,46,0.012235870926211617,0.8156984724627327,0.8062248995983936,0.8032035231590271,0.9259418626888506,1.601771383486104,0.6462715105162524,0.6412221789360046,0.8413001912045889
mot_patch_base_1d-p3-bs.512-ep.300,mot_patch_base_1d,0.5,42,47,0.007854209717842259,0.8130929541647104,0.8070854847963281,0.8037137389183044,0.9263243449990438,1.6010038095040258,0.6439770554493308,0.6378169059753418,0.8420650095602294
mot_patch_base_1d-p3-bs.512-ep.300,mot_patch_base_1d,0.5,42,48,0.00442818731782782,0.8125248538943954,0.8069898642187798,0.8037018775939941,0.9262287244214955,1.5991306779033596,0.6474187380497132,0.6407907009124756,0.8409177820267686
mot_patch_base_1d-p3-bs.512-ep.300,mot_patch_base_1d,0.5,42,49,0.0019713246713805588,0.8120928153546688,0.8066551921973609,0.8031701445579529,0.9263721552878179,1.5988596024522361,0.6443594646271511,0.6380622982978821,0.8424474187380497
mot_patch_base_1d-p3-bs.512-ep.300,mot_patch_base_1d,0.5,42,50,0.0004933178929321103,0.8120557440697383,0.8068464333524574,0.8033588528633118,0.9264199655765921,1.598761403537845,0.6443594646271511,0.6380622982978821,0.8432122370936902
mot_patch_base_1d-p3-bs.512-ep.300,mot_patch_base_1d,0.7,42,1,0.7,14.208717035412857,0.3535092751960222,0.3418391942977905,0.5648307515777395,13.813826131729506,0.3441682600382409,0.3312819004058838,0.5464627151051625
mot_patch_base_1d-p3-bs.512-ep.300,mot_patch_base_1d,0.7,42,2,0.699309354949895,3.1337848584176387,0.5160164467393383,0.5057129859924316,0.7440715241920062,3.457634313521376,0.4558317399617591,0.4450100064277649,0.7009560229445506
mot_patch_base_1d-p3-bs.512-ep.300,mot_patch_base_1d,0.7,42,3,0.6972401454600672,2.294417270580882,0.5352361828265443,0.5270724296569824,0.7715146299483648,2.798039639474785,0.47418738049713194,0.47308406233787537,0.7261950286806883
mot_patch_base_1d-p3-bs.512-ep.300,mot_patch_base_1d,0.7,42,4,0.6938005377550409,2.0275421076920686,0.5640179766685791,0.5594248175621033,0.8028303690954294,2.526044518086012,0.49904397705544934,0.49216851592063904,0.7556405353728489
mot_patch_base_1d-p3-bs.512-ep.300,mot_patch_base_1d,0.7,42,5,0.6890041063950206,1.9247292624214771,0.5938994071524192,0.5881764888763428,0.8064639510422643,2.4933190544522286,0.5235181644359465,0.5233265161514282,0.7594646271510517
mot_patch_base_1d-p3-bs.512-ep.300,mot_patch_base_1d,0.7,42,6,0.6828697807033035,1.8021130108609895,0.5965289730349971,0.5909446477890015,0.8215720022948939,2.413249302822135,0.5219885277246654,0.5179179310798645,0.7598470363288718
mot_patch_base_1d-p3-bs.512-ep.300,mot_patch_base_1d,0.7,42,7,0.6754217700608878,2.3509006693568826,0.5942818894626124,0.5901538729667664,0.8101453432778734,3.004374607297704,0.5193116634799235,0.5188718438148499,0.7544933078393882
mot_patch_base_1d-p3-bs.512-ep.300,mot_patch_base_1d,0.7,42,8,0.6666894683631067,1.695536471024187,0.6156530885446548,0.6149264574050903,0.837205966724039,2.3768778069753265,0.5307839388145316,0.5296810865402222,0.7701720841300191
mot_patch_base_1d-p3-bs.512-ep.300,mot_patch_base_1d,0.7,42,9,0.6567073380153521,1.8541886195965036,0.6252151462994836,0.6200976967811584,0.8285523044559189,2.6424085044496146,0.5307839388145316,0.534247636795044,0.7560229445506692
mot_patch_base_1d-p3-bs.512-ep.300,mot_patch_base_1d,0.7,42,10,0.6455147739257051,1.6357422746784898,0.6454867087397208,0.6353941559791565,0.8400267737617135,2.372504966254444,0.5437858508604206,0.5393080711364746,0.7797323135755259
mot_patch_base_1d-p3-bs.512-ep.300,mot_patch_base_1d,0.7,42,11,0.6331559480312314,1.5940675144556673,0.6462994836488812,0.6455346941947937,0.8472939376553834,2.2661090974825973,0.5613766730401529,0.5562280416488647,0.7877629063097514
mot_patch_base_1d-p3-bs.512-ep.300,mot_patch_base_1d,0.7,42,12,0.619679634971526,1.413078899022429,0.6761809141327214,0.6686974167823792,0.8654618473895582,2.136127502558108,0.5747609942638623,0.5668086409568787,0.7980879541108986
mot_patch_base_1d-p3-bs.512-ep.300,mot_patch_base_1d,0.7,42,13,0.6051390195974938,1.425592850535384,0.6708261617900172,0.6658166646957397,0.8667527251864601,2.1454925537109375,0.5762906309751434,0.5632492303848267,0.807265774378585
mot_patch_base_1d-p3-bs.512-ep.300,mot_patch_base_1d,0.7,42,14,0.5895914870750408,1.3777332995311324,0.6736947791164659,0.6669479608535767,0.8722030981067126,2.1142219849799835,0.5808795411089867,0.5669061541557312,0.8045889101338433
mot_patch_base_1d-p3-bs.512-ep.300,mot_patch_base_1d,0.7,42,15,0.5730983964120412,1.3475950089347228,0.6848823866896157,0.6793533563613892,0.8691432396251674,2.151837794229132,0.5797323135755258,0.5744919776916504,0.7977055449330784
mot_patch_base_1d-p3-bs.512-ep.300,mot_patch_base_1d,0.7,42,16,0.5557248383023655,1.4809811716668806,0.6662363740676994,0.6595392823219299,0.8602027156244024,2.312649734526246,0.5759082217973231,0.5694890022277832,0.790057361376673
mot_patch_base_1d-p3-bs.512-ep.300,mot_patch_base_1d,0.7,42,17,0.5375393782426486,1.416210973392734,0.6683878370625359,0.6620156764984131,0.8705775482883916,2.27955375948554,0.55717017208413,0.5501511096954346,0.7912045889101338
mot_patch_base_1d-p3-bs.512-ep.300,mot_patch_base_1d,0.7,42,18,0.5186137859356001,1.2141693959297244,0.7106999426276535,0.7068631052970886,0.8810480015299292,2.0763600132433453,0.5866156787762906,0.5815719366073608,0.8065009560229446
mot_patch_base_1d-p3-bs.512-ep.300,mot_patch_base_1d,0.7,42,19,0.49902275204777524,1.155385382340957,0.718493019697839,0.7160639762878418,0.8922834193918531,2.011761392917961,0.5950286806883365,0.5872527956962585,0.8191204588910134
mot_patch_base_1d-p3-bs.512-ep.300,mot_patch_base_1d,0.7,42,20,0.47884359343963717,1.2973463793835007,0.6839739912029069,0.6792299151420593,0.8807133295085102,2.208603383751718,0.5659655831739961,0.5639750957489014,0.8015296367112811
mot_patch_base_1d-p3-bs.512-ep.300,mot_patch_base_1d,0.7,42,21,0.45815594803123144,1.1579634558290477,0.7164849875693249,0.7152671813964844,0.8936221074775291,2.021852266446582,0.5931166347992352,0.5896478891372681,0.8087954110898662
mot_patch_base_1d-p3-bs.512-ep.300,mot_patch_base_1d,0.7,42,22,0.437041460507699,1.1663497628251918,0.7201185695161598,0.7134780287742615,0.8903710078408874,2.0895334568351904,0.5946462715105163,0.5910975933074951,0.8084130019120459
mot_patch_base_1d-p3-bs.512-ep.300,mot_patch_base_1d,0.7,42,23,0.4155834601050035,1.0437798947808299,0.7375215146299484,0.7346975207328796,0.9039013195639701,1.9010440731595624,0.609942638623327,0.6008396148681641,0.8206500956022944
mot_patch_base_1d-p3-bs.512-ep.300,mot_patch_base_1d,0.7,42,24,0.3938666317475064,1.183944515389497,0.7127557850449416,0.7111189961433411,0.8913750239051443,2.1041719381941437,0.5908221797323135,0.5886556506156921,0.8076481835564053
mot_patch_base_1d-p3-bs.512-ep.300,mot_patch_base_1d,0.7,42,25,0.37197668183525956,1.0640469368887029,0.7308280742015681,0.7237938642501831,0.9033275960986804,1.9657814682327766,0.5938814531548757,0.5850175023078918,0.817208413001912
mot_patch_base_1d-p3-bs.512-ep.300,mot_patch_base_1d,0.7,42,26,0.34999999999999987,1.024116615693732,0.7473704341174221,0.7437975406646729,0.902849493210939,1.9666174047991605,0.6015296367112811,0.5995538234710693,0.8137667304015297
mot_patch_base_1d-p3-bs.512-ep.300,mot_patch_base_1d,0.7,42,27,0.3280233181647402,1.0081151390331018,0.7451233505450373,0.7405872344970703,0.9039013195639701,1.9211804275075062,0.6145315487571702,0.6078695058822632,0.8221797323135756
mot_patch_base_1d-p3-bs.512-ep.300,mot_patch_base_1d,0.7,42,28,0.3061333682524934,1.016201631177974,0.7452189711225856,0.7404775023460388,0.9031363549435839,1.9268752760002763,0.6095602294455067,0.6019087433815002,0.8240917782026769
mot_patch_base_1d-p3-bs.512-ep.300,mot_patch_base_1d,0.7,42,29,0.28441653989499627,0.9899252869472333,0.7457926945878753,0.7422651648521423,0.9083476764199656,1.9279785564707068,0.6022944550669216,0.598763108253479,0.827151051625239
mot_patch_base_1d-p3-bs.512-ep.300,mot_patch_base_1d,0.7,42,30,0.2629585394923007,0.946696315447307,0.7583189902467011,0.7534534931182861,0.9149454962707975,1.875583084135621,0.6198852772466539,0.6148713827133179,0.8321223709369024
mot_patch_base_1d-p3-bs.512-ep.300,mot_patch_base_1d,0.7,42,31,0.2418440519687684,0.9578256489419418,0.7560719066743163,0.7528656125068665,0.9125549818320903,1.8808522226249738,0.6187380497131931,0.6076545715332031,0.8286806883365201
mot_patch_base_1d-p3-bs.512-ep.300,mot_patch_base_1d,0.7,42,32,0.2211564065603627,0.9025991556178911,0.7709887167718493,0.7670457363128662,0.9193440428380187,1.8616405552705433,0.6149139579349905,0.6129494309425354,0.827151051625239
mot_patch_base_1d-p3-bs.512-ep.300,mot_patch_base_1d,0.7,42,33,0.20097724795222446,0.8891098035592425,0.776200038248231,0.7765446305274963,0.9183400267737617,1.8257459826496774,0.6248565965583174,0.6199651956558228,0.8267686424474188
mot_patch_base_1d-p3-bs.512-ep.300,mot_patch_base_1d,0.7,42,34,0.1813862140643995,0.8768558341701301,0.7787339835532606,0.7757120728492737,0.9196787148594378,1.8267159164749642,0.6179732313575526,0.6139755845069885,0.8294455066921607
mot_patch_base_1d-p3-bs.512-ep.300,mot_patch_base_1d,0.7,42,35,0.16246062175735101,0.8629868291809992,0.7816504111684834,0.7784439921379089,0.9230254350736279,1.7899581967530698,0.62868068833652,0.6213772892951965,0.8359464627151052
mot_patch_base_1d-p3-bs.512-ep.300,mot_patch_base_1d,0.7,42,36,0.14427516169763435,0.823458800604932,0.7952763434691146,0.7921841144561768,0.9257984318225282,1.7593420987831248,0.6328871892925431,0.6254485845565796,0.8351816443594646
mot_patch_base_1d-p3-bs.512-ep.300,mot_patch_base_1d,0.7,42,37,0.12690160358795852,0.8252028176013496,0.7939376553834385,0.7906919717788696,0.9249378466245937,1.773706060522601,0.6294455066921606,0.6211370229721069,0.8355640535372849
mot_patch_base_1d-p3-bs.512-ep.300,mot_patch_base_1d,0.7,42,38,0.11040851292495889,0.8043980488108732,0.8035475234270415,0.8012079000473022,0.9276630330847199,1.755405552938837,0.6244741873804971,0.6190084218978882,0.8393881453154876
mot_patch_base_1d-p3-bs.512-ep.300,mot_patch_base_1d,0.7,42,39,0.09486098040250598,0.8135392737447885,0.7990533562822719,0.7967415452003479,0.9274239816408492,1.7574095177148998,0.6317399617590822,0.6241764426231384,0.8355640535372849
mot_patch_base_1d-p3-bs.512-ep.300,mot_patch_base_1d,0.7,42,40,0.08032036502847376,0.7919623330620192,0.8054599349780073,0.8031890392303467,0.9285714285714286,1.7411174095839432,0.6317399617590822,0.6244418621063232,0.837093690248566
mot_patch_base_1d-p3-bs.512-ep.300,mot_patch_base_1d,0.7,42,41,0.06684405196876839,0.7885107396779267,0.8064161407534901,0.8042286038398743,0.9295276343469114,1.731990293426222,0.6405353728489483,0.6345481276512146,0.8374760994263862
mot_patch_base_1d-p3-bs.512-ep.300,mot_patch_base_1d,0.7,42,42,0.05448522607429477,0.7867094163207075,0.8078504494167145,0.8051211833953857,0.9295754446356856,1.737082014211505,0.6359464627151051,0.6289665102958679,0.837093690248566
mot_patch_base_1d-p3-bs.512-ep.300,mot_patch_base_1d,0.7,42,43,0.04329266198464772,0.7825299119101266,0.8112927902084529,0.8083746433258057,0.9299579269458788,1.7316094276326108,0.6340344168260038,0.6271782517433167,0.8355640535372849
mot_patch_base_1d-p3-bs.512-ep.300,mot_patch_base_1d,0.7,42,44,0.03331053163689321,0.7748415198830396,0.8127270988716772,0.809550940990448,0.9308663224325875,1.7254620670588476,0.6363288718929254,0.6296136975288391,0.837093690248566
mot_patch_base_1d-p3-bs.512-ep.300,mot_patch_base_1d,0.7,42,45,0.024578229939112014,0.7731609922632657,0.8122968062727098,0.8098790645599365,0.9309619430101358,1.7213812921060887,0.6401529636711281,0.6343128681182861,0.8374760994263862
mot_patch_base_1d-p3-bs.512-ep.300,mot_patch_base_1d,0.7,42,46,0.017130219296696253,0.7707970100872648,0.8147351310001912,0.811963677406311,0.9310097532989099,1.7182696253118277,0.6409177820267686,0.6343508362770081,0.838623326959847
mot_patch_base_1d-p3-bs.512-ep.300,mot_patch_base_1d,0.7,42,47,0.010995893604979155,0.7672713170842199,0.8165519219736087,0.8134194016456604,0.9306272709887168,1.7167080399639063,0.6363288718929254,0.6283948421478271,0.8390057361376673
mot_patch_base_1d-p3-bs.512-ep.300,mot_patch_base_1d,0.7,42,48,0.006199462244958943,0.7664365632558192,0.8160260087970931,0.8129937052726746,0.9311531841652324,1.7140212137430166,0.6424474187380497,0.6345856189727783,0.8390057361376673
mot_patch_base_1d-p3-bs.512-ep.300,mot_patch_base_1d,0.7,42,49,0.0027598545399327803,0.7656521664953387,0.8175081277490917,0.8145372271537781,0.9316312870529738,1.7134151028401536,0.6405353728489483,0.6330455541610718,0.8405353728489484
mot_patch_base_1d-p3-bs.512-ep.300,mot_patch_base_1d,0.7,42,50,0.0006906450501049539,0.7655827146024224,0.8173646968827691,0.8144286870956421,0.9313922356091031,1.7132666418246967,0.6413001912045889,0.6340011358261108,0.8409177820267686
mot_patch_base_1d-p3-bs.512-ep.300,mot_patch_base_1d,1.0,42,1,1.0,25.74841239361627,0.29795371964046663,0.2842889726161957,0.4572576018359151,26.73877541303179,0.275717017208413,0.26838257908821106,0.4363288718929254
mot_patch_base_1d-p3-bs.512-ep.300,mot_patch_base_1d,1.0,42,2,0.9990133642141358,4.7584399914372195,0.4636641805316504,0.45128151774406433,0.6963568559954102,5.492490038315607,0.4126195028680688,0.4099246859550476,0.6516252390057361
mot_patch_base_1d-p3-bs.512-ep.300,mot_patch_base_1d,1.0,42,3,0.996057350657239,3.9803354486176197,0.509609868043603,0.5164861083030701,0.7310193153566648,4.719038709126285,0.45506692160611856,0.4626680612564087,0.6864244741873805
mot_patch_base_1d-p3-bs.512-ep.300,mot_patch_base_1d,1.0,42,4,0.9911436253643444,3.2128059797930795,0.5607190667431631,0.554984450340271,0.7731401797666858,3.870013451074779,0.5074569789674952,0.49984467029571533,0.7269598470363289
mot_patch_base_1d-p3-bs.512-ep.300,mot_patch_base_1d,1.0,42,5,0.9842915805643155,3.3489831175578897,0.5555077452667814,0.5479229092597961,0.7802639127940333,4.237874041643015,0.48107074569789676,0.48279792070388794,0.7196940726577438
mot_patch_base_1d-p3-bs.512-ep.300,mot_patch_base_1d,1.0,42,6,0.9755282581475768,2.4298177552419267,0.5949034232166762,0.5862511396408081,0.8105756358768407,3.227367230446343,0.5158699808795411,0.5071693658828735,0.7583173996175908
mot_patch_base_1d-p3-bs.512-ep.300,mot_patch_base_1d,1.0,42,7,0.9648882429441257,2.5603505928125636,0.5804647160068847,0.5770992040634155,0.7948460508701473,3.4796981315539854,0.5101338432122371,0.5080801844596863,0.7395793499043977
mot_patch_base_1d-p3-bs.512-ep.300,mot_patch_base_1d,1.0,42,8,0.9524135262330098,2.264537446515741,0.5902180149168101,0.5841197371482849,0.8292694587875311,3.1939074543648425,0.5105162523900574,0.5099065899848938,0.7690248565965583
mot_patch_base_1d-p3-bs.512-ep.300,mot_patch_base_1d,1.0,42,9,0.9381533400219317,2.494632452116525,0.598154522853318,0.5949106812477112,0.8073245362401988,3.581603306611683,0.5086042065009561,0.5123641490936279,0.7365200764818356
mot_patch_base_1d-p3-bs.512-ep.300,mot_patch_base_1d,1.0,42,10,0.9221639627510075,2.1728965181491873,0.6232071141709696,0.618329644203186,0.8285044941671448,3.184201178176909,0.5292543021032505,0.5305644869804382,0.7713193116634799
mot_patch_base_1d-p3-bs.512-ep.300,mot_patch_base_1d,1.0,42,11,0.9045084971874737,1.9949373276973688,0.6370242876266973,0.6351743340492249,0.8353413654618473,2.905853062879515,0.5518164435946463,0.5441141724586487,0.7782026768642447
mot_patch_base_1d-p3-bs.512-ep.300,mot_patch_base_1d,1.0,42,12,0.8852566213878946,1.9281966662995103,0.6495983935742972,0.6424074769020081,0.8489194874737044,2.8932522046178524,0.5629063097514341,0.5538545250892639,0.7908221797323136
mot_patch_base_1d-p3-bs.512-ep.300,mot_patch_base_1d,1.0,42,13,0.8644843137107058,1.790701623399756,0.6569133677567413,0.6507225036621094,0.8580512526295658,2.768440103622057,0.5583173996175909,0.5447432994842529,0.8045889101338433
mot_patch_base_1d-p3-bs.512-ep.300,mot_patch_base_1d,1.0,42,14,0.8422735529643444,1.8749334280977379,0.6415184547714669,0.6344285607337952,0.8598202333142092,2.8694917405312648,0.5564053537284895,0.543819785118103,0.790057361376673
mot_patch_base_1d-p3-bs.512-ep.300,mot_patch_base_1d,1.0,42,15,0.8187119948743449,1.7499735156125105,0.658156435264869,0.6534191966056824,0.8541308089500861,2.8252486861686634,0.5590822179732313,0.5566872358322144,0.7847036328871893
mot_patch_base_1d-p3-bs.512-ep.300,mot_patch_base_1d,1.0,42,16,0.7938926261462367,1.8048647382469565,0.648546567221266,0.6424290537834167,0.856425702811245,2.9175881030226756,0.5491395793499044,0.540958046913147,0.7854684512428298
mot_patch_base_1d-p3-bs.512-ep.300,mot_patch_base_1d,1.0,42,17,0.7679133974894983,1.7675959849179783,0.6515108051252629,0.646391749382019,0.8628800917957544,2.905501053119025,0.5499043977055449,0.5440893173217773,0.7866156787762907
mot_patch_base_1d-p3-bs.512-ep.300,mot_patch_base_1d,1.0,42,18,0.7408768370508576,1.4923968334274598,0.6916236374067699,0.6860700845718384,0.8765538343851597,2.6368533220163495,0.5724665391969407,0.5672180652618408,0.7965583173996176
mot_patch_base_1d-p3-bs.512-ep.300,mot_patch_base_1d,1.0,42,19,0.7128896457825363,1.4060471039197713,0.7017116083381144,0.6981228590011597,0.8864983744501816,2.549783850354401,0.5816443594646271,0.5730988383293152,0.8118546845124283
mot_patch_base_1d-p3-bs.512-ep.300,mot_patch_base_1d,1.0,42,20,0.6840622763423391,1.5947862431067859,0.6647064448269268,0.659079372882843,0.8732549244597437,2.8050867025984405,0.5502868068833652,0.5465623736381531,0.7912045889101338
mot_patch_base_1d-p3-bs.512-ep.300,mot_patch_base_1d,1.0,42,21,0.6545084971874737,1.5089079582752747,0.6751768980684644,0.6743348836898804,0.8787531076687704,2.6305796285888206,0.5717017208413002,0.5658313632011414,0.8034416826003824
mot_patch_base_1d-p3-bs.512-ep.300,mot_patch_base_1d,1.0,42,22,0.6243449435824273,1.3583516982482162,0.7047236565308854,0.6985923051834106,0.8892713711990821,2.587490477115201,0.5877629063097515,0.5852195620536804,0.805736137667304
mot_patch_base_1d-p3-bs.512-ep.300,mot_patch_base_1d,1.0,42,23,0.5936906572928624,1.1997809082719924,0.7253298909925416,0.7209004163742065,0.8997896347293938,2.3292347034578342,0.5973231357552581,0.5862239003181458,0.8152963671128107
mot_patch_base_1d-p3-bs.512-ep.300,mot_patch_base_1d,1.0,42,24,0.5626666167821522,1.445401342541156,0.6880856760374833,0.6867131590843201,0.8813348632625742,2.651667318836453,0.5717017208413002,0.5732501745223999,0.7980879541108986
mot_patch_base_1d-p3-bs.512-ep.300,mot_patch_base_1d,1.0,42,25,0.5313952597646567,1.2226108214348628,0.7157678332377128,0.7080246210098267,0.8985943775100401,2.428197331911747,0.5782026768642448,0.5692650079727173,0.8152963671128107
mot_patch_base_1d-p3-bs.512-ep.300,mot_patch_base_1d,1.0,42,26,0.5,1.139129259317777,0.738716771849302,0.734221339225769,0.9008892713711991,2.374422600711509,0.6011472275334608,0.5970321893692017,0.8107074569789675
mot_patch_base_1d-p3-bs.512-ep.300,mot_patch_base_1d,1.0,42,27,0.4686047402353433,1.1204585750008613,0.7341747944157583,0.7277205586433411,0.9044750430292599,2.3290236493141654,0.6,0.5930739045143127,0.8183556405353728
mot_patch_base_1d-p3-bs.512-ep.300,mot_patch_base_1d,1.0,42,28,0.4373333832178479,1.0809431814696004,0.7409638554216867,0.7357568144798279,0.9061962134251291,2.2637104916982853,0.6034416826003824,0.5925754904747009,0.8210325047801147
mot_patch_base_1d-p3-bs.512-ep.300,mot_patch_base_1d,1.0,42,29,0.4063093427071377,1.0855051738442096,0.7368043602983362,0.7341250777244568,0.9089213998852553,2.3073673751568475,0.5938814531548757,0.5916138291358948,0.8191204588910134
mot_patch_base_1d-p3-bs.512-ep.300,mot_patch_base_1d,1.0,42,30,0.3756550564175726,1.0352283862791136,0.7508605851979346,0.7455930113792419,0.9117900172117039,2.2523222272300356,0.6022944550669216,0.5955807566642761,0.8225621414913958
mot_patch_base_1d-p3-bs.512-ep.300,mot_patch_base_1d,1.0,42,31,0.34549150281252644,1.0376166233165607,0.7447408682348441,0.741234302520752,0.9127462229871869,2.2461796893672323,0.6084130019120458,0.59624183177948,0.822944550669216
mot_patch_base_1d-p3-bs.512-ep.300,mot_patch_base_1d,1.0,42,32,0.31593772365766115,0.9502605827435135,0.764582138076114,0.7607914805412292,0.9200611971696309,2.2075490101801507,0.6022944550669216,0.5980727076530457,0.8248565965583174
mot_patch_base_1d-p3-bs.512-ep.300,mot_patch_base_1d,1.0,42,33,0.28711035421746367,0.9365487606627099,0.7719449225473322,0.7728563547134399,0.9168579078217632,2.1572002228541765,0.6160611854684512,0.6113708019256592,0.8267686424474188
mot_patch_base_1d-p3-bs.512-ep.300,mot_patch_base_1d,1.0,42,34,0.2591231629491423,0.9342428697274916,0.769554408108625,0.767310619354248,0.9190093708165997,2.167474715340434,0.6118546845124283,0.6054593920707703,0.8221797323135756
mot_patch_base_1d-p3-bs.512-ep.300,mot_patch_base_1d,1.0,42,35,0.23208660251050156,0.9029508958379906,0.7760566073819086,0.7724258899688721,0.9221170395869192,2.1139849719308303,0.6172084130019121,0.610336422920227,0.8267686424474188
mot_patch_base_1d-p3-bs.512-ep.300,mot_patch_base_1d,1.0,42,36,0.2061073738537635,0.8262072835102617,0.7971887550200804,0.7944843173027039,0.9276152227959457,2.049449433423365,0.6294455066921606,0.6206409931182861,0.8317399617590823
mot_patch_base_1d-p3-bs.512-ep.300,mot_patch_base_1d,1.0,42,37,0.18128800512565513,0.831950776776248,0.7931726907630522,0.7899990677833557,0.9264199655765921,2.069384538056062,0.6160611854684512,0.6066668629646301,0.8275334608030592
mot_patch_base_1d-p3-bs.512-ep.300,mot_patch_base_1d,1.0,42,38,0.15772644703565564,0.8004229827008345,0.8035953337158156,0.8016852736473083,0.9303404092560719,2.035201469115044,0.6164435946462715,0.6113011240959167,0.8355640535372849
mot_patch_base_1d-p3-bs.512-ep.300,mot_patch_base_1d,1.0,42,39,0.13551568628929433,0.8104970979061334,0.7994836488812392,0.7969589829444885,0.9298623063683304,2.0404019766054464,0.6263862332695985,0.6176852583885193,0.8325047801147227
mot_patch_base_1d-p3-bs.512-ep.300,mot_patch_base_1d,1.0,42,40,0.11474337861210543,0.7850650101415649,0.8088066551921974,0.8066166639328003,0.9302925989672978,2.0271492544141374,0.6229445506692161,0.6156247854232788,0.832887189292543
mot_patch_base_1d-p3-bs.512-ep.300,mot_patch_base_1d,1.0,42,41,0.09549150281252633,0.7691663447336476,0.8127270988716772,0.8109492659568787,0.9328265442723274,2.002390232414406,0.6325047801147228,0.6258116364479065,0.8336520076481836
mot_patch_base_1d-p3-bs.512-ep.300,mot_patch_base_1d,1.0,42,42,0.07783603724899257,0.765811600450759,0.8136354943583859,0.8111921548843384,0.932683113406005,2.0089537640602595,0.62868068833652,0.6227678060531616,0.8347992351816443
mot_patch_base_1d-p3-bs.512-ep.300,mot_patch_base_1d,1.0,42,43,0.06184665997806821,0.7603393837561637,0.8161216293746414,0.8138942122459412,0.9323006310958118,2.002245241825257,0.6240917782026769,0.6182470917701721,0.8332695984703633
mot_patch_base_1d-p3-bs.512-ep.300,mot_patch_base_1d,1.0,42,44,0.04758647376699032,0.7511338091507586,0.8194683495888315,0.8166236877441406,0.9343086632243259,1.9954789520905534,0.6240917782026769,0.6161648035049438,0.8347992351816443
mot_patch_base_1d-p3-bs.512-ep.300,mot_patch_base_1d,1.0,42,45,0.035111757055874326,0.7467887604480539,0.8205679862306369,0.8188222646713257,0.9343564735131,1.9856685135150274,0.6263862332695985,0.6198261380195618,0.8325047801147227
mot_patch_base_1d-p3-bs.512-ep.300,mot_patch_base_1d,1.0,42,46,0.024471741852423234,0.7438403890292032,0.8218110537387646,0.8194785118103027,0.9343086632243259,1.9829428882489468,0.6321223709369025,0.6249672770500183,0.8367112810707457
mot_patch_base_1d-p3-bs.512-ep.300,mot_patch_base_1d,1.0,42,47,0.015708419435684517,0.7394486110145218,0.8238190858672786,0.821504533290863,0.9341174220692293,1.9798114200395107,0.6290630975143403,0.6222593784332275,0.8355640535372849
mot_patch_base_1d-p3-bs.512-ep.300,mot_patch_base_1d,1.0,42,48,0.00885637463565564,0.738148445060819,0.8232453624019889,0.8211252689361572,0.9339261809141327,1.9761539495697897,0.6290630975143403,0.6212846636772156,0.8363288718929255
mot_patch_base_1d-p3-bs.512-ep.300,mot_patch_base_1d,1.0,42,49,0.0039426493427611176,0.7367792162345321,0.8244406196213425,0.8222544193267822,0.9342130426467776,1.9753143894056973,0.6302103250478012,0.6232691407203674,0.8351816443594646
mot_patch_base_1d-p3-bs.512-ep.300,mot_patch_base_1d,1.0,42,50,0.0009866357858642205,0.7366374209679936,0.8245840504876649,0.8223857283592224,0.9342130426467776,1.9750431564068476,0.6294455066921606,0.6222941279411316,0.8367112810707457
mot_patch_large_1d-p3-bs.512-ep.100,mot_patch_large_1d,0.1,42,1,0.1,0.8408985143410906,0.801396060432205,0.7988280653953552,0.9214955058328552,1.0117547496554957,0.7690248565965583,0.7706900238990784,0.8998087954110898
mot_patch_large_1d-p3-bs.512-ep.100,mot_patch_large_1d,0.1,42,2,0.09990133642141358,0.6341029276786742,0.8495888315165424,0.8453445434570312,0.942962325492446,0.8449384299108676,0.807265774378585,0.8026992678642273,0.9181644359464627
mot_patch_large_1d-p3-bs.512-ep.100,mot_patch_large_1d,0.1,42,3,0.0996057350657239,0.5271270578325673,0.8722509083954867,0.8696240186691284,0.9549627079747561,0.7824789101945283,0.8152963671128107,0.8154407739639282,0.9235181644359465
mot_patch_large_1d-p3-bs.512-ep.100,mot_patch_large_1d,0.1,42,4,0.09911436253643444,0.4461042596040435,0.9000764964620386,0.8980721235275269,0.9627557850449416,0.7198522410930684,0.832887189292543,0.8325453996658325,0.9292543021032504
mot_patch_large_1d-p3-bs.512-ep.100,mot_patch_large_1d,0.1,42,5,0.09842915805643154,0.40410427473589483,0.9070567986230637,0.9063979387283325,0.96815834767642,0.7065487039248757,0.8413001912045889,0.8418501019477844,0.92848948374761
mot_patch_large_1d-p3-bs.512-ep.100,mot_patch_large_1d,0.1,42,6,0.09755282581475767,0.3632725628823481,0.9180053547523427,0.9162184000015259,0.9726525148211895,0.6731777052578461,0.8455066921606118,0.8463530540466309,0.9330783938814532
mot_patch_large_1d-p3-bs.512-ep.100,mot_patch_large_1d,0.1,42,7,0.09648882429441256,0.33140248243748105,0.9266112067316886,0.9238801598548889,0.9768120099445401,0.6584406077747819,0.8504780114722753,0.8490853309631348,0.935755258126195
mot_patch_large_1d-p3-bs.512-ep.100,mot_patch_large_1d,0.1,42,8,0.09524135262330098,0.31284049036489614,0.9299579269458788,0.9290693402290344,0.9798240581373111,0.6681746167388974,0.8512428298279159,0.8488038778305054,0.930019120458891
mot_patch_large_1d-p3-bs.512-ep.100,mot_patch_large_1d,0.1,42,9,0.09381533400219318,0.3059374557943047,0.92904953145917,0.927931547164917,0.9802065404475043,0.6666239087485902,0.8474187380497132,0.8479384779930115,0.9349904397705545
mot_patch_large_1d-p3-bs.512-ep.100,mot_patch_large_1d,0.1,42,10,0.09221639627510075,0.2712089495167356,0.9420539300057372,0.9405293464660645,0.983409829795372,0.647519793246034,0.8523900573613766,0.8518872261047363,0.9349904397705545
mot_patch_large_1d-p3-bs.512-ep.100,mot_patch_large_1d,0.1,42,11,0.09045084971874737,0.2638767533421767,0.9419583094281889,0.9404272437095642,0.9852744310575636,0.6482916005938733,0.8508604206500956,0.8491703867912292,0.9361376673040153
mot_patch_large_1d-p3-bs.512-ep.100,mot_patch_large_1d,0.1,42,12,0.08852566213878946,0.24263397806984308,0.9481736469688277,0.9470828175544739,0.9864218779881431,0.6393794728966562,0.8588910133843213,0.8568336963653564,0.9411089866156788
mot_patch_large_1d-p3-bs.512-ep.100,mot_patch_large_1d,0.1,42,13,0.08644843137107057,0.23100012829208447,0.9535283993115319,0.9527156352996826,0.9876649454962708,0.6222939668148472,0.8577437858508604,0.8568397760391235,0.9388145315487572
mot_patch_large_1d-p3-bs.512-ep.100,mot_patch_large_1d,0.1,42,14,0.08422735529643442,0.22176675742706164,0.9542933639319181,0.9527652263641357,0.9885255306942053,0.6367872803434587,0.8573613766730401,0.8564073443412781,0.9365200764818356
mot_patch_large_1d-p3-bs.512-ep.100,mot_patch_large_1d,0.1,42,15,0.08187119948743447,0.21464833786483475,0.9567316886593995,0.956505537033081,0.9899120290686556,0.6293509561746572,0.8577437858508604,0.8571850061416626,0.9430210325047801
mot_patch_large_1d-p3-bs.512-ep.100,mot_patch_large_1d,0.1,42,16,0.07938926261462366,0.20218229489883655,0.9604608911837828,0.959242582321167,0.9901032702237521,0.6368777244086475,0.8627151051625239,0.862406313419342,0.9380497131931166
mot_patch_large_1d-p3-bs.512-ep.100,mot_patch_large_1d,0.1,42,17,0.07679133974894982,0.1924807253885187,0.9639988525530694,0.9631248712539673,0.9915853891757507,0.6252362997080583,0.860038240917782,0.8593595623970032,0.9407265774378585
mot_patch_large_1d-p3-bs.512-ep.100,mot_patch_large_1d,0.1,42,18,0.07408768370508576,0.18811801889244104,0.9650506789061006,0.9639431834220886,0.9915853891757507,0.63123940053907,0.8558317399617591,0.8538140058517456,0.9411089866156788
mot_patch_large_1d-p3-bs.512-ep.100,mot_patch_large_1d,0.1,42,19,0.07128896457825362,0.1799371952900218,0.9679671065213233,0.9674974083900452,0.9927806463951042,0.6160116695309232,0.8592734225621415,0.8574854135513306,0.941491395793499
mot_patch_large_1d-p3-bs.512-ep.100,mot_patch_large_1d,0.1,42,20,0.06840622763423389,0.17461017076817315,0.9695448460508701,0.9696285128593445,0.9927328361063301,0.6305401658008933,0.8608030592734226,0.860155463218689,0.9430210325047801
mot_patch_large_1d-p3-bs.512-ep.100,mot_patch_large_1d,0.1,42,21,0.06545084971874736,0.1682049604373216,0.9717919296232549,0.9709964990615845,0.9938324727481354,0.6199597520992359,0.8661567877629063,0.8633148670196533,0.9426386233269598
mot_patch_large_1d-p3-bs.512-ep.100,mot_patch_large_1d,0.1,42,22,0.06243449435824272,0.16476242390434015,0.9721266016446739,0.9719172716140747,0.9938324727481354,0.6310291822736167,0.8623326959847036,0.8616889119148254,0.939961759082218
mot_patch_large_1d-p3-bs.512-ep.100,mot_patch_large_1d,0.1,42,23,0.05936906572928623,0.159304598089522,0.974803977816026,0.9742571115493774,0.994023713903232,0.6167204366359382,0.8661567877629063,0.8644120097160339,0.9434034416826004
mot_patch_large_1d-p3-bs.512-ep.100,mot_patch_large_1d,0.1,42,24,0.056266661678215216,0.15496529851640975,0.9768598202333142,0.9761009812355042,0.9941193344807803,0.6206970594125314,0.8619502868068833,0.8597449660301208,0.9426386233269598
mot_patch_large_1d-p3-bs.512-ep.100,mot_patch_large_1d,0.1,42,25,0.053139525976465665,0.15342074234824402,0.9753777012813157,0.9752065539360046,0.9942627653471027,0.6215879553362699,0.8650095602294455,0.8642366528511047,0.9426386233269598
mot_patch_large_1d-p3-bs.512-ep.100,mot_patch_large_1d,0.1,42,26,0.049999999999999996,0.15263691979399327,0.9762382864792504,0.9757631421089172,0.9945974373685217,0.632261659173619,0.8623326959847036,0.8621853590011597,0.9411089866156788
mot_patch_large_1d-p3-bs.512-ep.100,mot_patch_large_1d,0.1,42,27,0.046860474023534326,0.14608556669377123,0.9792025243832473,0.9787155389785767,0.9951233505450373,0.6207540537613527,0.8646271510516252,0.8632112145423889,0.9403441682600382
mot_patch_large_1d-p3-bs.512-ep.100,mot_patch_large_1d,0.1,42,28,0.04373333832178478,0.14215452009005172,0.980445591891375,0.979928195476532,0.9954102122776821,0.6220043714826011,0.8627151051625239,0.8609743714332581,0.9430210325047801
mot_patch_large_1d-p3-bs.512-ep.100,mot_patch_large_1d,0.1,42,29,0.040630934270713764,0.1402052071655793,0.9798240581373111,0.979308545589447,0.9959839357429718,0.626037359875885,0.8627151051625239,0.8605965375900269,0.9426386233269598
mot_patch_large_1d-p3-bs.512-ep.100,mot_patch_large_1d,0.1,42,30,0.03756550564175726,0.1386259243898215,0.9810193153566648,0.9806183576583862,0.9961273666092944,0.6243969233496467,0.8673040152963671,0.8659531474113464,0.9407265774378585
mot_patch_large_1d-p3-bs.512-ep.100,mot_patch_large_1d,0.1,42,31,0.03454915028125265,0.13643765276261235,0.9812583668005355,0.981075644493103,0.9962707974756168,0.6261285041531914,0.8611854684512428,0.8598654866218567,0.9426386233269598
mot_patch_large_1d-p3-bs.512-ep.100,mot_patch_large_1d,0.1,42,32,0.03159377236576612,0.1351923116148487,0.9818320902658252,0.9812554717063904,0.9960795563205201,0.6202860480284828,0.8661567877629063,0.8650022149085999,0.9418738049713193
mot_patch_large_1d-p3-bs.512-ep.100,mot_patch_large_1d,0.1,42,33,0.028711035421746366,0.13229111946661856,0.9825970548862115,0.982230544090271,0.9962707974756168,0.6238932578559131,0.8604206500956023,0.8586482405662537,0.9434034416826004
mot_patch_large_1d-p3-bs.512-ep.100,mot_patch_large_1d,0.1,42,34,0.025912316294914226,0.13174014058207026,0.9832185886402753,0.9827545881271362,0.9964620386307134,0.6248396973764919,0.8638623326959847,0.8635815382003784,0.9422562141491396
mot_patch_large_1d-p3-bs.512-ep.100,mot_patch_large_1d,0.1,42,35,0.023208660251050155,0.12968354285344677,0.9836488812392427,0.9831298589706421,0.9965098489194875,0.6198844501210901,0.8684512428298279,0.8669474124908447,0.9445506692160612
mot_patch_large_1d-p3-bs.512-ep.100,mot_patch_large_1d,0.1,42,36,0.020610737385376346,0.12816523568628851,0.9847963281698221,0.9844444394111633,0.9966054694970358,0.6188489049616097,0.8646271510516252,0.8635006546974182,0.9426386233269598
mot_patch_large_1d-p3-bs.512-ep.100,mot_patch_large_1d,0.1,42,37,0.01812880051256551,0.12714774550705846,0.9848919487473704,0.9845119714736938,0.9967967106521324,0.6205902887348007,0.8653919694072658,0.8640304803848267,0.9434034416826004
mot_patch_large_1d-p3-bs.512-ep.100,mot_patch_large_1d,0.1,42,38,0.015772644703565562,0.12684836586430415,0.9844616561484031,0.9840095043182373,0.9968445209409065,0.6241032806454836,0.8646271510516252,0.8630428314208984,0.9434034416826004
mot_patch_large_1d-p3-bs.512-ep.100,mot_patch_large_1d,0.1,42,39,0.013551568628929433,0.12567736482866454,0.985083189902467,0.9846483469009399,0.9967010900745841,0.6203112024194196,0.8661567877629063,0.8652479648590088,0.944168260038241
mot_patch_large_1d-p3-bs.512-ep.100,mot_patch_large_1d,0.1,42,40,0.011474337861210542,0.12494541874212753,0.9858003442340791,0.9853783249855042,0.9967489003633582,0.6200037560545008,0.8669216061185469,0.8657310009002686,0.9430210325047801
mot_patch_large_1d-p3-bs.512-ep.100,mot_patch_large_1d,0.1,42,41,0.009549150281252632,0.12464816111135857,0.9857047236565308,0.9853174090385437,0.9967489003633582,0.6205658119449652,0.864244741873805,0.861920177936554,0.944168260038241
mot_patch_large_1d-p3-bs.512-ep.100,mot_patch_large_1d,0.1,42,42,0.007783603724899257,0.1242076812134256,0.9858003442340791,0.9853602647781372,0.9967967106521324,0.6202751064847578,0.8653919694072658,0.8641865253448486,0.9437858508604207
mot_patch_large_1d-p3-bs.512-ep.100,mot_patch_large_1d,0.1,42,43,0.0061846659978068205,0.12388322307311639,0.9859915853891758,0.9855882525444031,0.9968923312296806,0.620246742788282,0.8673040152963671,0.8660717606544495,0.9434034416826004
mot_patch_large_1d-p3-bs.512-ep.100,mot_patch_large_1d,0.1,42,44,0.004758647376699033,0.12365771192600632,0.9858481545228533,0.9854304790496826,0.9969401415184548,0.6207536817736653,0.8665391969407266,0.8649453520774841,0.9422562141491396
mot_patch_large_1d-p3-bs.512-ep.100,mot_patch_large_1d,0.1,42,45,0.0035111757055874327,0.12350890624589277,0.9859915853891758,0.9855809807777405,0.9968923312296806,0.6208086046616388,0.8665391969407266,0.8648064136505127,0.9426386233269598
mot_patch_large_1d-p3-bs.512-ep.100,mot_patch_large_1d,0.1,42,46,0.0024471741852423235,0.12341381395996176,0.9860872059667241,0.9856630563735962,0.9968923312296806,0.6206062171017007,0.865774378585086,0.8642264008522034,0.9426386233269598
mot_patch_large_1d-p3-bs.512-ep.100,mot_patch_large_1d,0.1,42,47,0.0015708419435684518,0.12334098996475928,0.9861350162554982,0.9857167601585388,0.9968923312296806,0.6205322134335228,0.8669216061185469,0.8654277324676514,0.9430210325047801
mot_patch_large_1d-p3-bs.512-ep.100,mot_patch_large_1d,0.1,42,48,0.000885637463565564,0.12330779538689893,0.9861350162554982,0.9857318997383118,0.9968923312296806,0.6205193178603572,0.8661567877629063,0.8647169470787048,0.9430210325047801
mot_patch_large_1d-p3-bs.512-ep.100,mot_patch_large_1d,0.1,42,49,0.00039426493427611173,0.1232921916227036,0.9861828265442724,0.9857776165008545,0.9968923312296806,0.620545281871555,0.8665391969407266,0.8650110363960266,0.9430210325047801
mot_patch_large_1d-p3-bs.512-ep.100,mot_patch_large_1d,0.1,42,50,9.866357858642205e-05,0.12328838723000844,0.9861828265442724,0.9857776165008545,0.9968923312296806,0.6205299457674045,0.8665391969407266,0.8650110363960266,0.9430210325047801
mot_patch_large_1d-p3-bs.512-ep.100,mot_patch_large_1d,0.3,42,1,0.3,0.9564290136970874,0.7814113597246127,0.780886173248291,0.9164276152227959,1.2830528740673175,0.7338432122370937,0.7366752624511719,0.8864244741873805
mot_patch_large_1d-p3-bs.512-ep.100,mot_patch_large_1d,0.3,42,2,0.29970400926424073,0.627179779042521,0.8495888315165424,0.8463944792747498,0.9471696309045706,1.0039963724052472,0.7862332695984704,0.7841401696205139,0.9116634799235181
mot_patch_large_1d-p3-bs.512-ep.100,mot_patch_large_1d,0.3,42,3,0.2988172051971717,0.5273847626919362,0.8652706062344616,0.8652406334877014,0.9576878944348823,0.9392367069397556,0.8065009560229446,0.8034482002258301,0.9227533460803059
mot_patch_large_1d-p3-bs.512-ep.100,mot_patch_large_1d,0.3,42,4,0.29734308760930334,0.44072803281009665,0.8896538535092752,0.8887819051742554,0.9653853509275196,0.9282147664640875,0.8126195028680688,0.8104966878890991,0.9246653919694072
mot_patch_large_1d-p3-bs.512-ep.100,mot_patch_large_1d,0.3,42,5,0.2952874741692947,0.47999536245633867,0.8732549244597437,0.8742866516113281,0.9700707592273857,1.0126229324486697,0.7996175908221798,0.801230251789093,0.9216061185468452
mot_patch_large_1d-p3-bs.512-ep.100,mot_patch_large_1d,0.3,42,6,0.2926584774442731,0.3252491910864778,0.9175272518646013,0.9169924855232239,0.9777204054312488,0.8663214149256281,0.8309751434034417,0.8267489671707153,0.9334608030592734
mot_patch_large_1d-p3-bs.512-ep.100,mot_patch_large_1d,0.3,42,7,0.28946647288323774,0.2974738187419682,0.91843564735131,0.9171167016029358,0.9805890227576974,0.8834863462138131,0.8309751434034417,0.82680344581604,0.9326959847036329
mot_patch_large_1d-p3-bs.512-ep.100,mot_patch_large_1d,0.3,42,8,0.28572405786990296,0.3088246417971181,0.9252725186460127,0.9247186183929443,0.9818799005545994,0.9263321448010651,0.8302103250478011,0.8246670365333557,0.9296367112810707
mot_patch_large_1d-p3-bs.512-ep.100,mot_patch_large_1d,0.3,42,9,0.28144600200657954,0.2329798092872195,0.9361254541977434,0.9356971979141235,0.9856091030789826,0.8621579230401529,0.8294455066921607,0.8296272158622742,0.9319311663479923
mot_patch_large_1d-p3-bs.512-ep.100,mot_patch_large_1d,0.3,42,10,0.27664918882530226,0.22382726637850667,0.9428188946261236,0.9412183165550232,0.9867087397207879,0.8576388605238147,0.8325047801147227,0.8284841179847717,0.9319311663479923
mot_patch_large_1d-p3-bs.512-ep.100,mot_patch_large_1d,0.3,42,11,0.27135254915624213,0.19127091246185624,0.9477911646586346,0.9470765590667725,0.990055459934978,0.8491386690741515,0.8355640535372849,0.8337702751159668,0.930019120458891
mot_patch_large_1d-p3-bs.512-ep.100,mot_patch_large_1d,0.3,42,12,0.2655769864163684,0.16222353305523016,0.9572576018359151,0.957264244556427,0.9918244406196214,0.8503123339913771,0.834416826003824,0.8314387798309326,0.9353728489483748
mot_patch_large_1d-p3-bs.512-ep.100,mot_patch_large_1d,0.3,42,13,0.2593452941132117,0.19877320513211877,0.9533371581564353,0.9523389935493469,0.9886689615605279,0.8585099842078827,0.8347992351816443,0.830055832862854,0.9346080305927342
mot_patch_large_1d-p3-bs.512-ep.100,mot_patch_large_1d,0.3,42,14,0.2526820658893033,0.13641546326081186,0.9636641805316504,0.963275134563446,0.9938324727481354,0.8480946265488692,0.8420650095602294,0.838472843170166,0.9338432122370937
mot_patch_large_1d-p3-bs.512-ep.100,mot_patch_large_1d,0.3,42,15,0.24561359846230346,0.12827614127027986,0.9665806081468732,0.9665936231613159,0.9944540065021993,0.8281140883611675,0.8458891013384321,0.8462388515472412,0.9372848948374761
mot_patch_large_1d-p3-bs.512-ep.100,mot_patch_large_1d,0.3,42,16,0.23816778784387102,0.11227065226753119,0.9719831707783515,0.9714546203613281,0.9956014534327787,0.8205927890755706,0.8504780114722753,0.8468583822250366,0.9380497131931166
mot_patch_large_1d-p3-bs.512-ep.100,mot_patch_large_1d,0.3,42,17,0.2303740192468495,0.09671859430933938,0.9776247848537005,0.9773247241973877,0.9964620386307134,0.7907721845871176,0.8516252390057362,0.8505456447601318,0.9422562141491396
mot_patch_large_1d-p3-bs.512-ep.100,mot_patch_large_1d,0.3,42,18,0.22226305111525732,0.08426238027066249,0.9815452285331804,0.9813929796218872,0.9971791929623255,0.7960551829000732,0.8504780114722753,0.8461496233940125,0.9411089866156788
mot_patch_large_1d-p3-bs.512-ep.100,mot_patch_large_1d,0.3,42,19,0.21386689373476092,0.08318815943866051,0.9823101931535666,0.9816357493400574,0.9973704341174221,0.7900880306674235,0.8504780114722753,0.8472055196762085,0.944168260038241
mot_patch_large_1d-p3-bs.512-ep.100,mot_patch_large_1d,0.3,42,20,0.20521868290270173,0.07347576760452366,0.9844616561484031,0.9846253991127014,0.9977529164276152,0.7995624870460758,0.8535372848948375,0.8525550365447998,0.9403441682600382
mot_patch_large_1d-p3-bs.512-ep.100,mot_patch_large_1d,0.3,42,21,0.19635254915624212,0.07408096699578787,0.9859915853891758,0.9857409000396729,0.9987091222030982,0.7875888350360936,0.8546845124282982,0.8523278832435608,0.9434034416826004
mot_patch_large_1d-p3-bs.512-ep.100,mot_patch_large_1d,0.3,42,22,0.18730348307472822,0.06953876507307334,0.985752533945305,0.9859362244606018,0.9987569324918723,0.8081764323305674,0.848565965583174,0.8470981121063232,0.9380497131931166
mot_patch_large_1d-p3-bs.512-ep.100,mot_patch_large_1d,0.3,42,23,0.17810719718785872,0.06256343120825544,0.988716771849302,0.9882180094718933,0.998661311914324,0.7791442054179613,0.8577437858508604,0.8544248342514038,0.944168260038241
mot_patch_large_1d-p3-bs.512-ep.100,mot_patch_large_1d,0.3,42,24,0.1687999850346457,0.05343598720675834,0.9921113023522662,0.9917622208595276,0.998661311914324,0.7786727569755131,0.8539196940726578,0.8516682386398315,0.9437858508604207
mot_patch_large_1d-p3-bs.512-ep.100,mot_patch_large_1d,0.3,42,25,0.15941857792939704,0.054893099200454265,0.9911072862880091,0.9907768964767456,0.998995983935743,0.7701562155729043,0.8554493307839388,0.8530298471450806,0.9449330783938814
mot_patch_large_1d-p3-bs.512-ep.100,mot_patch_large_1d,0.3,42,26,0.15000000000000002,0.05193641443260771,0.9920634920634921,0.9916589260101318,0.9991872250908396,0.7880079032358203,0.8550669216061185,0.8533399701118469,0.941491395793499
mot_patch_large_1d-p3-bs.512-ep.100,mot_patch_large_1d,0.3,42,27,0.140581422070603,0.04804603556278993,0.9942627653471027,0.9940577745437622,0.999330655957162,0.7668353604085131,0.858508604206501,0.8560580611228943,0.9426386233269598
mot_patch_large_1d-p3-bs.512-ep.100,mot_patch_large_1d,0.3,42,28,0.13120001496535438,0.04427925057724891,0.9953145917001339,0.9951918721199036,0.9994262765347103,0.7680826190780727,0.860038240917782,0.8573561310768127,0.945697896749522
mot_patch_large_1d-p3-bs.512-ep.100,mot_patch_large_1d,0.3,42,29,0.12189280281214132,0.04195753011769149,0.995697074010327,0.9954978227615356,0.9995697074010327,0.7788909168134001,0.8539196940726578,0.851565420627594,0.9445506692160612
mot_patch_large_1d-p3-bs.512-ep.100,mot_patch_large_1d,0.3,42,30,0.11269651692527179,0.04160854102412107,0.9963186077643909,0.9961675405502319,0.9993784662459361,0.772391911172958,0.8569789674952198,0.8537649512290955,0.9453154875717017
mot_patch_large_1d-p3-bs.512-ep.100,mot_patch_large_1d,0.3,42,31,0.10364745084375795,0.0405633898612577,0.9966054694970358,0.9964345693588257,0.9995218971122586,0.7758008967849994,0.8573613766730401,0.8540603518486023,0.9430210325047801
mot_patch_large_1d-p3-bs.512-ep.100,mot_patch_large_1d,0.3,42,32,0.09478131709729837,0.04010201031105266,0.9957448842991011,0.9956056475639343,0.999665327978581,0.7655782418770726,0.8588910133843213,0.8568122386932373,0.9418738049713193
mot_patch_large_1d-p3-bs.512-ep.100,mot_patch_large_1d,0.3,42,33,0.08613310626523911,0.03788679933930975,0.9966532797858099,0.9964019656181335,0.9997609485561293,0.7740644961880452,0.8588910133843213,0.8564393520355225,0.9453154875717017
mot_patch_large_1d-p3-bs.512-ep.100,mot_patch_large_1d,0.3,42,34,0.0777369488847427,0.03698182819586772,0.9976094855612928,0.9975214600563049,0.9997131382673551,0.7708270479570611,0.8573613766730401,0.8543625473976135,0.9460803059273423
mot_patch_large_1d-p3-bs.512-ep.100,mot_patch_large_1d,0.3,42,35,0.06962598075315048,0.03590604330048458,0.9972748135398738,0.9972056746482849,0.999665327978581,0.7656705546333502,0.8581261950286807,0.8556632995605469,0.9460803059273423
mot_patch_large_1d-p3-bs.512-ep.100,mot_patch_large_1d,0.3,42,36,0.06183221215612905,0.0354745421999612,0.9978485370051635,0.9977959990501404,0.9998087588449034,0.765174060478721,0.8588910133843213,0.8568065762519836,0.9460803059273423
mot_patch_large_1d-p3-bs.512-ep.100,mot_patch_large_1d,0.3,42,37,0.05438640153769654,0.03458051185440119,0.9981832090265825,0.9981059432029724,0.9998087588449034,0.7673829321195701,0.8623326959847036,0.8597425818443298,0.945697896749522
mot_patch_large_1d-p3-bs.512-ep.100,mot_patch_large_1d,0.3,42,38,0.047317934110696694,0.03457901862069329,0.9982788296041308,0.998215913772583,0.9998087588449034,0.7720480938942437,0.8588910133843213,0.8565828800201416,0.9453154875717017
mot_patch_large_1d-p3-bs.512-ep.100,mot_patch_large_1d,0.3,42,39,0.0406547058867883,0.033895075059023706,0.9983266398929049,0.9982722997665405,0.9999521897112259,0.7668055765943363,0.8604206500956023,0.8581395149230957,0.945697896749522
mot_patch_large_1d-p3-bs.512-ep.100,mot_patch_large_1d,0.3,42,40,0.03442301358363163,0.033420389988700984,0.9983266398929049,0.9982589483261108,0.9998087588449034,0.765984726681536,0.8588910133843213,0.8561221361160278,0.945697896749522
mot_patch_large_1d-p3-bs.512-ep.100,mot_patch_large_1d,0.3,42,41,0.0286474508437579,0.03332644470177091,0.9984700707592273,0.9983828067779541,0.9998087588449034,0.768201469873607,0.8581261950286807,0.855518639087677,0.9460803059273423
mot_patch_large_1d-p3-bs.512-ep.100,mot_patch_large_1d,0.3,42,42,0.023350811174697773,0.03311172803106215,0.9984222604704532,0.998329758644104,0.9999521897112259,0.7662510757008657,0.8604206500956023,0.8577318787574768,0.9464627151051626
mot_patch_large_1d-p3-bs.512-ep.100,mot_patch_large_1d,0.3,42,43,0.018553997993420463,0.0329871840574108,0.9984222604704532,0.9983291625976562,0.9999043794224517,0.7663462068109166,0.8596558317399617,0.8571569323539734,0.945697896749522
mot_patch_large_1d-p3-bs.512-ep.100,mot_patch_large_1d,0.3,42,44,0.014275942130097098,0.03285889063357486,0.9984700707592273,0.9983856081962585,0.9999521897112259,0.7670074010670299,0.8604206500956023,0.858054518699646,0.9460803059273423
mot_patch_large_1d-p3-bs.512-ep.100,mot_patch_large_1d,0.3,42,45,0.010533527116762299,0.03280431640310027,0.9985656913367756,0.9984964728355408,0.9999521897112259,0.7674392758546322,0.8604206500956023,0.858054518699646,0.9460803059273423
mot_patch_large_1d-p3-bs.512-ep.100,mot_patch_large_1d,0.3,42,46,0.00734152255572697,0.0327609491624119,0.9986135016255498,0.9985437989234924,0.9999521897112259,0.766683213068012,0.8604206500956023,0.8578975200653076,0.945697896749522
mot_patch_large_1d-p3-bs.512-ep.100,mot_patch_large_1d,0.3,42,47,0.004712525830705355,0.03273427101138172,0.9986135016255498,0.9985530972480774,0.9999521897112259,0.766584687387966,0.8608030592734226,0.8583322763442993,0.945697896749522
mot_patch_large_1d-p3-bs.512-ep.100,mot_patch_large_1d,0.3,42,48,0.0026569123906966916,0.032721358791868556,0.9985656913367756,0.9984893798828125,0.9999521897112259,0.7665996310815757,0.8604206500956023,0.8576656579971313,0.945697896749522
mot_patch_large_1d-p3-bs.512-ep.100,mot_patch_large_1d,0.3,42,49,0.001182794802828335,0.03271560148929269,0.9985656913367756,0.9984893798828125,0.9999521897112259,0.7666974653021555,0.8608030592734226,0.8583322763442993,0.945697896749522
mot_patch_large_1d-p3-bs.512-ep.100,mot_patch_large_1d,0.3,42,50,0.0002959907357592661,0.03271425603042029,0.9985656913367756,0.9984893798828125,0.9999521897112259,0.7666746529748745,0.8608030592734226,0.8583322763442993,0.945697896749522
mot_patch_large_1d-p3-bs.512-ep.100,mot_patch_large_1d,0.5,42,1,0.5,1.4899992695682749,0.7535379613692866,0.7507307529449463,0.9024192006119717,1.9613944744744676,0.7093690248565966,0.7148735523223877,0.8711281070745698
mot_patch_large_1d-p3-bs.512-ep.100,mot_patch_large_1d,0.5,42,2,0.4995066821070679,1.0415569994093514,0.815978198508319,0.8123871684074402,0.9331134060049723,1.578638052712435,0.7674952198852772,0.7688849568367004,0.8963671128107075
mot_patch_large_1d-p3-bs.512-ep.100,mot_patch_large_1d,0.5,42,3,0.4980286753286195,0.8369588634894395,0.8457640084146109,0.8441116213798523,0.9476955440810862,1.567179114959892,0.7881453154875717,0.7851105332374573,0.9055449330783939
mot_patch_large_1d-p3-bs.512-ep.100,mot_patch_large_1d,0.5,42,4,0.4955718126821722,0.725155749770555,0.8637884872824632,0.8611350059509277,0.9555842417288201,1.5408408724783027,0.7827915869980879,0.780967116355896,0.9070745697896749
mot_patch_large_1d-p3-bs.512-ep.100,mot_patch_large_1d,0.5,42,5,0.49214579028215777,0.8033170393671856,0.8549913941480206,0.853310763835907,0.9589309619430101,1.6632094199069372,0.7847036328871893,0.7812162637710571,0.9066921606118546
mot_patch_large_1d-p3-bs.512-ep.100,mot_patch_large_1d,0.5,42,6,0.4877641290737884,0.5409193804943897,0.8945783132530121,0.8933699131011963,0.9711703958691911,1.3732354246179643,0.8114722753346081,0.8096124529838562,0.9281070745697897
mot_patch_large_1d-p3-bs.512-ep.100,mot_patch_large_1d,0.5,42,7,0.48244412147206284,0.46810462919834533,0.9003633581946835,0.8991524577140808,0.9745649263721553,1.4181992598291109,0.8076481835564053,0.8031368851661682,0.9258126195028681
mot_patch_large_1d-p3-bs.512-ep.100,mot_patch_large_1d,0.5,42,8,0.4762067631165049,0.45417155396940606,0.9119812583668006,0.9116226434707642,0.9780072671638936,1.4288549594623865,0.8164435946462715,0.8113163709640503,0.9231357552581262
mot_patch_large_1d-p3-bs.512-ep.100,mot_patch_large_1d,0.5,42,9,0.46907667001096587,0.35816420723863485,0.917096959265634,0.91535484790802,0.9814974182444062,1.336724316686335,0.8187380497131931,0.8185862898826599,0.9250478011472275
mot_patch_large_1d-p3-bs.512-ep.100,mot_patch_large_1d,0.5,42,10,0.46108198137550377,0.31113149940705387,0.9329699751386499,0.930961549282074,0.9848919487473704,1.3025761212263236,0.8210325047801147,0.8190087676048279,0.9346080305927342
mot_patch_large_1d-p3-bs.512-ep.100,mot_patch_large_1d,0.5,42,11,0.45225424859373686,0.29479452001590256,0.9338783706253586,0.9345502257347107,0.9867087397207879,1.29643373069982,0.8237093690248566,0.8219436407089233,0.92848948374761
mot_patch_large_1d-p3-bs.512-ep.100,mot_patch_large_1d,0.5,42,12,0.4426283106939473,0.23537588219816813,0.9387072097915471,0.937674880027771,0.9889080130043986,1.3149134677865082,0.8233269598470363,0.8200460076332092,0.92848948374761
mot_patch_large_1d-p3-bs.512-ep.100,mot_patch_large_1d,0.5,42,13,0.4322421568553529,0.27453986644106537,0.9413367756741251,0.9395154714584351,0.9862306368330465,1.3093858401588454,0.8256214149139579,0.8213069438934326,0.9311663479923518
mot_patch_large_1d-p3-bs.512-ep.100,mot_patch_large_1d,0.5,42,14,0.4211367764821722,0.1790720508554101,0.9523809523809523,0.9518568515777588,0.9915375788869765,1.2394353717052686,0.8363288718929255,0.8318819999694824,0.9307839388145316
mot_patch_large_1d-p3-bs.512-ep.100,mot_patch_large_1d,0.5,42,15,0.40935599743717244,0.17057946787712155,0.9571619812583668,0.9570339918136597,0.9923981640849111,1.2697270322256289,0.8374760994263862,0.8360040187835693,0.9326959847036329
mot_patch_large_1d-p3-bs.512-ep.100,mot_patch_large_1d,0.5,42,16,0.39694631307311834,0.129422437172361,0.9647638171734557,0.9642941951751709,0.9947408682348441,1.2214868549179165,0.832887189292543,0.829925000667572,0.9346080305927342
mot_patch_large_1d-p3-bs.512-ep.100,mot_patch_large_1d,0.5,42,17,0.38395669874474914,0.10792962866797003,0.9712182061579652,0.9708592891693115,0.9951233505450373,1.1836954062117218,0.8416826003824092,0.8392800092697144,0.935755258126195
mot_patch_large_1d-p3-bs.512-ep.100,mot_patch_large_1d,0.5,42,18,0.3704384185254288,0.08000586470697688,0.9776725951424746,0.977690577507019,0.9965098489194875,1.1676799270892462,0.8424474187380497,0.8396121263504028,0.9384321223709369
mot_patch_large_1d-p3-bs.512-ep.100,mot_patch_large_1d,0.5,42,19,0.35644482289126816,0.07102621264070369,0.9809236947791165,0.9802835583686829,0.9974182444061962,1.1406520296465144,0.8504780114722753,0.8490769267082214,0.9380497131931166
mot_patch_large_1d-p3-bs.512-ep.100,mot_patch_large_1d,0.5,42,20,0.34203113817116954,0.05409454696092717,0.9846528973034997,0.9847427606582642,0.9979919678714859,1.1427241950828304,0.850095602294455,0.8493711948394775,0.9422562141491396
mot_patch_large_1d-p3-bs.512-ep.100,mot_patch_large_1d,0.5,42,21,0.32725424859373686,0.06274200308206639,0.9846050870147256,0.9843466877937317,0.9984222604704532,1.1341425733402173,0.8539196940726578,0.8522605895996094,0.9395793499043977
mot_patch_large_1d-p3-bs.512-ep.100,mot_patch_large_1d,0.5,42,22,0.31217247179121366,0.050367257780977684,0.9861350162554982,0.986582338809967,0.9991872250908396,1.1554014129346917,0.8455066921606118,0.8432304263114929,0.9369024856596558
mot_patch_large_1d-p3-bs.512-ep.100,mot_patch_large_1d,0.5,42,23,0.2968453286464312,0.0431306278384719,0.988716771849302,0.9888550043106079,0.9987091222030982,1.1104438883852548,0.8523900573613766,0.8499629497528076,0.9380497131931166
mot_patch_large_1d-p3-bs.512-ep.100,mot_patch_large_1d,0.5,42,24,0.2813333083910761,0.030802166699610833,0.9930196978389749,0.9927659630775452,0.9991394148020654,1.1081760749306324,0.8523900573613766,0.8507925271987915,0.9384321223709369
mot_patch_large_1d-p3-bs.512-ep.100,mot_patch_large_1d,0.5,42,25,0.26569762988232837,0.031751076260011314,0.9930196978389749,0.9927697777748108,0.9992350353796137,1.0860491984205083,0.8539196940726578,0.8519946932792664,0.9422562141491396
mot_patch_large_1d-p3-bs.512-ep.100,mot_patch_large_1d,0.5,42,26,0.25,0.029262225775001472,0.9938802830369096,0.9934602975845337,0.9994740868234844,1.1151016906388176,0.8512428298279159,0.8492900133132935,0.9391969407265774
mot_patch_large_1d-p3-bs.512-ep.100,mot_patch_large_1d,0.5,42,27,0.23430237011767166,0.023594117289714316,0.9948842991011666,0.9945293664932251,0.9996175176898069,1.0696266539010217,0.8546845124282982,0.8524580597877502,0.9430210325047801
mot_patch_large_1d-p3-bs.512-ep.100,mot_patch_large_1d,0.5,42,28,0.21866669160892396,0.019856842438841577,0.9965098489194875,0.9964991211891174,0.9996175176898069,1.0755298125812247,0.8554493307839388,0.8538145422935486,0.9426386233269598
mot_patch_large_1d-p3-bs.512-ep.100,mot_patch_large_1d,0.5,42,29,0.20315467135356885,0.016675799631963018,0.9972270032510996,0.9971469044685364,0.9998565691336776,1.0983077069313532,0.8523900573613766,0.850358247756958,0.9395793499043977
mot_patch_large_1d-p3-bs.512-ep.100,mot_patch_large_1d,0.5,42,30,0.1878275282087863,0.01618912379328802,0.9972270032510996,0.9972409605979919,0.9998087588449034,1.0860574273716652,0.8523900573613766,0.8503839373588562,0.944168260038241
mot_patch_large_1d-p3-bs.512-ep.100,mot_patch_large_1d,0.5,42,31,0.17274575140626322,0.013618647697426024,0.9985178810480015,0.9984435439109802,0.9999521897112259,1.0791735647285419,0.8581261950286807,0.8562815189361572,0.9430210325047801
mot_patch_large_1d-p3-bs.512-ep.100,mot_patch_large_1d,0.5,42,32,0.15796886182883058,0.015155450972949461,0.9977051061388411,0.9976348876953125,0.9999043794224517,1.0688250510688038,0.8562141491395794,0.8539355993270874,0.944168260038241
mot_patch_large_1d-p3-bs.512-ep.100,mot_patch_large_1d,0.5,42,33,0.14355517710873184,0.012441899340338314,0.9987091222030982,0.9986957311630249,0.9999521897112259,1.0786072769310917,0.8535372848948375,0.8510372638702393,0.944168260038241
mot_patch_large_1d-p3-bs.512-ep.100,mot_patch_large_1d,0.5,42,34,0.12956158147457114,0.011764556155261311,0.9992350353796137,0.9992228150367737,0.9999521897112259,1.0749926623605177,0.8573613766730401,0.8553730249404907,0.9426386233269598
mot_patch_large_1d-p3-bs.512-ep.100,mot_patch_large_1d,0.5,42,35,0.11604330125525078,0.010957014126972798,0.9993784662459361,0.9993771910667419,1.0,1.069830161800348,0.8565965583173997,0.8541158437728882,0.9445506692160612
mot_patch_large_1d-p3-bs.512-ep.100,mot_patch_large_1d,0.5,42,36,0.10305368692688174,0.010624957284990745,0.9994740868234844,0.9994795322418213,1.0,1.0719500744092076,0.8573613766730401,0.8551551103591919,0.944168260038241
mot_patch_large_1d-p3-bs.512-ep.100,mot_patch_large_1d,0.5,42,37,0.09064400256282756,0.010368036692913961,0.9996175176898069,0.9995817542076111,0.9999521897112259,1.0701266753741934,0.8569789674952198,0.8547537326812744,0.9445506692160612
mot_patch_large_1d-p3-bs.512-ep.100,mot_patch_large_1d,0.5,42,38,0.07886322351782782,0.01028388823268746,0.9995697074010327,0.9995348453521729,0.9999521897112259,1.0761262284638093,0.8581261950286807,0.8558018207550049,0.9430210325047801
mot_patch_large_1d-p3-bs.512-ep.100,mot_patch_large_1d,0.5,42,39,0.06775784314464717,0.01006930624949679,0.9997131382673551,0.9996997714042664,0.9999521897112259,1.0725418003293798,0.8573613766730401,0.8549505472183228,0.9437858508604207
mot_patch_large_1d-p3-bs.512-ep.100,mot_patch_large_1d,0.5,42,40,0.057371689306052714,0.009808966063203809,0.9997609485561293,0.9997726678848267,1.0,1.0719512093363484,0.8581261950286807,0.8564346432685852,0.9437858508604207
mot_patch_large_1d-p3-bs.512-ep.100,mot_patch_large_1d,0.5,42,41,0.047745751406263165,0.00973498396223511,0.9998565691336776,0.9998449683189392,1.0,1.0733246929103055,0.8565965583173997,0.854409396648407,0.9445506692160612
mot_patch_large_1d-p3-bs.512-ep.100,mot_patch_large_1d,0.5,42,42,0.03891801862449629,0.009677162013846798,0.9999043794224517,0.999909520149231,1.0,1.0715380725167678,0.8588910133843213,0.8572446703910828,0.944168260038241
mot_patch_large_1d-p3-bs.512-ep.100,mot_patch_large_1d,0.5,42,43,0.030923329989034104,0.00962896533645255,0.9998565691336776,0.9998688697814941,1.0,1.0709344663310005,0.8577437858508604,0.8559584021568298,0.9434034416826004
mot_patch_large_1d-p3-bs.512-ep.100,mot_patch_large_1d,0.5,42,44,0.02379323688349516,0.00962015758892801,0.9998565691336776,0.9998688697814941,1.0,1.0716685774677341,0.8577437858508604,0.8557265400886536,0.944168260038241
mot_patch_large_1d-p3-bs.512-ep.100,mot_patch_large_1d,0.5,42,45,0.017555878527937163,0.009564095013432075,0.9998087588449034,0.9998149871826172,1.0,1.071863127028281,0.8577437858508604,0.8557265400886536,0.944168260038241
mot_patch_large_1d-p3-bs.512-ep.100,mot_patch_large_1d,0.5,42,46,0.012235870926211617,0.00955055239700318,0.9998565691336776,0.9998688697814941,1.0,1.0713372866920485,0.8577437858508604,0.8557265400886536,0.944168260038241
mot_patch_large_1d-p3-bs.512-ep.100,mot_patch_large_1d,0.5,42,47,0.007854209717842259,0.009541361911343808,0.9998565691336776,0.9998688697814941,1.0,1.071369592728624,0.8577437858508604,0.8557265400886536,0.944168260038241
mot_patch_large_1d-p3-bs.512-ep.100,mot_patch_large_1d,0.5,42,48,0.00442818731782782,0.00953598270044201,0.9998565691336776,0.9998688697814941,1.0,1.0712248938945237,0.8577437858508604,0.8557265400886536,0.944168260038241
mot_patch_large_1d-p3-bs.512-ep.100,mot_patch_large_1d,0.5,42,49,0.0019713246713805588,0.00953364630010165,0.9998565691336776,0.9998688697814941,1.0,1.071334115314666,0.8577437858508604,0.8557265400886536,0.944168260038241
mot_patch_large_1d-p3-bs.512-ep.100,mot_patch_large_1d,0.5,42,50,0.0004933178929321103,0.00953316816917271,0.9998565691336776,0.9998688697814941,1.0,1.0713147194390087,0.8577437858508604,0.8557265400886536,0.944168260038241
mot_patch_large_1d-p3-bs.512-ep.100,mot_patch_large_1d,0.7,42,1,0.7,2.2503501985469314,0.7414419583094282,0.7394447326660156,0.8906578695735322,2.97137385818744,0.698661567877629,0.6986683011054993,0.8539196940726578
mot_patch_large_1d-p3-bs.512-ep.100,mot_patch_large_1d,0.7,42,2,0.699309354949895,1.5450092019485822,0.8061292790208453,0.8029370307922363,0.9298623063683304,2.418258985005191,0.7521988527724666,0.7491415143013,0.8879541108986616
mot_patch_large_1d-p3-bs.512-ep.100,mot_patch_large_1d,0.7,42,3,0.6972401454600672,1.0488443509596306,0.8482501434308664,0.8476330041885376,0.9511856951615988,2.0190258485637247,0.7831739961759082,0.7797917127609253,0.9135755258126195
mot_patch_large_1d-p3-bs.512-ep.100,mot_patch_large_1d,0.7,42,4,0.6938005377550409,0.9685093722304233,0.8651749856569134,0.86397385597229,0.9575444635685599,2.1387497385874763,0.7923518164435946,0.7898502945899963,0.9116634799235181
mot_patch_large_1d-p3-bs.512-ep.100,mot_patch_large_1d,0.7,42,5,0.6890041063950206,1.0036596304418754,0.8614457831325302,0.8634196519851685,0.9614170969592656,2.1347654324416676,0.7866156787762907,0.783943772315979,0.9139579349904398
mot_patch_large_1d-p3-bs.512-ep.100,mot_patch_large_1d,0.7,42,6,0.6828697807033035,0.8002737867921095,0.8829126027921209,0.8834078311920166,0.9697360872059667,2.0697442020102623,0.8026768642447418,0.8015953302383423,0.9181644359464627
mot_patch_large_1d-p3-bs.512-ep.100,mot_patch_large_1d,0.7,42,7,0.6754217700608878,0.7171207084371246,0.8891279403327597,0.8882572650909424,0.9706444826926754,2.080220536474516,0.8045889101338433,0.7973617315292358,0.9196940726577438
mot_patch_large_1d-p3-bs.512-ep.100,mot_patch_large_1d,0.7,42,8,0.6666894683631067,0.6186988379718651,0.8983075157773953,0.897061824798584,0.9775291642761522,2.008534914676819,0.8141491395793499,0.8101015686988831,0.9273422562141491
mot_patch_large_1d-p3-bs.512-ep.100,mot_patch_large_1d,0.7,42,9,0.6567073380153521,0.4692728844079262,0.9167144769554408,0.9156144857406616,0.9798240581373111,1.845323259926207,0.8187380497131931,0.8187457323074341,0.9292543021032504
mot_patch_large_1d-p3-bs.512-ep.100,mot_patch_large_1d,0.7,42,10,0.6455147739257051,0.5495144991693225,0.9158538917575062,0.9134203195571899,0.9795850066934404,1.937865216052783,0.817208413001912,0.8110288381576538,0.9239005736137668
mot_patch_large_1d-p3-bs.512-ep.100,mot_patch_large_1d,0.7,42,11,0.6331559480312314,0.49237471867939053,0.9201568177471792,0.9200549125671387,0.9823101931535666,1.8872203761259412,0.815678776290631,0.8149255514144897,0.9273422562141491
mot_patch_large_1d-p3-bs.512-ep.100,mot_patch_large_1d,0.7,42,12,0.619679634971526,0.3749970230848298,0.9284279977051061,0.9291969537734985,0.9854656722126601,1.9338587219354983,0.8137667304015297,0.8117042779922485,0.92848948374761
mot_patch_large_1d-p3-bs.512-ep.100,mot_patch_large_1d,0.7,42,13,0.6051390195974938,0.3878936651594713,0.9314400458978772,0.9299303293228149,0.9858481545228533,1.850829952670329,0.822944550669216,0.8176692128181458,0.9269598470363288
mot_patch_large_1d-p3-bs.512-ep.100,mot_patch_large_1d,0.7,42,14,0.5895914870750408,0.24961521555301813,0.9451137884872824,0.9441710114479065,0.9904857525339453,1.7751089675932497,0.8263862332695985,0.8221443891525269,0.931548757170172
mot_patch_large_1d-p3-bs.512-ep.100,mot_patch_large_1d,0.7,42,15,0.5730983964120412,0.273549291446483,0.9417670682730924,0.9421223402023315,0.9899120290686556,1.8545705178955545,0.8244741873804972,0.8206347823143005,0.9304015296367113
mot_patch_large_1d-p3-bs.512-ep.100,mot_patch_large_1d,0.7,42,16,0.5557248383023655,0.1973038945513779,0.9563970166379805,0.9539740085601807,0.9935934213042646,1.7384526881843407,0.8351816443594646,0.8303849697113037,0.9346080305927342
mot_patch_large_1d-p3-bs.512-ep.100,mot_patch_large_1d,0.7,42,17,0.5375393782426486,0.15584071743560124,0.9639032319755211,0.9635121822357178,0.994023713903232,1.6743585006684691,0.8351816443594646,0.8346889019012451,0.9311663479923518
mot_patch_large_1d-p3-bs.512-ep.100,mot_patch_large_1d,0.7,42,18,0.5186137859356001,0.13128022213209456,0.9680149168100975,0.967154860496521,0.9954102122776821,1.6855337751983002,0.838623326959847,0.8352075815200806,0.9365200764818356
mot_patch_large_1d-p3-bs.512-ep.100,mot_patch_large_1d,0.7,42,19,0.49902275204777524,0.13620107635915518,0.9681105373876459,0.968722403049469,0.9952667814113597,1.7024504243985645,0.8332695984703633,0.8312289714813232,0.9349904397705545
mot_patch_large_1d-p3-bs.512-ep.100,mot_patch_large_1d,0.7,42,20,0.47884359343963717,0.1016903832611099,0.9733218588640276,0.9736239910125732,0.9960795563205201,1.694030184043753,0.834416826003824,0.831838071346283,0.9384321223709369
mot_patch_large_1d-p3-bs.512-ep.100,mot_patch_large_1d,0.7,42,21,0.45815594803123144,0.07719611958293346,0.9798240581373111,0.9797523617744446,0.9983266398929049,1.5928450604469782,0.8420650095602294,0.8383824229240417,0.939961759082218
mot_patch_large_1d-p3-bs.512-ep.100,mot_patch_large_1d,0.7,42,22,0.437041460507699,0.05974096083701181,0.9824536240198891,0.9828845262527466,0.9982310193153566,1.5890703686336713,0.8455066921606118,0.8431338667869568,0.9407265774378585
mot_patch_large_1d-p3-bs.512-ep.100,mot_patch_large_1d,0.7,42,23,0.4155834601050035,0.05903986957085209,0.9844616561484031,0.9847349524497986,0.9977529164276152,1.571857462604005,0.8462715105162524,0.8442900776863098,0.9388145315487572
mot_patch_large_1d-p3-bs.512-ep.100,mot_patch_large_1d,0.7,42,24,0.3938666317475064,0.03593239651201765,0.9897685982023331,0.9896600246429443,0.9989003633581947,1.550391827030802,0.8478011472275334,0.8473430871963501,0.9391969407265774
mot_patch_large_1d-p3-bs.512-ep.100,mot_patch_large_1d,0.7,42,25,0.37197668183525956,0.06551677524508454,0.9860872059667241,0.9851440191268921,0.9988047427806463,1.5619603523560737,0.8466539196940727,0.843324601650238,0.9426386233269598
mot_patch_large_1d-p3-bs.512-ep.100,mot_patch_large_1d,0.7,42,26,0.34999999999999987,0.027929455669535166,0.9920156817747179,0.9919158220291138,0.9997131382673551,1.5477595604628496,0.8504780114722753,0.8490016460418701,0.9384321223709369
mot_patch_large_1d-p3-bs.512-ep.100,mot_patch_large_1d,0.7,42,27,0.3280233181647402,0.022209176392953285,0.9937846624593613,0.9935182929039001,0.9993784662459361,1.494175746472798,0.8546845124282982,0.8522611260414124,0.9434034416826004
mot_patch_large_1d-p3-bs.512-ep.100,mot_patch_large_1d,0.7,42,28,0.3061333682524934,0.022040899046482102,0.9949321093899407,0.994862973690033,0.9996175176898069,1.5091364318964358,0.8546845124282982,0.8531168103218079,0.9434034416826004
mot_patch_large_1d-p3-bs.512-ep.100,mot_patch_large_1d,0.7,42,29,0.28441653989499627,0.013318630334343936,0.9967967106521324,0.9967788457870483,0.9997609485561293,1.5308664588125895,0.8520076481835565,0.8511962294578552,0.9418738049713193
mot_patch_large_1d-p3-bs.512-ep.100,mot_patch_large_1d,0.7,42,30,0.2629585394923007,0.011500003686907484,0.9968445209409065,0.996860682964325,0.9998087588449034,1.5152644199349456,0.8504780114722753,0.848559558391571,0.9395793499043977
mot_patch_large_1d-p3-bs.512-ep.100,mot_patch_large_1d,0.7,42,31,0.2418440519687684,0.007727866903657005,0.9983266398929049,0.9983674883842468,1.0,1.493872029466793,0.8531548757170172,0.8505306839942932,0.9422562141491396
mot_patch_large_1d-p3-bs.512-ep.100,mot_patch_large_1d,0.7,42,32,0.2211564065603627,0.009693651800830224,0.9976094855612928,0.9976119995117188,0.9999043794224517,1.4768349466998536,0.8550669216061185,0.8525782823562622,0.9437858508604207
mot_patch_large_1d-p3-bs.512-ep.100,mot_patch_large_1d,0.7,42,33,0.20097724795222446,0.006630358924716284,0.9990437942245172,0.9990354180335999,0.9999521897112259,1.498773234205082,0.8543021032504781,0.8519901037216187,0.9426386233269598
mot_patch_large_1d-p3-bs.512-ep.100,mot_patch_large_1d,0.7,42,34,0.1813862140643995,0.005798270373747143,0.9992350353796137,0.9992185831069946,1.0,1.4894265344448345,0.8535372848948375,0.8512820601463318,0.9434034416826004
mot_patch_large_1d-p3-bs.512-ep.100,mot_patch_large_1d,0.7,42,35,0.16246062175735101,0.004241836796765643,0.9997131382673551,0.9997158050537109,1.0,1.4827717359845543,0.8546845124282982,0.852469801902771,0.9437858508604207
mot_patch_large_1d-p3-bs.512-ep.100,mot_patch_large_1d,0.7,42,36,0.14427516169763435,0.004072733338139303,0.9995697074010327,0.9995845556259155,1.0,1.4847982315442758,0.8539196940726578,0.8516671657562256,0.9434034416826004
mot_patch_large_1d-p3-bs.512-ep.100,mot_patch_large_1d,0.7,42,37,0.12690160358795852,0.003791019346491628,0.9999521897112259,0.9999544024467468,1.0,1.4812675811592526,0.8550669216061185,0.8525771498680115,0.9437858508604207
mot_patch_large_1d-p3-bs.512-ep.100,mot_patch_large_1d,0.7,42,38,0.11040851292495889,0.0037002895774736894,0.9997609485561293,0.9997574090957642,1.0,1.4852376234007156,0.8550669216061185,0.8523978590965271,0.944168260038241
mot_patch_large_1d-p3-bs.512-ep.100,mot_patch_large_1d,0.7,42,39,0.09486098040250598,0.0035990756129723796,0.9999521897112259,0.9999482035636902,1.0,1.484480343995541,0.8554493307839388,0.8528951406478882,0.9430210325047801
mot_patch_large_1d-p3-bs.512-ep.100,mot_patch_large_1d,0.7,42,40,0.08032036502847376,0.003446270903185235,0.9999521897112259,0.9999593496322632,1.0,1.4840215883564996,0.8558317399617591,0.8537008762359619,0.9434034416826004
mot_patch_large_1d-p3-bs.512-ep.100,mot_patch_large_1d,0.7,42,41,0.06684405196876839,0.003403040450611336,1.0,1.0,1.0,1.4848549370555988,0.8546845124282982,0.8520162105560303,0.9430210325047801
mot_patch_large_1d-p3-bs.512-ep.100,mot_patch_large_1d,0.7,42,42,0.05448522607429477,0.0033878281354180347,1.0,1.0,1.0,1.48453440620612,0.8550669216061185,0.8524161577224731,0.9430210325047801
mot_patch_large_1d-p3-bs.512-ep.100,mot_patch_large_1d,0.7,42,43,0.04329266198464772,0.0033566896581221184,1.0,1.0,1.0,1.4835439765886413,0.8550669216061185,0.8523978590965271,0.9434034416826004
mot_patch_large_1d-p3-bs.512-ep.100,mot_patch_large_1d,0.7,42,44,0.03331053163689321,0.0033629026465569613,1.0,1.0,1.0,1.483461830037046,0.8543021032504781,0.8517037034034729,0.9430210325047801
mot_patch_large_1d-p3-bs.512-ep.100,mot_patch_large_1d,0.7,42,45,0.024578229939112014,0.003328318463816176,1.0,1.0,1.0,1.483503936125717,0.8554493307839388,0.8527103662490845,0.9430210325047801
mot_patch_large_1d-p3-bs.512-ep.100,mot_patch_large_1d,0.7,42,46,0.017130219296696253,0.003322407464340235,1.0,1.0,1.0,1.4832333975038838,0.8550669216061185,0.8524161577224731,0.9430210325047801
mot_patch_large_1d-p3-bs.512-ep.100,mot_patch_large_1d,0.7,42,47,0.010995893604979155,0.003317521494626429,1.0,1.0,1.0,1.483265613096394,0.8550669216061185,0.8524161577224731,0.9430210325047801
mot_patch_large_1d-p3-bs.512-ep.100,mot_patch_large_1d,0.7,42,48,0.006199462244958943,0.0033150572318360735,1.0,1.0,1.0,1.483130728902142,0.8550669216061185,0.8524161577224731,0.9430210325047801
mot_patch_large_1d-p3-bs.512-ep.100,mot_patch_large_1d,0.7,42,49,0.0027598545399327803,0.0033138455521350245,1.0,1.0,1.0,1.483197359920232,0.8554493307839388,0.8527103662490845,0.9430210325047801
mot_patch_large_1d-p3-bs.512-ep.100,mot_patch_large_1d,0.7,42,50,0.0006906450501049539,0.0033135957446688105,1.0,1.0,1.0,1.4831847531845648,0.8550669216061185,0.8524161577224731,0.9430210325047801
mot_patch_large_1d-p3-bs.512-ep.100,mot_patch_large_1d,1.0,42,1,1.0,3.2958245218130706,0.7426372155287818,0.7366331219673157,0.8960126219162364,4.245232524105969,0.7059273422562141,0.7065542340278625,0.8653919694072658
mot_patch_large_1d-p3-bs.512-ep.100,mot_patch_large_1d,1.0,42,2,0.9990133642141358,2.417001417477014,0.8015873015873016,0.7967768907546997,0.9224995218971123,3.6331282839948313,0.7422562141491396,0.7408292889595032,0.887189292543021
mot_patch_large_1d-p3-bs.512-ep.100,mot_patch_large_1d,1.0,42,3,0.996057350657239,2.0471705631672665,0.810671256454389,0.8090686798095703,0.942962325492446,3.480310093604356,0.752963671128107,0.7484610676765442,0.9036328871892926
mot_patch_large_1d-p3-bs.512-ep.100,mot_patch_large_1d,1.0,42,4,0.9911436253643444,1.5331968579517539,0.8562822719449226,0.8520300388336182,0.9518072289156626,3.0204190985422517,0.794263862332696,0.7899314761161804,0.9131931166347992
mot_patch_large_1d-p3-bs.512-ep.100,mot_patch_large_1d,1.0,42,5,0.9842915805643155,1.7736692773290428,0.8356282271944923,0.8386337757110596,0.9577357047236565,3.6075105510295917,0.767112810707457,0.7685233950614929,0.9108986615678776
mot_patch_large_1d-p3-bs.512-ep.100,mot_patch_large_1d,1.0,42,6,0.9755282581475768,1.1933939774739946,0.8778925224708357,0.8804700374603271,0.9672499521897112,2.935901088969885,0.805736137667304,0.8062007427215576,0.9216061185468452
mot_patch_large_1d-p3-bs.512-ep.100,mot_patch_large_1d,1.0,42,7,0.9648882429441257,1.2118390573555207,0.8722987186842609,0.869175136089325,0.9661503155479059,3.2849371769688096,0.788527724665392,0.7835303544998169,0.9112810707456979
mot_patch_large_1d-p3-bs.512-ep.100,mot_patch_large_1d,1.0,42,8,0.9524135262330098,1.033236472596172,0.8926659017020463,0.8903149962425232,0.9729871868426085,3.104906415483464,0.8030592734225621,0.8004801869392395,0.9204588910133843
mot_patch_large_1d-p3-bs.512-ep.100,mot_patch_large_1d,1.0,42,9,0.9381533400219317,0.8025929765050192,0.9085867278638363,0.9067785739898682,0.975473321858864,2.855898073389699,0.8133843212237094,0.8138821125030518,0.9227533460803059
mot_patch_large_1d-p3-bs.512-ep.100,mot_patch_large_1d,1.0,42,10,0.9221639627510075,0.678419096060888,0.9144195830942818,0.9122050404548645,0.9813061770893097,2.926698236118995,0.8126195028680688,0.8088510036468506,0.9250478011472275
mot_patch_large_1d-p3-bs.512-ep.100,mot_patch_large_1d,1.0,42,11,0.9045084971874737,0.7528181440585383,0.909160451329126,0.9074815511703491,0.9814017976668579,2.9373259418553195,0.8122370936902485,0.8088827729225159,0.9227533460803059
mot_patch_large_1d-p3-bs.512-ep.100,mot_patch_large_1d,1.0,42,12,0.8852566213878946,0.6658493774893361,0.9148976859820234,0.9132301211357117,0.9827404857525339,2.9734037643636846,0.8065009560229446,0.8020183444023132,0.931548757170172
mot_patch_large_1d-p3-bs.512-ep.100,mot_patch_large_1d,1.0,42,13,0.8644843137107058,0.648591439088824,0.9229776247848537,0.9203205704689026,0.9856091030789826,2.7962282782530923,0.815678776290631,0.8107105493545532,0.931548757170172
mot_patch_large_1d-p3-bs.512-ep.100,mot_patch_large_1d,1.0,42,14,0.8422735529643444,0.4026567909042291,0.9369382291069038,0.9358874559402466,0.9892426850258176,2.6880195398859494,0.8225621414913958,0.8176591992378235,0.9304015296367113
mot_patch_large_1d-p3-bs.512-ep.100,mot_patch_large_1d,1.0,42,15,0.8187119948743449,0.44916134722763096,0.9353604895773571,0.9355353713035583,0.9885255306942053,2.6668316784597947,0.8286806883365201,0.8300380706787109,0.9304015296367113
mot_patch_large_1d-p3-bs.512-ep.100,mot_patch_large_1d,1.0,42,16,0.7938926261462367,0.34720122387006147,0.9463090457066361,0.945568859577179,0.9902467010900746,2.669509677631677,0.8294455066921607,0.8265091776847839,0.930019120458891
mot_patch_large_1d-p3-bs.512-ep.100,mot_patch_large_1d,1.0,42,17,0.7679133974894983,0.28087318900667685,0.9526200038248231,0.9518001079559326,0.9934978007267163,2.5073641366758035,0.8321223709369024,0.8284155130386353,0.9330783938814532
mot_patch_large_1d-p3-bs.512-ep.100,mot_patch_large_1d,1.0,42,18,0.7408768370508576,0.23903698327550926,0.9576400841461082,0.9569036364555359,0.9933065595716198,2.5582390692220365,0.827151051625239,0.8250501751899719,0.9349904397705545
mot_patch_large_1d-p3-bs.512-ep.100,mot_patch_large_1d,1.0,42,19,0.7128896457825363,0.21213250100857717,0.9630426467775866,0.9630709290504456,0.9945018167909734,2.4645745301109883,0.8378585086042065,0.83628249168396,0.9342256214149139
mot_patch_large_1d-p3-bs.512-ep.100,mot_patch_large_1d,1.0,42,20,0.6840622763423391,0.147821743428482,0.9705488621151271,0.9700267910957336,0.9964620386307134,2.4250981172229773,0.8367112810707457,0.834872841835022,0.9361376673040153
mot_patch_large_1d-p3-bs.512-ep.100,mot_patch_large_1d,1.0,42,21,0.6545084971874737,0.14463907193558512,0.9720309810671256,0.9725831747055054,0.995697074010327,2.389599711489267,0.8382409177820268,0.8370947241783142,0.9361376673040153
mot_patch_large_1d-p3-bs.512-ep.100,mot_patch_large_1d,1.0,42,22,0.6243449435824273,0.14264815776997336,0.9739912029068656,0.9746235013008118,0.9960795563205201,2.442852719017014,0.838623326959847,0.8394892811775208,0.9353728489483748
mot_patch_large_1d-p3-bs.512-ep.100,mot_patch_large_1d,1.0,42,23,0.5936906572928624,0.1298529640914825,0.9757123733027347,0.9756479859352112,0.9966054694970358,2.322050834932929,0.837093690248566,0.8363462090492249,0.9361376673040153
mot_patch_large_1d-p3-bs.512-ep.100,mot_patch_large_1d,1.0,42,24,0.5626666167821522,0.05321531750073524,0.9869477911646586,0.9869229197502136,0.9982310193153566,2.236264679947045,0.8439770554493308,0.842877209186554,0.9388145315487572
mot_patch_large_1d-p3-bs.512-ep.100,mot_patch_large_1d,1.0,42,25,0.5313952597646567,0.07051840897011546,0.9861350162554982,0.9857146739959717,0.9987091222030982,2.240609954192123,0.8458891013384321,0.8461981415748596,0.9418738049713193
mot_patch_large_1d-p3-bs.512-ep.100,mot_patch_large_1d,1.0,42,26,0.5,0.0346661044682014,0.9914419583094282,0.9916266798973083,0.9990916045132913,2.258503066695671,0.8462715105162524,0.8460446000099182,0.9391969407265774
mot_patch_large_1d-p3-bs.512-ep.100,mot_patch_large_1d,1.0,42,27,0.4686047402353433,0.026180392312522508,0.9926850258175559,0.9923327565193176,0.9995697074010327,2.2005675598494636,0.847036328871893,0.8461236357688904,0.9380497131931166
mot_patch_large_1d-p3-bs.512-ep.100,mot_patch_large_1d,1.0,42,28,0.4373333832178479,0.03031658461131476,0.9930675081277491,0.9930377006530762,0.9994740868234844,2.23227920094594,0.8458891013384321,0.8431099057197571,0.9418738049713193
mot_patch_large_1d-p3-bs.512-ep.100,mot_patch_large_1d,1.0,42,29,0.4063093427071377,0.01403250962354743,0.9960795563205201,0.9959443807601929,0.9997131382673551,2.2216119594829262,0.8489483747609943,0.8490095734596252,0.9403441682600382
mot_patch_large_1d-p3-bs.512-ep.100,mot_patch_large_1d,1.0,42,30,0.3756550564175726,0.018555979319305072,0.9956492637215528,0.9958522915840149,0.9997609485561293,2.223013784142343,0.8458891013384321,0.8453580737113953,0.941491395793499
mot_patch_large_1d-p3-bs.512-ep.100,mot_patch_large_1d,1.0,42,31,0.34549150281252644,0.009251044855999329,0.9972748135398738,0.9971476197242737,0.9999043794224517,2.1852772466539196,0.8481835564053537,0.8469770550727844,0.9411089866156788
mot_patch_large_1d-p3-bs.512-ep.100,mot_patch_large_1d,1.0,42,32,0.31593772365766115,0.01013038987557438,0.9970357620960031,0.9970711469650269,0.9998087588449034,2.1657251945189264,0.8497131931166348,0.8493210077285767,0.9426386233269598
mot_patch_large_1d-p3-bs.512-ep.100,mot_patch_large_1d,1.0,42,33,0.28711035421746367,0.008306418856163112,0.9980397781602601,0.9980273246765137,0.9999521897112259,2.1841379723630947,0.8481835564053537,0.8484456539154053,0.9411089866156788
mot_patch_large_1d-p3-bs.512-ep.100,mot_patch_large_1d,1.0,42,34,0.2591231629491423,0.004262945343408827,0.998995983935743,0.999006986618042,1.0,2.1690487454999703,0.8493307839388146,0.8493279814720154,0.9422562141491396
mot_patch_large_1d-p3-bs.512-ep.100,mot_patch_large_1d,1.0,42,35,0.23208660251050156,0.002784041068656486,0.999330655957162,0.9993340969085693,1.0,2.1575928201183077,0.8512428298279159,0.8512516617774963,0.9411089866156788
mot_patch_large_1d-p3-bs.512-ep.100,mot_patch_large_1d,1.0,42,36,0.2061073738537635,0.0017792178359047237,0.9997131382673551,0.999722957611084,1.0,2.165443901805987,0.850095602294455,0.8500263690948486,0.9430210325047801
mot_patch_large_1d-p3-bs.512-ep.100,mot_patch_large_1d,1.0,42,37,0.18128800512565513,0.0014613703473708522,0.9999043794224517,0.9999033212661743,1.0,2.1613878414234287,0.8504780114722753,0.8502676486968994,0.9422562141491396
mot_patch_large_1d-p3-bs.512-ep.100,mot_patch_large_1d,1.0,42,38,0.15772644703565564,0.001376319753847123,0.9999043794224517,0.9999086856842041,1.0,2.161764106239917,0.8504780114722753,0.8503798842430115,0.941491395793499
mot_patch_large_1d-p3-bs.512-ep.100,mot_patch_large_1d,1.0,42,39,0.13551568628929433,0.0012307155959815396,0.9999521897112259,0.9999551177024841,1.0,2.1631159882700466,0.850095602294455,0.8500840663909912,0.9422562141491396
mot_patch_large_1d-p3-bs.512-ep.100,mot_patch_large_1d,1.0,42,40,0.11474337861210543,0.001142813782172937,1.0,1.0,1.0,2.162771203823345,0.8504780114722753,0.8503798842430115,0.9418738049713193
mot_patch_large_1d-p3-bs.512-ep.100,mot_patch_large_1d,1.0,42,41,0.09549150281252633,0.0011154714018729124,1.0,1.0,1.0,2.1633972926531877,0.850095602294455,0.8499952554702759,0.9418738049713193
mot_patch_large_1d-p3-bs.512-ep.100,mot_patch_large_1d,1.0,42,42,0.07783603724899257,0.0011102626837368255,1.0,1.0,1.0,2.1639446659708113,0.850095602294455,0.8500118851661682,0.9418738049713193
mot_patch_large_1d-p3-bs.512-ep.100,mot_patch_large_1d,1.0,42,43,0.06184665997806821,0.0010902166427489812,1.0,1.0,1.0,2.1630752767705097,0.8504780114722753,0.8504118919372559,0.941491395793499
mot_patch_large_1d-p3-bs.512-ep.100,mot_patch_large_1d,1.0,42,44,0.04758647376699032,0.0010864070209153217,1.0,1.0,1.0,2.1631334527272794,0.8504780114722753,0.8504118919372559,0.941491395793499
mot_patch_large_1d-p3-bs.512-ep.100,mot_patch_large_1d,1.0,42,45,0.035111757055874326,0.0010757730455545832,1.0,1.0,1.0,2.1628948058498523,0.8504780114722753,0.8504118919372559,0.9418738049713193
mot_patch_large_1d-p3-bs.512-ep.100,mot_patch_large_1d,1.0,42,46,0.024471741852423234,0.0010721420679190837,1.0,1.0,1.0,2.162794071584085,0.8504780114722753,0.8504118919372559,0.9418738049713193
mot_patch_large_1d-p3-bs.512-ep.100,mot_patch_large_1d,1.0,42,47,0.015708419435684517,0.0010697727863170844,1.0,1.0,1.0,2.16289324496034,0.8504780114722753,0.8504118919372559,0.9418738049713193
mot_patch_large_1d-p3-bs.512-ep.100,mot_patch_large_1d,1.0,42,48,0.00885637463565564,0.0010686024113688785,1.0,1.0,1.0,2.1628093712188545,0.8504780114722753,0.8504118919372559,0.9418738049713193
mot_patch_large_1d-p3-bs.512-ep.100,mot_patch_large_1d,1.0,42,49,0.0039426493427611176,0.0010679400057387093,1.0,1.0,1.0,2.162876935853101,0.8504780114722753,0.8504118919372559,0.9418738049713193
mot_patch_large_1d-p3-bs.512-ep.100,mot_patch_large_1d,1.0,42,50,0.0009866357858642205,0.0010678087790217197,1.0,1.0,1.0,2.162868734618674,0.8504780114722753,0.8504118919372559,0.9418738049713193
mot_patch_large_1d-p3-bs.512-ep.200,mot_patch_large_1d,0.1,42,1,0.1,1.2208887626573537,0.7385733409829796,0.731687068939209,0.8898929049531459,1.3711015544475607,0.6925430210325048,0.6864343285560608,0.8627151051625239
mot_patch_large_1d-p3-bs.512-ep.200,mot_patch_large_1d,0.1,42,2,0.09990133642141358,0.9197884138511823,0.8034997131382674,0.7977390885353088,0.9203480589022758,1.088175500464941,0.7586998087954111,0.7532797455787659,0.8998087954110898
mot_patch_large_1d-p3-bs.512-ep.200,mot_patch_large_1d,0.1,42,3,0.0996057350657239,0.7772776420769807,0.8330942818894627,0.8284907341003418,0.9333046471600689,0.9725386129054695,0.7824091778202676,0.7811048030853271,0.9108986615678776
mot_patch_large_1d-p3-bs.512-ep.200,mot_patch_large_1d,0.1,42,4,0.09911436253643444,0.6966082045306529,0.8498278829604131,0.8462095856666565,0.9400937081659974,0.9225817795237438,0.7889101338432123,0.7859859466552734,0.9151051625239006
mot_patch_large_1d-p3-bs.512-ep.200,mot_patch_large_1d,0.1,42,5,0.09842915805643154,0.6284992395292667,0.8681392235609103,0.8652917742729187,0.9446834958883151,0.8647557231253922,0.8022944550669217,0.800681471824646,0.9204588910133843
mot_patch_large_1d-p3-bs.512-ep.200,mot_patch_large_1d,0.1,42,6,0.09755282581475767,0.5886586658538334,0.8732549244597437,0.8708056807518005,0.9494645247657296,0.8411214591440234,0.7992351816443595,0.7989450097084045,0.9189292543021033
mot_patch_large_1d-p3-bs.512-ep.200,mot_patch_large_1d,0.1,42,7,0.09648882429441256,0.5500167984195548,0.8827691719257984,0.8795455694198608,0.954580225664563,0.81266738570671,0.8114722753346081,0.8070392608642578,0.9181644359464627
mot_patch_large_1d-p3-bs.512-ep.200,mot_patch_large_1d,0.1,42,8,0.09524135262330098,0.5232462858374065,0.8868330464716007,0.8843391537666321,0.9567316886593995,0.8060040023541132,0.8103250478011472,0.809995710849762,0.9212237093690249
mot_patch_large_1d-p3-bs.512-ep.200,mot_patch_large_1d,0.1,42,9,0.09381533400219318,0.5011398864763602,0.8924268502581756,0.890086829662323,0.9588353413654619,0.7860882272228,0.8152963671128107,0.8141117095947266,0.9196940726577438
mot_patch_large_1d-p3-bs.512-ep.200,mot_patch_large_1d,0.1,42,10,0.09221639627510075,0.4755288002071063,0.8985943775100401,0.8954683542251587,0.9613214763817174,0.781835866020013,0.8145315487571702,0.8126367330551147,0.9212237093690249
mot_patch_large_1d-p3-bs.512-ep.200,mot_patch_large_1d,0.1,42,11,0.09045084971874737,0.46298994801882964,0.8991681009753298,0.8966395854949951,0.9629470262000382,0.7727406642177137,0.8175908221797323,0.8156365752220154,0.9208413001912046
mot_patch_large_1d-p3-bs.512-ep.200,mot_patch_large_1d,0.1,42,12,0.08852566213878946,0.43909587776211806,0.908156435264869,0.9060949683189392,0.9647160068846816,0.754774798216373,0.8225621414913958,0.820406973361969,0.9246653919694072
mot_patch_large_1d-p3-bs.512-ep.200,mot_patch_large_1d,0.1,42,13,0.08644843137107057,0.4229815157177025,0.9116465863453815,0.9095041751861572,0.9667718493019698,0.7461532636536695,0.8240917782026769,0.8226410746574402,0.9261950286806884
mot_patch_large_1d-p3-bs.512-ep.200,mot_patch_large_1d,0.1,42,14,0.08422735529643442,0.4158054535282709,0.9113597246127366,0.9085376262664795,0.9685408299866132,0.7578685621914398,0.821414913957935,0.8189248442649841,0.9258126195028681
mot_patch_large_1d-p3-bs.512-ep.200,mot_patch_large_1d,0.1,42,15,0.08187119948743447,0.4018851659748882,0.9152323580034424,0.9132702350616455,0.9701185695161598,0.7434787990942056,0.8202676864244742,0.8185333013534546,0.9265774378585087
mot_patch_large_1d-p3-bs.512-ep.200,mot_patch_large_1d,0.1,42,16,0.07938926261462366,0.3921354387385094,0.917096959265634,0.9144984483718872,0.9719353604895774,0.7466137508589269,0.8221797323135756,0.8197963237762451,0.92848948374761
mot_patch_large_1d-p3-bs.512-ep.200,mot_patch_large_1d,0.1,42,17,0.07679133974894982,0.37993132523219153,0.9203480589022758,0.9177789092063904,0.9727481353987378,0.7366674747795265,0.8237093690248566,0.8213566541671753,0.9269598470363288
mot_patch_large_1d-p3-bs.512-ep.200,mot_patch_large_1d,0.1,42,18,0.07408768370508576,0.37157668910534486,0.9225473321858864,0.920108437538147,0.9732262382864793,0.7338401123396981,0.8221797323135756,0.8193177580833435,0.9277246653919694
mot_patch_large_1d-p3-bs.512-ep.200,mot_patch_large_1d,0.1,42,19,0.07128896457825362,0.3631375705473143,0.9260852935551731,0.9245645403862,0.9738955823293173,0.7302300506066638,0.827151051625239,0.8250079154968262,0.9304015296367113
mot_patch_large_1d-p3-bs.512-ep.200,mot_patch_large_1d,0.1,42,20,0.06840622763423389,0.3583220406001739,0.9257028112449799,0.9240686893463135,0.9751864601262191,0.7379066306819879,0.822944550669216,0.82036292552948,0.930019120458891
mot_patch_large_1d-p3-bs.512-ep.200,mot_patch_large_1d,0.1,42,21,0.06545084971874736,0.35055553628144925,0.9275674125071716,0.9258264303207397,0.9755211321476381,0.7260351469138384,0.8233269598470363,0.8206148743629456,0.9296367112810707
mot_patch_large_1d-p3-bs.512-ep.200,mot_patch_large_1d,0.1,42,22,0.06243449435824272,0.34453204640650936,0.9286192388602027,0.9266563653945923,0.9765729585006694,0.7336785814274337,0.8244741873804972,0.8217024207115173,0.9307839388145316
mot_patch_large_1d-p3-bs.512-ep.200,mot_patch_large_1d,0.1,42,23,0.05936906572928623,0.3373599062460197,0.9317269076305221,0.9299758076667786,0.9781028877414419,0.7221474160655734,0.8286806883365201,0.8265870809555054,0.9292543021032504
mot_patch_large_1d-p3-bs.512-ep.200,mot_patch_large_1d,0.1,42,24,0.056266661678215216,0.3305851858280931,0.9338305603365844,0.9317907094955444,0.9788678523618283,0.7209877714372274,0.8248565965583174,0.8229243755340576,0.930019120458891
mot_patch_large_1d-p3-bs.512-ep.200,mot_patch_large_1d,0.1,42,25,0.053139525976465665,0.3276200946509485,0.9345477146681966,0.9325544834136963,0.97877223178428,0.7207470319467111,0.8275334608030592,0.8244563937187195,0.9304015296367113
mot_patch_large_1d-p3-bs.512-ep.200,mot_patch_large_1d,0.1,42,26,0.049999999999999996,0.3261184739802075,0.9324440619621343,0.9307411313056946,0.9796328169822146,0.7250990450040332,0.8279158699808795,0.8252607583999634,0.9311663479923518
mot_patch_large_1d-p3-bs.512-ep.200,mot_patch_large_1d,0.1,42,27,0.046860474023534326,0.31942349880916665,0.9372250908395486,0.9352139830589294,0.9793937655383439,0.7195861028667617,0.827151051625239,0.825063169002533,0.9311663479923518
mot_patch_large_1d-p3-bs.512-ep.200,mot_patch_large_1d,0.1,42,28,0.04373333832178478,0.31507062173341105,0.9376075731497419,0.9359531402587891,0.9806846433352457,0.7209662384558362,0.8256214149139579,0.8235445618629456,0.9323135755258126
mot_patch_large_1d-p3-bs.512-ep.200,mot_patch_large_1d,0.1,42,29,0.040630934270713764,0.31294532696725214,0.9377031937272902,0.9361467957496643,0.9818799005545994,0.7197336878876841,0.8252390057361376,0.8228765726089478,0.9334608030592734
mot_patch_large_1d-p3-bs.512-ep.200,mot_patch_large_1d,0.1,42,30,0.03756550564175726,0.30954190234331813,0.9384203480589023,0.9367608428001404,0.9818320902658252,0.7243654984133193,0.8260038240917782,0.8240501880645752,0.930019120458891
mot_patch_large_1d-p3-bs.512-ep.200,mot_patch_large_1d,0.1,42,31,0.03454915028125265,0.30608324613368726,0.9399502772996748,0.9384419918060303,0.9817842799770511,0.7158822768960811,0.8244741873804972,0.8215038776397705,0.9319311663479923
mot_patch_large_1d-p3-bs.512-ep.200,mot_patch_large_1d,0.1,42,32,0.03159377236576612,0.3046071438653493,0.9394243641231593,0.937882661819458,0.9822145725760184,0.7177574471351521,0.8290630975143404,0.8269854784011841,0.9304015296367113
mot_patch_large_1d-p3-bs.512-ep.200,mot_patch_large_1d,0.1,42,33,0.028711035421746366,0.30127032178381613,0.9413845859628992,0.939942479133606,0.9823101931535666,0.7161522064792495,0.8267686424474188,0.8252974152565002,0.9342256214149139
mot_patch_large_1d-p3-bs.512-ep.200,mot_patch_large_1d,0.1,42,34,0.025912316294914226,0.29990197760034276,0.9421973608720596,0.9407641887664795,0.9827404857525339,0.7188748521968922,0.8260038240917782,0.8246593475341797,0.9319311663479923
mot_patch_large_1d-p3-bs.512-ep.200,mot_patch_large_1d,0.1,42,35,0.023208660251050155,0.2974360962628999,0.9431057563587684,0.9417116045951843,0.9829317269076305,0.7165580523401556,0.8267686424474188,0.825075089931488,0.9326959847036329
mot_patch_large_1d-p3-bs.512-ep.200,mot_patch_large_1d,0.1,42,36,0.020610737385376346,0.29632356222010087,0.943296997513865,0.9417300224304199,0.9835054503729203,0.7145720735334757,0.827151051625239,0.825060248374939,0.9338432122370937
mot_patch_large_1d-p3-bs.512-ep.200,mot_patch_large_1d,0.1,42,37,0.01812880051256551,0.29492683113362234,0.9440141518454771,0.942492663860321,0.9832663989290495,0.7152880980453346,0.8279158699808795,0.8261184096336365,0.9326959847036329
mot_patch_large_1d-p3-bs.512-ep.200,mot_patch_large_1d,0.1,42,38,0.015772644703565562,0.2942042096346463,0.9433926180914133,0.941769540309906,0.9836488812392427,0.7173349726952285,0.8263862332695985,0.8247474431991577,0.9323135755258126
mot_patch_large_1d-p3-bs.512-ep.200,mot_patch_large_1d,0.1,42,39,0.013551568628929433,0.292674536275508,0.9443966341556703,0.9431076049804688,0.9833142092178236,0.7153211677507506,0.8252390057361376,0.8231611847877502,0.9330783938814532
mot_patch_large_1d-p3-bs.512-ep.200,mot_patch_large_1d,0.1,42,40,0.011474337861210542,0.29177053144771936,0.944301013578122,0.9427856206893921,0.983744501816791,0.7142563887353609,0.827151051625239,0.824988842010498,0.9326959847036329
mot_patch_large_1d-p3-bs.512-ep.200,mot_patch_large_1d,0.1,42,41,0.009549150281252632,0.2910976501102998,0.9449225473321858,0.943459153175354,0.9837923121055652,0.7141965687388899,0.8263862332695985,0.8242097496986389,0.9334608030592734
mot_patch_large_1d-p3-bs.512-ep.200,mot_patch_large_1d,0.1,42,42,0.007783603724899257,0.29059838674154626,0.9448269267546376,0.9435089230537415,0.9839357429718876,0.7140298774091965,0.8252390057361376,0.8234121203422546,0.9330783938814532
mot_patch_large_1d-p3-bs.512-ep.200,mot_patch_large_1d,0.1,42,43,0.0061846659978068205,0.2901812969418597,0.9447791164658634,0.9433975219726562,0.983744501816791,0.7146828945006741,0.8244741873804972,0.8225359320640564,0.9326959847036329
mot_patch_large_1d-p3-bs.512-ep.200,mot_patch_large_1d,0.1,42,44,0.004758647376699033,0.28986519758640683,0.9447791164658634,0.9433476328849792,0.9837923121055652,0.7145272672518261,0.8263862332695985,0.8240396976470947,0.9330783938814532
mot_patch_large_1d-p3-bs.512-ep.200,mot_patch_large_1d,0.1,42,45,0.0035111757055874327,0.28963417832722377,0.9452094090648308,0.9438081383705139,0.983744501816791,0.7145401176029592,0.8256214149139579,0.8236308097839355,0.9326959847036329
mot_patch_large_1d-p3-bs.512-ep.200,mot_patch_large_1d,0.1,42,46,0.0024471741852423235,0.2894815346277747,0.9451615987760567,0.943840742111206,0.9838401223943393,0.7144947774095699,0.8256214149139579,0.8237094283103943,0.9326959847036329
mot_patch_large_1d-p3-bs.512-ep.200,mot_patch_large_1d,0.1,42,47,0.0015708419435684518,0.28938582568625504,0.94497035762096,0.9436004757881165,0.9837923121055652,0.7145377602221633,0.8244741873804972,0.8225969076156616,0.9326959847036329
mot_patch_large_1d-p3-bs.512-ep.200,mot_patch_large_1d,0.1,42,48,0.000885637463565564,0.2893340143972292,0.9449225473321858,0.9435243010520935,0.983744501816791,0.7145149938463025,0.8252390057361376,0.8233969211578369,0.9326959847036329
mot_patch_large_1d-p3-bs.512-ep.200,mot_patch_large_1d,0.1,42,49,0.00039426493427611173,0.28931018521485263,0.9450181679097341,0.943650484085083,0.9837923121055652,0.7145462182010337,0.8252390057361376,0.8233969211578369,0.9326959847036329
mot_patch_large_1d-p3-bs.512-ep.200,mot_patch_large_1d,0.1,42,50,9.866357858642205e-05,0.2893041865869881,0.9451137884872824,0.9437434673309326,0.9837923121055652,0.7145304765573651,0.8252390057361376,0.8233969211578369,0.9326959847036329
mot_patch_large_1d-p3-bs.512-ep.200,mot_patch_large_1d,0.3,42,1,0.3,0.9364606569501359,0.7739529546758462,0.7698781490325928,0.9093038821954484,1.1760045213863453,0.7231357552581262,0.7207866907119751,0.877246653919694
mot_patch_large_1d-p3-bs.512-ep.200,mot_patch_large_1d,0.3,42,2,0.29970400926424073,0.7308923944184009,0.8233887932683114,0.8186095952987671,0.9328265442723274,1.0064616974635516,0.7663479923518165,0.7611995935440063,0.8998087954110898
mot_patch_large_1d-p3-bs.512-ep.200,mot_patch_large_1d,0.3,42,3,0.2988172051971717,0.6227727097748206,0.8472461273666093,0.8436247110366821,0.9461178045515395,0.9430476391064733,0.778585086042065,0.7746741771697998,0.9108986615678776
mot_patch_large_1d-p3-bs.512-ep.200,mot_patch_large_1d,0.3,42,4,0.29734308760930334,0.5406271415997883,0.8643622107477529,0.8612544536590576,0.9541977433543699,0.9036321344612661,0.7808795411089866,0.7817055583000183,0.9116634799235181
mot_patch_large_1d-p3-bs.512-ep.200,mot_patch_large_1d,0.3,42,5,0.2952874741692947,0.5021548169045403,0.8763625932300632,0.876129150390625,0.9541021227768216,0.8950756007353161,0.7919694072657744,0.7935302257537842,0.9158699808795411
mot_patch_large_1d-p3-bs.512-ep.200,mot_patch_large_1d,0.3,42,6,0.2926584774442731,0.4508280362880442,0.8885064065786957,0.8877623677253723,0.9632338879326832,0.8517123957209104,0.795793499043977,0.7935548424720764,0.9196940726577438
mot_patch_large_1d-p3-bs.512-ep.200,mot_patch_large_1d,0.3,42,7,0.28946647288323774,0.4071513359440424,0.8977337923121056,0.8944460153579712,0.9686842608529356,0.8346955498135569,0.8045889101338433,0.8009640574455261,0.9204588910133843
mot_patch_large_1d-p3-bs.512-ep.200,mot_patch_large_1d,0.3,42,8,0.28572405786990296,0.37859993396787484,0.903853509275196,0.9031980633735657,0.9713616370242876,0.8274029777337215,0.804206500956023,0.8035760521888733,0.918546845124283
mot_patch_large_1d-p3-bs.512-ep.200,mot_patch_large_1d,0.3,42,9,0.28144600200657954,0.3708891199250184,0.9052878179384204,0.903827428817749,0.9733218588640276,0.8231262834304606,0.8095602294455067,0.8076114654541016,0.9212237093690249
mot_patch_large_1d-p3-bs.512-ep.200,mot_patch_large_1d,0.3,42,10,0.27664918882530226,0.3530711461080149,0.9111684834576401,0.9081007242202759,0.9745171160833811,0.8301882479432436,0.8114722753346081,0.8082199096679688,0.9235181644359465
mot_patch_large_1d-p3-bs.512-ep.200,mot_patch_large_1d,0.3,42,11,0.27135254915624213,0.3334370202009617,0.9179097341747944,0.9166110157966614,0.9788200420730542,0.8214703868041758,0.8107074569789675,0.8076905608177185,0.9273422562141491
mot_patch_large_1d-p3-bs.512-ep.200,mot_patch_large_1d,0.3,42,12,0.2655769864163684,0.29802767362756927,0.9269458787531076,0.9267172813415527,0.9805412124689233,0.7969018487583839,0.8206500956022944,0.8197331428527832,0.930019120458891
mot_patch_large_1d-p3-bs.512-ep.200,mot_patch_large_1d,0.3,42,13,0.2593452941132117,0.29973446613836296,0.9245075540256263,0.9226282238960266,0.9815452285331804,0.809270519599404,0.8107074569789675,0.8045604228973389,0.9258126195028681
mot_patch_large_1d-p3-bs.512-ep.200,mot_patch_large_1d,0.3,42,14,0.2526820658893033,0.2939789890217083,0.9263243449990438,0.9245519042015076,0.9821667622872442,0.846487595975741,0.8084130019120459,0.803983211517334,0.9258126195028681
mot_patch_large_1d-p3-bs.512-ep.200,mot_patch_large_1d,0.3,42,15,0.24561359846230346,0.25986673590739795,0.9367947982405814,0.9362202286720276,0.9853700516351118,0.7902668969353116,0.8145315487571702,0.8124818205833435,0.9304015296367113
mot_patch_large_1d-p3-bs.512-ep.200,mot_patch_large_1d,0.3,42,16,0.23816778784387102,0.2553348347023172,0.938659399502773,0.9383136034011841,0.9848441384585963,0.8334826263369384,0.8141491395793499,0.8137161135673523,0.9265774378585087
mot_patch_large_1d-p3-bs.512-ep.200,mot_patch_large_1d,0.3,42,17,0.2303740192468495,0.25550947993634693,0.9372729011283228,0.9360880851745605,0.9867565500095621,0.8242895137283588,0.8126195028680688,0.8111533522605896,0.9292543021032504
mot_patch_large_1d-p3-bs.512-ep.200,mot_patch_large_1d,0.3,42,18,0.22226305111525732,0.23027149380267886,0.9461178045515395,0.945584237575531,0.9885255306942053,0.8082786399593317,0.8164435946462715,0.8150657415390015,0.9265774378585087
mot_patch_large_1d-p3-bs.512-ep.200,mot_patch_large_1d,0.3,42,19,0.21386689373476092,0.2208767821807482,0.9501338688085676,0.9492015242576599,0.9889080130043986,0.8014284502251883,0.8152963671128107,0.8119018077850342,0.9311663479923518
mot_patch_large_1d-p3-bs.512-ep.200,mot_patch_large_1d,0.3,42,20,0.20521868290270173,0.21391916420929835,0.9513291260279212,0.9509134888648987,0.9901988908013004,0.8125108095245653,0.8160611854684512,0.8125510215759277,0.9323135755258126
mot_patch_large_1d-p3-bs.512-ep.200,mot_patch_large_1d,0.3,42,21,0.19635254915624212,0.21029800141284014,0.9523809523809523,0.9520649909973145,0.9899598393574297,0.805017572698356,0.8225621414913958,0.8206400871276855,0.9277246653919694
mot_patch_large_1d-p3-bs.512-ep.200,mot_patch_large_1d,0.3,42,22,0.18730348307472822,0.20646138126477614,0.9540543124880474,0.9537692070007324,0.9903423216676229,0.8174889092235674,0.8191204588910134,0.8174020648002625,0.9292543021032504
mot_patch_large_1d-p3-bs.512-ep.200,mot_patch_large_1d,0.3,42,23,0.17810719718785872,0.1910217008483093,0.959217823675655,0.9586029052734375,0.9916331994645248,0.7950709997581934,0.8175908221797323,0.8131226897239685,0.931548757170172
mot_patch_large_1d-p3-bs.512-ep.200,mot_patch_large_1d,0.3,42,24,0.1687999850346457,0.19387557456862245,0.9573054121246892,0.956218421459198,0.9920156817747179,0.8064466633258769,0.8168260038240918,0.8153740167617798,0.9326959847036329
mot_patch_large_1d-p3-bs.512-ep.200,mot_patch_large_1d,0.3,42,25,0.15941857792939704,0.18782600715434397,0.9606999426276535,0.9598323106765747,0.9926850258175559,0.7984839824144061,0.827151051625239,0.8237594366073608,0.9326959847036329
mot_patch_large_1d-p3-bs.512-ep.200,mot_patch_large_1d,0.3,42,26,0.15000000000000002,0.18471346600923375,0.9623254924459744,0.9619042873382568,0.9929718875502008,0.815878567230633,0.8175908221797323,0.8158326745033264,0.9311663479923518
mot_patch_large_1d-p3-bs.512-ep.200,mot_patch_large_1d,0.3,42,27,0.140581422070603,0.17535924624247723,0.9650028686173264,0.9638683199882507,0.9929718875502008,0.8046923825207449,0.821414913957935,0.8186168074607849,0.9342256214149139
mot_patch_large_1d-p3-bs.512-ep.200,mot_patch_large_1d,0.3,42,28,0.13120001496535438,0.17098483516782848,0.9664849875693249,0.9665321111679077,0.9934978007267163,0.8015074954206127,0.8195028680688337,0.816174328327179,0.9330783938814532
mot_patch_large_1d-p3-bs.512-ep.200,mot_patch_large_1d,0.3,42,29,0.12189280281214132,0.16774451721236636,0.9678236756550009,0.9675778150558472,0.9946452476572959,0.8040485491488222,0.8198852772466539,0.8179629445075989,0.9334608030592734
mot_patch_large_1d-p3-bs.512-ep.200,mot_patch_large_1d,0.3,42,30,0.11269651692527179,0.16214995754451317,0.9703576209600306,0.9697811603546143,0.9947408682348441,0.8004537082766939,0.8240917782026769,0.8216224908828735,0.9307839388145316
mot_patch_large_1d-p3-bs.512-ep.200,mot_patch_large_1d,0.3,42,31,0.10364745084375795,0.15905223551159448,0.9721266016446739,0.9718129634857178,0.9948842991011666,0.7943564653852474,0.8240917782026769,0.8220127820968628,0.9330783938814532
mot_patch_large_1d-p3-bs.512-ep.200,mot_patch_large_1d,0.3,42,32,0.09478131709729837,0.15901657312589795,0.9719831707783515,0.9716402292251587,0.9952189711225856,0.7981473043817408,0.8260038240917782,0.8241705894470215,0.9326959847036329
mot_patch_large_1d-p3-bs.512-ep.200,mot_patch_large_1d,0.3,42,33,0.08613310626523911,0.1538287248682579,0.9737043411742207,0.9736064672470093,0.9949799196787149,0.7984762771635621,0.8237093690248566,0.8215358853340149,0.9319311663479923
mot_patch_large_1d-p3-bs.512-ep.200,mot_patch_large_1d,0.3,42,34,0.0777369488847427,0.15136355427260334,0.975473321858864,0.9752769470214844,0.9951233505450373,0.80072506818899,0.8240917782026769,0.8219763040542603,0.9326959847036329
mot_patch_large_1d-p3-bs.512-ep.200,mot_patch_large_1d,0.3,42,35,0.06962598075315048,0.15197472486607225,0.9726525148211895,0.9722632765769958,0.9953145917001339,0.7993075719071164,0.8206500956022944,0.8187800645828247,0.9326959847036329
mot_patch_large_1d-p3-bs.512-ep.200,mot_patch_large_1d,0.3,42,36,0.06183221215612905,0.14862133768599264,0.9759036144578314,0.9754934906959534,0.9955536431440046,0.7893246244062201,0.8260038240917782,0.8236396908760071,0.9342256214149139
mot_patch_large_1d-p3-bs.512-ep.200,mot_patch_large_1d,0.3,42,37,0.05438640153769654,0.14737692547701678,0.9755689424364123,0.9750783443450928,0.9954580225664563,0.7923057483213581,0.8282982791586998,0.8256093859672546,0.9338432122370937
mot_patch_large_1d-p3-bs.512-ep.200,mot_patch_large_1d,0.3,42,38,0.047317934110696694,0.14651113077157496,0.9770032510996366,0.9765374660491943,0.9957926945878753,0.7976926041378801,0.8237093690248566,0.8213326930999756,0.9342256214149139
mot_patch_large_1d-p3-bs.512-ep.200,mot_patch_large_1d,0.3,42,39,0.0406547058867883,0.1446043480238237,0.9778160260087971,0.9775570631027222,0.9957448842991011,0.7919124523038846,0.8267686424474188,0.8240939974784851,0.9353728489483748
mot_patch_large_1d-p3-bs.512-ep.200,mot_patch_large_1d,0.3,42,40,0.03442301358363163,0.14336887439137597,0.9789156626506024,0.9785234928131104,0.9959839357429718,0.7913763713654323,0.827151051625239,0.8254067301750183,0.9338432122370937
mot_patch_large_1d-p3-bs.512-ep.200,mot_patch_large_1d,0.3,42,41,0.0286474508437579,0.14305811353294268,0.9790112832281507,0.9787570238113403,0.9959839357429718,0.791987905994656,0.8256214149139579,0.8233562707901001,0.9346080305927342
mot_patch_large_1d-p3-bs.512-ep.200,mot_patch_large_1d,0.3,42,42,0.023350811174697773,0.1419904837532649,0.9795850066934404,0.9793016314506531,0.9958883151654236,0.7911434837326721,0.8302103250478011,0.827451229095459,0.9342256214149139
mot_patch_large_1d-p3-bs.512-ep.200,mot_patch_large_1d,0.3,42,43,0.018553997993420463,0.14174889510529154,0.9792025243832473,0.9789256453514099,0.996031746031746,0.7941519348844743,0.827151051625239,0.8250756859779358,0.9342256214149139
mot_patch_large_1d-p3-bs.512-ep.200,mot_patch_large_1d,0.3,42,44,0.014275942130097098,0.1413029490886899,0.9794893861158921,0.979218065738678,0.9961751768980684,0.7928282495210549,0.8275334608030592,0.8255515098571777,0.9338432122370937
mot_patch_large_1d-p3-bs.512-ep.200,mot_patch_large_1d,0.3,42,45,0.010533527116762299,0.14104664286957982,0.979776247848537,0.9794914126396179,0.996031746031746,0.7927324896788734,0.8290630975143404,0.8265678882598877,0.9334608030592734
mot_patch_large_1d-p3-bs.512-ep.200,mot_patch_large_1d,0.3,42,46,0.00734152255572697,0.140926570321479,0.9798240581373111,0.9795897006988525,0.9960795563205201,0.7925338365835624,0.8282982791586998,0.8259525299072266,0.9342256214149139
mot_patch_large_1d-p3-bs.512-ep.200,mot_patch_large_1d,0.3,42,47,0.004712525830705355,0.14085033742846664,0.9801587301587301,0.9798654317855835,0.996031746031746,0.7923538178832308,0.8302103250478011,0.8275332450866699,0.9338432122370937
mot_patch_large_1d-p3-bs.512-ep.200,mot_patch_large_1d,0.3,42,48,0.0026569123906966916,0.14081101003534868,0.9800152992924077,0.979702889919281,0.9961273666092944,0.7925823000147512,0.8302103250478011,0.8274903893470764,0.9342256214149139
mot_patch_large_1d-p3-bs.512-ep.200,mot_patch_large_1d,0.3,42,49,0.001182794802828335,0.14078840800876438,0.9800152992924077,0.9797175526618958,0.9960795563205201,0.7926595698807025,0.8302103250478011,0.8278563618659973,0.9338432122370937
mot_patch_large_1d-p3-bs.512-ep.200,mot_patch_large_1d,0.3,42,50,0.0002959907357592661,0.1407833872208018,0.9800152992924077,0.9797137975692749,0.9960795563205201,0.792640029586296,0.8302103250478011,0.8278563618659973,0.9338432122370937
mot_patch_large_1d-p3-bs.512-ep.200,mot_patch_large_1d,0.5,42,1,0.5,1.1178583381143623,0.7461273666092944,0.7414180636405945,0.8993593421304265,1.4301371616341643,0.6978967495219885,0.6978141665458679,0.8688336520076482
mot_patch_large_1d-p3-bs.512-ep.200,mot_patch_large_1d,0.5,42,2,0.4995066821070679,0.7795504845221427,0.8135876840696118,0.8087451457977295,0.9328743545611016,1.154374887382551,0.752963671128107,0.7487196326255798,0.8967495219885278
mot_patch_large_1d-p3-bs.512-ep.200,mot_patch_large_1d,0.5,42,3,0.4980286753286195,0.6542550099924204,0.84217823675655,0.8386622071266174,0.9443966341556703,1.083769125418727,0.7663479923518165,0.7617644667625427,0.902868068833652
mot_patch_large_1d-p3-bs.512-ep.200,mot_patch_large_1d,0.5,42,4,0.4955718126821722,0.6191027887147024,0.8441384585962899,0.841138482093811,0.9512813157391471,1.1202300266827498,0.7579349904397705,0.7601730227470398,0.9040152963671129
mot_patch_large_1d-p3-bs.512-ep.200,mot_patch_large_1d,0.5,42,5,0.49214579028215777,0.5568010262171792,0.8600114744693058,0.8603336215019226,0.9537674507554026,1.0787689325686394,0.7766730401529637,0.7776267528533936,0.9040152963671129
mot_patch_large_1d-p3-bs.512-ep.200,mot_patch_large_1d,0.5,42,6,0.4877641290737884,0.5098955985532707,0.8793746414228342,0.8778839707374573,0.9598393574297188,1.0590647228817183,0.7827915869980879,0.781158447265625,0.9112810707456979
mot_patch_large_1d-p3-bs.512-ep.200,mot_patch_large_1d,0.5,42,7,0.48244412147206284,0.43978837790738146,0.8885064065786957,0.8847707509994507,0.9665327978580991,1.0150642730537838,0.7931166347992352,0.7895029187202454,0.91434034416826
mot_patch_large_1d-p3-bs.512-ep.200,mot_patch_large_1d,0.5,42,8,0.4762067631165049,0.39209645773398305,0.8948651749856569,0.8934644460678101,0.9722222222222222,0.9784485155036299,0.7938814531548757,0.7899768948554993,0.9166347992351817
mot_patch_large_1d-p3-bs.512-ep.200,mot_patch_large_1d,0.5,42,9,0.46907667001096587,0.3926274615506821,0.8978294128896539,0.8964138627052307,0.9712182061579652,0.9928103474312485,0.8049713193116634,0.8020352721214294,0.9120458891013384
mot_patch_large_1d-p3-bs.512-ep.200,mot_patch_large_1d,0.5,42,10,0.46108198137550377,0.3751460295330842,0.9010805125262956,0.8971089720726013,0.9741824440619621,1.0101730784312262,0.7984703632887189,0.792826235294342,0.9151051625239006
mot_patch_large_1d-p3-bs.512-ep.200,mot_patch_large_1d,0.5,42,11,0.45225424859373686,0.3225515503845974,0.9186746987951807,0.91811203956604,0.9796806272709887,0.964788860663857,0.8003824091778202,0.797584593296051,0.9250478011472275
mot_patch_large_1d-p3-bs.512-ep.200,mot_patch_large_1d,0.5,42,12,0.4426283106939473,0.2798521391040031,0.9254637598011092,0.9257403016090393,0.9819755211321476,0.9427389724760621,0.8061185468451243,0.8023412823677063,0.924282982791587
mot_patch_large_1d-p3-bs.512-ep.200,mot_patch_large_1d,0.5,42,13,0.4322421568553529,0.28270261309119066,0.9233601070950469,0.9207915663719177,0.9830273474851788,0.9730774421764833,0.8,0.7927666306495667,0.9212237093690249
mot_patch_large_1d-p3-bs.512-ep.200,mot_patch_large_1d,0.5,42,14,0.4211367764821722,0.3069666849994641,0.9190093708165997,0.9169868230819702,0.9823101931535666,1.036875387450705,0.7927342256214149,0.7882581353187561,0.9181644359464627
mot_patch_large_1d-p3-bs.512-ep.200,mot_patch_large_1d,0.5,42,15,0.40935599743717244,0.23249013849325176,0.9391853126792886,0.9383789300918579,0.9871390323197552,0.9373376849960414,0.8053537284894837,0.8022804856300354,0.9288718929254303
mot_patch_large_1d-p3-bs.512-ep.200,mot_patch_large_1d,0.5,42,16,0.39694631307311834,0.23710867934118474,0.9370816599732262,0.9374567270278931,0.9865174985656914,1.000945770672129,0.8011472275334608,0.8015081882476807,0.9204588910133843
mot_patch_large_1d-p3-bs.512-ep.200,mot_patch_large_1d,0.5,42,17,0.38395669874474914,0.2311034603131663,0.9400458978772231,0.9391136169433594,0.9886689615605279,0.9720214522819446,0.8091778202676865,0.805678129196167,0.9250478011472275
mot_patch_large_1d-p3-bs.512-ep.200,mot_patch_large_1d,0.5,42,18,0.3704384185254288,0.19256225524110077,0.9511856951615988,0.9507260322570801,0.9902467010900746,0.9535765872174877,0.8091778202676865,0.8072704076766968,0.9216061185468452
mot_patch_large_1d-p3-bs.512-ep.200,mot_patch_large_1d,0.5,42,19,0.35644482289126816,0.18658215332997874,0.9534327787339836,0.9526832699775696,0.9907726142665901,0.9616126736992859,0.805736137667304,0.8015716671943665,0.930019120458891
mot_patch_large_1d-p3-bs.512-ep.200,mot_patch_large_1d,0.5,42,20,0.34203113817116954,0.17406573097709033,0.9567794989481736,0.9566590785980225,0.9928762669726525,0.957227884150372,0.8038240917782027,0.7984440326690674,0.930019120458891
mot_patch_large_1d-p3-bs.512-ep.200,mot_patch_large_1d,0.5,42,21,0.32725424859373686,0.17216871696212457,0.9555364314400459,0.9553866386413574,0.9930196978389749,0.9559298892777919,0.8141491395793499,0.8109819293022156,0.924282982791587
mot_patch_large_1d-p3-bs.512-ep.200,mot_patch_large_1d,0.5,42,22,0.31217247179121366,0.1693379348266829,0.9584050487664946,0.9587778449058533,0.9930196978389749,0.9740478821967802,0.8038240917782027,0.799957811832428,0.92848948374761
mot_patch_large_1d-p3-bs.512-ep.200,mot_patch_large_1d,0.5,42,23,0.2968453286464312,0.14880720462003888,0.9646203863071333,0.9645168781280518,0.994358385924651,0.9409051286102936,0.8061185468451243,0.7997502088546753,0.92848948374761
mot_patch_large_1d-p3-bs.512-ep.200,mot_patch_large_1d,0.5,42,24,0.2813333083910761,0.1474232082500082,0.964859437751004,0.9642695784568787,0.9949799196787149,0.9494642385333264,0.804206500956023,0.7998513579368591,0.9334608030592734
mot_patch_large_1d-p3-bs.512-ep.200,mot_patch_large_1d,0.5,42,25,0.26569762988232837,0.14711776302247914,0.9659590743928094,0.9651973843574524,0.9951233505450373,0.9373313203596476,0.8160611854684512,0.811821460723877,0.9330783938814532
mot_patch_large_1d-p3-bs.512-ep.200,mot_patch_large_1d,0.5,42,26,0.25,0.1293566410252915,0.9727003251099636,0.9726492166519165,0.9954580225664563,0.9477861262188358,0.8099426386233269,0.8069457411766052,0.9288718929254303
mot_patch_large_1d-p3-bs.512-ep.200,mot_patch_large_1d,0.5,42,27,0.23430237011767166,0.1260904631347496,0.9722222222222222,0.9716026186943054,0.9962707974756168,0.9410325409577408,0.8145315487571702,0.8108447790145874,0.9326959847036329
mot_patch_large_1d-p3-bs.512-ep.200,mot_patch_large_1d,0.5,42,28,0.21866669160892396,0.11831960848627548,0.9752820807037674,0.9758701920509338,0.9962707974756168,0.9317766776732231,0.8130019120458891,0.808148205280304,0.9330783938814532
mot_patch_large_1d-p3-bs.512-ep.200,mot_patch_large_1d,0.5,42,29,0.20315467135356885,0.11464431717191059,0.9769554408108625,0.977181613445282,0.9968923312296806,0.9364714671731224,0.8130019120458891,0.809877872467041,0.931548757170172
mot_patch_large_1d-p3-bs.512-ep.200,mot_patch_large_1d,0.5,42,30,0.1878275282087863,0.10995138063100675,0.9796806272709887,0.9795341491699219,0.9971791929623255,0.9271319606336079,0.8183556405353728,0.8145034909248352,0.92848948374761
mot_patch_large_1d-p3-bs.512-ep.200,mot_patch_large_1d,0.5,42,31,0.17274575140626322,0.10401571161730108,0.9824536240198891,0.9824646711349487,0.9969879518072289,0.9222768269351062,0.815678776290631,0.8135952949523926,0.9304015296367113
mot_patch_large_1d-p3-bs.512-ep.200,mot_patch_large_1d,0.5,42,32,0.15796886182883058,0.10719101682952221,0.9802065404475043,0.9803188443183899,0.9972748135398738,0.9304998131600666,0.8164435946462715,0.8117460608482361,0.9304015296367113
mot_patch_large_1d-p3-bs.512-ep.200,mot_patch_large_1d,0.5,42,33,0.14355517710873184,0.0982737957029184,0.9846050870147256,0.9847128987312317,0.9975616752725186,0.9266629921090762,0.8149139579349904,0.8117215037345886,0.9304015296367113
mot_patch_large_1d-p3-bs.512-ep.200,mot_patch_large_1d,0.5,42,34,0.12956158147457114,0.09588028746732769,0.9859915853891758,0.9862719178199768,0.9975138649837445,0.9305300375243674,0.8168260038240918,0.8138594627380371,0.9288718929254303
mot_patch_large_1d-p3-bs.512-ep.200,mot_patch_large_1d,0.5,42,35,0.11604330125525078,0.09525679340552226,0.9863740676993689,0.9865550398826599,0.9980397781602601,0.9241856824827468,0.8145315487571702,0.8107779622077942,0.9307839388145316
mot_patch_large_1d-p3-bs.512-ep.200,mot_patch_large_1d,0.5,42,36,0.10305368692688174,0.09222506389355291,0.9875215146299484,0.9877178072929382,0.9978963472939376,0.9128188211648915,0.8168260038240918,0.8123413920402527,0.9323135755258126
mot_patch_large_1d-p3-bs.512-ep.200,mot_patch_large_1d,0.5,42,37,0.09064400256282756,0.09092589720961103,0.9871390323197552,0.987343430519104,0.9981353987378083,0.9148005760878496,0.8202676864244742,0.8168877363204956,0.9311663479923518
mot_patch_large_1d-p3-bs.512-ep.200,mot_patch_large_1d,0.5,42,38,0.07886322351782782,0.09063435246005618,0.9873780837636259,0.9874464273452759,0.9981353987378083,0.9220762467976966,0.8160611854684512,0.8122967481613159,0.9319311663479923
mot_patch_large_1d-p3-bs.512-ep.200,mot_patch_large_1d,0.5,42,39,0.06775784314464717,0.08891435028786732,0.9885733409829796,0.9885284900665283,0.9982788296041308,0.9147379450314815,0.815678776290631,0.8115853071212769,0.9323135755258126
mot_patch_large_1d-p3-bs.512-ep.200,mot_patch_large_1d,0.5,42,40,0.057371689306052714,0.08733866640613648,0.989051443870721,0.9890670776367188,0.9982310193153566,0.9146482566118697,0.8195028680688337,0.8154748678207397,0.9311663479923518
mot_patch_large_1d-p3-bs.512-ep.200,mot_patch_large_1d,0.5,42,41,0.047745751406263165,0.08731749600811518,0.989720787913559,0.9899470806121826,0.9981832090265825,0.9159464761358375,0.817208413001912,0.8134356141090393,0.9319311663479923
mot_patch_large_1d-p3-bs.512-ep.200,mot_patch_large_1d,0.5,42,42,0.03891801862449629,0.08599285706436002,0.9903423216676229,0.9904837012290955,0.9981832090265825,0.9139412247200085,0.8191204588910134,0.8148545026779175,0.9323135755258126
mot_patch_large_1d-p3-bs.512-ep.200,mot_patch_large_1d,0.5,42,43,0.030923329989034104,0.08592833925966871,0.9902467010900746,0.9905809760093689,0.9981832090265825,0.9176389092469078,0.8195028680688337,0.8155978918075562,0.9326959847036329
mot_patch_large_1d-p3-bs.512-ep.200,mot_patch_large_1d,0.5,42,44,0.02379323688349516,0.08534876836100827,0.9906769936890418,0.9909483194351196,0.9981832090265825,0.9161036387456307,0.8187380497131931,0.8149591684341431,0.9319311663479923
mot_patch_large_1d-p3-bs.512-ep.200,mot_patch_large_1d,0.5,42,45,0.017555878527937163,0.08507314130028386,0.9908204245553643,0.9911011457443237,0.9981832090265825,0.9159777872876956,0.8191204588910134,0.8150569796562195,0.9323135755258126
mot_patch_large_1d-p3-bs.512-ep.200,mot_patch_large_1d,0.5,42,46,0.012235870926211617,0.0849674194623736,0.990724803977816,0.9909490346908569,0.9981832090265825,0.9153334170864827,0.8198852772466539,0.8155937790870667,0.9319311663479923
mot_patch_large_1d-p3-bs.512-ep.200,mot_patch_large_1d,0.5,42,47,0.007854209717842259,0.08490377303222142,0.9906769936890418,0.9909589290618896,0.9982310193153566,0.915167819838223,0.8195028680688337,0.8152258396148682,0.9319311663479923
mot_patch_large_1d-p3-bs.512-ep.200,mot_patch_large_1d,0.5,42,48,0.00442818731782782,0.08486628899452996,0.9910116657104608,0.9912823438644409,0.9981832090265825,0.9155731522102429,0.8195028680688337,0.8150549530982971,0.9319311663479923
mot_patch_large_1d-p3-bs.512-ep.200,mot_patch_large_1d,0.5,42,49,0.0019713246713805588,0.08484493386656541,0.9909638554216867,0.991249144077301,0.9981832090265825,0.9157060393411844,0.8198852772466539,0.8154549598693848,0.9319311663479923
mot_patch_large_1d-p3-bs.512-ep.200,mot_patch_large_1d,0.5,42,50,0.0004933178929321103,0.08484044282927433,0.9909638554216867,0.991249144077301,0.9981832090265825,0.9156845209475457,0.8198852772466539,0.8154549598693848,0.9319311663479923
mot_patch_large_1d-p3-bs.512-ep.200,mot_patch_large_1d,0.7,42,1,0.7,1.4427925940794661,0.7217919296232549,0.7172110080718994,0.887932683113406,1.7932093282958517,0.6826003824091779,0.6826778650283813,0.8573613766730401
mot_patch_large_1d-p3-bs.512-ep.200,mot_patch_large_1d,0.7,42,2,0.699309354949895,1.0482150736400424,0.7843755976286096,0.7775298953056335,0.9195830942818894,1.5360590655762651,0.7239005736137667,0.7184979319572449,0.8829827915869981
mot_patch_large_1d-p3-bs.512-ep.200,mot_patch_large_1d,0.7,42,3,0.6972401454600672,0.8672917802467427,0.8167431631287053,0.8138651847839355,0.937655383438516,1.4330020299149289,0.7449330783938815,0.7416264414787292,0.8982791586998088
mot_patch_large_1d-p3-bs.512-ep.200,mot_patch_large_1d,0.7,42,4,0.6938005377550409,0.8548229659440345,0.8165997322623829,0.8144153356552124,0.9420539300057372,1.4905063432215733,0.7403441682600382,0.7443671226501465,0.8906309751434034
mot_patch_large_1d-p3-bs.512-ep.200,mot_patch_large_1d,0.7,42,5,0.6890041063950206,0.7081242530517812,0.8458596289921592,0.8452706933021545,0.9474086823484413,1.3867562638642,0.7625239005736137,0.7612746953964233,0.8986615678776291
mot_patch_large_1d-p3-bs.512-ep.200,mot_patch_large_1d,0.7,42,6,0.6828697807033035,0.6344633557459528,0.8650793650793651,0.8632798790931702,0.9564448269267546,1.3707804123712544,0.7713193116634799,0.7684508562088013,0.9040152963671129
mot_patch_large_1d-p3-bs.512-ep.200,mot_patch_large_1d,0.7,42,7,0.6754217700608878,0.5662482097149352,0.8727768215720023,0.868236780166626,0.9627079747561675,1.3123397914674952,0.7808795411089866,0.7766638398170471,0.9101338432122371
mot_patch_large_1d-p3-bs.512-ep.200,mot_patch_large_1d,0.7,42,8,0.6666894683631067,0.5155084295012021,0.8795658825779308,0.8793097138404846,0.9672977624784854,1.2796528103246743,0.7797323135755259,0.7766921520233154,0.912810707456979
mot_patch_large_1d-p3-bs.512-ep.200,mot_patch_large_1d,0.7,42,9,0.6567073380153521,0.46567688049379147,0.8912794033275961,0.8900952339172363,0.9683495888315166,1.230604681594878,0.7896749521988528,0.7861160039901733,0.9066921606118546
mot_patch_large_1d-p3-bs.512-ep.200,mot_patch_large_1d,0.7,42,10,0.6455147739257051,0.4594044974438887,0.8884107860011474,0.8830663561820984,0.9713616370242876,1.3060473819535732,0.7835564053537285,0.7793949246406555,0.9097514340344168
mot_patch_large_1d-p3-bs.512-ep.200,mot_patch_large_1d,0.7,42,11,0.6331559480312314,0.39167956859984754,0.9069611780455153,0.9066140055656433,0.9777204054312488,1.24811145352132,0.7892925430210325,0.7864406108856201,0.9223709369024856
mot_patch_large_1d-p3-bs.512-ep.200,mot_patch_large_1d,0.7,42,12,0.619679634971526,0.3149015613029919,0.918770319372729,0.9189548492431641,0.9810671256454389,1.1731005491763637,0.8007648183556405,0.795936644077301,0.9223709369024856
mot_patch_large_1d-p3-bs.512-ep.200,mot_patch_large_1d,0.7,42,13,0.6051390195974938,0.3177657407792355,0.9143239625167336,0.9116625785827637,0.9814017976668579,1.2256531374404354,0.7881453154875717,0.7792810797691345,0.9181644359464627
mot_patch_large_1d-p3-bs.512-ep.200,mot_patch_large_1d,0.7,42,14,0.5895914870750408,0.3650262069465052,0.9119334480780263,0.9098624587059021,0.9785331803404093,1.3202890049659044,0.7789674952198853,0.7741687893867493,0.9147227533460803
mot_patch_large_1d-p3-bs.512-ep.200,mot_patch_large_1d,0.7,42,15,0.5730983964120412,0.2539366893363423,0.9334002677376171,0.932452917098999,0.9858959648116274,1.1694489400655772,0.7923518164435946,0.7893218398094177,0.9204588910133843
mot_patch_large_1d-p3-bs.512-ep.200,mot_patch_large_1d,0.7,42,16,0.5557248383023655,0.2689186675891887,0.9285714285714286,0.9294439554214478,0.985417861923886,1.2557616487287881,0.7892925430210325,0.788021981716156,0.9154875717017208
mot_patch_large_1d-p3-bs.512-ep.200,mot_patch_large_1d,0.7,42,17,0.5375393782426486,0.2536610497824661,0.9352170587110347,0.9342424869537354,0.9879518072289156,1.1915144473599202,0.8034416826003824,0.799843966960907,0.9227533460803059
mot_patch_large_1d-p3-bs.512-ep.200,mot_patch_large_1d,0.7,42,18,0.5186137859356001,0.196486916294014,0.9486517498565691,0.9480364918708801,0.9907726142665901,1.1715223819302327,0.8022944550669217,0.7995237708091736,0.9208413001912046
mot_patch_large_1d-p3-bs.512-ep.200,mot_patch_large_1d,0.7,42,19,0.49902275204777524,0.19587539764771977,0.948938611589214,0.9477254748344421,0.990390131956397,1.1887046099164973,0.7950286806883365,0.78959059715271,0.9265774378585087
mot_patch_large_1d-p3-bs.512-ep.200,mot_patch_large_1d,0.7,42,20,0.47884359343963717,0.1722466269695729,0.9534805890227577,0.9534652233123779,0.9927806463951042,1.1737745996187112,0.7996175908221798,0.792644202709198,0.9281070745697897
mot_patch_large_1d-p3-bs.512-ep.200,mot_patch_large_1d,0.7,42,21,0.45815594803123144,0.16133454067571643,0.9570663606808185,0.9569600820541382,0.9927806463951042,1.155249923501826,0.8091778202676865,0.8069891929626465,0.9227533460803059
mot_patch_large_1d-p3-bs.512-ep.200,mot_patch_large_1d,0.7,42,22,0.437041460507699,0.15970419857100288,0.9587397207879136,0.9593826532363892,0.9934499904379422,1.1799714943646928,0.7996175908221798,0.7956485152244568,0.9254302103250478
mot_patch_large_1d-p3-bs.512-ep.200,mot_patch_large_1d,0.7,42,23,0.4155834601050035,0.13091403283542144,0.9665327978580991,0.9662120938301086,0.9944540065021993,1.1355910262915645,0.8045889101338433,0.7991058230400085,0.9273422562141491
mot_patch_large_1d-p3-bs.512-ep.200,mot_patch_large_1d,0.7,42,24,0.3938666317475064,0.12825838880936533,0.9677758653662268,0.9671971797943115,0.9955058328552304,1.146262588646854,0.8019120458891014,0.7976008057594299,0.9288718929254303
mot_patch_large_1d-p3-bs.512-ep.200,mot_patch_large_1d,0.7,42,25,0.37197668183525956,0.12687888414915854,0.9684452094090649,0.9677459597587585,0.9957448842991011,1.1242614045881631,0.8068833652007649,0.8016575574874878,0.92848948374761
mot_patch_large_1d-p3-bs.512-ep.200,mot_patch_large_1d,0.7,42,26,0.34999999999999987,0.10353882445229425,0.9752342704149933,0.9750815033912659,0.9961751768980684,1.132378572715628,0.8095602294455067,0.8062096238136292,0.9269598470363288
mot_patch_large_1d-p3-bs.512-ep.200,mot_patch_large_1d,0.7,42,27,0.3280233181647402,0.10118333646822077,0.9752342704149933,0.9748124480247498,0.9973226238286479,1.1280120616205336,0.807265774378585,0.8033398985862732,0.9326959847036329
mot_patch_large_1d-p3-bs.512-ep.200,mot_patch_large_1d,0.7,42,28,0.3061333682524934,0.08828305014918333,0.9809236947791165,0.9816381931304932,0.9970835723847772,1.1071423065594004,0.8099426386233269,0.8044093251228333,0.930019120458891
mot_patch_large_1d-p3-bs.512-ep.200,mot_patch_large_1d,0.7,42,29,0.28441653989499627,0.08360843068898169,0.9820233314209218,0.9823177456855774,0.9978963472939376,1.1115873989593914,0.8045889101338433,0.8002011775970459,0.9304015296367113
mot_patch_large_1d-p3-bs.512-ep.200,mot_patch_large_1d,0.7,42,30,0.2629585394923007,0.08138964580381594,0.9832185886402753,0.9832099080085754,0.9979919678714859,1.0998996333455948,0.8145315487571702,0.8098942041397095,0.9265774378585087
mot_patch_large_1d-p3-bs.512-ep.200,mot_patch_large_1d,0.7,42,31,0.2418440519687684,0.07372188148637146,0.9870434117422069,0.9870918393135071,0.9978485370051635,1.0959208501228639,0.8118546845124283,0.8074414730072021,0.92848948374761
mot_patch_large_1d-p3-bs.512-ep.200,mot_patch_large_1d,0.7,42,32,0.2211564065603627,0.07688806726773398,0.9849397590361446,0.9851226210594177,0.9982310193153566,1.105930385261375,0.8107074569789675,0.8050546050071716,0.9269598470363288
mot_patch_large_1d-p3-bs.512-ep.200,mot_patch_large_1d,0.7,42,33,0.20097724795222446,0.06674613745633401,0.9891470644482693,0.9894107580184937,0.9985656913367756,1.0996283157377809,0.8103250478011472,0.8068544268608093,0.9281070745697897
mot_patch_large_1d-p3-bs.512-ep.200,mot_patch_large_1d,0.7,42,34,0.1813862140643995,0.06401569638340714,0.990390131956397,0.9906491637229919,0.9984700707592273,1.105264362459201,0.8130019120458891,0.8092800378799438,0.9273422562141491
mot_patch_large_1d-p3-bs.512-ep.200,mot_patch_large_1d,0.7,42,35,0.16246062175735101,0.06214106190065554,0.9914419583094282,0.9915509819984436,0.9987569324918723,1.0931485994824033,0.8103250478011472,0.8065165877342224,0.9296367112810707
mot_patch_large_1d-p3-bs.512-ep.200,mot_patch_large_1d,0.7,42,36,0.14427516169763435,0.05992860552639504,0.9923025435073628,0.9926924109458923,0.9987569324918723,1.0836574838904531,0.8103250478011472,0.8055566549301147,0.930019120458891
mot_patch_large_1d-p3-bs.512-ep.200,mot_patch_large_1d,0.7,42,37,0.12690160358795852,0.05821758122260859,0.9927328361063301,0.9929161071777344,0.9988047427806463,1.0830103463926006,0.8130019120458891,0.8093030452728271,0.9296367112810707
mot_patch_large_1d-p3-bs.512-ep.200,mot_patch_large_1d,0.7,42,38,0.11040851292495889,0.05871474708692821,0.9924937846624594,0.9927276372909546,0.998995983935743,1.0929054843764003,0.8126195028680688,0.8090367913246155,0.930019120458891
mot_patch_large_1d-p3-bs.512-ep.200,mot_patch_large_1d,0.7,42,39,0.09486098040250598,0.05679834567239805,0.9936412315930389,0.9936853647232056,0.9990437942245172,1.0837453342532564,0.8099426386233269,0.805006206035614,0.9296367112810707
mot_patch_large_1d-p3-bs.512-ep.200,mot_patch_large_1d,0.7,42,40,0.08032036502847376,0.05533966756637567,0.994358385924651,0.9943937063217163,0.9988047427806463,1.0850067313724905,0.8110898661567878,0.8068549633026123,0.9296367112810707
mot_patch_large_1d-p3-bs.512-ep.200,mot_patch_large_1d,0.7,42,41,0.06684405196876839,0.05527517176148631,0.994358385924651,0.9945225715637207,0.998995983935743,1.085938821650372,0.8099426386233269,0.8063040375709534,0.9304015296367113
mot_patch_large_1d-p3-bs.512-ep.200,mot_patch_large_1d,0.7,42,42,0.05448522607429477,0.05396923343591331,0.9946452476572959,0.9948161244392395,0.9989481736469689,1.0831784454404054,0.8110898661567878,0.8068387508392334,0.930019120458891
mot_patch_large_1d-p3-bs.512-ep.200,mot_patch_large_1d,0.7,42,43,0.04329266198464772,0.05404820073332561,0.9949321093899407,0.9951692819595337,0.9989481736469689,1.0864542215321762,0.8126195028680688,0.8085145354270935,0.9304015296367113
mot_patch_large_1d-p3-bs.512-ep.200,mot_patch_large_1d,0.7,42,44,0.03331053163689321,0.05341323889288991,0.9949321093899407,0.9951379895210266,0.9989481736469689,1.085338170943251,0.8118546845124283,0.8076342940330505,0.9304015296367113
mot_patch_large_1d-p3-bs.512-ep.200,mot_patch_large_1d,0.7,42,45,0.024578229939112014,0.05316253334460511,0.9951233505450373,0.9953094720840454,0.998995983935743,1.0853350958450347,0.8107074569789675,0.8065898418426514,0.930019120458891
mot_patch_large_1d-p3-bs.512-ep.200,mot_patch_large_1d,0.7,42,46,0.017130219296696253,0.05306599923952927,0.9951233505450373,0.9953213334083557,0.998995983935743,1.0842360166473097,0.8122370936902485,0.8081879615783691,0.930019120458891
mot_patch_large_1d-p3-bs.512-ep.200,mot_patch_large_1d,0.7,42,47,0.010995893604979155,0.05301897264525457,0.9950755402562631,0.995266854763031,0.998995983935743,1.084132550095509,0.8122370936902485,0.8079705238342285,0.930019120458891
mot_patch_large_1d-p3-bs.512-ep.200,mot_patch_large_1d,0.7,42,48,0.006199462244958943,0.05298548285968902,0.9949799196787149,0.9951738715171814,0.998995983935743,1.0846062523457105,0.8122370936902485,0.8079705238342285,0.930019120458891
mot_patch_large_1d-p3-bs.512-ep.200,mot_patch_large_1d,0.7,42,49,0.0027598545399327803,0.052967640564350035,0.9950755402562631,0.9952448010444641,0.998995983935743,1.0847801850357202,0.8118546845124283,0.8076479434967041,0.9296367112810707
mot_patch_large_1d-p3-bs.512-ep.200,mot_patch_large_1d,0.7,42,50,0.0006906450501049539,0.052963786723395335,0.9951711608338114,0.9953378438949585,0.998995983935743,1.084760104994473,0.8118546845124283,0.8076479434967041,0.9296367112810707
mot_patch_large_1d-p3-bs.512-ep.200,mot_patch_large_1d,1.0,42,1,1.0,1.9331923576175516,0.7056798623063684,0.7016017436981201,0.8787531076687704,2.386933837657221,0.6615678776290631,0.6598700881004333,0.8462715105162524
mot_patch_large_1d-p3-bs.512-ep.200,mot_patch_large_1d,1.0,42,2,0.9990133642141358,1.4646235429709444,0.7703193727290113,0.7615054845809937,0.9106903805698986,2.123842289707629,0.7089866156787763,0.6989178657531738,0.8760994263862333
mot_patch_large_1d-p3-bs.512-ep.200,mot_patch_large_1d,1.0,42,3,0.996057350657239,1.2273055830018245,0.7988143048384012,0.7959675788879395,0.9290973417479441,2.0373690544989094,0.7250478011472276,0.7169175744056702,0.8841300191204589
mot_patch_large_1d-p3-bs.512-ep.200,mot_patch_large_1d,1.0,42,4,0.9911436253643444,1.143025055559034,0.8068942436412316,0.8046272993087769,0.9374163319946452,2.053433462401877,0.725812619502868,0.727945864200592,0.8917782026768643
mot_patch_large_1d-p3-bs.512-ep.200,mot_patch_large_1d,1.0,42,5,0.9842915805643155,1.0491250687973248,0.830895008605852,0.8303156495094299,0.9391375023905144,2.0735502370684826,0.7483747609942638,0.7505605816841125,0.8848948374760994
mot_patch_large_1d-p3-bs.512-ep.200,mot_patch_large_1d,1.0,42,6,0.9755282581475768,0.9049412269942458,0.8497800726716389,0.8474050164222717,0.9485561292790209,1.869304235396376,0.7598470363288718,0.7562795281410217,0.8956022944550669
mot_patch_large_1d-p3-bs.512-ep.200,mot_patch_large_1d,1.0,42,7,0.9648882429441257,0.7957843330764114,0.8591508892713712,0.8542520999908447,0.9573054121246892,1.8451865785208532,0.7732313575525812,0.7683119773864746,0.9001912045889101
mot_patch_large_1d-p3-bs.512-ep.200,mot_patch_large_1d,1.0,42,8,0.9524135262330098,0.7220641445944883,0.8677567412507171,0.8655704259872437,0.9614170969592656,1.806335758479102,0.7625239005736137,0.7553184032440186,0.9036328871892926
mot_patch_large_1d-p3-bs.512-ep.200,mot_patch_large_1d,1.0,42,9,0.9381533400219317,0.6663123079913824,0.8777969018932874,0.8759350776672363,0.9642857142857143,1.772824557652665,0.778585086042065,0.7773768901824951,0.9040152963671129
mot_patch_large_1d-p3-bs.512-ep.200,mot_patch_large_1d,1.0,42,10,0.9221639627510075,0.6661010043847673,0.8718206157965194,0.8659154772758484,0.9663893669917766,1.8713150812152695,0.7682600382409178,0.7619531154632568,0.9078393881453155
mot_patch_large_1d-p3-bs.512-ep.200,mot_patch_large_1d,1.0,42,11,0.9045084971874737,0.5329320465408153,0.892904953145917,0.8916985392570496,0.9753298909925416,1.6953971614801178,0.7812619502868069,0.7778101563453674,0.91434034416826
mot_patch_large_1d-p3-bs.512-ep.200,mot_patch_large_1d,1.0,42,12,0.8852566213878946,0.4694046982389309,0.9029451137884873,0.9011051058769226,0.9758558041690572,1.6307913027119683,0.7869980879541109,0.7803977727890015,0.920076481835564
mot_patch_large_1d-p3-bs.512-ep.200,mot_patch_large_1d,1.0,42,13,0.8644843137107058,0.45428862182331214,0.9018932874354562,0.8989503383636475,0.9775769745649264,1.710116162856268,0.7847036328871893,0.7766265869140625,0.9162523900573614
mot_patch_large_1d-p3-bs.512-ep.200,mot_patch_large_1d,1.0,42,14,0.8422735529643444,0.5386239164621978,0.9006980302161025,0.8980920314788818,0.9737043411742207,1.9022710475593407,0.7682600382409178,0.7628304958343506,0.9135755258126195
mot_patch_large_1d-p3-bs.512-ep.200,mot_patch_large_1d,1.0,42,15,0.8187119948743449,0.3710983266883335,0.918770319372729,0.9184522032737732,0.98407917383821,1.6408287179629615,0.7877629063097514,0.7847891449928284,0.9196940726577438
mot_patch_large_1d-p3-bs.512-ep.200,mot_patch_large_1d,1.0,42,16,0.7938926261462367,0.3731421920144779,0.9167622872442149,0.9189155697822571,0.9813061770893097,1.7544401092237543,0.7724665391969407,0.772382378578186,0.908604206500956
mot_patch_large_1d-p3-bs.512-ep.200,mot_patch_large_1d,1.0,42,17,0.7679133974894983,0.339543363359057,0.9250812774909161,0.9245269894599915,0.9853700516351118,1.6647531221291303,0.7950286806883365,0.7928404808044434,0.9189292543021033
mot_patch_large_1d-p3-bs.512-ep.200,mot_patch_large_1d,1.0,42,18,0.7408768370508576,0.24374751708183354,0.9430579460699943,0.9424084424972534,0.98938611589214,1.636871813451355,0.7969407265774379,0.7930145263671875,0.9147227533460803
mot_patch_large_1d-p3-bs.512-ep.200,mot_patch_large_1d,1.0,42,19,0.7128896457825363,0.23339813922600117,0.943631669535284,0.9422833323478699,0.9903423216676229,1.6389801783953752,0.7896749521988528,0.7840663194656372,0.9196940726577438
mot_patch_large_1d-p3-bs.512-ep.200,mot_patch_large_1d,1.0,42,20,0.6840622763423391,0.21140322457378466,0.9475521132147638,0.9472752213478088,0.9922547332185886,1.5888746680994563,0.7969407265774379,0.7907508015632629,0.9281070745697897
mot_patch_large_1d-p3-bs.512-ep.200,mot_patch_large_1d,1.0,42,21,0.6545084971874737,0.18668215054584794,0.9508032128514057,0.9507730007171631,0.9920156817747179,1.5845661929187083,0.7965583173996176,0.7925931811332703,0.9193116634799235
mot_patch_large_1d-p3-bs.512-ep.200,mot_patch_large_1d,1.0,42,22,0.6243449435824273,0.18093855981959922,0.9544367947982406,0.9558233022689819,0.994023713903232,1.5764569459408238,0.7904397705544933,0.7881911993026733,0.9254302103250478
mot_patch_large_1d-p3-bs.512-ep.200,mot_patch_large_1d,1.0,42,23,0.5936906572928624,0.15039784372776183,0.9609868043602984,0.9603919982910156,0.9935934213042646,1.5444327155673025,0.7961759082217973,0.7906787395477295,0.9223709369024856
mot_patch_large_1d-p3-bs.512-ep.200,mot_patch_large_1d,1.0,42,24,0.5626666167821522,0.13105273902769593,0.9665806081468732,0.9664495587348938,0.9954580225664563,1.5333337203950317,0.7961759082217973,0.7926487922668457,0.9269598470363288
mot_patch_large_1d-p3-bs.512-ep.200,mot_patch_large_1d,1.0,42,25,0.5313952597646567,0.14497047309940234,0.965194109772423,0.964707612991333,0.9949321093899407,1.5152996726975159,0.8076481835564053,0.8042312860488892,0.9281070745697897
mot_patch_large_1d-p3-bs.512-ep.200,mot_patch_large_1d,1.0,42,26,0.5,0.10101167342703392,0.9738477720405432,0.9739412665367126,0.9963186077643909,1.515840939581964,0.8022944550669217,0.7998783588409424,0.9246653919694072
mot_patch_large_1d-p3-bs.512-ep.200,mot_patch_large_1d,1.0,42,27,0.4686047402353433,0.08950069241210046,0.9749952189711226,0.9744625687599182,0.9972748135398738,1.5090162813321581,0.8087954110898662,0.8061195611953735,0.9307839388145316
mot_patch_large_1d-p3-bs.512-ep.200,mot_patch_large_1d,1.0,42,28,0.4373333832178479,0.06855191478174807,0.9823580034423408,0.982764720916748,0.9978485370051635,1.4641763136446133,0.8068833652007649,0.8033306002616882,0.9296367112810707
mot_patch_large_1d-p3-bs.512-ep.200,mot_patch_large_1d,1.0,42,29,0.4063093427071377,0.06319759376624912,0.9841747944157583,0.9844624400138855,0.9979919678714859,1.4724598609238693,0.8030592734225621,0.7998548746109009,0.92848948374761
mot_patch_large_1d-p3-bs.512-ep.200,mot_patch_large_1d,1.0,42,30,0.3756550564175726,0.06327944796202538,0.9849875693249187,0.9850481152534485,0.9985178810480015,1.4600620335420276,0.8107074569789675,0.8067466616630554,0.92848948374761
mot_patch_large_1d-p3-bs.512-ep.200,mot_patch_large_1d,1.0,42,31,0.34549150281252644,0.056573546344268665,0.9873302734748518,0.9874523878097534,0.9981353987378083,1.4600264073329947,0.8110898661567878,0.8079792857170105,0.9277246653919694
mot_patch_large_1d-p3-bs.512-ep.200,mot_patch_large_1d,1.0,42,32,0.31593772365766115,0.054838599706612576,0.9884299101166572,0.9885405898094177,0.9985656913367756,1.4646338555826512,0.8068833652007649,0.8021889328956604,0.9269598470363288
mot_patch_large_1d-p3-bs.512-ep.200,mot_patch_large_1d,1.0,42,33,0.28711035421746367,0.04463157899853011,0.9913463377318799,0.9915738105773926,0.9987569324918723,1.457202696936992,0.8061185468451243,0.8034335374832153,0.9281070745697897
mot_patch_large_1d-p3-bs.512-ep.200,mot_patch_large_1d,1.0,42,34,0.2591231629491423,0.03997723464699999,0.9929718875502008,0.993215024471283,0.9988525530694206,1.4623352750993368,0.8061185468451243,0.8023334741592407,0.9261950286806884
mot_patch_large_1d-p3-bs.512-ep.200,mot_patch_large_1d,1.0,42,35,0.23208660251050156,0.037227156667687465,0.9945496270797476,0.9947081208229065,0.9989481736469689,1.448447950665855,0.8087954110898662,0.8049400448799133,0.92848948374761
mot_patch_large_1d-p3-bs.512-ep.200,mot_patch_large_1d,1.0,42,36,0.2061073738537635,0.03561109328365709,0.9944061962134251,0.9947891235351562,0.9990916045132913,1.4411982665782221,0.8091778202676865,0.8050611019134521,0.9281070745697897
mot_patch_large_1d-p3-bs.512-ep.200,mot_patch_large_1d,1.0,42,37,0.18128800512565513,0.03325673904170906,0.995362401988908,0.9955947995185852,0.9990437942245172,1.4380940862185185,0.8076481835564053,0.8037638664245605,0.9292543021032504
mot_patch_large_1d-p3-bs.512-ep.200,mot_patch_large_1d,1.0,42,38,0.15772644703565564,0.03477749631142247,0.9951233505450373,0.9953033328056335,0.9990916045132913,1.4513994847839238,0.8084130019120459,0.8047209978103638,0.92848948374761
mot_patch_large_1d-p3-bs.512-ep.200,mot_patch_large_1d,1.0,42,39,0.13551568628929433,0.03215059260721074,0.9955536431440046,0.9956433176994324,0.999330655957162,1.437213306901104,0.8053537284894837,0.8012754321098328,0.9273422562141491
mot_patch_large_1d-p3-bs.512-ep.200,mot_patch_large_1d,1.0,42,40,0.11474337861210543,0.030818791000992145,0.9965098489194875,0.9965907335281372,0.9991394148020654,1.4406465577805703,0.8091778202676865,0.8053743839263916,0.9265774378585087
mot_patch_large_1d-p3-bs.512-ep.200,mot_patch_large_1d,1.0,42,41,0.09549150281252633,0.030586141129026998,0.9964620386307134,0.9965812563896179,0.9992828456683879,1.4403577523751194,0.8087954110898662,0.8054351210594177,0.9288718929254303
mot_patch_large_1d-p3-bs.512-ep.200,mot_patch_large_1d,1.0,42,42,0.07783603724899257,0.0293430199151651,0.9968923312296806,0.9969973564147949,0.999330655957162,1.4380446191499612,0.807265774378585,0.8033949136734009,0.9269598470363288
mot_patch_large_1d-p3-bs.512-ep.200,mot_patch_large_1d,1.0,42,43,0.06184665997806821,0.02941723604757623,0.9970357620960031,0.9972562193870544,0.9992828456683879,1.4395798196300267,0.8091778202676865,0.8052721619606018,0.9281070745697897
mot_patch_large_1d-p3-bs.512-ep.200,mot_patch_large_1d,1.0,42,44,0.04758647376699032,0.028848771486758365,0.9972270032510996,0.9974271655082703,0.9992828456683879,1.4391045068919546,0.8084130019120459,0.8047201037406921,0.9277246653919694
mot_patch_large_1d-p3-bs.512-ep.200,mot_patch_large_1d,1.0,42,45,0.035111757055874326,0.02862947771165767,0.9971313826735514,0.9972589015960693,0.9992828456683879,1.4396692046243875,0.8087954110898662,0.805152952671051,0.9265774378585087
mot_patch_large_1d-p3-bs.512-ep.200,mot_patch_large_1d,1.0,42,46,0.024471741852423234,0.028537904886789953,0.9972748135398738,0.9974056482315063,0.9992828456683879,1.4381238773265714,0.8084130019120459,0.8050387501716614,0.9269598470363288
mot_patch_large_1d-p3-bs.512-ep.200,mot_patch_large_1d,1.0,42,47,0.015708419435684517,0.028501620744514428,0.9972748135398738,0.9974195957183838,0.9992828456683879,1.438028420909641,0.8080305927342256,0.8043473958969116,0.9265774378585087
mot_patch_large_1d-p3-bs.512-ep.200,mot_patch_large_1d,1.0,42,48,0.00885637463565564,0.028472932444222457,0.9972270032510996,0.9973664283752441,0.9992828456683879,1.43855063910694,0.8076481835564053,0.8039292097091675,0.9265774378585087
mot_patch_large_1d-p3-bs.512-ep.200,mot_patch_large_1d,1.0,42,49,0.0039426493427611176,0.0284583671333731,0.9972748135398738,0.9974056482315063,0.9992828456683879,1.4387350107926027,0.8084130019120459,0.8047640323638916,0.9265774378585087
mot_patch_large_1d-p3-bs.512-ep.200,mot_patch_large_1d,1.0,42,50,0.0009866357858642205,0.02845549187324635,0.9972748135398738,0.9974056482315063,0.9992828456683879,1.4387055668730582,0.8084130019120459,0.8047640323638916,0.9265774378585087
mot_patch_large_1d-p3-bs.512-ep.300,mot_patch_large_1d,0.1,42,1,0.1,2.1758746790781056,0.5257219353604896,0.5114333033561707,0.7363740676993689,2.2981134797601355,0.4944550669216061,0.4913055896759033,0.7124282982791587
mot_patch_large_1d-p3-bs.512-ep.300,mot_patch_large_1d,0.1,42,2,0.09990133642141358,1.6115022113250714,0.6497418244406197,0.6343833804130554,0.8402180149168101,1.7593293053242263,0.6049713193116635,0.5913281440734863,0.8145315487571702
mot_patch_large_1d-p3-bs.512-ep.300,mot_patch_large_1d,0.1,42,3,0.0996057350657239,1.3758232476356085,0.699942627653471,0.691165566444397,0.8702428762669726,1.559722417536019,0.6508604206500956,0.6433671712875366,0.8351816443594646
mot_patch_large_1d-p3-bs.512-ep.300,mot_patch_large_1d,0.1,42,4,0.09911436253643444,1.2586425661607554,0.7203098106712564,0.7104170322418213,0.8772709887167719,1.486206483567422,0.6565965583173996,0.6511335968971252,0.8409177820267686
mot_patch_large_1d-p3-bs.512-ep.300,mot_patch_large_1d,0.1,42,5,0.09842915805643154,1.1530109196872824,0.7404379422451711,0.7346218228340149,0.8907056798623064,1.382382467645532,0.682982791586998,0.6763883233070374,0.8577437858508604
mot_patch_large_1d-p3-bs.512-ep.300,mot_patch_large_1d,0.1,42,6,0.09755282581475767,1.0570478922642765,0.7683113406004972,0.7608759999275208,0.9011761331038439,1.3109315963365835,0.7078393881453154,0.7009360790252686,0.8646271510516252
mot_patch_large_1d-p3-bs.512-ep.300,mot_patch_large_1d,0.1,42,7,0.09648882429441256,1.0355060684633064,0.770893096194301,0.765882134437561,0.9029451137884873,1.2977192953485377,0.6967495219885277,0.6894506216049194,0.8638623326959847
mot_patch_large_1d-p3-bs.512-ep.300,mot_patch_large_1d,0.1,42,8,0.09524135262330098,0.954421230702082,0.7912602792120864,0.7838932275772095,0.9142283419391853,1.2335901336961677,0.7196940726577438,0.712739109992981,0.874187380497132
mot_patch_large_1d-p3-bs.512-ep.300,mot_patch_large_1d,0.1,42,9,0.09381533400219318,0.9413422330840638,0.7897303499713139,0.7827879190444946,0.9140371007840887,1.2379712194147348,0.7116634799235182,0.7031195163726807,0.8623326959847036
mot_patch_large_1d-p3-bs.512-ep.300,mot_patch_large_1d,0.1,42,10,0.09221639627510075,0.9035357714018509,0.7969497035762096,0.7888985276222229,0.9162841843564735,1.215003798067228,0.7151051625239006,0.7042261362075806,0.877246653919694
mot_patch_large_1d-p3-bs.512-ep.300,mot_patch_large_1d,0.1,42,11,0.09045084971874737,0.8713415741897673,0.8032606616943966,0.7974962592124939,0.9222604704532416,1.1806116457878975,0.7250478011472276,0.7162055969238281,0.8764818355640536
mot_patch_large_1d-p3-bs.512-ep.300,mot_patch_large_1d,0.1,42,12,0.08852566213878946,0.8615208171845212,0.8052686938229107,0.8017845153808594,0.9210652132338879,1.1965121675859673,0.7181644359464627,0.7110530138015747,0.875717017208413
mot_patch_large_1d-p3-bs.512-ep.300,mot_patch_large_1d,0.1,42,13,0.08644843137107057,0.8373166410935315,0.8102887741441959,0.8032960295677185,0.9231210556511761,1.1898970813641812,0.7131931166347992,0.7063531279563904,0.8760994263862333
mot_patch_large_1d-p3-bs.512-ep.300,mot_patch_large_1d,0.1,42,14,0.08422735529643442,0.8015520322343364,0.8198986421877988,0.8149042725563049,0.9293363931918148,1.1531831030180075,0.7261950286806883,0.7168068885803223,0.8818355640535372
mot_patch_large_1d-p3-bs.512-ep.300,mot_patch_large_1d,0.1,42,15,0.08187119948743447,0.7828273423020345,0.8234844138458596,0.8191446661949158,0.9302447886785237,1.1388286933388354,0.7330783938814531,0.725013792514801,0.8806883365200765
mot_patch_large_1d-p3-bs.512-ep.300,mot_patch_large_1d,0.1,42,16,0.07938926261462366,0.7698048580488481,0.8295085102314018,0.8252817392349243,0.9308663224325875,1.1477427203614214,0.7296367112810708,0.7253919839859009,0.8795411089866156
mot_patch_large_1d-p3-bs.512-ep.300,mot_patch_large_1d,0.1,42,17,0.07679133974894982,0.7472688066136384,0.8352457448842991,0.830665111541748,0.933687129470262,1.1254486375739423,0.739961759082218,0.7353207468986511,0.8864244741873805
mot_patch_large_1d-p3-bs.512-ep.300,mot_patch_large_1d,0.1,42,18,0.07408768370508576,0.733833496281968,0.8397877223178428,0.8338162899017334,0.9356951615987761,1.117593952711408,0.7353728489483747,0.7251474261283875,0.887189292543021
mot_patch_large_1d-p3-bs.512-ep.300,mot_patch_large_1d,0.1,42,19,0.07128896457825362,0.7301241888738221,0.8389749474086824,0.8338297009468079,0.9369382291069038,1.1168590450833906,0.7330783938814531,0.7242286801338196,0.8860420650095602
mot_patch_large_1d-p3-bs.512-ep.300,mot_patch_large_1d,0.1,42,20,0.06840622763423389,0.7119201380017839,0.8453815261044176,0.8406930565834045,0.9394721744119334,1.1076915894138197,0.7369024856596559,0.728757917881012,0.8875717017208413
mot_patch_large_1d-p3-bs.512-ep.300,mot_patch_large_1d,0.1,42,21,0.06545084971874736,0.6991370502587919,0.8476764199655766,0.8429322838783264,0.9378944348823867,1.1048210596263295,0.739961759082218,0.7336599826812744,0.8906309751434034
mot_patch_large_1d-p3-bs.512-ep.300,mot_patch_large_1d,0.1,42,22,0.06243449435824272,0.694322155273811,0.848154522853318,0.8452931046485901,0.9402849493210939,1.0969729100768926,0.7391969407265775,0.7306835651397705,0.8906309751434034
mot_patch_large_1d-p3-bs.512-ep.300,mot_patch_large_1d,0.1,42,23,0.05936906572928623,0.6738703130057082,0.8551826353031172,0.8514385223388672,0.9423886020271562,1.075939530031631,0.7430210325047801,0.7357524633407593,0.8891013384321224
mot_patch_large_1d-p3-bs.512-ep.300,mot_patch_large_1d,0.1,42,24,0.056266661678215216,0.6734866594397376,0.8541786192388602,0.8496046662330627,0.942962325492446,1.092225664477959,0.7422562141491396,0.7356059551239014,0.8891013384321224
mot_patch_large_1d-p3-bs.512-ep.300,mot_patch_large_1d,0.1,42,25,0.053139525976465665,0.6615733888778934,0.857095046854083,0.8530283570289612,0.9432491872250909,1.0775659856559214,0.7472275334608031,0.7411879897117615,0.8948374760994264
mot_patch_large_1d-p3-bs.512-ep.300,mot_patch_large_1d,0.1,42,26,0.049999999999999996,0.6660398053584898,0.8551826353031172,0.851372480392456,0.9438229106903806,1.0889685344513698,0.7491395793499044,0.7434735298156738,0.8883365200764818
mot_patch_large_1d-p3-bs.512-ep.300,mot_patch_large_1d,0.1,42,27,0.046860474023534326,0.6443357878010367,0.8633103843947217,0.8588730096817017,0.9462612354178619,1.0712331184693549,0.7441682600382409,0.7376991510391235,0.891395793499044
mot_patch_large_1d-p3-bs.512-ep.300,mot_patch_large_1d,0.1,42,28,0.04373333832178478,0.6438935327812599,0.8604895773570472,0.8561429381370544,0.9458309428188946,1.0702756571724128,0.7487571701720841,0.7415215969085693,0.8898661567877629
mot_patch_large_1d-p3-bs.512-ep.300,mot_patch_large_1d,0.1,42,29,0.040630934270713764,0.6318149770917982,0.8660833811436222,0.8624813556671143,0.9473608720596672,1.0639589269576064,0.7510516252390057,0.7439431548118591,0.8894837476099426
mot_patch_large_1d-p3-bs.512-ep.300,mot_patch_large_1d,0.1,42,30,0.03756550564175726,0.6312494210472843,0.8665136737425894,0.8620292544364929,0.9477911646586346,1.0694544206841725,0.7441682600382409,0.7380284070968628,0.891395793499044
mot_patch_large_1d-p3-bs.512-ep.300,mot_patch_large_1d,0.1,42,31,0.03454915028125265,0.627083777287057,0.8665614840313636,0.8629599809646606,0.9471696309045706,1.0639461101583039,0.749904397705545,0.7449305057525635,0.8910133843212237
mot_patch_large_1d-p3-bs.512-ep.300,mot_patch_large_1d,0.1,42,32,0.03159377236576612,0.6259864760439171,0.8653184165232358,0.8613154888153076,0.9479824058137312,1.072131009220393,0.7476099426386233,0.740918755531311,0.891395793499044
mot_patch_large_1d-p3-bs.512-ep.300,mot_patch_large_1d,0.1,42,33,0.028711035421746366,0.6157226329051324,0.8699560145343278,0.8668678402900696,0.948603939567795,1.0563880161847028,0.7479923518164436,0.7416548728942871,0.8952198852772466
mot_patch_large_1d-p3-bs.512-ep.300,mot_patch_large_1d,0.1,42,34,0.025912316294914226,0.6172993583919943,0.8695257219353605,0.8669270873069763,0.949273283610633,1.0659359350259172,0.7487571701720841,0.7437654137611389,0.8933078393881453
mot_patch_large_1d-p3-bs.512-ep.300,mot_patch_large_1d,0.1,42,35,0.023208660251050155,0.6097438366879557,0.8719162363740677,0.8687388896942139,0.9490342321667623,1.0565749655262233,0.7525812619502869,0.7468580603599548,0.8933078393881453
mot_patch_large_1d-p3-bs.512-ep.300,mot_patch_large_1d,0.1,42,36,0.020610737385376346,0.6083428384150208,0.8733027347485178,0.8695332407951355,0.9500860585197934,1.0549524062906124,0.7510516252390057,0.7444542646408081,0.8975143403441682
mot_patch_large_1d-p3-bs.512-ep.300,mot_patch_large_1d,0.1,42,37,0.01812880051256551,0.6051217155945326,0.8743545611015491,0.8706627488136292,0.9501816790973417,1.0542306728618323,0.7487571701720841,0.7426623702049255,0.8948374760994264
mot_patch_large_1d-p3-bs.512-ep.300,mot_patch_large_1d,0.1,42,38,0.015772644703565562,0.6015356256802694,0.8767450755402563,0.8736981153488159,0.9504207305412125,1.0513158692456568,0.749904397705545,0.744413435459137,0.8944550669216061
mot_patch_large_1d-p3-bs.512-ep.300,mot_patch_large_1d,0.1,42,39,0.013551568628929433,0.5999895603940828,0.8762669726525149,0.8731569051742554,0.9507075922738574,1.0485460153729236,0.749904397705545,0.743407130241394,0.8948374760994264
mot_patch_large_1d-p3-bs.512-ep.300,mot_patch_large_1d,0.1,42,40,0.011474337861210542,0.5977572548523942,0.8775100401606426,0.873867928981781,0.9509944540065022,1.0489712716972395,0.7479923518164436,0.7414836287498474,0.8933078393881453
mot_patch_large_1d-p3-bs.512-ep.300,mot_patch_large_1d,0.1,42,41,0.009549150281252632,0.5962565836611886,0.8766016446739339,0.873151421546936,0.9513769363166954,1.0471507026862004,0.7544933078393882,0.7481656670570374,0.8944550669216061
mot_patch_large_1d-p3-bs.512-ep.300,mot_patch_large_1d,0.1,42,42,0.007783603724899257,0.5947282225389421,0.8787531076687704,0.8754074573516846,0.9507554025626315,1.0446950879653143,0.7483747609942638,0.7424305081367493,0.8936902485659656
mot_patch_large_1d-p3-bs.512-ep.300,mot_patch_large_1d,0.1,42,43,0.0061846659978068205,0.5939802807041736,0.8783706253585771,0.874942421913147,0.9509944540065022,1.045587216554135,0.749904397705545,0.7428284287452698,0.891395793499044
mot_patch_large_1d-p3-bs.512-ep.300,mot_patch_large_1d,0.1,42,44,0.004758647376699033,0.5929034549160883,0.8790877796901894,0.8759278655052185,0.9512335054503729,1.044869468499324,0.7506692160611854,0.7442781925201416,0.892925430210325
mot_patch_large_1d-p3-bs.512-ep.300,mot_patch_large_1d,0.1,42,45,0.0035111757055874327,0.5922463056484448,0.8792312105565118,0.875977635383606,0.9515203671830178,1.0449793098989455,0.7506692160611854,0.7443474531173706,0.8940726577437859
mot_patch_large_1d-p3-bs.512-ep.300,mot_patch_large_1d,0.1,42,46,0.0024471741852423235,0.5918854394089449,0.8789921591126411,0.8758090138435364,0.9518550392044368,1.0441424951498641,0.7506692160611854,0.7443990111351013,0.8936902485659656
mot_patch_large_1d-p3-bs.512-ep.300,mot_patch_large_1d,0.1,42,47,0.0015708419435684518,0.591552905996253,0.8792790208452859,0.8760955333709717,0.9518550392044368,1.0438223931803075,0.751434034416826,0.7450043559074402,0.8936902485659656
mot_patch_large_1d-p3-bs.512-ep.300,mot_patch_large_1d,0.1,42,48,0.000885637463565564,0.5914512485818576,0.8788965385350928,0.875836193561554,0.9517116083381144,1.0438520734214418,0.7506692160611854,0.744411289691925,0.8936902485659656
mot_patch_large_1d-p3-bs.512-ep.300,mot_patch_large_1d,0.1,42,49,0.00039426493427611173,0.5914040168080829,0.8790399694014152,0.8759193420410156,0.9516637980493402,1.0438669937746474,0.7502868068833652,0.7438849806785583,0.8936902485659656
mot_patch_large_1d-p3-bs.512-ep.300,mot_patch_large_1d,0.1,42,50,9.866357858642205e-05,0.5913920977941365,0.8789443488238669,0.8757972717285156,0.9516159877605661,1.0438196769408012,0.7502868068833652,0.7438849806785583,0.8936902485659656
mot_patch_large_1d-p3-bs.512-ep.300,mot_patch_large_1d,0.3,42,1,0.3,2.2385738574881744,0.5366226812009944,0.5228034853935242,0.7618091413272137,2.581936476289884,0.4883365200764818,0.48764148354530334,0.7254302103250478
mot_patch_large_1d-p3-bs.512-ep.300,mot_patch_large_1d,0.3,42,2,0.29970400926424073,1.322086910919697,0.6762765347102696,0.664756178855896,0.8602505259131765,1.6176678659355208,0.6191204588910134,0.6135675311088562,0.8195028680688337
mot_patch_large_1d-p3-bs.512-ep.300,mot_patch_large_1d,0.3,42,3,0.2988172051971717,1.1796661773815873,0.7031459170013387,0.695006787776947,0.8800917957544464,1.5054327882726608,0.6481835564053537,0.6432467699050903,0.8351816443594646
mot_patch_large_1d-p3-bs.512-ep.300,mot_patch_large_1d,0.3,42,4,0.29734308760930334,1.023957261074385,0.745362401988908,0.73874831199646,0.9000764964620386,1.3815541152516468,0.6638623326959847,0.6546311974525452,0.8588910133843213
mot_patch_large_1d-p3-bs.512-ep.300,mot_patch_large_1d,0.3,42,5,0.2952874741692947,1.0198761561925016,0.745697074010327,0.7393356561660767,0.9003155479059094,1.4451068943818715,0.6569789674952199,0.6491943597793579,0.850095602294455
mot_patch_large_1d-p3-bs.512-ep.300,mot_patch_large_1d,0.3,42,6,0.2926584774442731,0.9342026279177349,0.7641040351883726,0.7611092925071716,0.9135111876075731,1.3710447351517687,0.6734225621414914,0.6685799956321716,0.8638623326959847
mot_patch_large_1d-p3-bs.512-ep.300,mot_patch_large_1d,0.3,42,7,0.28946647288323774,0.887579115610274,0.779833620195066,0.7760714888572693,0.9132243258749283,1.3204354893409043,0.6990439770554493,0.6901640892028809,0.8669216061185469
mot_patch_large_1d-p3-bs.512-ep.300,mot_patch_large_1d,0.3,42,8,0.28572405786990296,0.7636790230890195,0.8102887741441959,0.802459716796875,0.9276152227959457,1.2382903469224278,0.7139579349904398,0.7069958448410034,0.8738049713193117
mot_patch_large_1d-p3-bs.512-ep.300,mot_patch_large_1d,0.3,42,9,0.28144600200657954,0.7905544420345537,0.8013482501434309,0.7977963089942932,0.9235991585389176,1.3126666038031787,0.6982791586998088,0.6943888664245605,0.8676864244741874
mot_patch_large_1d-p3-bs.512-ep.300,mot_patch_large_1d,0.3,42,10,0.27664918882530226,0.7629931939220447,0.8079938802830369,0.8011343479156494,0.9263243449990438,1.2935302603085228,0.707074569789675,0.6955916881561279,0.8673040152963671
mot_patch_large_1d-p3-bs.512-ep.300,mot_patch_large_1d,0.3,42,11,0.27135254915624213,0.7580217555504407,0.8074679671065214,0.8043590784072876,0.9285236182826544,1.2612010729700385,0.7063097514340344,0.6972478628158569,0.8707456978967495
mot_patch_large_1d-p3-bs.512-ep.300,mot_patch_large_1d,0.3,42,12,0.2655769864163684,0.689602464124016,0.8258271179957927,0.8220141530036926,0.9360776439089692,1.2331803447657743,0.7151051625239006,0.7081491351127625,0.874187380497132
mot_patch_large_1d-p3-bs.512-ep.300,mot_patch_large_1d,0.3,42,13,0.2593452941132117,0.6784616723118058,0.8286001147446931,0.8247353434562683,0.9387072097915471,1.2393931912190599,0.7170172084130019,0.7092235684394836,0.8803059273422562
mot_patch_large_1d-p3-bs.512-ep.300,mot_patch_large_1d,0.3,42,14,0.2526820658893033,0.6508879133564812,0.8339070567986231,0.8330568075180054,0.9419583094281889,1.2226957273756798,0.7208413001912046,0.7166802883148193,0.8818355640535372
mot_patch_large_1d-p3-bs.512-ep.300,mot_patch_large_1d,0.3,42,15,0.24561359846230346,0.6165269325330759,0.8434691145534519,0.8428946137428284,0.9456875119525722,1.2012284871497072,0.7277246653919694,0.7241162061691284,0.8845124282982791
mot_patch_large_1d-p3-bs.512-ep.300,mot_patch_large_1d,0.3,42,16,0.23816778784387102,0.610480044899855,0.8445687511952572,0.8435007333755493,0.9475521132147638,1.21172881263164,0.7151051625239006,0.7054857015609741,0.8845124282982791
mot_patch_large_1d-p3-bs.512-ep.300,mot_patch_large_1d,0.3,42,17,0.2303740192468495,0.6042792624281889,0.8493019697838975,0.8442466855049133,0.9475999235035379,1.216916259707274,0.7254302103250478,0.7194706797599792,0.8852772466539197
mot_patch_large_1d-p3-bs.512-ep.300,mot_patch_large_1d,0.3,42,18,0.22226305111525732,0.5587828842807988,0.8609198699560145,0.8578168749809265,0.9515681774717919,1.1870608707231043,0.7304015296367112,0.7245951890945435,0.8822179732313575
mot_patch_large_1d-p3-bs.512-ep.300,mot_patch_large_1d,0.3,42,19,0.21386689373476092,0.5898586721123006,0.847150506789061,0.8472648859024048,0.9500860585197934,1.2013079057915945,0.7208413001912046,0.7135512828826904,0.8894837476099426
mot_patch_large_1d-p3-bs.512-ep.300,mot_patch_large_1d,0.3,42,20,0.20521868290270173,0.5446090014310521,0.8653184165232358,0.860980212688446,0.9553930005737234,1.1889309505659582,0.725812619502868,0.7202773094177246,0.8933078393881453
mot_patch_large_1d-p3-bs.512-ep.300,mot_patch_large_1d,0.3,42,21,0.19635254915624212,0.5271839800973448,0.8654140371007841,0.8615490198135376,0.9580703767450756,1.1748729260884097,0.7330783938814531,0.7266857028007507,0.8894837476099426
mot_patch_large_1d-p3-bs.512-ep.300,mot_patch_large_1d,0.3,42,22,0.18730348307472822,0.48988097072855924,0.8786096768024478,0.8759394884109497,0.9594568751195257,1.1430377267286838,0.7361376673040153,0.7290148735046387,0.8936902485659656
mot_patch_large_1d-p3-bs.512-ep.300,mot_patch_large_1d,0.3,42,23,0.17810719718785872,0.5170697584095684,0.8693344807802639,0.867449164390564,0.9586441002103653,1.1765773970128017,0.734225621414914,0.7287019491195679,0.8944550669216061
mot_patch_large_1d-p3-bs.512-ep.300,mot_patch_large_1d,0.3,42,24,0.1687999850346457,0.4864516638505753,0.8806655192197361,0.878292441368103,0.9600305985848154,1.1771808689912464,0.7319311663479924,0.7315077185630798,0.8902485659655832
mot_patch_large_1d-p3-bs.512-ep.300,mot_patch_large_1d,0.3,42,25,0.15941857792939704,0.45664390010253764,0.8906578695735322,0.8880912065505981,0.963855421686747,1.1241903418108792,0.7426386233269598,0.7361766695976257,0.8948374760994264
mot_patch_large_1d-p3-bs.512-ep.300,mot_patch_large_1d,0.3,42,26,0.15000000000000002,0.4814376623139461,0.8842991011665711,0.8814899325370789,0.9612258558041691,1.1696245386769166,0.7330783938814531,0.7277898192405701,0.8883365200764818
mot_patch_large_1d-p3-bs.512-ep.300,mot_patch_large_1d,0.3,42,27,0.140581422070603,0.44418734103458335,0.8973991202906866,0.8940191864967346,0.9650506789061006,1.1304291748863788,0.7437858508604207,0.7373886108398438,0.8952198852772466
mot_patch_large_1d-p3-bs.512-ep.300,mot_patch_large_1d,0.3,42,28,0.13120001496535438,0.4424196824354477,0.8961560527825588,0.8947284817695618,0.964524765729585,1.1208547559340643,0.7491395793499044,0.7445120215415955,0.8956022944550669
mot_patch_large_1d-p3-bs.512-ep.300,mot_patch_large_1d,0.3,42,29,0.12189280281214132,0.4420128534345833,0.8951998470070759,0.8934641480445862,0.9647638171734557,1.1434942460652746,0.7334608030592734,0.728506863117218,0.8959847036328872
mot_patch_large_1d-p3-bs.512-ep.300,mot_patch_large_1d,0.3,42,30,0.11269651692527179,0.42552739280340296,0.9023713903231976,0.8999141454696655,0.9666284184356474,1.1253262915529212,0.7426386233269598,0.7354151010513306,0.8936902485659656
mot_patch_large_1d-p3-bs.512-ep.300,mot_patch_large_1d,0.3,42,31,0.10364745084375795,0.43157858218442735,0.8984509466437177,0.8969495296478271,0.9669630904570664,1.1348031067711446,0.7453154875717017,0.7402313947677612,0.8959847036328872
mot_patch_large_1d-p3-bs.512-ep.300,mot_patch_large_1d,0.3,42,32,0.09478131709729837,0.4115450888798054,0.907487091222031,0.9060748815536499,0.9692579843182253,1.1278854691047742,0.745697896749522,0.7431309223175049,0.897131931166348
mot_patch_large_1d-p3-bs.512-ep.300,mot_patch_large_1d,0.3,42,33,0.08613310626523911,0.4131480715064616,0.9065786957353222,0.9055249094963074,0.9685408299866132,1.1276850187983614,0.7434034416826004,0.7377963066101074,0.9005736137667304
mot_patch_large_1d-p3-bs.512-ep.300,mot_patch_large_1d,0.3,42,34,0.0777369488847427,0.40097980732716254,0.9105947599923504,0.9092562198638916,0.9699751386498374,1.108841963525484,0.7476099426386233,0.7407670021057129,0.9017208413001913
mot_patch_large_1d-p3-bs.512-ep.300,mot_patch_large_1d,0.3,42,35,0.06962598075315048,0.3971019328313066,0.9136068081851214,0.9123377203941345,0.9695926563396443,1.1117302553603572,0.7472275334608031,0.742311418056488,0.9009560229445507
mot_patch_large_1d-p3-bs.512-ep.300,mot_patch_large_1d,0.3,42,36,0.06183221215612905,0.38908090854060423,0.9160929432013769,0.9143750071525574,0.9702141900937081,1.102490091415026,0.7476099426386233,0.7414390444755554,0.9001912045889101
mot_patch_large_1d-p3-bs.512-ep.300,mot_patch_large_1d,0.3,42,37,0.05438640153769654,0.3866669879540542,0.9172882004207306,0.9155611395835876,0.9708357238477721,1.0977435358167835,0.7491395793499044,0.7431666851043701,0.9009560229445507
mot_patch_large_1d-p3-bs.512-ep.300,mot_patch_large_1d,0.3,42,38,0.047317934110696694,0.38229787151360745,0.9195352839931153,0.9184873104095459,0.9712182061579652,1.1002065188114318,0.7491395793499044,0.7441381812095642,0.8982791586998088
mot_patch_large_1d-p3-bs.512-ep.300,mot_patch_large_1d,0.3,42,39,0.0406547058867883,0.3846456214378067,0.9177184930196979,0.9160632491111755,0.9711703958691911,1.1063549486674498,0.7487571701720841,0.7417145371437073,0.8998087954110898
mot_patch_large_1d-p3-bs.512-ep.300,mot_patch_large_1d,0.3,42,40,0.03442301358363163,0.38003196377078485,0.9181965959074393,0.9163343906402588,0.9717919296232549,1.098851211577027,0.7521988527724666,0.7450935244560242,0.8986615678776291
mot_patch_large_1d-p3-bs.512-ep.300,mot_patch_large_1d,0.3,42,41,0.0286474508437579,0.37834251531111074,0.9202524383247275,0.9183657765388489,0.9716484987569325,1.0944991948727667,0.7510516252390057,0.7438253164291382,0.8990439770554494
mot_patch_large_1d-p3-bs.512-ep.300,mot_patch_large_1d,0.3,42,42,0.023350811174697773,0.3754337416207683,0.9226429527634347,0.9207019805908203,0.9720309810671256,1.0967987235599905,0.7502868068833652,0.742928147315979,0.8998087954110898
mot_patch_large_1d-p3-bs.512-ep.300,mot_patch_large_1d,0.3,42,43,0.018553997993420463,0.3747272739494296,0.9217345572767259,0.9199466109275818,0.9724612736660929,1.0961391704260277,0.7476099426386233,0.7416243553161621,0.8975143403441682
mot_patch_large_1d-p3-bs.512-ep.300,mot_patch_large_1d,0.3,42,44,0.014275942130097098,0.3721701214750767,0.9229776247848537,0.9214003086090088,0.9726047045324153,1.0941621244295605,0.7491395793499044,0.7431899309158325,0.8986615678776291
mot_patch_large_1d-p3-bs.512-ep.300,mot_patch_large_1d,0.3,42,45,0.010533527116762299,0.37124855966544285,0.9231688659399503,0.9215603470802307,0.9726525148211895,1.093869753777411,0.7479923518164436,0.7415409684181213,0.9001912045889101
mot_patch_large_1d-p3-bs.512-ep.300,mot_patch_large_1d,0.3,42,46,0.00734152255572697,0.370416946268875,0.9238382099827883,0.9222266674041748,0.9727959456875119,1.091523103732224,0.7544933078393882,0.7480947971343994,0.8986615678776291
mot_patch_large_1d-p3-bs.512-ep.300,mot_patch_large_1d,0.3,42,47,0.004712525830705355,0.3693833005521785,0.9249856569133678,0.923321008682251,0.9729871868426085,1.0915268250678738,0.7521988527724666,0.745361864566803,0.8994263862332696
mot_patch_large_1d-p3-bs.512-ep.300,mot_patch_large_1d,0.3,42,48,0.0026569123906966916,0.36910306648215,0.9248422260470454,0.9232595562934875,0.9729871868426085,1.0913027644841211,0.7537284894837476,0.7469109296798706,0.8994263862332696
mot_patch_large_1d-p3-bs.512-ep.300,mot_patch_large_1d,0.3,42,49,0.001182794802828335,0.3690440542133891,0.9250812774909161,0.9235517382621765,0.9729393765538343,1.0912290496534416,0.752963671128107,0.7461427450180054,0.8990439770554494
mot_patch_large_1d-p3-bs.512-ep.300,mot_patch_large_1d,0.3,42,50,0.0002959907357592661,0.36902258660146303,0.9250334672021419,0.923493504524231,0.9729393765538343,1.0911613887400289,0.752963671128107,0.7461427450180054,0.8990439770554494
mot_patch_large_1d-p3-bs.512-ep.300,mot_patch_large_1d,0.5,42,1,0.5,10.297016423937238,0.4446834958883152,0.44639214873313904,0.6244023713903232,10.931888966897706,0.417208413001912,0.42985808849334717,0.5896749521988528
mot_patch_large_1d-p3-bs.512-ep.300,mot_patch_large_1d,0.5,42,2,0.4995066821070679,1.87596404709764,0.632291069038057,0.6240506768226624,0.8263530311723083,2.3150537319438635,0.578585086042065,0.5722280740737915,0.7892925430210325
mot_patch_large_1d-p3-bs.512-ep.300,mot_patch_large_1d,0.5,42,3,0.4980286753286195,1.5436460936723784,0.679384203480589,0.6697990894317627,0.8574775291642761,1.993169874260576,0.625621414913958,0.6190468072891235,0.8084130019120459
mot_patch_large_1d-p3-bs.512-ep.300,mot_patch_large_1d,0.5,42,4,0.4955718126821722,1.309178073129455,0.7040543124880474,0.6942508220672607,0.8873111493593421,1.820872838912001,0.6325047801147228,0.6205381751060486,0.8497131931166348
mot_patch_large_1d-p3-bs.512-ep.300,mot_patch_large_1d,0.5,42,5,0.49214579028215777,1.149705778688426,0.7371390323197552,0.7268880605697632,0.898211895199847,1.7986026975438427,0.6577437858508605,0.650948703289032,0.8413001912045889
mot_patch_large_1d-p3-bs.512-ep.300,mot_patch_large_1d,0.5,42,6,0.4877641290737884,1.0671902461589056,0.7459361254541977,0.7467671036720276,0.9056703002486135,1.688443459972141,0.6611854684512428,0.6604946255683899,0.8462715105162524
mot_patch_large_1d-p3-bs.512-ep.300,mot_patch_large_1d,0.5,42,7,0.48244412147206284,1.021777605869091,0.7656339644291451,0.7607454657554626,0.907487091222031,1.637084176116418,0.6768642447418738,0.6687420606613159,0.8539196940726578
mot_patch_large_1d-p3-bs.512-ep.300,mot_patch_large_1d,0.5,42,8,0.4762067631165049,0.7828087400902204,0.8062727098871677,0.7983562350273132,0.9282367565500096,1.461656982538577,0.7005736137667304,0.6933139562606812,0.8688336520076482
mot_patch_large_1d-p3-bs.512-ep.300,mot_patch_large_1d,0.5,42,9,0.46907667001096587,0.8209268827469359,0.8022566456301397,0.7971763610839844,0.9257028112449799,1.557210311743771,0.6933078393881453,0.686288058757782,0.8627151051625239
mot_patch_large_1d-p3-bs.512-ep.300,mot_patch_large_1d,0.5,42,10,0.46108198137550377,0.8887314863017103,0.7893000573723465,0.788899838924408,0.9168100975329891,1.6248609189093683,0.6906309751434034,0.6870937943458557,0.8592734225621415
mot_patch_large_1d-p3-bs.512-ep.300,mot_patch_large_1d,0.5,42,11,0.45225424859373686,0.8498005349952055,0.7936986039395678,0.789604127407074,0.924411933448078,1.5807643970613499,0.6933078393881453,0.6863977909088135,0.8646271510516252
mot_patch_large_1d-p3-bs.512-ep.300,mot_patch_large_1d,0.5,42,12,0.4426283106939473,0.7285818108000384,0.8207592273857334,0.8177272081375122,0.9324440619621343,1.4730452528419276,0.7082217973231357,0.7002324461936951,0.8707456978967495
mot_patch_large_1d-p3-bs.512-ep.300,mot_patch_large_1d,0.5,42,13,0.4322421568553529,0.7447082964907552,0.8122489959839357,0.8087165951728821,0.9366991776630331,1.5419789155628212,0.6906309751434034,0.6838830709457397,0.865774378585086
mot_patch_large_1d-p3-bs.512-ep.300,mot_patch_large_1d,0.5,42,14,0.4211367764821722,0.7111088768613797,0.8169344042838019,0.8187482357025146,0.9401415184547715,1.4967887367846633,0.7043977055449331,0.7000259160995483,0.8692160611854685
mot_patch_large_1d-p3-bs.512-ep.300,mot_patch_large_1d,0.5,42,15,0.40935599743717244,0.6161510823538527,0.8390705679862306,0.8344987630844116,0.9483648881239243,1.4152243736369203,0.7120458891013385,0.7041027545928955,0.8841300191204589
mot_patch_large_1d-p3-bs.512-ep.300,mot_patch_large_1d,0.5,42,16,0.39694631307311834,0.5740779618456386,0.8489672977624785,0.8475379347801208,0.9508988334289539,1.3965364707815489,0.7151051625239006,0.7052276730537415,0.8829827915869981
mot_patch_large_1d-p3-bs.512-ep.300,mot_patch_large_1d,0.5,42,17,0.38395669874474914,0.5931372796629693,0.8494454006502199,0.8437426686286926,0.9474086823484413,1.4432061131552119,0.7147227533460803,0.709795355796814,0.8749521988527724
mot_patch_large_1d-p3-bs.512-ep.300,mot_patch_large_1d,0.5,42,18,0.3704384185254288,0.5359731445487587,0.8573819085867279,0.8561801314353943,0.9559189137502391,1.3762339750621788,0.7219885277246654,0.7171996235847473,0.8803059273422562
mot_patch_large_1d-p3-bs.512-ep.300,mot_patch_large_1d,0.5,42,19,0.35644482289126816,0.5827806114945272,0.8446643717728055,0.8437178134918213,0.9525243832472748,1.420597661384889,0.7131931166347992,0.7043948173522949,0.8898661567877629
mot_patch_large_1d-p3-bs.512-ep.300,mot_patch_large_1d,0.5,42,20,0.34203113817116954,0.5599245106793198,0.8526008797093134,0.8485952019691467,0.9559189137502391,1.44630895144169,0.708604206500956,0.7053563594818115,0.887189292543021
mot_patch_large_1d-p3-bs.512-ep.300,mot_patch_large_1d,0.5,42,21,0.32725424859373686,0.521379726433257,0.8614935934213043,0.8581253290176392,0.9595046854082999,1.4088680522619652,0.7124282982791587,0.7047889828681946,0.8894837476099426
mot_patch_large_1d-p3-bs.512-ep.300,mot_patch_large_1d,0.5,42,22,0.31217247179121366,0.509446845179558,0.8659399502772996,0.8620460033416748,0.9587875310766877,1.386689173331908,0.7204588910133843,0.7133962512016296,0.8868068833652007
mot_patch_large_1d-p3-bs.512-ep.300,mot_patch_large_1d,0.5,42,23,0.2968453286464312,0.47630717344460966,0.8755976286096768,0.8744114637374878,0.9625167336010709,1.3644273251010173,0.720076481835564,0.7150837182998657,0.8875717017208413
mot_patch_large_1d-p3-bs.512-ep.300,mot_patch_large_1d,0.5,42,24,0.2813333083910761,0.46475710502248074,0.8753585771658061,0.8745157122612,0.9630426467775866,1.41228003419836,0.720076481835564,0.7203167080879211,0.8864244741873805
mot_patch_large_1d-p3-bs.512-ep.300,mot_patch_large_1d,0.5,42,25,0.26569762988232837,0.4119156253659308,0.8910403518837253,0.8881879448890686,0.9694492254733219,1.3067833209356887,0.734225621414914,0.7273027300834656,0.8902485659655832
mot_patch_large_1d-p3-bs.512-ep.300,mot_patch_large_1d,0.5,42,26,0.25,0.42512355340464114,0.8902753872633391,0.8879257440567017,0.9666284184356474,1.3596113741055957,0.7235181644359464,0.7188816666603088,0.8879541108986616
mot_patch_large_1d-p3-bs.512-ep.300,mot_patch_large_1d,0.5,42,27,0.23430237011767166,0.39318731825582887,0.9005067890610059,0.8975410461425781,0.9677280550774526,1.3173950049434975,0.7365200764818356,0.7300302386283875,0.8933078393881453
mot_patch_large_1d-p3-bs.512-ep.300,mot_patch_large_1d,0.5,42,28,0.21866669160892396,0.39926474471465195,0.8969688276917193,0.8968181014060974,0.9688755020080321,1.3200959973307913,0.734225621414914,0.7283015251159668,0.8917782026768643
mot_patch_large_1d-p3-bs.512-ep.300,mot_patch_large_1d,0.5,42,29,0.20315467135356885,0.3928897156955225,0.8983553260661694,0.8969791531562805,0.969162363740677,1.3375862953083921,0.7284894837476099,0.7250096201896667,0.8906309751434034
mot_patch_large_1d-p3-bs.512-ep.300,mot_patch_large_1d,0.5,42,30,0.1878275282087863,0.35877920697172644,0.9108816217249952,0.908125102519989,0.9722222222222222,1.2943067561599995,0.7388145315487572,0.7319386005401611,0.8925430210325048
mot_patch_large_1d-p3-bs.512-ep.300,mot_patch_large_1d,0.5,42,31,0.17274575140626322,0.36775025684898727,0.9061962134251291,0.9045851826667786,0.9725090839548671,1.317118639973336,0.7372848948374761,0.7315772771835327,0.8956022944550669
mot_patch_large_1d-p3-bs.512-ep.300,mot_patch_large_1d,0.5,42,32,0.15796886182883058,0.33919244816572724,0.9181965959074393,0.9175598621368408,0.973799961751769,1.3036631859511307,0.7307839388145315,0.7269747853279114,0.8940726577437859
mot_patch_large_1d-p3-bs.512-ep.300,mot_patch_large_1d,0.5,42,33,0.14355517710873184,0.3400101932519069,0.9178141135972461,0.9180629253387451,0.9746127366609294,1.296591195276089,0.7369024856596559,0.7328919172286987,0.8956022944550669
mot_patch_large_1d-p3-bs.512-ep.300,mot_patch_large_1d,0.5,42,34,0.12956158147457114,0.3259019642857435,0.9233122968062727,0.9233038425445557,0.9761904761904762,1.2629747321455247,0.7437858508604207,0.7373477220535278,0.8990439770554494
mot_patch_large_1d-p3-bs.512-ep.300,mot_patch_large_1d,0.5,42,35,0.11604330125525078,0.32462502784313174,0.9223560910307899,0.9215117692947388,0.9760948556129279,1.2730480974536553,0.7414913957934991,0.7352834939956665,0.8978967495219885
mot_patch_large_1d-p3-bs.512-ep.300,mot_patch_large_1d,0.5,42,36,0.10305368692688174,0.30070709128935175,0.9331612162937464,0.9322630167007446,0.9770032510996366,1.2526104039033559,0.7441682600382409,0.7387122511863708,0.9001912045889101
mot_patch_large_1d-p3-bs.512-ep.300,mot_patch_large_1d,0.5,42,37,0.09064400256282756,0.29951799447049965,0.9340696117804551,0.9327465891838074,0.9775769745649264,1.2506486735881857,0.7407265774378585,0.7358164191246033,0.8986615678776291
mot_patch_large_1d-p3-bs.512-ep.300,mot_patch_large_1d,0.5,42,38,0.07886322351782782,0.296566721631136,0.9339739912029069,0.9336043000221252,0.9782463186077643,1.2561880764496258,0.7453154875717017,0.7421622276306152,0.8978967495219885
mot_patch_large_1d-p3-bs.512-ep.300,mot_patch_large_1d,0.5,42,39,0.06775784314464717,0.2987489822513174,0.9320137693631669,0.9306327104568481,0.9781028877414419,1.2629806431028172,0.7380497131931166,0.7305505275726318,0.901338432122371
mot_patch_large_1d-p3-bs.512-ep.300,mot_patch_large_1d,0.5,42,40,0.057371689306052714,0.2929885067796589,0.9334002677376171,0.9324062466621399,0.9782463186077643,1.2542216955589747,0.7437858508604207,0.7376656532287598,0.8986615678776291
mot_patch_large_1d-p3-bs.512-ep.300,mot_patch_large_1d,0.5,42,41,0.047745751406263165,0.29017751288473276,0.9355995410212278,0.9341817498207092,0.9783897494740869,1.2492312750442534,0.7472275334608031,0.7397334575653076,0.9005736137667304
mot_patch_large_1d-p3-bs.512-ep.300,mot_patch_large_1d,0.5,42,42,0.03891801862449629,0.2873815038414388,0.9378466245936126,0.9364657402038574,0.979441575827118,1.2545861793065847,0.7430210325047801,0.737470805644989,0.9001912045889101
mot_patch_large_1d-p3-bs.512-ep.300,mot_patch_large_1d,0.5,42,43,0.030923329989034104,0.28584363032399546,0.9384681583476764,0.9374157190322876,0.9796328169822146,1.2494782515283296,0.7418738049713193,0.7370485067367554,0.9017208413001913
mot_patch_large_1d-p3-bs.512-ep.300,mot_patch_large_1d,0.5,42,44,0.02379323688349516,0.281813960659912,0.9398068464333524,0.9388368129730225,0.9794893861158921,1.2477019155002689,0.7437858508604207,0.7383775115013123,0.8994263862332696
mot_patch_large_1d-p3-bs.512-ep.300,mot_patch_large_1d,0.5,42,45,0.017555878527937163,0.280705387949328,0.9401415184547715,0.9392708539962769,0.9795371964046663,1.247048690533319,0.7411089866156788,0.7373631000518799,0.8986615678776291
mot_patch_large_1d-p3-bs.512-ep.300,mot_patch_large_1d,0.5,42,46,0.012235870926211617,0.27953646319344294,0.9411455345190285,0.9402197003364563,0.9795371964046663,1.2426272040343422,0.7483747609942638,0.7431544661521912,0.9009560229445507
mot_patch_large_1d-p3-bs.512-ep.300,mot_patch_large_1d,0.5,42,47,0.007854209717842259,0.2783265122949655,0.9422929814496079,0.9412136077880859,0.9802065404475043,1.2444884261939084,0.7453154875717017,0.7396449446678162,0.9017208413001913
mot_patch_large_1d-p3-bs.512-ep.300,mot_patch_large_1d,0.5,42,48,0.00442818731782782,0.2778465725491484,0.9421495505832855,0.9411577582359314,0.9799196787148594,1.2434273014105073,0.7472275334608031,0.7422336339950562,0.901338432122371
mot_patch_large_1d-p3-bs.512-ep.300,mot_patch_large_1d,0.5,42,49,0.0019713246713805588,0.27773265388140056,0.9421017402945113,0.941089928150177,0.9799196787148594,1.2431982736970453,0.7483747609942638,0.7430907487869263,0.9009560229445507
mot_patch_large_1d-p3-bs.512-ep.300,mot_patch_large_1d,0.5,42,50,0.0004933178929321103,0.2776967892343124,0.9420539300057372,0.9410715699195862,0.9800152992924077,1.2431621894325855,0.7483747609942638,0.743090808391571,0.9009560229445507
mot_patch_large_1d-p3-bs.512-ep.300,mot_patch_large_1d,0.7,42,1,0.7,10.787235416858094,0.4156148403136355,0.39798733592033386,0.6102983362019506,11.526804656690667,0.3919694072657744,0.3794798254966736,0.5766730401529637
mot_patch_large_1d-p3-bs.512-ep.300,mot_patch_large_1d,0.7,42,2,0.699309354949895,2.597996061539919,0.6211034614649072,0.6094703078269958,0.8220501051826353,3.2440423210537914,0.55717017208413,0.553663969039917,0.7804971319311663
mot_patch_large_1d-p3-bs.512-ep.300,mot_patch_large_1d,0.7,42,3,0.6972401454600672,2.580240116130328,0.6795754446356856,0.669373631477356,0.8547523427041499,3.5152548678746416,0.6145315487571702,0.6127113699913025,0.8107074569789675
mot_patch_large_1d-p3-bs.512-ep.300,mot_patch_large_1d,0.7,42,4,0.6938005377550409,1.8892337534983452,0.6838305603365844,0.6775438189506531,0.8701950659781985,2.6148952593539003,0.6152963671128107,0.6071901917457581,0.8244741873804972
mot_patch_large_1d-p3-bs.512-ep.300,mot_patch_large_1d,0.7,42,5,0.6890041063950206,1.5021691211985684,0.7229871868426085,0.7126075625419617,0.8917096959265634,2.4085691083685616,0.6481835564053537,0.6368018984794617,0.8309751434034417
mot_patch_large_1d-p3-bs.512-ep.300,mot_patch_large_1d,0.7,42,6,0.6828697807033035,1.6990552921554147,0.7110346146490725,0.7133080959320068,0.8738764582138077,2.587914169632454,0.621414913957935,0.6243929862976074,0.8160611854684512
mot_patch_large_1d-p3-bs.512-ep.300,mot_patch_large_1d,0.7,42,7,0.6754217700608878,1.5509733005654267,0.7340313635494359,0.7328500151634216,0.8809045706636068,2.354996850796001,0.6611854684512428,0.6552623510360718,0.8282982791586998
mot_patch_large_1d-p3-bs.512-ep.300,mot_patch_large_1d,0.7,42,8,0.6666894683631067,1.0674058086536062,0.7766303308471983,0.7691900134086609,0.9195830942818894,2.0006744093010576,0.682982791586998,0.6756776571273804,0.860038240917782
mot_patch_large_1d-p3-bs.512-ep.300,mot_patch_large_1d,0.7,42,9,0.6567073380153521,1.1107000993665535,0.7744788678523619,0.7692523002624512,0.9157104608911838,2.146252126310797,0.6715105162523901,0.6691514849662781,0.8523900573613766
mot_patch_large_1d-p3-bs.512-ep.300,mot_patch_large_1d,0.7,42,10,0.6455147739257051,1.305954871521463,0.7723274048575254,0.7712454199790955,0.8994071524192007,2.3487956935087535,0.6749521988527725,0.6663989424705505,0.8432122370936902
mot_patch_large_1d-p3-bs.512-ep.300,mot_patch_large_1d,0.7,42,11,0.6331559480312314,1.0998597631128004,0.7767259514247467,0.7720895409584045,0.9179575444635686,2.140148884935543,0.675717017208413,0.6687341332435608,0.8554493307839388
mot_patch_large_1d-p3-bs.512-ep.300,mot_patch_large_1d,0.7,42,12,0.619679634971526,0.9477341874969418,0.8024000764964621,0.7975918650627136,0.924411933448078,1.9547812117217376,0.6936902485659656,0.68450927734375,0.8554493307839388
mot_patch_large_1d-p3-bs.512-ep.300,mot_patch_large_1d,0.7,42,13,0.6051390195974938,1.0346072221217226,0.7862880091795754,0.7773581743240356,0.9300057372346529,2.1401389594287763,0.6791586998087954,0.6712861061096191,0.8623326959847036
mot_patch_large_1d-p3-bs.512-ep.300,mot_patch_large_1d,0.7,42,14,0.5895914870750408,0.8870994816275075,0.8001051826353032,0.8009496331214905,0.9352170587110347,1.9660076834275664,0.6887189292543021,0.6828895807266235,0.8695984703632887
mot_patch_large_1d-p3-bs.512-ep.300,mot_patch_large_1d,0.7,42,15,0.5730983964120412,0.7407858606551158,0.8258271179957927,0.8207141757011414,0.9440619621342513,1.8093721583058229,0.7032504780114722,0.695248544216156,0.877246653919694
mot_patch_large_1d-p3-bs.512-ep.300,mot_patch_large_1d,0.7,42,16,0.5557248383023655,0.7337214377259725,0.8278351501243068,0.8268851637840271,0.9452094090648308,1.8468609724172442,0.7005736137667304,0.6909992694854736,0.8738049713193117
mot_patch_large_1d-p3-bs.512-ep.300,mot_patch_large_1d,0.7,42,17,0.5375393782426486,0.7168453679437686,0.8351501243067508,0.8307198882102966,0.9442053930005737,1.8752992852468107,0.6994263862332696,0.695017397403717,0.8707456978967495
mot_patch_large_1d-p3-bs.512-ep.300,mot_patch_large_1d,0.7,42,18,0.5186137859356001,0.6227806045348385,0.8477242302543507,0.8478941917419434,0.9524287626697265,1.7436935410216936,0.7120458891013385,0.7049754858016968,0.8795411089866156
mot_patch_large_1d-p3-bs.512-ep.300,mot_patch_large_1d,0.7,42,19,0.49902275204777524,0.6965489780544938,0.8297953719640466,0.827954888343811,0.9500860585197934,1.8308857146458233,0.6948374760994264,0.6851795315742493,0.8791586998087955
mot_patch_large_1d-p3-bs.512-ep.300,mot_patch_large_1d,0.7,42,20,0.47884359343963717,0.6407157239003856,0.8435169248422261,0.8398987650871277,0.953241537578887,1.846238495514908,0.7017208413001912,0.6997358202934265,0.8734225621414914
mot_patch_large_1d-p3-bs.512-ep.300,mot_patch_large_1d,0.7,42,21,0.45815594803123144,0.6001357004505244,0.8529355517307324,0.8508943915367126,0.9574488429910116,1.795452965468339,0.7055449330783938,0.7015214562416077,0.8852772466539197
mot_patch_large_1d-p3-bs.512-ep.300,mot_patch_large_1d,0.7,42,22,0.437041460507699,0.6430656594422152,0.8599636641805316,0.857032060623169,0.9525721935360489,1.7992372881158132,0.7173996175908222,0.710212230682373,0.8776290630975143
mot_patch_large_1d-p3-bs.512-ep.300,mot_patch_large_1d,0.7,42,23,0.4155834601050035,0.5366083120702443,0.8646490724803978,0.8625859618186951,0.9597915471409447,1.7224787170526858,0.7116634799235182,0.7039784789085388,0.8852772466539197
mot_patch_large_1d-p3-bs.512-ep.300,mot_patch_large_1d,0.7,42,24,0.3938666317475064,0.4876153169979578,0.8731593038821954,0.8729293942451477,0.9630904570663607,1.7424275035384051,0.7158699808795411,0.7162638306617737,0.8864244741873805
mot_patch_large_1d-p3-bs.512-ep.300,mot_patch_large_1d,0.7,42,25,0.37197668183525956,0.4281534468336574,0.8864983744501816,0.883027970790863,0.9694014151845477,1.6255263231908386,0.725812619502868,0.7194716930389404,0.8910133843212237
mot_patch_large_1d-p3-bs.512-ep.300,mot_patch_large_1d,0.7,42,26,0.34999999999999987,0.44971064920292275,0.8831516542359916,0.8800645470619202,0.9672021419009371,1.6972386901738767,0.7120458891013385,0.7074655890464783,0.8826003824091778
mot_patch_large_1d-p3-bs.512-ep.300,mot_patch_large_1d,0.7,42,27,0.3280233181647402,0.3837778762048461,0.8990724803977816,0.8965370059013367,0.9697838974947409,1.6066527795153411,0.7235181644359464,0.7179115414619446,0.8944550669216061
mot_patch_large_1d-p3-bs.512-ep.300,mot_patch_large_1d,0.7,42,28,0.3061333682524934,0.4014333287532892,0.8941002103652707,0.8943830728530884,0.9696404666284184,1.6194355310035253,0.7223709369024857,0.7157507538795471,0.8879541108986616
mot_patch_large_1d-p3-bs.512-ep.300,mot_patch_large_1d,0.7,42,29,0.28441653989499627,0.3859814253380477,0.8976381717345573,0.8956971764564514,0.9710269650028687,1.6348191503812888,0.7208413001912046,0.7175898551940918,0.887189292543021
mot_patch_large_1d-p3-bs.512-ep.300,mot_patch_large_1d,0.7,42,30,0.2629585394923007,0.3402312457116937,0.9118378275004781,0.9087368249893188,0.9732262382864793,1.5785197066531353,0.7311663479923518,0.7253390550613403,0.8883365200764818
mot_patch_large_1d-p3-bs.512-ep.300,mot_patch_large_1d,0.7,42,31,0.2418440519687684,0.34771186559053013,0.9085867278638363,0.9065738916397095,0.9745171160833811,1.6045338851316024,0.7296367112810708,0.72182297706604,0.8921606118546845
mot_patch_large_1d-p3-bs.512-ep.300,mot_patch_large_1d,0.7,42,32,0.2211564065603627,0.31055921048273616,0.9214476955440811,0.9205439686775208,0.9765729585006694,1.5819807355308169,0.7254302103250478,0.7201216220855713,0.8936902485659656
mot_patch_large_1d-p3-bs.512-ep.300,mot_patch_large_1d,0.7,42,33,0.20097724795222446,0.3128276629985051,0.9193918531267928,0.9205214977264404,0.9770510613884108,1.574322486425221,0.7292543021032505,0.7257201671600342,0.8936902485659656
mot_patch_large_1d-p3-bs.512-ep.300,mot_patch_large_1d,0.7,42,34,0.1813862140643995,0.2912272138517157,0.9275196022183974,0.9278826713562012,0.9783419391853126,1.5250225993460953,0.7330783938814531,0.7276172041893005,0.8952198852772466
mot_patch_large_1d-p3-bs.512-ep.300,mot_patch_large_1d,0.7,42,35,0.16246062175735101,0.2908204578947533,0.9261331038439472,0.9255207180976868,0.9783897494740869,1.5334752916150065,0.734225621414914,0.7273020148277283,0.897131931166348
mot_patch_large_1d-p3-bs.512-ep.300,mot_patch_large_1d,0.7,42,36,0.14427516169763435,0.25628972828650387,0.9380856760374833,0.9375923275947571,0.9803021610250526,1.5127921576709638,0.7330783938814531,0.7268891930580139,0.901338432122371
mot_patch_large_1d-p3-bs.512-ep.300,mot_patch_large_1d,0.7,42,37,0.12690160358795852,0.25582875779582886,0.93966341556703,0.9388436079025269,0.9813061770893097,1.5118464045041378,0.735755258126195,0.7302767038345337,0.8975143403441682
mot_patch_large_1d-p3-bs.512-ep.300,mot_patch_large_1d,0.7,42,38,0.11040851292495889,0.25238012496954076,0.9412411550965768,0.9412074089050293,0.980110919869956,1.5174730873472604,0.735755258126195,0.7310684323310852,0.8967495219885278
mot_patch_large_1d-p3-bs.512-ep.300,mot_patch_large_1d,0.7,42,39,0.09486098040250598,0.25437475573061347,0.9383725377701281,0.9373289346694946,0.9818320902658252,1.5222753404431315,0.7338432122370937,0.7271012663841248,0.8963671128107075
mot_patch_large_1d-p3-bs.512-ep.300,mot_patch_large_1d,0.7,42,40,0.08032036502847376,0.2476101386704393,0.9400937081659974,0.9395168423652649,0.9817364696882769,1.5151958254053761,0.7376673040152963,0.7333222031593323,0.8967495219885278
mot_patch_large_1d-p3-bs.512-ep.300,mot_patch_large_1d,0.7,42,41,0.06684405196876839,0.24162774679651222,0.9442053930005737,0.9432981014251709,0.9821667622872442,1.5092293237864858,0.7380497131931166,0.7317662835121155,0.8978967495219885
mot_patch_large_1d-p3-bs.512-ep.300,mot_patch_large_1d,0.7,42,42,0.05448522607429477,0.2380639536929281,0.9460221839739912,0.9450015425682068,0.9826448651749856,1.513389975436559,0.7380497131931166,0.7323529720306396,0.9001912045889101
mot_patch_large_1d-p3-bs.512-ep.300,mot_patch_large_1d,0.7,42,43,0.04329266198464772,0.23591181123477822,0.9462612354178619,0.945736289024353,0.9825970548862115,1.5048114375448136,0.7361376673040153,0.731020987033844,0.8982791586998088
mot_patch_large_1d-p3-bs.512-ep.300,mot_patch_large_1d,0.7,42,44,0.03331053163689321,0.23111290183024463,0.9480302161025053,0.947365403175354,0.9827882960413081,1.5056179681198092,0.7384321223709369,0.7339480519294739,0.8986615678776291
mot_patch_large_1d-p3-bs.512-ep.300,mot_patch_large_1d,0.7,42,45,0.024578229939112014,0.22970846762140112,0.948938611589214,0.9486907720565796,0.9829317269076305,1.5041710060367621,0.7334608030592734,0.7290540933609009,0.8990439770554494
mot_patch_large_1d-p3-bs.512-ep.300,mot_patch_large_1d,0.7,42,46,0.017130219296696253,0.2283773396707762,0.9491776630330847,0.9486087560653687,0.9832185886402753,1.4980289145591839,0.7380497131931166,0.7332206964492798,0.9001912045889101
mot_patch_large_1d-p3-bs.512-ep.300,mot_patch_large_1d,0.7,42,47,0.010995893604979155,0.22708205042343155,0.9506597819850832,0.9502773880958557,0.9830751577739529,1.5019876454573973,0.7372848948374761,0.7326606512069702,0.9005736137667304
mot_patch_large_1d-p3-bs.512-ep.300,mot_patch_large_1d,0.7,42,48,0.006199462244958943,0.22642038009389678,0.9501816790973417,0.9496939182281494,0.9830273474851788,1.4999297833123582,0.7384321223709369,0.733626127243042,0.8990439770554494
mot_patch_large_1d-p3-bs.512-ep.300,mot_patch_large_1d,0.7,42,49,0.0027598545399327803,0.22622022758275243,0.9501338688085676,0.9496507048606873,0.9830751577739529,1.499693680538958,0.7391969407265775,0.7346529960632324,0.8990439770554494
mot_patch_large_1d-p3-bs.512-ep.300,mot_patch_large_1d,0.7,42,50,0.0006906450501049539,0.22617145067055563,0.9501816790973417,0.9497474431991577,0.9831229680627271,1.4996859315248565,0.7391969407265775,0.7346529960632324,0.8986615678776291
mot_patch_large_1d-p3-bs.512-ep.300,mot_patch_large_1d,1.0,42,1,1.0,24.10079229153874,0.35919869956014533,0.3451533913612366,0.5756358768406962,26.501598035764967,0.32810707456978966,0.3242124617099762,0.5426386233269599
mot_patch_large_1d-p3-bs.512-ep.300,mot_patch_large_1d,1.0,42,2,0.9990133642141358,4.363006026413363,0.6106808185121438,0.5962701439857483,0.8009179575444636,5.57681955953857,0.5552581261950287,0.5473952293395996,0.751434034416826
mot_patch_large_1d-p3-bs.512-ep.300,mot_patch_large_1d,1.0,42,3,0.996057350657239,3.5356054658027105,0.6472556894243642,0.6401141285896301,0.8274526678141136,4.616689357429344,0.5839388145315487,0.586377739906311,0.7755258126195028
mot_patch_large_1d-p3-bs.512-ep.300,mot_patch_large_1d,1.0,42,4,0.9911436253643444,2.696617351159194,0.6716867469879518,0.6573330163955688,0.8716293746414229,3.9676062093410165,0.5862332695984703,0.574353814125061,0.8248565965583174
mot_patch_large_1d-p3-bs.512-ep.300,mot_patch_large_1d,1.0,42,5,0.9842915805643155,2.7956970854639027,0.6717345572767259,0.6615801453590393,0.8606808185121438,4.239776494626105,0.6007648183556406,0.5972854495048523,0.804206500956023
mot_patch_large_1d-p3-bs.512-ep.300,mot_patch_large_1d,1.0,42,6,0.9755282581475768,2.1129865454861436,0.7175368139223561,0.7184165120124817,0.8853987378083764,3.4128636318228667,0.627151051625239,0.6293717622756958,0.8390057361376673
mot_patch_large_1d-p3-bs.512-ep.300,mot_patch_large_1d,1.0,42,7,0.9648882429441257,2.322328643740466,0.7158156435264869,0.7103859186172485,0.881956397016638,3.6643072212175474,0.6302103250478012,0.6282979846000671,0.8305927342256214
mot_patch_large_1d-p3-bs.512-ep.300,mot_patch_large_1d,1.0,42,8,0.9524135262330098,1.556389982099856,0.7658252055842417,0.7627880573272705,0.9121724995218972,2.9146715795104865,0.6806883365200764,0.6794878244400024,0.850095602294455
mot_patch_large_1d-p3-bs.512-ep.300,mot_patch_large_1d,1.0,42,9,0.9381533400219317,1.6422781098935362,0.7671160833811437,0.76374351978302,0.9037100784088736,3.2418435149621327,0.6615678776290631,0.6561010479927063,0.837093690248566
mot_patch_large_1d-p3-bs.512-ep.300,mot_patch_large_1d,1.0,42,10,0.9221639627510075,1.9506382330308842,0.7478007267163894,0.7436819672584534,0.8933830560336584,3.3620286274138644,0.6661567877629063,0.6540518403053284,0.8359464627151052
mot_patch_large_1d-p3-bs.512-ep.300,mot_patch_large_1d,1.0,42,11,0.9045084971874737,1.514363386088882,0.7741441958309428,0.7669141292572021,0.9157582711799579,2.9613262344272826,0.6715105162523901,0.6554322242736816,0.8577437858508604
mot_patch_large_1d-p3-bs.512-ep.300,mot_patch_large_1d,1.0,42,12,0.8852566213878946,1.4312179911590301,0.7878179384203481,0.7803946137428284,0.9153757888697648,2.934212247363468,0.6848948374760995,0.6760921478271484,0.8481835564053537
mot_patch_large_1d-p3-bs.512-ep.300,mot_patch_large_1d,1.0,42,13,0.8644843137107058,1.328835426267827,0.7863358194683496,0.7799851894378662,0.9246509848919487,2.9837865359012756,0.6764818355640535,0.6729578971862793,0.8550669216061185
mot_patch_large_1d-p3-bs.512-ep.300,mot_patch_large_1d,1.0,42,14,0.8422735529643444,1.3021193402382083,0.7931248804742781,0.7955480813980103,0.9237903996940141,2.858428622477369,0.6738049713193117,0.6684038043022156,0.8554493307839388
mot_patch_large_1d-p3-bs.512-ep.300,mot_patch_large_1d,1.0,42,15,0.8187119948743449,1.133106880421437,0.8065117613310384,0.8013945817947388,0.9329699751386499,2.7237059029748747,0.6906309751434034,0.6769217848777771,0.8627151051625239
mot_patch_large_1d-p3-bs.512-ep.300,mot_patch_large_1d,1.0,42,16,0.7938926261462367,0.9979025730783065,0.8189424364123159,0.8169304132461548,0.943966341556703,2.6686312965407653,0.6940726577437859,0.682624340057373,0.8680688336520076
mot_patch_large_1d-p3-bs.512-ep.300,mot_patch_large_1d,1.0,42,17,0.7679133974894983,1.0212663017465544,0.8204245553643144,0.812183678150177,0.939328743545611,2.6957543513515025,0.6868068833652008,0.6764877438545227,0.8680688336520076
mot_patch_large_1d-p3-bs.512-ep.300,mot_patch_large_1d,1.0,42,18,0.7408768370508576,1.034230793336309,0.8213807611397973,0.8192184567451477,0.9413367756741251,2.6559795722450854,0.6952198852772467,0.6892625689506531,0.8653919694072658
mot_patch_large_1d-p3-bs.512-ep.300,mot_patch_large_1d,1.0,42,19,0.7128896457825363,1.0746012837418546,0.8084241728820042,0.8063740730285645,0.9412889653853509,2.721478484465561,0.6826003824091779,0.6728348731994629,0.8764818355640536
mot_patch_large_1d-p3-bs.512-ep.300,mot_patch_large_1d,1.0,42,20,0.6840622763423391,0.9971506226744427,0.8235800344234079,0.8203431963920593,0.9408108624976095,2.755684231526537,0.6841300191204589,0.6788604259490967,0.8638623326959847
mot_patch_large_1d-p3-bs.512-ep.300,mot_patch_large_1d,1.0,42,21,0.6545084971874737,0.8976313531182195,0.8299866131191432,0.8252735137939453,0.954245553643144,2.6545428361765055,0.6906309751434034,0.6842327117919922,0.8841300191204589
mot_patch_large_1d-p3-bs.512-ep.300,mot_patch_large_1d,1.0,42,22,0.6243449435824273,0.8583335663078163,0.8399789634729393,0.8354195952415466,0.9498470070759227,2.525540344938493,0.7024856596558318,0.6941865682601929,0.8768642447418739
mot_patch_large_1d-p3-bs.512-ep.300,mot_patch_large_1d,1.0,42,23,0.5936906572928624,0.7132989469780979,0.8530789825970548,0.8526564240455627,0.9575444635685599,2.4720210292371236,0.707074569789675,0.702832043170929,0.8711281070745698
mot_patch_large_1d-p3-bs.512-ep.300,mot_patch_large_1d,1.0,42,24,0.5626666167821522,0.6487619580035229,0.8621629374641423,0.8614540100097656,0.9590265825205584,2.4518301210713433,0.7112810707456979,0.710176944732666,0.875717017208413
mot_patch_large_1d-p3-bs.512-ep.300,mot_patch_large_1d,1.0,42,25,0.5313952597646567,0.5306501494331236,0.8789921591126411,0.8750094771385193,0.9675368139223561,2.291464653525708,0.7143403441682601,0.7079777717590332,0.8837476099426386
mot_patch_large_1d-p3-bs.512-ep.300,mot_patch_large_1d,1.0,42,26,0.5,0.5783273626135285,0.8707687894434882,0.868303656578064,0.9650028686173264,2.402085050798055,0.7051625239005737,0.7009222507476807,0.8837476099426386
mot_patch_large_1d-p3-bs.512-ep.300,mot_patch_large_1d,1.0,42,27,0.4686047402353433,0.44889335710748385,0.8941002103652707,0.8918312788009644,0.9701185695161598,2.213506528661082,0.7181644359464627,0.7123614549636841,0.8868068833652007
mot_patch_large_1d-p3-bs.512-ep.300,mot_patch_large_1d,1.0,42,28,0.4373333832178479,0.4882913343900475,0.8867374258940524,0.8870368003845215,0.9687320711417097,2.249055448863976,0.720076481835564,0.7135451436042786,0.8837476099426386
mot_patch_large_1d-p3-bs.512-ep.300,mot_patch_large_1d,1.0,42,29,0.4063093427071377,0.44285448241767295,0.893908969210174,0.892238974571228,0.9705488621151271,2.2378590337632946,0.7135755258126195,0.7093071937561035,0.8860420650095602
mot_patch_large_1d-p3-bs.512-ep.300,mot_patch_large_1d,1.0,42,30,0.3756550564175726,0.377955554069217,0.9088735895964811,0.906456470489502,0.9740390131956397,2.1704804371237527,0.7216061185468451,0.7171989679336548,0.88565965583174
mot_patch_large_1d-p3-bs.512-ep.300,mot_patch_large_1d,1.0,42,31,0.34549150281252644,0.3839803266352006,0.9070567986230637,0.9047428965568542,0.9747083572384777,2.1951839585605133,0.7254302103250478,0.7175308465957642,0.8898661567877629
mot_patch_large_1d-p3-bs.512-ep.300,mot_patch_large_1d,1.0,42,32,0.31593772365766115,0.3289161970474497,0.9199177663033085,0.9191663265228271,0.9773857334098298,2.156874994748409,0.7193116634799235,0.7144061326980591,0.8921606118546845
mot_patch_large_1d-p3-bs.512-ep.300,mot_patch_large_1d,1.0,42,33,0.28711035421746367,0.3302773564831662,0.9187225090839549,0.9199938178062439,0.9762382864792504,2.1543735890725833,0.724282982791587,0.7226093411445618,0.8902485659655832
mot_patch_large_1d-p3-bs.512-ep.300,mot_patch_large_1d,1.0,42,34,0.2591231629491423,0.30573344399355,0.9258940524000765,0.9266987442970276,0.9781506980302161,2.0817052954241606,0.7265774378585086,0.7210338711738586,0.8936902485659656
mot_patch_large_1d-p3-bs.512-ep.300,mot_patch_large_1d,1.0,42,35,0.23208660251050156,0.2870495421500251,0.9278542742398164,0.9276043772697449,0.9799674890036336,2.0719331905445224,0.7281070745697896,0.7221354842185974,0.8952198852772466
mot_patch_large_1d-p3-bs.512-ep.300,mot_patch_large_1d,1.0,42,36,0.2061073738537635,0.24886831299801315,0.9381334863262574,0.9372485280036926,0.9810193153566648,2.0635220091839823,0.7265774378585086,0.7209682464599609,0.897131931166348
mot_patch_large_1d-p3-bs.512-ep.300,mot_patch_large_1d,1.0,42,37,0.18128800512565513,0.24574637039142258,0.9414802065404475,0.9407986402511597,0.9816886593995028,2.0572669676567354,0.7277246653919694,0.7228254675865173,0.8944550669216061
mot_patch_large_1d-p3-bs.512-ep.300,mot_patch_large_1d,1.0,42,38,0.15772644703565564,0.241390699409212,0.942627653471027,0.9429933428764343,0.9817364696882769,2.069715481643239,0.7246653919694073,0.7195215821266174,0.8936902485659656
mot_patch_large_1d-p3-bs.512-ep.300,mot_patch_large_1d,1.0,42,39,0.13551568628929433,0.2385928942245743,0.9409542933639319,0.9399089217185974,0.9836966915280169,2.0654084389797815,0.7281070745697896,0.7222750782966614,0.8944550669216061
mot_patch_large_1d-p3-bs.512-ep.300,mot_patch_large_1d,1.0,42,40,0.11474337861210543,0.23173915443923784,0.9421495505832855,0.9416467547416687,0.9833620195065979,2.0655877137047383,0.7296367112810708,0.7254340648651123,0.8933078393881453
mot_patch_large_1d-p3-bs.512-ep.300,mot_patch_large_1d,1.0,42,41,0.09549150281252633,0.2213774569108897,0.9474086823484413,0.9466416835784912,0.9835054503729203,2.053722628124813,0.7323135755258127,0.7271484136581421,0.8940726577437859
mot_patch_large_1d-p3-bs.512-ep.300,mot_patch_large_1d,1.0,42,42,0.07783603724899257,0.2143986602658454,0.95027729967489,0.9496521949768066,0.9839357429718876,2.0542290127756035,0.7265774378585086,0.7209063768386841,0.8940726577437859
mot_patch_large_1d-p3-bs.512-ep.300,mot_patch_large_1d,1.0,42,43,0.06184665997806821,0.21294889775624715,0.9513291260279212,0.9512582421302795,0.9838879326831134,2.0450609429616544,0.7281070745697896,0.7230761647224426,0.8959847036328872
mot_patch_large_1d-p3-bs.512-ep.300,mot_patch_large_1d,1.0,42,44,0.04758647376699032,0.20572573825400653,0.9529546758462422,0.9525246620178223,0.9842704149933066,2.045574968677178,0.7284894837476099,0.7242262363433838,0.8959847036328872
mot_patch_large_1d-p3-bs.512-ep.300,mot_patch_large_1d,1.0,42,45,0.035111757055874326,0.20348740882457705,0.9528590552686939,0.9526377320289612,0.984413845859629,2.0436013157919306,0.7250478011472276,0.7197393774986267,0.8952198852772466
mot_patch_large_1d-p3-bs.512-ep.300,mot_patch_large_1d,1.0,42,46,0.024471741852423234,0.201836775356416,0.9550583285523044,0.9547010660171509,0.984413845859629,2.034051376547002,0.7311663479923518,0.7269150614738464,0.897131931166348
mot_patch_large_1d-p3-bs.512-ep.300,mot_patch_large_1d,1.0,42,47,0.015708419435684517,0.20030575825393393,0.9564448269267546,0.9562073349952698,0.9843182252820807,2.041911190463298,0.7284894837476099,0.7241687178611755,0.8963671128107075
mot_patch_large_1d-p3-bs.512-ep.300,mot_patch_large_1d,1.0,42,48,0.00885637463565564,0.19940077066193532,0.9555842417288201,0.9553043842315674,0.9843182252820807,2.0381573708061964,0.7284894837476099,0.7228613495826721,0.8956022944550669
mot_patch_large_1d-p3-bs.512-ep.300,mot_patch_large_1d,1.0,42,49,0.0039426493427611176,0.19903382153418944,0.9555842417288201,0.9553384184837341,0.9843660355708549,2.0384760635988664,0.7292543021032505,0.7241094708442688,0.8959847036328872
mot_patch_large_1d-p3-bs.512-ep.300,mot_patch_large_1d,1.0,42,50,0.0009866357858642205,0.19896901709373652,0.9554886211512718,0.9552514553070068,0.9843660355708549,2.038463783628854,0.7292543021032505,0.7240747213363647,0.8963671128107075
