run_name,model_name,lr,seed,epoch,learning_rate,train_loss,train_top1_accuracy,train_macro_accuracy,train_top5_accuracy,val_loss,val_top1_accuracy,val_macro_accuracy,val_top5_accuracy
mot_base-large_1d-bs.512-ep.300,mot_base_1d,0.1,42,1,0.1,1.832184009329496,0.5835245744884299,0.571384608745575,0.7992445974373685,1.9259990859897824,0.5682600382409178,0.5591586232185364,0.7804971319311663
mot_base-large_1d-bs.512-ep.300,mot_base_1d,0.1,42,2,0.09990133642141358,1.4576624952189712,0.6741250717154331,0.6645240187644958,0.8535570854847964,1.5783059756568922,0.6493307839388145,0.6332843899726868,0.8321223709369024
mot_base-large_1d-bs.512-ep.300,mot_base_1d,0.1,42,3,0.0996057350657239,1.2808576238431217,0.7094568751195257,0.7027937173843384,0.8781793842034806,1.425051305125366,0.6787762906309751,0.6677274107933044,0.8512428298279159
mot_base-large_1d-bs.512-ep.300,mot_base_1d,0.1,42,4,0.09911436253643444,1.1782152398773853,0.7281028877414419,0.7190387845039368,0.88659399502773,1.3665515410968496,0.6810707456978967,0.6737820506095886,0.8596558317399617
mot_base-large_1d-bs.512-ep.300,mot_base_1d,0.1,42,5,0.09842915805643154,1.0687902120085742,0.7576974564926372,0.752339780330658,0.8989290495314591,1.2729702134433258,0.7112810707456979,0.7028576135635376,0.8676864244741874
mot_base-large_1d-bs.512-ep.300,mot_base_1d,0.1,42,6,0.09755282581475767,1.0081676042519923,0.7712755785044941,0.7656927704811096,0.9060049722700325,1.2245811827096156,0.7170172084130019,0.7096309065818787,0.874187380497132
mot_base-large_1d-bs.512-ep.300,mot_base_1d,0.1,42,7,0.09648882429441256,0.968463939652887,0.7758175559380379,0.7699993848800659,0.9104035188372538,1.2159460822665213,0.7223709369024857,0.7125486135482788,0.874187380497132
mot_base-large_1d-bs.512-ep.300,mot_base_1d,0.1,42,8,0.09524135262330098,0.9092556292660995,0.7930292598967298,0.7888690233230591,0.9179097341747944,1.163340498156575,0.7326959847036328,0.7258453965187073,0.8841300191204589
mot_base-large_1d-bs.512-ep.300,mot_base_1d,0.1,42,9,0.09381533400219318,0.8929638557120385,0.7964716006884681,0.791130006313324,0.9191528016829221,1.1738623099390908,0.7239005736137667,0.7181259393692017,0.877246653919694
mot_base-large_1d-bs.512-ep.300,mot_base_1d,0.1,42,10,0.09221639627510075,0.8701855751952424,0.7971409447313061,0.789398193359375,0.9208261617900172,1.155615091415026,0.7250478011472276,0.7145470976829529,0.8868068833652007
mot_base-large_1d-bs.512-ep.300,mot_base_1d,0.1,42,11,0.09045084971874737,0.8279370515655208,0.8114362210747753,0.8052078485488892,0.928045515394913,1.1163651971470558,0.734225621414914,0.7254336476325989,0.8891013384321224
mot_base-large_1d-bs.512-ep.300,mot_base_1d,0.1,42,12,0.08852566213878946,0.8135535017120425,0.8144482692675463,0.8123550415039062,0.9290973417479441,1.1148675717997505,0.7453154875717017,0.7415792346000671,0.8906309751434034
mot_base-large_1d-bs.512-ep.300,mot_base_1d,0.1,42,13,0.08644843137107057,0.7936838680390624,0.8187033849684452,0.8139751553535461,0.9322528208070376,1.1121661096868278,0.734225621414914,0.7267258167266846,0.8891013384321224
mot_base-large_1d-bs.512-ep.300,mot_base_1d,0.1,42,14,0.08422735529643442,0.7783990930384718,0.8204723656530886,0.8165338635444641,0.9333046471600689,1.1068738248106627,0.7430210325047801,0.7365238666534424,0.8860420650095602
mot_base-large_1d-bs.512-ep.300,mot_base_1d,0.1,42,15,0.08187119948743447,0.7478359014132119,0.8294606999426276,0.8248000144958496,0.9365557467967106,1.0829105559544172,0.7521988527724666,0.747087299823761,0.8894837476099426
mot_base-large_1d-bs.512-ep.300,mot_base_1d,0.1,42,16,0.07938926261462366,0.7352023149316365,0.8328552304455918,0.8294528722763062,0.9387072097915471,1.0813238475792266,0.7521988527724666,0.7478368878364563,0.8879541108986616
mot_base-large_1d-bs.512-ep.300,mot_base_1d,0.1,42,17,0.07679133974894982,0.7190862297441837,0.8348154522853318,0.8297030925750732,0.9397112258558041,1.07172821803485,0.7502868068833652,0.7440994381904602,0.8936902485659656
mot_base-large_1d-bs.512-ep.300,mot_base_1d,0.1,42,18,0.07408768370508576,0.7151998940105078,0.8360585197934596,0.8305662274360657,0.9406196213425129,1.074368217570376,0.7564053537284895,0.7485731244087219,0.8898661567877629
mot_base-large_1d-bs.512-ep.300,mot_base_1d,0.1,42,19,0.07128896457825362,0.6926610647184395,0.8440428380187416,0.8394816517829895,0.942962325492446,1.0604507927684894,0.7521988527724666,0.7449981570243835,0.8879541108986616
mot_base-large_1d-bs.512-ep.300,mot_base_1d,0.1,42,20,0.06840622763423389,0.6857018156155593,0.8432300631095812,0.838988184928894,0.9448269267546376,1.0527777356353818,0.7506692160611854,0.7443215250968933,0.8940726577437859
mot_base-large_1d-bs.512-ep.300,mot_base_1d,0.1,42,21,0.06545084971874736,0.6796209045704885,0.8459074392809333,0.8418936133384705,0.9433926180914133,1.0469949463357433,0.7560229445506692,0.7502686381340027,0.8940726577437859
mot_base-large_1d-bs.512-ep.300,mot_base_1d,0.1,42,22,0.06243449435824272,0.6751879905281934,0.8460508701472557,0.8432870507240295,0.9447791164658634,1.0526575500604984,0.7541108986615679,0.749802827835083,0.8948374760994264
mot_base-large_1d-bs.512-ep.300,mot_base_1d,0.1,42,23,0.05936906572928623,0.6575577242193407,0.8532702237521514,0.8496962785720825,0.9463090457066361,1.0372638826388474,0.7598470363288718,0.7531631588935852,0.8902485659655832
mot_base-large_1d-bs.512-ep.300,mot_base_1d,0.1,42,24,0.056266661678215216,0.6492307334311903,0.8532702237521514,0.8484560251235962,0.9484605087014726,1.035359416545919,0.7552581261950286,0.7480210661888123,0.8894837476099426
mot_base-large_1d-bs.512-ep.300,mot_base_1d,0.1,42,25,0.053139525976465665,0.6443945785671285,0.8551348250143431,0.851851224899292,0.9485083189902467,1.0377566189884455,0.7590822179732314,0.7528913617134094,0.8921606118546845
mot_base-large_1d-bs.512-ep.300,mot_base_1d,0.1,42,26,0.049999999999999996,0.6464154182736106,0.8532702237521514,0.8496367931365967,0.9485561292790209,1.042242628575283,0.7609942638623327,0.7571098804473877,0.8944550669216061
mot_base-large_1d-bs.512-ep.300,mot_base_1d,0.1,42,27,0.046860474023534326,0.6316120868477865,0.8594855612927902,0.8550207018852234,0.95027729967489,1.0347044264609226,0.761376673040153,0.7540302872657776,0.8925430210325048
mot_base-large_1d-bs.512-ep.300,mot_base_1d,0.1,42,28,0.04373333832178478,0.6300174058748946,0.8573819085867279,0.8527147173881531,0.9488908013004399,1.0353699503619629,0.7571701720841301,0.7510679364204407,0.8921606118546845
mot_base-large_1d-bs.512-ep.300,mot_base_1d,0.1,42,29,0.040630934270713764,0.620991772140821,0.8613023522662077,0.8576409220695496,0.9508032128514057,1.022977306008567,0.7659655831739962,0.7587697505950928,0.8975143403441682
mot_base-large_1d-bs.512-ep.300,mot_base_1d,0.1,42,30,0.03756550564175726,0.6183412815968697,0.8612067316886594,0.8566213250160217,0.9514725568942436,1.0328465215562634,0.7602294455066921,0.7537556290626526,0.892925430210325
mot_base-large_1d-bs.512-ep.300,mot_base_1d,0.1,42,31,0.03454915028125265,0.6104336339352714,0.8651271753681392,0.8618324995040894,0.9518072289156626,1.0269789949201944,0.762906309751434,0.7575881481170654,0.8959847036328872
mot_base-large_1d-bs.512-ep.300,mot_base_1d,0.1,42,32,0.03159377236576612,0.6113955539142363,0.8639319181487857,0.8599817156791687,0.9516159877605661,1.0357712550555316,0.7590822179732314,0.751882791519165,0.8917782026768643
mot_base-large_1d-bs.512-ep.300,mot_base_1d,0.1,42,33,0.028711035421746366,0.6050142062784131,0.8666571046089119,0.863379716873169,0.9523809523809523,1.0221851341583077,0.7636711281070746,0.7570503354072571,0.8936902485659656
mot_base-large_1d-bs.512-ep.300,mot_base_1d,0.1,42,34,0.025912316294914226,0.6040114090715775,0.8674698795180723,0.8639377355575562,0.9524765729585006,1.0273497499425825,0.7644359464627151,0.7595781683921814,0.8959847036328872
mot_base-large_1d-bs.512-ep.300,mot_base_1d,0.1,42,35,0.023208660251050155,0.5965673248223899,0.8684260852935551,0.86449134349823,0.9539586919104991,1.0176447589356403,0.7663479923518165,0.7598760724067688,0.892925430210325
mot_base-large_1d-bs.512-ep.300,mot_base_1d,0.1,42,36,0.020610737385376346,0.5962934213150617,0.8687129470262,0.8653436303138733,0.9535283993115319,1.0195236847915796,0.7609942638623327,0.7548898458480835,0.8940726577437859
mot_base-large_1d-bs.512-ep.300,mot_base_1d,0.1,42,37,0.01812880051256551,0.592708584728376,0.8696213425129088,0.8663395047187805,0.9544846050870147,1.0172619062901456,0.7682600382409178,0.762223482131958,0.8944550669216061
mot_base-large_1d-bs.512-ep.300,mot_base_1d,0.1,42,38,0.015772644703565562,0.589479835431465,0.8721552878179384,0.8685150146484375,0.9543411742206923,1.0152222379899618,0.7663479923518165,0.7606639862060547,0.8936902485659656
mot_base-large_1d-bs.512-ep.300,mot_base_1d,0.1,42,39,0.013551568628929433,0.5882527141093205,0.8722509083954867,0.8688753247261047,0.9544367947982406,1.0104513295977795,0.7640535372848949,0.7581974267959595,0.8921606118546845
mot_base-large_1d-bs.512-ep.300,mot_base_1d,0.1,42,40,0.011474337861210542,0.5861026384926681,0.8740198890801301,0.8703057765960693,0.9541977433543699,1.0154704493272828,0.762906309751434,0.7565866708755493,0.8952198852772466
mot_base-large_1d-bs.512-ep.300,mot_base_1d,0.1,42,41,0.009549150281252632,0.5852895622888107,0.8722509083954867,0.8685340881347656,0.9546280359533371,1.0119660992011514,0.7652007648183556,0.7582380175590515,0.8952198852772466
mot_base-large_1d-bs.512-ep.300,mot_base_1d,0.1,42,42,0.007783603724899257,0.5840028601227127,0.8747370434117422,0.8715115189552307,0.9541977433543699,1.0102713502843794,0.7652007648183556,0.7587358951568604,0.892925430210325
mot_base-large_1d-bs.512-ep.300,mot_base_1d,0.1,42,43,0.0061846659978068205,0.5829597528953355,0.8751195257219354,0.8716987371444702,0.9542933639319181,1.0099903259860854,0.768642447418738,0.7623345851898193,0.8940726577437859
mot_base-large_1d-bs.512-ep.300,mot_base_1d,0.1,42,44,0.004758647376699033,0.5821566515156725,0.8751195257219354,0.8716820478439331,0.9546758462421113,1.0099085557985032,0.7659655831739962,0.7600945830345154,0.8933078393881453
mot_base-large_1d-bs.512-ep.300,mot_base_1d,0.1,42,45,0.0035111757055874327,0.5816763257588226,0.8746892331229681,0.871171236038208,0.954580225664563,1.0098385054112393,0.767112810707457,0.7605129480361938,0.8936902485659656
mot_base-large_1d-bs.512-ep.300,mot_base_1d,0.1,42,46,0.0024471741852423235,0.581436052539422,0.8748804742780646,0.871419370174408,0.9548670873972078,1.009991930638855,0.7659655831739962,0.7595610022544861,0.8936902485659656
mot_base-large_1d-bs.512-ep.300,mot_base_1d,0.1,42,47,0.0015708419435684518,0.5812020295435485,0.8750717154331612,0.871634840965271,0.9549627079747561,1.0096613152761076,0.7659655831739962,0.7594759464263916,0.8936902485659656
mot_base-large_1d-bs.512-ep.300,mot_base_1d,0.1,42,48,0.000885637463565564,0.5811170919786381,0.8750717154331612,0.8716239333152771,0.954914897685982,1.0095595292333892,0.767112810707457,0.7605821490287781,0.8925430210325048
mot_base-large_1d-bs.512-ep.300,mot_base_1d,0.1,42,49,0.00039426493427611173,0.5810737832369051,0.8750239051443871,0.8716182708740234,0.9548670873972078,1.0095160212617076,0.7667304015296367,0.7599642276763916,0.8933078393881453
mot_base-large_1d-bs.512-ep.300,mot_base_1d,0.1,42,50,9.866357858642205e-05,0.5810640624705271,0.8749282845668388,0.8715137243270874,0.9548192771084337,1.009496253398363,0.7667304015296367,0.7599642276763916,0.8933078393881453
mot_base-large_1d-bs.512-ep.300,mot_base_1d,0.3,42,1,0.3,1.7085387240315195,0.5975329890992541,0.592313289642334,0.8053165041116849,1.8817477166082845,0.5797323135755258,0.5786356329917908,0.7789674952198853
mot_base-large_1d-bs.512-ep.300,mot_base_1d,0.3,42,2,0.29970400926424073,1.2387678263451407,0.6934882386689616,0.6820282936096191,0.8771753681392236,1.4964618281698137,0.6512428298279158,0.6441634893417358,0.8286806883365201
mot_base-large_1d-bs.512-ep.300,mot_base_1d,0.3,42,3,0.2988172051971717,1.0638499964854302,0.7314974182444062,0.7261906266212463,0.898546567221266,1.3409343347494735,0.6806883365200764,0.6725718975067139,0.8554493307839388
mot_base-large_1d-bs.512-ep.300,mot_base_1d,0.3,42,4,0.29734308760930334,1.0137376739682875,0.7467967106521324,0.742024838924408,0.9052400076496462,1.3432016288801087,0.6879541108986615,0.6809280514717102,0.8665391969407266
mot_base-large_1d-bs.512-ep.300,mot_base_1d,0.3,42,5,0.2952874741692947,0.9851355777914835,0.7522948938611589,0.7469840049743652,0.9029929240772614,1.3483325557088761,0.6868068833652008,0.6828896403312683,0.8565965583173997
mot_base-large_1d-bs.512-ep.300,mot_base_1d,0.3,42,6,0.2926584774442731,0.8942481431433976,0.7695065978198509,0.7685859799385071,0.9194874737043411,1.3133862468070328,0.6936902485659656,0.695438027381897,0.8692160611854685
mot_base-large_1d-bs.512-ep.300,mot_base_1d,0.3,42,7,0.28946647288323774,0.8572191151589594,0.7849971313826736,0.7775192856788635,0.9169535283993115,1.291508354055722,0.7040152963671128,0.698119580745697,0.8630975143403442
mot_base-large_1d-bs.512-ep.300,mot_base_1d,0.3,42,8,0.28572405786990296,0.7643714114342531,0.8035475234270415,0.7976689338684082,0.9322528208070376,1.2147773173753436,0.7170172084130019,0.7113555669784546,0.8810707456978968
mot_base-large_1d-bs.512-ep.300,mot_base_1d,0.3,42,9,0.28144600200657954,0.7388425129598448,0.8083763625932301,0.8049800992012024,0.9357429718875502,1.2172071249033707,0.7235181644359464,0.7203873991966248,0.8776290630975143
mot_base-large_1d-bs.512-ep.300,mot_base_1d,0.3,42,10,0.27664918882530226,0.7206253048839704,0.8114362210747753,0.8057920336723328,0.938659399502773,1.2112236766924593,0.7196940726577438,0.7109511494636536,0.8814531548757171
mot_base-large_1d-bs.512-ep.300,mot_base_1d,0.3,42,11,0.27135254915624213,0.7024756590434118,0.8186077643908969,0.8127821087837219,0.9401415184547715,1.1868327292156038,0.7384321223709369,0.7291494607925415,0.8841300191204589
mot_base-large_1d-bs.512-ep.300,mot_base_1d,0.3,42,12,0.2655769864163684,0.6957425677222352,0.8203767450755403,0.8187576532363892,0.9394243641231593,1.205086276636069,0.7319311663479924,0.7261123657226562,0.8810707456978968
mot_base-large_1d-bs.512-ep.300,mot_base_1d,0.3,42,13,0.2593452941132117,0.6890009788692647,0.821954484605087,0.8186439275741577,0.9441575827117996,1.2255925136588044,0.7239005736137667,0.7191263437271118,0.8829827915869981
mot_base-large_1d-bs.512-ep.300,mot_base_1d,0.3,42,14,0.2526820658893033,0.6177477354209084,0.8390227576974565,0.8358577489852905,0.9481736469688277,1.1730859526712625,0.7361376673040153,0.7294222116470337,0.8875717017208413
mot_base-large_1d-bs.512-ep.300,mot_base_1d,0.3,42,15,0.24561359846230346,0.6205647350565884,0.836536622681201,0.8369556665420532,0.949607955632052,1.1697520064578228,0.7334608030592734,0.7298913598060608,0.8852772466539197
mot_base-large_1d-bs.512-ep.300,mot_base_1d,0.3,42,16,0.23816778784387102,0.574268648195367,0.8502581755593803,0.8483573198318481,0.953910881621725,1.1563106033587776,0.7430210325047801,0.7403990030288696,0.8879541108986616
mot_base-large_1d-bs.512-ep.300,mot_base_1d,0.3,42,17,0.2303740192468495,0.6077114922477356,0.8460508701472557,0.8401824235916138,0.9484605087014726,1.2004046263248014,0.7315487571701721,0.7224976420402527,0.8795411089866156
mot_base-large_1d-bs.512-ep.300,mot_base_1d,0.3,42,18,0.22226305111525732,0.5486804556723511,0.8592943201376936,0.8562547564506531,0.9563492063492064,1.1339088367002643,0.7464627151051625,0.7395584583282471,0.8795411089866156
mot_base-large_1d-bs.512-ep.300,mot_base_1d,0.3,42,19,0.21386689373476092,0.5317812746536392,0.8618282654427233,0.8579616546630859,0.9586919104991394,1.146403218956796,0.7391969407265775,0.7340955138206482,0.8860420650095602
mot_base-large_1d-bs.512-ep.300,mot_base_1d,0.3,42,20,0.20521868290270173,0.528428869052288,0.8642665901702046,0.8596134185791016,0.9585962899215911,1.1428217638063156,0.7518164435946463,0.7451022267341614,0.8917782026768643
mot_base-large_1d-bs.512-ep.300,mot_base_1d,0.3,42,21,0.19635254915624212,0.5072542383146915,0.8693822910690381,0.8658202886581421,0.9617039586919105,1.1362028045362542,0.7483747609942638,0.7460574507713318,0.8887189292543021
mot_base-large_1d-bs.512-ep.300,mot_base_1d,0.3,42,22,0.18730348307472822,0.48411226956514675,0.8775100401606426,0.8759205341339111,0.9632816982214573,1.118524384361836,0.7552581261950286,0.7531965374946594,0.8848948374760994
mot_base-large_1d-bs.512-ep.300,mot_base_1d,0.3,42,23,0.17810719718785872,0.49960406566582666,0.8724421495505833,0.8695049285888672,0.9634251290877797,1.114537395528352,0.749904397705545,0.7443035244941711,0.8910133843212237
mot_base-large_1d-bs.512-ep.300,mot_base_1d,0.3,42,24,0.1687999850346457,0.47639415213518693,0.8797571237330274,0.8771607279777527,0.9649550583285523,1.1228914775082532,0.751434034416826,0.7465406656265259,0.8894837476099426
mot_base-large_1d-bs.512-ep.300,mot_base_1d,0.3,42,25,0.15941857792939704,0.4753285322482966,0.8786096768024478,0.8781185150146484,0.9649072480397781,1.121323057798309,0.7476099426386233,0.7414673566818237,0.8921606118546845
mot_base-large_1d-bs.512-ep.300,mot_base_1d,0.3,42,26,0.15000000000000002,0.46176714084644943,0.8854465480971505,0.882429301738739,0.9657200229489387,1.1122625959990813,0.7495219885277247,0.7458402514457703,0.892925430210325
mot_base-large_1d-bs.512-ep.300,mot_base_1d,0.3,42,27,0.140581422070603,0.45914887442691854,0.8841078600114745,0.8803884983062744,0.9652897303499713,1.1158652617416236,0.7483747609942638,0.7414198517799377,0.8879541108986616
mot_base-large_1d-bs.512-ep.300,mot_base_1d,0.3,42,28,0.13120001496535438,0.45635899870043206,0.8834385159686364,0.8801839351654053,0.9672021419009371,1.118668581377252,0.7541108986615679,0.7480592131614685,0.8902485659655832
mot_base-large_1d-bs.512-ep.300,mot_base_1d,0.3,42,29,0.12189280281214132,0.4322983341797015,0.8963472939376553,0.8952871561050415,0.9692579843182253,1.0944100870457023,0.761376673040153,0.755688488483429,0.8944550669216061
mot_base-large_1d-bs.512-ep.300,mot_base_1d,0.3,42,30,0.11269651692527179,0.4323037577578205,0.8928571428571429,0.8893505930900574,0.9686842608529356,1.1096196657840882,0.752963671128107,0.7469965219497681,0.8902485659655832
mot_base-large_1d-bs.512-ep.300,mot_base_1d,0.3,42,31,0.10364745084375795,0.42532664107692747,0.8963951042264295,0.8951094746589661,0.9696404666284184,1.1094463734964113,0.7571701720841301,0.752159833908081,0.8875717017208413
mot_base-large_1d-bs.512-ep.300,mot_base_1d,0.3,42,32,0.09478131709729837,0.4244232398416326,0.8984987569324919,0.8957504034042358,0.9702620003824823,1.1184883817887898,0.7575525812619502,0.7533182501792908,0.8860420650095602
mot_base-large_1d-bs.512-ep.300,mot_base_1d,0.3,42,33,0.08613310626523911,0.4094167808931037,0.9039969401415184,0.9022107720375061,0.9712182061579652,1.0916674758006693,0.7571701720841301,0.7532871961593628,0.8898661567877629
mot_base-large_1d-bs.512-ep.300,mot_base_1d,0.3,42,34,0.0777369488847427,0.4114062516633218,0.9012239433926181,0.8993744850158691,0.9719831707783515,1.1047065836977548,0.7594646271510517,0.7562417387962341,0.8917782026768643
mot_base-large_1d-bs.512-ep.300,mot_base_1d,0.3,42,35,0.06962598075315048,0.4028815365950175,0.9052878179384204,0.9028270840644836,0.9727959456875119,1.0945826849563627,0.7602294455066921,0.7559651732444763,0.8921606118546845
mot_base-large_1d-bs.512-ep.300,mot_base_1d,0.3,42,36,0.06183221215612905,0.3972090927951307,0.9097819850831899,0.9083797931671143,0.9723178427997705,1.0859278735421585,0.7586998087954111,0.7556226253509521,0.8921606118546845
mot_base-large_1d-bs.512-ep.300,mot_base_1d,0.3,42,37,0.05438640153769654,0.3939535215220595,0.9116943966341556,0.9102004766464233,0.9732262382864793,1.0837171536330739,0.762906309751434,0.7590550184249878,0.8948374760994264
mot_base-large_1d-bs.512-ep.300,mot_base_1d,0.3,42,38,0.047317934110696694,0.3899292066781647,0.9106425702811245,0.9087390303611755,0.9732262382864793,1.0815714892648147,0.7632887189292543,0.7594413161277771,0.8906309751434034
mot_base-large_1d-bs.512-ep.300,mot_base_1d,0.3,42,39,0.0406547058867883,0.3883189609707781,0.9129852744310576,0.9117300510406494,0.9730828074201568,1.077938333660877,0.767112810707457,0.7621863484382629,0.8898661567877629
mot_base-large_1d-bs.512-ep.300,mot_base_1d,0.3,42,40,0.03442301358363163,0.38357024056935635,0.9148498756932492,0.9131832122802734,0.9738477720405432,1.0820538004771245,0.7648183556405354,0.7610204219818115,0.8910133843212237
mot_base-large_1d-bs.512-ep.300,mot_base_1d,0.3,42,41,0.0286474508437579,0.3841252254012621,0.9138458596289921,0.9120807647705078,0.9740390131956397,1.0785308706600854,0.7655831739961759,0.7601321339607239,0.8910133843212237
mot_base-large_1d-bs.512-ep.300,mot_base_1d,0.3,42,42,0.023350811174697773,0.380970187706071,0.9162363740676994,0.9144962430000305,0.97346528973035,1.0748916064348093,0.7655831739961759,0.7620141506195068,0.8936902485659656
mot_base-large_1d-bs.512-ep.300,mot_base_1d,0.3,42,43,0.018553997993420463,0.3799988948539694,0.917431631287053,0.9160493612289429,0.9743258749282846,1.0751818392518373,0.7667304015296367,0.762221097946167,0.8925430210325048
mot_base-large_1d-bs.512-ep.300,mot_base_1d,0.3,42,44,0.014275942130097098,0.37897263313712204,0.9169535283993115,0.9154568314552307,0.9742780646395104,1.0748143336513074,0.7667304015296367,0.7627660632133484,0.8933078393881453
mot_base-large_1d-bs.512-ep.300,mot_base_1d,0.3,42,45,0.010533527116762299,0.378121926648185,0.9176706827309237,0.9162128567695618,0.9745171160833811,1.0742903656531018,0.7659655831739962,0.7614325881004333,0.892925430210325
mot_base-large_1d-bs.512-ep.300,mot_base_1d,0.3,42,46,0.00734152255572697,0.37793937324907656,0.9181965959074393,0.9165641069412231,0.9744214955058329,1.0753632496237526,0.7655831739961759,0.7613386511802673,0.892925430210325
mot_base-large_1d-bs.512-ep.300,mot_base_1d,0.3,42,47,0.004712525830705355,0.37695653015898345,0.9186746987951807,0.9169294834136963,0.9740868234844139,1.0737291784632959,0.767112810707457,0.7622841000556946,0.8921606118546845
mot_base-large_1d-bs.512-ep.300,mot_base_1d,0.3,42,48,0.0026569123906966916,0.37676956932183137,0.9189137502390514,0.9171704053878784,0.9740868234844139,1.0735896517168269,0.7667304015296367,0.7620452642440796,0.8921606118546845
mot_base-large_1d-bs.512-ep.300,mot_base_1d,0.3,42,49,0.001182794802828335,0.3767178642701911,0.9190571811053738,0.9172990918159485,0.9741824440619621,1.0735121841868296,0.767112810707457,0.7624800205230713,0.8925430210325048
mot_base-large_1d-bs.512-ep.300,mot_base_1d,0.3,42,50,0.0002959907357592661,0.37670247024504033,0.9192006119716963,0.9174500107765198,0.974134633773188,1.0734781042795565,0.7667304015296367,0.7620452642440796,0.8921606118546845
mot_base-large_1d-bs.512-ep.300,mot_base_1d,0.5,42,1,0.5,2.1745064068442437,0.5708070376745076,0.5664301514625549,0.7864314400458978,2.4487379085037495,0.5338432122370937,0.5314438343048096,0.762906309751434
mot_base-large_1d-bs.512-ep.300,mot_base_1d,0.5,42,2,0.4995066821070679,1.5674785669457731,0.6610250525913176,0.6495634317398071,0.8447599923503538,1.932897943383649,0.6034416826003824,0.5945529341697693,0.805736137667304
mot_base-large_1d-bs.512-ep.300,mot_base_1d,0.5,42,3,0.4980286753286195,1.2943623036311447,0.6960221839739912,0.6900370717048645,0.8784184356473513,1.6949761560268657,0.6409177820267686,0.6374111771583557,0.8363288718929255
mot_base-large_1d-bs.512-ep.300,mot_base_1d,0.5,42,4,0.4955718126821722,1.2177248564658327,0.7249952189711226,0.7183345556259155,0.8900363358194684,1.6811940574281303,0.6703632887189293,0.6595908999443054,0.84282982791587
mot_base-large_1d-bs.512-ep.300,mot_base_1d,0.5,42,5,0.49214579028215777,1.1994134968976304,0.7286766112067317,0.7199993133544922,0.8909447313061771,1.7562828807940218,0.655831739961759,0.6525663733482361,0.8325047801147227
mot_base-large_1d-bs.512-ep.300,mot_base_1d,0.5,42,6,0.4877641290737884,1.0937713246246121,0.7339835532606617,0.7318719625473022,0.9089213998852553,1.6666160247977788,0.6623326959847037,0.6611360907554626,0.8512428298279159
mot_base-large_1d-bs.512-ep.300,mot_base_1d,0.5,42,7,0.48244412147206284,0.9668258245507899,0.7641996557659209,0.7603366374969482,0.914467393383056,1.5730056821046323,0.6803059273422563,0.6783159375190735,0.860038240917782
mot_base-large_1d-bs.512-ep.300,mot_base_1d,0.5,42,8,0.4762067631165049,0.8567208213317369,0.7876745075540256,0.781113862991333,0.9278542742398164,1.4506966176953873,0.6967495219885277,0.6883021593093872,0.8776290630975143
mot_base-large_1d-bs.512-ep.300,mot_base_1d,0.5,42,9,0.46907667001096587,0.8204923037202346,0.7890131956397016,0.7874608635902405,0.9324918722509083,1.4844327047723658,0.691395793499044,0.6912558078765869,0.8692160611854685
mot_base-large_1d-bs.512-ep.300,mot_base_1d,0.5,42,10,0.46108198137550377,0.7753530299146035,0.8015394912985274,0.7925542593002319,0.9375597628609676,1.4736023678606371,0.6982791586998088,0.6903719902038574,0.8695984703632887
mot_base-large_1d-bs.512-ep.300,mot_base_1d,0.5,42,11,0.45225424859373686,0.8581284728007372,0.7815547905909351,0.7779710292816162,0.928714859437751,1.5125064346576056,0.6982791586998088,0.6877769231796265,0.8665391969407266
mot_base-large_1d-bs.512-ep.300,mot_base_1d,0.5,42,12,0.4426283106939473,0.7626802742105069,0.8017785427423981,0.7993617057800293,0.938994071524192,1.4599347933300595,0.7043977055449331,0.6969674825668335,0.8707456978967495
mot_base-large_1d-bs.512-ep.300,mot_base_1d,0.5,42,13,0.4322421568553529,0.7478332851466085,0.8101453432778734,0.8064190149307251,0.9409064830751578,1.467725890179665,0.7162523900573614,0.7081379890441895,0.8695984703632887
mot_base-large_1d-bs.512-ep.300,mot_base_1d,0.5,42,14,0.4211367764821722,0.6138488773543649,0.8363453815261044,0.8350225687026978,0.9505163511187608,1.3510471993149125,0.7323135755258127,0.7309712767601013,0.8833652007648184
mot_base-large_1d-bs.512-ep.300,mot_base_1d,0.5,42,15,0.40935599743717244,0.6811722558277427,0.8266398929049531,0.8302560448646545,0.9432491872250909,1.4002492405032565,0.7300191204588911,0.7296063303947449,0.874187380497132
mot_base-large_1d-bs.512-ep.300,mot_base_1d,0.5,42,16,0.39694631307311834,0.5922154524878486,0.8404570663606808,0.8353822827339172,0.9546280359533371,1.3918398607301439,0.7277246653919694,0.7214048504829407,0.8822179732313575
mot_base-large_1d-bs.512-ep.300,mot_base_1d,0.5,42,17,0.38395669874474914,0.6601530592307964,0.8346720214190094,0.829273521900177,0.9446834958883151,1.4696702056359607,0.720076481835564,0.7132382392883301,0.8734225621414914
mot_base-large_1d-bs.512-ep.300,mot_base_1d,0.5,42,18,0.3704384185254288,0.558645347628773,0.8485848154522854,0.8482807278633118,0.9568751195257219,1.3589496765720228,0.7365200764818356,0.7322823405265808,0.8803059273422562
mot_base-large_1d-bs.512-ep.300,mot_base_1d,0.5,42,19,0.35644482289126816,0.5153837540473872,0.8587205966724039,0.8563393354415894,0.9603174603174603,1.3363007262833488,0.7311663479923518,0.7258999347686768,0.8818355640535372
mot_base-large_1d-bs.512-ep.300,mot_base_1d,0.5,42,20,0.34203113817116954,0.5412112609176066,0.8518837253777013,0.8470186591148376,0.9595046854082999,1.3782191230963567,0.7376673040152963,0.7317338585853577,0.8837476099426386
mot_base-large_1d-bs.512-ep.300,mot_base_1d,0.5,42,21,0.32725424859373686,0.48600176749026075,0.8669917766303309,0.863018274307251,0.9641422834193919,1.3343850626316398,0.7449330783938815,0.7406281232833862,0.8868068833652007
mot_base-large_1d-bs.512-ep.300,mot_base_1d,0.5,42,22,0.31217247179121366,0.4835838243824092,0.8680914132721361,0.8665519952774048,0.9659112641040352,1.3365411353612722,0.7437858508604207,0.7398611307144165,0.8803059273422562
mot_base-large_1d-bs.512-ep.300,mot_base_1d,0.5,42,23,0.2968453286464312,0.4883152053834467,0.8659399502772996,0.8636822700500488,0.9644769554408109,1.3106773639044387,0.7369024856596559,0.731082022190094,0.8887189292543021
mot_base-large_1d-bs.512-ep.300,mot_base_1d,0.5,42,24,0.2813333083910761,0.4517307360830214,0.8755498183209026,0.8728729486465454,0.9682061579651942,1.3203334509300684,0.7414913957934991,0.7367591261863708,0.8860420650095602
mot_base-large_1d-bs.512-ep.300,mot_base_1d,0.5,42,25,0.26569762988232837,0.4587627039012227,0.8756932491872251,0.875775933265686,0.9680627270988716,1.3331370920797607,0.7391969407265775,0.7338393926620483,0.8868068833652007
mot_base-large_1d-bs.512-ep.300,mot_base_1d,0.5,42,26,0.25,0.4163084769253522,0.8883151654235991,0.8851361274719238,0.9700707592273857,1.294410197912621,0.7453154875717017,0.7422382235527039,0.8910133843212237
mot_base-large_1d-bs.512-ep.300,mot_base_1d,0.5,42,27,0.23430237011767166,0.41072268165942927,0.8891757506215338,0.8861544132232666,0.9711225855804169,1.2841923255993348,0.7449330783938815,0.7388346791267395,0.8868068833652007
mot_base-large_1d-bs.512-ep.300,mot_base_1d,0.5,42,28,0.21866669160892396,0.4123185556827209,0.8892713711990821,0.8864895701408386,0.9723656530885446,1.2929525488421292,0.7434034416826004,0.7346054911613464,0.8875717017208413
mot_base-large_1d-bs.512-ep.300,mot_base_1d,0.5,42,29,0.20315467135356885,0.38226025217143456,0.9001721170395869,0.899189293384552,0.9721744119334481,1.275659332129513,0.7476099426386233,0.7450565099716187,0.8894837476099426
mot_base-large_1d-bs.512-ep.300,mot_base_1d,0.5,42,30,0.1878275282087863,0.3676510381525346,0.9029451137884873,0.8995649814605713,0.9738477720405432,1.266360590334832,0.7510516252390057,0.7464544177055359,0.8887189292543021
mot_base-large_1d-bs.512-ep.300,mot_base_1d,0.5,42,31,0.17274575140626322,0.36334071028959825,0.9042838018741634,0.9033805727958679,0.9753777012813157,1.2693406099571096,0.7479923518164436,0.7435746788978577,0.8833652007648184
mot_base-large_1d-bs.512-ep.300,mot_base_1d,0.5,42,32,0.15796886182883058,0.35517363239141697,0.9076783323771276,0.9046187400817871,0.9757601835915088,1.2724283134504213,0.7479923518164436,0.7436621785163879,0.8829827915869981
mot_base-large_1d-bs.512-ep.300,mot_base_1d,0.5,42,33,0.14355517710873184,0.3408501939304838,0.9140849110728628,0.9122641682624817,0.9768598202333142,1.2508383143700332,0.7525812619502869,0.7489023804664612,0.8879541108986616
mot_base-large_1d-bs.512-ep.300,mot_base_1d,0.5,42,34,0.12956158147457114,0.3351682425685174,0.9166666666666666,0.9153121113777161,0.9784853700516352,1.259000803726809,0.7567877629063098,0.7536918520927429,0.8879541108986616
mot_base-large_1d-bs.512-ep.300,mot_base_1d,0.5,42,35,0.11604330125525078,0.3346305644906577,0.9162841843564735,0.914153516292572,0.9773857334098298,1.2553105961524278,0.7510516252390057,0.7457566857337952,0.8891013384321224
mot_base-large_1d-bs.512-ep.300,mot_base_1d,0.5,42,36,0.10305368692688174,0.31995071765682986,0.9242206922929814,0.9231313467025757,0.9787244214955059,1.2355947957667976,0.7579349904397705,0.754873514175415,0.8887189292543021
mot_base-large_1d-bs.512-ep.300,mot_base_1d,0.5,42,37,0.09064400256282756,0.3188393963616627,0.9257028112449799,0.9241201877593994,0.9779594568751195,1.2361406038185834,0.7571701720841301,0.7554379105567932,0.8891013384321224
mot_base-large_1d-bs.512-ep.300,mot_base_1d,0.5,42,38,0.07886322351782782,0.30984122376068984,0.9287626697265251,0.9274373650550842,0.9793937655383439,1.2278587297545336,0.7579349904397705,0.7546184062957764,0.8887189292543021
mot_base-large_1d-bs.512-ep.300,mot_base_1d,0.5,42,39,0.06775784314464717,0.3096798577439058,0.9274239816408492,0.926617443561554,0.9800631095811819,1.2298101654928,0.7598470363288718,0.7566117644309998,0.88565965583174
mot_base-large_1d-bs.512-ep.300,mot_base_1d,0.5,42,40,0.057371689306052714,0.3028152826571469,0.9317269076305221,0.9305112361907959,0.9803977816026008,1.228512665145028,0.7598470363288718,0.7561720013618469,0.8864244741873805
mot_base-large_1d-bs.512-ep.300,mot_base_1d,0.5,42,41,0.047745751406263165,0.3042439629731112,0.9297666857907821,0.928397536277771,0.980110919869956,1.2252219584886248,0.7571701720841301,0.7528970241546631,0.8887189292543021
mot_base-large_1d-bs.512-ep.300,mot_base_1d,0.5,42,42,0.03891801862449629,0.2996607988098197,0.9328743545611016,0.9316272139549255,0.9801587301587301,1.2197354902044992,0.7621414913957935,0.7587394118309021,0.8875717017208413
mot_base-large_1d-bs.512-ep.300,mot_base_1d,0.5,42,43,0.030923329989034104,0.2980291636866943,0.933687129470262,0.932624876499176,0.9801587301587301,1.2189383001673975,0.7617590822179733,0.7585708498954773,0.8887189292543021
mot_base-large_1d-bs.512-ep.300,mot_base_1d,0.5,42,44,0.02379323688349516,0.2960765240046052,0.9347867661120673,0.9338732957839966,0.980445591891375,1.2187853796760164,0.7621414913957935,0.759347677230835,0.8868068833652007
mot_base-large_1d-bs.512-ep.300,mot_base_1d,0.5,42,45,0.017555878527937163,0.29518200663130517,0.9357429718875502,0.9346597194671631,0.9804934021801491,1.2179041087513445,0.7617590822179733,0.7589547634124756,0.8868068833652007
mot_base-large_1d-bs.512-ep.300,mot_base_1d,0.5,42,46,0.012235870926211617,0.2950456075400234,0.9361732644865175,0.9350448846817017,0.9804934021801491,1.2196956233358291,0.7640535372848949,0.7610725164413452,0.8883365200764818
mot_base-large_1d-bs.512-ep.300,mot_base_1d,0.5,42,47,0.007854209717842259,0.29335165771569,0.9363645056416141,0.935147225856781,0.9806846433352457,1.2173312973109987,0.7625239005736137,0.7596510052680969,0.8879541108986616
mot_base-large_1d-bs.512-ep.300,mot_base_1d,0.5,42,48,0.00442818731782782,0.2930693401162313,0.9362688850640658,0.9350252747535706,0.9808280742015681,1.2172185617012914,0.762906309751434,0.759509801864624,0.8879541108986616
mot_base-large_1d-bs.512-ep.300,mot_base_1d,0.5,42,49,0.0019713246713805588,0.29299641758927336,0.9368904188181296,0.9355967044830322,0.980780263912794,1.21708549659977,0.7632887189292543,0.7606111168861389,0.8887189292543021
mot_base-large_1d-bs.512-ep.300,mot_base_1d,0.5,42,50,0.0004933178929321103,0.29297060847031636,0.9366991776630331,0.9354121685028076,0.9807324536240198,1.2170492081067759,0.7636711281070746,0.7609236240386963,0.8887189292543021
mot_base-large_1d-bs.512-ep.300,mot_base_1d,0.7,42,1,0.7,3.552739362776861,0.5339453050296423,0.5288682579994202,0.7490437942245172,3.968027532807272,0.4959847036328872,0.4969958961009979,0.7219885277246654
mot_base-large_1d-bs.512-ep.300,mot_base_1d,0.7,42,2,0.699309354949895,1.9211581316430155,0.6461560527825588,0.6351850628852844,0.8506406578695735,2.4451352675603863,0.6015296367112811,0.5965871214866638,0.8034416826003824
mot_base-large_1d-bs.512-ep.300,mot_base_1d,0.7,42,3,0.6972401454600672,1.7446277787658493,0.6690093708165997,0.6638450026512146,0.86340600497227,2.2762718083981572,0.6206500956022944,0.6123844385147095,0.8217973231357553
mot_base-large_1d-bs.512-ep.300,mot_base_1d,0.7,42,4,0.6938005377550409,1.5788320737259864,0.7113692866704915,0.7056648135185242,0.8785140562248996,2.171855607041893,0.6585086042065009,0.6531641483306885,0.832887189292543
mot_base-large_1d-bs.512-ep.300,mot_base_1d,0.7,42,5,0.6890041063950206,1.4180253733410437,0.7264295276343469,0.7158421277999878,0.893574297188755,2.154255900920919,0.655831739961759,0.6532385349273682,0.8340344168260039
mot_base-large_1d-bs.512-ep.300,mot_base_1d,0.7,42,6,0.6828697807033035,1.5945912999663623,0.6863645056416141,0.6859942078590393,0.8894626123541787,2.3699347880784685,0.6229445506692161,0.6257347464561462,0.8367112810707457
mot_base-large_1d-bs.512-ep.300,mot_base_1d,0.7,42,7,0.6754217700608878,1.2428088725285722,0.7521036527060624,0.7470397353172302,0.903518837253777,2.0068295626521793,0.6803059273422563,0.6746358275413513,0.8481835564053537
mot_base-large_1d-bs.512-ep.300,mot_base_1d,0.7,42,8,0.6666894683631067,1.06255289810204,0.7687894434882386,0.7625293135643005,0.9241250717154331,1.8657368034523258,0.6906309751434034,0.6840347051620483,0.8653919694072658
mot_base-large_1d-bs.512-ep.300,mot_base_1d,0.7,42,9,0.6567073380153521,1.1786811101457133,0.7566456301396061,0.7556015849113464,0.9125549818320903,2.0374674138785775,0.6608030592734225,0.6642970442771912,0.8543021032504781
mot_base-large_1d-bs.512-ep.300,mot_base_1d,0.7,42,10,0.6455147739257051,0.9970940509474421,0.7781124497991968,0.7669978141784668,0.9278542742398164,1.904028886317295,0.6822179732313576,0.6742177605628967,0.8581261950286807
mot_base-large_1d-bs.512-ep.300,mot_base_1d,0.7,42,11,0.6331559480312314,1.095203887347077,0.7623350545037292,0.7596498131752014,0.9205393000573724,1.9551253039795855,0.6841300191204589,0.6753708720207214,0.8638623326959847
mot_base-large_1d-bs.512-ep.300,mot_base_1d,0.7,42,12,0.619679634971526,1.0080962075309878,0.7796901893287436,0.7747735381126404,0.9289061005928476,1.8974653780118458,0.6845124282982792,0.6719049215316772,0.8623326959847036
mot_base-large_1d-bs.512-ep.300,mot_base_1d,0.7,42,13,0.6051390195974938,0.9548604222551361,0.7947982405813732,0.7901991009712219,0.9334958883151654,1.87369890960635,0.7059273422562141,0.6962970495223999,0.8650095602294455
mot_base-large_1d-bs.512-ep.300,mot_base_1d,0.7,42,14,0.5895914870750408,0.7290757454291975,0.8241059475999235,0.8239750862121582,0.9461656148403136,1.6990927584996416,0.7208413001912046,0.7192169427871704,0.8726577437858508
mot_base-large_1d-bs.512-ep.300,mot_base_1d,0.7,42,15,0.5730983964120412,0.8171989712119673,0.8122968062727098,0.8154123425483704,0.9391853126792886,1.761893108652381,0.7128107074569789,0.716197669506073,0.8715105162523901
mot_base-large_1d-bs.512-ep.300,mot_base_1d,0.7,42,16,0.5557248383023655,0.7402433024968351,0.8184165232358004,0.8121300339698792,0.9497991967871486,1.7939811560665444,0.7047801147227534,0.6963904500007629,0.8745697896749522
mot_base-large_1d-bs.512-ep.300,mot_base_1d,0.7,42,17,0.5375393782426486,0.7645213753070492,0.8234366035570855,0.8196225762367249,0.9399502772996748,1.82364061403001,0.7108986615678776,0.7075610160827637,0.8653919694072658
mot_base-large_1d-bs.512-ep.300,mot_base_1d,0.7,42,18,0.5186137859356001,0.6761313510638711,0.8332855230445592,0.8327186703681946,0.9515681774717919,1.7263701240145681,0.7193116634799235,0.7131770253181458,0.8711281070745698
mot_base-large_1d-bs.512-ep.300,mot_base_1d,0.7,42,19,0.49902275204777524,0.5990450327062178,0.8429910116657104,0.8410251140594482,0.9584528590552687,1.6764196975737182,0.7170172084130019,0.711311399936676,0.8795411089866156
mot_base-large_1d-bs.512-ep.300,mot_base_1d,0.7,42,20,0.47884359343963717,0.6256469121784525,0.8395964811627462,0.833991289138794,0.9557754828839167,1.7236752599420784,0.7250478011472276,0.7193151712417603,0.875717017208413
mot_base-large_1d-bs.512-ep.300,mot_base_1d,0.7,42,21,0.45815594803123144,0.537669586164132,0.8587205966724039,0.8535014390945435,0.9626123541786192,1.6497383861651156,0.7319311663479924,0.7257286906242371,0.88565965583174
mot_base-large_1d-bs.512-ep.300,mot_base_1d,0.7,42,22,0.437041460507699,0.5490180719740009,0.8605373876458213,0.8575804829597473,0.9630904570663607,1.6727648003835296,0.7265774378585086,0.7217894196510315,0.8780114722753346
mot_base-large_1d-bs.512-ep.300,mot_base_1d,0.7,42,23,0.4155834601050035,0.5449174584428674,0.8550392044367948,0.8535202741622925,0.9646203863071333,1.6091271044875195,0.7219885277246654,0.7160522937774658,0.8848948374760994
mot_base-large_1d-bs.512-ep.300,mot_base_1d,0.7,42,24,0.3938666317475064,0.4777770766931046,0.8679957926945878,0.8651235699653625,0.9682061579651942,1.6014359249895436,0.739961759082218,0.7366098761558533,0.8814531548757171
mot_base-large_1d-bs.512-ep.300,mot_base_1d,0.7,42,25,0.37197668183525956,0.47960071104118623,0.8709122203098106,0.8703948259353638,0.96815834767642,1.6121334900135749,0.7330783938814531,0.7286766171455383,0.8795411089866156
mot_base-large_1d-bs.512-ep.300,mot_base_1d,0.7,42,26,0.34999999999999987,0.40707037065425367,0.8903231975521132,0.887380838394165,0.9713138267355135,1.5449860144299714,0.7407265774378585,0.7373300194740295,0.887189292543021
mot_base-large_1d-bs.512-ep.300,mot_base_1d,0.7,42,27,0.3280233181647402,0.4143022982516556,0.8877414419583094,0.8848613500595093,0.9730349971313826,1.5360919799221178,0.7384321223709369,0.7337093949317932,0.8875717017208413
mot_base-large_1d-bs.512-ep.300,mot_base_1d,0.7,42,28,0.3061333682524934,0.4006386392771753,0.8891279403327597,0.8866872191429138,0.973799961751769,1.5453951016894718,0.734225621414914,0.7256727814674377,0.8860420650095602
mot_base-large_1d-bs.512-ep.300,mot_base_1d,0.7,42,29,0.28441653989499627,0.3765442115577965,0.8966341556703002,0.8950318098068237,0.9728437559762861,1.5309073716231103,0.7391969407265775,0.7368716597557068,0.887189292543021
mot_base-large_1d-bs.512-ep.300,mot_base_1d,0.7,42,30,0.2629585394923007,0.3548415066019986,0.9013195639701663,0.8978168964385986,0.9756167527251864,1.517608816172379,0.7353728489483747,0.7312048077583313,0.8868068833652007
mot_base-large_1d-bs.512-ep.300,mot_base_1d,0.7,42,31,0.2418440519687684,0.34543002739215267,0.9038056989864218,0.9027494788169861,0.9774335436986039,1.5065899106786083,0.7441682600382409,0.740449845790863,0.8822179732313575
mot_base-large_1d-bs.512-ep.300,mot_base_1d,0.7,42,32,0.2211564065603627,0.32283073977180227,0.9116943966341556,0.9090744256973267,0.9781028877414419,1.4983340465771764,0.7422562141491396,0.7379844188690186,0.8841300191204589
mot_base-large_1d-bs.512-ep.300,mot_base_1d,0.7,42,33,0.20097724795222446,0.31140250397312136,0.9154235991585389,0.9139270186424255,0.9788200420730542,1.482708002094101,0.7441682600382409,0.7397160530090332,0.8864244741873805
mot_base-large_1d-bs.512-ep.300,mot_base_1d,0.7,42,34,0.1813862140643995,0.2910540846662144,0.9249378466245937,0.9241573214530945,0.9809236947791165,1.4749436839816674,0.7533460803059273,0.7504218220710754,0.8848948374760994
mot_base-large_1d-bs.512-ep.300,mot_base_1d,0.7,42,35,0.16246062175735101,0.2974060704772389,0.9219736087205966,0.9201053380966187,0.979776247848537,1.4778143596466824,0.7479923518164436,0.7429844737052917,0.8879541108986616
mot_base-large_1d-bs.512-ep.300,mot_base_1d,0.7,42,36,0.14427516169763435,0.278571538383497,0.9310097532989099,0.930227518081665,0.9814496079556321,1.4575323115799212,0.7483747609942638,0.7449867129325867,0.8879541108986616
mot_base-large_1d-bs.512-ep.300,mot_base_1d,0.7,42,37,0.12690160358795852,0.2796758370683079,0.9301969783897495,0.9287278652191162,0.9811149359342131,1.4563518502288293,0.7510516252390057,0.7498676180839539,0.8875717017208413
mot_base-large_1d-bs.512-ep.300,mot_base_1d,0.7,42,38,0.11040851292495889,0.26362943849911946,0.9373685217058711,0.9361580610275269,0.9828361063300822,1.4432783298237146,0.7548757170172085,0.7518896460533142,0.887189292543021
mot_base-large_1d-bs.512-ep.300,mot_base_1d,0.7,42,39,0.09486098040250598,0.26506036005915634,0.9355995410212278,0.9350236654281616,0.9824058137311149,1.4492786998274678,0.7544933078393882,0.7525819540023804,0.8837476099426386
mot_base-large_1d-bs.512-ep.300,mot_base_1d,0.7,42,40,0.08032036502847376,0.25624766717291764,0.9403327596098681,0.9393670558929443,0.9832185886402753,1.444841505236653,0.7533460803059273,0.7501668334007263,0.88565965583174
mot_base-large_1d-bs.512-ep.300,mot_base_1d,0.7,42,41,0.06684405196876839,0.25906744936178694,0.9371772805507745,0.9361810088157654,0.9829317269076305,1.4420094068829918,0.7510516252390057,0.7485096454620361,0.8868068833652007
mot_base-large_1d-bs.512-ep.300,mot_base_1d,0.7,42,42,0.05448522607429477,0.2514540917058592,0.9424842226047045,0.9416643381118774,0.9831707783515012,1.4327868809891477,0.7537284894837476,0.7510003447532654,0.8868068833652007
mot_base-large_1d-bs.512-ep.300,mot_base_1d,0.7,42,43,0.04329266198464772,0.24960456147068977,0.9425798431822529,0.9418989419937134,0.9831707783515012,1.4312042673960699,0.7567877629063098,0.7540326118469238,0.8864244741873805
mot_base-large_1d-bs.512-ep.300,mot_base_1d,0.7,42,44,0.03331053163689321,0.24629467330213303,0.9437272901128323,0.9432247877120972,0.9836966915280169,1.430708495335187,0.7548757170172085,0.7528563141822815,0.8852772466539197
mot_base-large_1d-bs.512-ep.300,mot_base_1d,0.7,42,45,0.024578229939112014,0.24559469340658707,0.9453528399311532,0.9444214701652527,0.9841747944157583,1.4300837310732664,0.7560229445506692,0.7539272308349609,0.88565965583174
mot_base-large_1d-bs.512-ep.300,mot_base_1d,0.7,42,46,0.017130219296696253,0.24539273982979093,0.9453050296423791,0.9444808959960938,0.9839835532606617,1.4321800042292812,0.7544933078393882,0.7520489692687988,0.8883365200764818
mot_base-large_1d-bs.512-ep.300,mot_base_1d,0.7,42,47,0.010995893604979155,0.24321055293744326,0.9460699942627654,0.9452032446861267,0.9843182252820807,1.4295228815899297,0.7571701720841301,0.7548030018806458,0.8848948374760994
mot_base-large_1d-bs.512-ep.300,mot_base_1d,0.7,42,48,0.006199462244958943,0.24284130602727363,0.9461656148403136,0.9452559947967529,0.9845094664371773,1.429481802479031,0.7560229445506692,0.7537171244621277,0.8848948374760994
mot_base-large_1d-bs.512-ep.300,mot_base_1d,0.7,42,49,0.0027598545399327803,0.24272999610288076,0.9460699942627654,0.9451295733451843,0.9845094664371773,1.42937845262925,0.7556405353728489,0.7532832622528076,0.8848948374760994
mot_base-large_1d-bs.512-ep.300,mot_base_1d,0.7,42,50,0.0006906450501049539,0.24269366852524496,0.9462134251290878,0.9452786445617676,0.9845094664371773,1.4293533806591143,0.7560229445506692,0.7537593841552734,0.8848948374760994
mot_base-large_1d-bs.512-ep.300,mot_base_1d,1.0,42,1,1.0,7.3142337255574565,0.4849875693249187,0.47865623235702515,0.7094090648307516,7.595946086934602,0.4688336520076482,0.46368730068206787,0.697131931166348
mot_base-large_1d-bs.512-ep.300,mot_base_1d,1.0,42,2,0.9990133642141358,3.1452759505458125,0.6441480206540448,0.6313868165016174,0.8293650793650794,3.96032250369712,0.5934990439770554,0.5823207497596741,0.7820267686424475
mot_base-large_1d-bs.512-ep.300,mot_base_1d,1.0,42,3,0.996057350657239,2.628890797886253,0.6562918340026773,0.653639018535614,0.8439950277299675,3.5289059815853547,0.5965583173996176,0.5969268083572388,0.8045889101338433
mot_base-large_1d-bs.512-ep.300,mot_base_1d,1.0,42,4,0.9911436253643444,2.309290991889106,0.6844520940906483,0.6780319809913635,0.8657487091222031,3.2790992926457188,0.6325047801147228,0.6263846158981323,0.8198852772466539
mot_base-large_1d-bs.512-ep.300,mot_base_1d,1.0,42,5,0.9842915805643155,2.0305245432850962,0.7025721935360489,0.6934882402420044,0.8860202715624402,3.115674621698733,0.6420650095602295,0.6351373195648193,0.8321223709369024
mot_base-large_1d-bs.512-ep.300,mot_base_1d,1.0,42,6,0.9755282581475768,2.3209214162179084,0.6890896921017403,0.6864910125732422,0.8719162363740677,3.4448184886808377,0.6282982791586998,0.6275442838668823,0.8191204588910134
mot_base-large_1d-bs.512-ep.300,mot_base_1d,1.0,42,7,0.9648882429441257,1.8462254855618647,0.7514821189519985,0.749204158782959,0.8934786766112067,2.9332187951636817,0.6676864244741874,0.6624864935874939,0.8455066921606118
mot_base-large_1d-bs.512-ep.300,mot_base_1d,1.0,42,8,0.9524135262330098,1.4902824362461005,0.7618091413272137,0.7543211579322815,0.9148498756932492,2.632240657186417,0.6787762906309751,0.6690150499343872,0.8527724665391969
mot_base-large_1d-bs.512-ep.300,mot_base_1d,1.0,42,9,0.9381533400219317,1.5222792847933015,0.7536813922356091,0.7528278827667236,0.914132721361637,2.8314858431114067,0.6634799235181644,0.6682286262512207,0.8478011472275334
mot_base-large_1d-bs.512-ep.300,mot_base_1d,1.0,42,10,0.9221639627510075,1.3761248709845895,0.7721361637024288,0.7644209265708923,0.9218301778542742,2.7181095947499028,0.6738049713193117,0.6670156121253967,0.8493307839388146
mot_base-large_1d-bs.512-ep.300,mot_base_1d,1.0,42,11,0.9045084971874737,1.4623190401434374,0.7520080321285141,0.749722421169281,0.9201090074584051,2.728479139572348,0.6741873804971319,0.6695713996887207,0.8588910133843213
mot_base-large_1d-bs.512-ep.300,mot_base_1d,1.0,42,12,0.8852566213878946,1.3936710926697162,0.7677376171352075,0.7642260789871216,0.9222604704532416,2.7446286349178046,0.6722753346080306,0.6640581488609314,0.8512428298279159
mot_base-large_1d-bs.512-ep.300,mot_base_1d,1.0,42,13,0.8644843137107058,1.216765411589975,0.7927902084528591,0.7864262461662292,0.9313922356091031,2.574879811507566,0.7005736137667304,0.6908244490623474,0.8608030592734226
mot_base-large_1d-bs.512-ep.300,mot_base_1d,1.0,42,14,0.8422735529643444,0.9848327913027144,0.8118187033849684,0.8098310232162476,0.9440141518454771,2.309988222432182,0.710133843212237,0.7032835483551025,0.8730401529636711
mot_base-large_1d-bs.512-ep.300,mot_base_1d,1.0,42,15,0.8187119948743449,1.1376547051971604,0.7983840122394339,0.8016939759254456,0.9332090265825206,2.4792294883363333,0.702868068833652,0.7050313353538513,0.8650095602294455
mot_base-large_1d-bs.512-ep.300,mot_base_1d,1.0,42,16,0.7938926261462367,1.0902381582546472,0.7998661311914324,0.7911412119865417,0.9404283801874164,2.604056807275484,0.6856596558317399,0.6768643856048584,0.8661567877629063
mot_base-large_1d-bs.512-ep.300,mot_base_1d,1.0,42,17,0.7679133974894983,1.084895096948667,0.811340600497227,0.8075804114341736,0.9344999043794224,2.5831956619058465,0.698661567877629,0.6940895915031433,0.8627151051625239
mot_base-large_1d-bs.512-ep.300,mot_base_1d,1.0,42,18,0.7408768370508576,1.0539967109605763,0.8081373111493594,0.8086856007575989,0.9416714476955441,2.552377112189853,0.7047801147227534,0.701561689376831,0.8661567877629063
mot_base-large_1d-bs.512-ep.300,mot_base_1d,1.0,42,19,0.7128896457825363,0.7843297273804021,0.8319468349588831,0.8276945352554321,0.9557754828839167,2.3291670819313532,0.7112810707456979,0.7050979733467102,0.8730401529636711
mot_base-large_1d-bs.512-ep.300,mot_base_1d,1.0,42,20,0.6840622763423391,0.836484659559345,0.8353891757506215,0.8297544717788696,0.9524287626697265,2.363755365083596,0.7231357552581262,0.7181097269058228,0.8711281070745698
mot_base-large_1d-bs.512-ep.300,mot_base_1d,1.0,42,21,0.6545084971874737,0.7436699392599958,0.8392618091413272,0.8342092037200928,0.9588353413654619,2.338583465926278,0.720076481835564,0.7184129357337952,0.8795411089866156
mot_base-large_1d-bs.512-ep.300,mot_base_1d,1.0,42,22,0.6243449435824273,0.7361684481120515,0.8472461273666093,0.8454539775848389,0.9590265825205584,2.331041681059916,0.7235181644359464,0.7215536236763,0.8703632887189292
mot_base-large_1d-bs.512-ep.300,mot_base_1d,1.0,42,23,0.5936906572928624,0.6995001048516488,0.8438515968636451,0.8419140577316284,0.9612736660929432,2.2089334287333444,0.7166347992351817,0.7122775316238403,0.8768642447418739
mot_base-large_1d-bs.512-ep.300,mot_base_1d,1.0,42,24,0.5626666167821522,0.6247815252330705,0.8531746031746031,0.8492106795310974,0.9653853509275196,2.2185294959102944,0.7269598470363289,0.7212785482406616,0.877246653919694
mot_base-large_1d-bs.512-ep.300,mot_base_1d,1.0,42,25,0.5313952597646567,0.6140506800102399,0.8554694970357621,0.8538780212402344,0.9649550583285523,2.216270335910425,0.7147227533460803,0.7098429799079895,0.8760994263862333
mot_base-large_1d-bs.512-ep.300,mot_base_1d,1.0,42,26,0.5,0.4604530096464436,0.8839166188563778,0.8809325695037842,0.9713138267355135,2.063824346188605,0.7361376673040153,0.7319038510322571,0.8845124282982791
mot_base-large_1d-bs.512-ep.300,mot_base_1d,1.0,42,27,0.4686047402353433,0.4728614459144474,0.8837731879900554,0.8809581995010376,0.9724612736660929,2.0427770742266858,0.7292543021032505,0.7242899537086487,0.8814531548757171
mot_base-large_1d-bs.512-ep.300,mot_base_1d,1.0,42,28,0.4373333832178479,0.4550949000199727,0.8850640657869574,0.8818621635437012,0.9733218588640276,2.0777581078144607,0.7307839388145315,0.7221140265464783,0.8803059273422562
mot_base-large_1d-bs.512-ep.300,mot_base_1d,1.0,42,29,0.4063093427071377,0.4305443030558163,0.8883151654235991,0.8870936036109924,0.9723656530885446,2.0554936804689365,0.7353728489483747,0.7332538366317749,0.8829827915869981
mot_base-large_1d-bs.512-ep.300,mot_base_1d,1.0,42,30,0.3756550564175726,0.38646362725624644,0.8983553260661694,0.8949464559555054,0.9757123733027347,2.0179575524412194,0.7338432122370937,0.7302550673484802,0.8833652007648184
mot_base-large_1d-bs.512-ep.300,mot_base_1d,1.0,42,31,0.34549150281252644,0.36913736301071215,0.9006024096385542,0.8994980454444885,0.9777204054312488,1.9999223231357552,0.735755258126195,0.7324478626251221,0.8787762906309752
mot_base-large_1d-bs.512-ep.300,mot_base_1d,1.0,42,32,0.31593772365766115,0.32411837500307566,0.912794033275961,0.9099271893501282,0.9794893861158921,1.9696338631682824,0.739961759082218,0.7352393269538879,0.8837476099426386
mot_base-large_1d-bs.512-ep.300,mot_base_1d,1.0,42,33,0.28711035421746367,0.31087753808755997,0.9155670300248614,0.9141085147857666,0.9796328169822146,1.9604271854086999,0.735755258126195,0.7313719391822815,0.8841300191204589
mot_base-large_1d-bs.512-ep.300,mot_base_1d,1.0,42,34,0.2591231629491423,0.2781268961230344,0.9260852935551731,0.9257034063339233,0.9820233314209218,1.9342954967491486,0.7437858508604207,0.741575300693512,0.8837476099426386
mot_base-large_1d-bs.512-ep.300,mot_base_1d,1.0,42,35,0.23208660251050156,0.28211427911286785,0.9250812774909161,0.9235045909881592,0.9820233314209218,1.9401921726321627,0.7434034416826004,0.7381581664085388,0.887189292543021
mot_base-large_1d-bs.512-ep.300,mot_base_1d,1.0,42,36,0.2061073738537635,0.26153572176993295,0.9338783706253586,0.9329749941825867,0.9823101931535666,1.9170860421817115,0.7437858508604207,0.7397283911705017,0.8829827915869981
mot_base-large_1d-bs.512-ep.300,mot_base_1d,1.0,42,37,0.18128800512565513,0.2649119106390481,0.9323006310958118,0.9311174750328064,0.9825492445974374,1.9128611343996476,0.7502868068833652,0.7489877939224243,0.8848948374760994
mot_base-large_1d-bs.512-ep.300,mot_base_1d,1.0,42,38,0.15772644703565564,0.23573192455363243,0.9412411550965768,0.9402580857276917,0.9843182252820807,1.8916653751643164,0.7506692160611854,0.7473295331001282,0.8887189292543021
mot_base-large_1d-bs.512-ep.300,mot_base_1d,1.0,42,39,0.13551568628929433,0.23928861121963557,0.9393765538343851,0.9390184879302979,0.9841747944157583,1.9024819791658887,0.7483747609942638,0.7455364465713501,0.8845124282982791
mot_base-large_1d-bs.512-ep.300,mot_base_1d,1.0,42,40,0.11474337861210543,0.2272873967116548,0.9459265633964429,0.9457594156265259,0.985083189902467,1.8964230976870593,0.7464627151051625,0.7426551580429077,0.8852772466539197
mot_base-large_1d-bs.512-ep.300,mot_base_1d,1.0,42,41,0.09549150281252633,0.22994425167292384,0.9416714476955441,0.9406293630599976,0.9847007075922739,1.8947087275138548,0.7464627151051625,0.7435534000396729,0.8837476099426386
mot_base-large_1d-bs.512-ep.300,mot_base_1d,1.0,42,42,0.07783603724899257,0.21865340746436207,0.947934595524957,0.9475860595703125,0.985083189902467,1.8811124870927567,0.7449330783938815,0.7427999377250671,0.8845124282982791
mot_base-large_1d-bs.512-ep.300,mot_base_1d,1.0,42,43,0.06184665997806821,0.21570296350458334,0.9490820424555364,0.9488804340362549,0.9855612927902084,1.874886320562709,0.7537284894837476,0.7515756487846375,0.8860420650095602
mot_base-large_1d-bs.512-ep.300,mot_base_1d,1.0,42,44,0.04758647376699032,0.2104485368473303,0.9521419009370816,0.9519434571266174,0.9859915853891758,1.8750258742965202,0.7506692160611854,0.7478526830673218,0.8852772466539197
mot_base-large_1d-bs.512-ep.300,mot_base_1d,1.0,42,45,0.035111757055874326,0.2103240941354617,0.9513291260279212,0.9504318833351135,0.9857047236565308,1.8751515696655041,0.7510516252390057,0.7470929622650146,0.88565965583174
mot_base-large_1d-bs.512-ep.300,mot_base_1d,1.0,42,46,0.024471741852423234,0.20980705000242145,0.9523809523809523,0.95172119140625,0.9858959648116274,1.877594417185446,0.7502868068833652,0.7482134103775024,0.88565965583174
mot_base-large_1d-bs.512-ep.300,mot_base_1d,1.0,42,47,0.015708419435684517,0.20707133373035075,0.9532893478676612,0.9528441429138184,0.9859437751004017,1.8742176398720385,0.749904397705545,0.7470405697822571,0.8848948374760994
mot_base-large_1d-bs.512-ep.300,mot_base_1d,1.0,42,48,0.00885637463565564,0.20652159743565268,0.9536718301778543,0.9530611634254456,0.9861350162554982,1.8745770806336266,0.7495219885277247,0.7462411522865295,0.88565965583174
mot_base-large_1d-bs.512-ep.300,mot_base_1d,1.0,42,49,0.0039426493427611176,0.20634300395530047,0.9538152610441767,0.9532617330551147,0.9862784471218207,1.8745450692696508,0.7502868068833652,0.747124433517456,0.88565965583174
mot_base-large_1d-bs.512-ep.300,mot_base_1d,1.0,42,50,0.0009866357858642205,0.20629423301610694,0.9536718301778543,0.9531024098396301,0.9863262574105948,1.8745512851109696,0.7491395793499044,0.7461273074150085,0.88565965583174
mot_base-small_1d-bs.512-ep.300,mot_base_1d,0.1,42,1,0.1,1.376373910019379,0.6902371390323198,0.6773791313171387,0.8547523427041499,1.5366520620896758,0.6550669216061186,0.6426622867584229,0.8267686424474188
mot_base-small_1d-bs.512-ep.300,mot_base_1d,0.1,42,2,0.09990133642141358,1.0674947620828832,0.7686938229106903,0.758410632610321,0.8995505832855231,1.248737428566694,0.7319311663479924,0.724216103553772,0.8684512428298279
mot_base-small_1d-bs.512-ep.300,mot_base_1d,0.1,42,3,0.0996057350657239,0.9216816882645794,0.7950372920252439,0.7881802320480347,0.91312870529738,1.1364128127380722,0.7453154875717017,0.7431155443191528,0.8791586998087955
mot_base-small_1d-bs.512-ep.300,mot_base_1d,0.1,42,4,0.09911436253643444,0.8394994411078209,0.8140179766685791,0.8066834211349487,0.9222126601644673,1.0754616906948344,0.7571701720841301,0.7515679001808167,0.8864244741873805
mot_base-small_1d-bs.512-ep.300,mot_base_1d,0.1,42,5,0.09842915805643154,0.7711679174467354,0.8341939185312679,0.8294011950492859,0.9285714285714286,1.022347430198188,0.7816443594646272,0.7807583808898926,0.8887189292543021
mot_base-small_1d-bs.512-ep.300,mot_base_1d,0.1,42,6,0.09755282581475767,0.7278441102492419,0.8420826161790017,0.8371138572692871,0.933352457448843,0.9806902066699406,0.7854684512428298,0.7820226550102234,0.8910133843212237
mot_base-small_1d-bs.512-ep.300,mot_base_1d,0.1,42,7,0.09648882429441256,0.6909571397963389,0.8483457640084147,0.8429150581359863,0.9363166953528399,0.9609433934519898,0.788527724665392,0.7817064523696899,0.8998087954110898
mot_base-small_1d-bs.512-ep.300,mot_base_1d,0.1,42,8,0.09524135262330098,0.6671093560286475,0.8487760566073819,0.843777596950531,0.9383725377701281,0.9475995459474523,0.7854684512428298,0.7790406942367554,0.9024856596558317
mot_base-small_1d-bs.512-ep.300,mot_base_1d,0.1,42,9,0.09381533400219318,0.6328598078269762,0.861063300822337,0.8557414412498474,0.9424842226047045,0.9066383959914257,0.804206500956023,0.7977834939956665,0.9036328871892926
mot_base-small_1d-bs.512-ep.300,mot_base_1d,0.1,42,10,0.09221639627510075,0.6115092746065642,0.8642187798814305,0.8585682511329651,0.9452094090648308,0.9082188009987826,0.7988527724665392,0.7946614623069763,0.9078393881453155
mot_base-small_1d-bs.512-ep.300,mot_base_1d,0.1,42,11,0.09045084971874737,0.587138569544232,0.8722509083954867,0.8677932620048523,0.9467871485943775,0.8911838305383978,0.8065009560229446,0.8013622760772705,0.9097514340344168
mot_base-small_1d-bs.512-ep.300,mot_base_1d,0.1,42,12,0.08852566213878946,0.569602876576759,0.8780359533371581,0.8733769059181213,0.9487951807228916,0.8751453684119376,0.8145315487571702,0.810967206954956,0.9097514340344168
mot_base-small_1d-bs.512-ep.300,mot_base_1d,0.1,42,13,0.08644843137107057,0.5515945141482795,0.8801396060432205,0.8760271668434143,0.9507554025626315,0.8600554923938292,0.8065009560229446,0.8019163608551025,0.9124282982791587
mot_base-small_1d-bs.512-ep.300,mot_base_1d,0.1,42,14,0.08422735529643442,0.5381767739299425,0.8837731879900554,0.8791471719741821,0.9519506597819851,0.8586119277983277,0.8095602294455067,0.8036210536956787,0.912810707456979
mot_base-small_1d-bs.512-ep.300,mot_base_1d,0.1,42,15,0.08187119948743447,0.5290383263969312,0.8833428953910881,0.8791119456291199,0.9544367947982406,0.8551582423952296,0.8103250478011472,0.8037826418876648,0.9151051625239006
mot_base-small_1d-bs.512-ep.300,mot_base_1d,0.1,42,16,0.07938926261462366,0.5115500688324879,0.8937655383438516,0.8900832533836365,0.9548670873972078,0.8469071762055785,0.8141491395793499,0.8107076287269592,0.9154875717017208
mot_base-small_1d-bs.512-ep.300,mot_base_1d,0.1,42,17,0.07679133974894982,0.4989260306753194,0.8958213807611398,0.8917337656021118,0.9569707401032702,0.8298166657952916,0.8198852772466539,0.8157020807266235,0.9158699808795411
mot_base-small_1d-bs.512-ep.300,mot_base_1d,0.1,42,18,0.07408768370508576,0.49180119970966923,0.8944348823866897,0.8899917602539062,0.9576400841461082,0.8260318201768923,0.8198852772466539,0.8145174980163574,0.9158699808795411
mot_base-small_1d-bs.512-ep.300,mot_base_1d,0.1,42,19,0.07128896457825362,0.48104777238546353,0.8980684643335246,0.8952956199645996,0.9593612545419774,0.826145463144802,0.8252390057361376,0.8217700719833374,0.9173996175908222
mot_base-small_1d-bs.512-ep.300,mot_base_1d,0.1,42,20,0.06840622763423389,0.4724581175494272,0.8994549627079748,0.8962093591690063,0.959887167718493,0.814124184311234,0.8256214149139579,0.8194534778594971,0.918546845124283
mot_base-small_1d-bs.512-ep.300,mot_base_1d,0.1,42,21,0.06545084971874736,0.4664013926990631,0.9013673742589405,0.8984341621398926,0.9601262191623637,0.8132933840924877,0.8244741873804972,0.8203500509262085,0.9181644359464627
mot_base-small_1d-bs.512-ep.300,mot_base_1d,0.1,42,22,0.06243449435824272,0.45830307601400533,0.9033275960986804,0.8995233178138733,0.9608911837827501,0.810327416852145,0.8256214149139579,0.8194879293441772,0.9158699808795411
mot_base-small_1d-bs.512-ep.300,mot_base_1d,0.1,42,23,0.05936906572928623,0.44965668694880434,0.907487091222031,0.9043635725975037,0.9612258558041691,0.7998605892261629,0.8275334608030592,0.8223496079444885,0.9189292543021033
mot_base-small_1d-bs.512-ep.300,mot_base_1d,0.1,42,24,0.056266661678215216,0.44251346351038456,0.9099254159495124,0.9064672589302063,0.9628992159112642,0.8026861683132543,0.8252390057361376,0.819033682346344,0.9162523900573614
mot_base-small_1d-bs.512-ep.300,mot_base_1d,0.1,42,25,0.053139525976465665,0.4399827928701763,0.9094473130617708,0.9059754014015198,0.9637598011091987,0.8035091290738341,0.8256214149139579,0.8194531798362732,0.9181644359464627
mot_base-small_1d-bs.512-ep.300,mot_base_1d,0.1,42,26,0.049999999999999996,0.43411257417919213,0.9104991394148021,0.9075233936309814,0.9636163702428763,0.7990439668440226,0.8290630975143404,0.8247150182723999,0.9193116634799235
mot_base-small_1d-bs.512-ep.300,mot_base_1d,0.1,42,27,0.046860474023534326,0.4275512167317253,0.9136546184738956,0.9107207655906677,0.965194109772423,0.7936303578188952,0.8317399617590823,0.8274746537208557,0.9181644359464627
mot_base-small_1d-bs.512-ep.300,mot_base_1d,0.1,42,28,0.04373333832178478,0.42376418869680965,0.9152801682922165,0.9124771952629089,0.964524765729585,0.788846548747834,0.8317399617590823,0.8279122710227966,0.9196940726577438
mot_base-small_1d-bs.512-ep.300,mot_base_1d,0.1,42,29,0.040630934270713764,0.4198928390914383,0.9164276152227959,0.9137313961982727,0.9657678332377128,0.7868219568898072,0.8340344168260039,0.8293035626411438,0.9219885277246654
mot_base-small_1d-bs.512-ep.300,mot_base_1d,0.1,42,30,0.03756550564175726,0.4171891151365483,0.9141805316504111,0.9113476276397705,0.9657200229489387,0.7914402248754556,0.8294455066921607,0.824454665184021,0.9231357552581262
mot_base-small_1d-bs.512-ep.300,mot_base_1d,0.1,42,31,0.03454915028125265,0.4127507114027399,0.9173360107095047,0.9143926501274109,0.9672499521897112,0.7867765014531736,0.8347992351816443,0.8305914998054504,0.9219885277246654
mot_base-small_1d-bs.512-ep.300,mot_base_1d,0.1,42,32,0.03159377236576612,0.4107581201714935,0.9193440428380187,0.9167669415473938,0.9673933830560336,0.7850609474838578,0.8359464627151052,0.8307916522026062,0.9216061185468452
mot_base-small_1d-bs.512-ep.300,mot_base_1d,0.1,42,33,0.028711035421746366,0.40574873772696113,0.9209217823675655,0.9184592962265015,0.9675846242111302,0.7814813668595674,0.8340344168260039,0.8284160494804382,0.9219885277246654
mot_base-small_1d-bs.512-ep.300,mot_base_1d,0.1,42,34,0.025912316294914226,0.4053123066133057,0.9209695926563396,0.9184669256210327,0.9675846242111302,0.7842008762104333,0.8325047801147227,0.827597975730896,0.9208413001912046
mot_base-small_1d-bs.512-ep.300,mot_base_1d,0.1,42,35,0.023208660251050155,0.40222347468895764,0.9213520749665328,0.9186297655105591,0.9683017785427424,0.7795943345895917,0.8309751434034417,0.8256950378417969,0.9212237093690249
mot_base-small_1d-bs.512-ep.300,mot_base_1d,0.1,42,36,0.020610737385376346,0.40003599621730274,0.9225951424746606,0.9200087785720825,0.9678236756550009,0.7774183794827579,0.8359464627151052,0.8305440545082092,0.9239005736137668
mot_base-small_1d-bs.512-ep.300,mot_base_1d,0.1,42,37,0.01812880051256551,0.3990369743132687,0.9224517116083382,0.9197932481765747,0.968493019697839,0.7789252994165365,0.8355640535372849,0.8304519653320312,0.9223709369024856
mot_base-small_1d-bs.512-ep.300,mot_base_1d,0.1,42,38,0.015772644703565562,0.3971715926394496,0.9226907630522089,0.9201998114585876,0.9687798814304839,0.7782408056022104,0.8355640535372849,0.8302392363548279,0.9216061185468452
mot_base-small_1d-bs.512-ep.300,mot_base_1d,0.1,42,39,0.013551568628929433,0.396070194372052,0.9232644865174986,0.9208409786224365,0.9690189328743546,0.7757263635814076,0.8325047801147227,0.8272846341133118,0.9231357552581262
mot_base-small_1d-bs.512-ep.300,mot_base_1d,0.1,42,40,0.011474337861210542,0.39488546076366243,0.92374258940524,0.9211970567703247,0.9687798814304839,0.7759172618275163,0.8340344168260039,0.8283546566963196,0.9239005736137668
mot_base-small_1d-bs.512-ep.300,mot_base_1d,0.1,42,41,0.009549150281252632,0.39403927971377933,0.9244597437368521,0.9219951629638672,0.9689233122968063,0.7748687846254892,0.8347992351816443,0.8296844363212585,0.9235181644359465
mot_base-small_1d-bs.512-ep.300,mot_base_1d,0.1,42,42,0.007783603724899257,0.39349483618387004,0.9239816408491107,0.9215723276138306,0.9691145534519029,0.7745607146341532,0.8355640535372849,0.8303404450416565,0.9223709369024856
mot_base-small_1d-bs.512-ep.300,mot_base_1d,0.1,42,43,0.0061846659978068205,0.3930046453966559,0.9249856569133678,0.9226675629615784,0.9693536048957736,0.774008363246006,0.8363288718929255,0.831061840057373,0.9231357552581262
mot_base-small_1d-bs.512-ep.300,mot_base_1d,0.1,42,44,0.004758647376699033,0.3926256443898385,0.9248900363358195,0.9225502014160156,0.9693536048957736,0.7744626980666677,0.8359464627151052,0.8311739563941956,0.9227533460803059
mot_base-small_1d-bs.512-ep.300,mot_base_1d,0.1,42,45,0.0035111757055874327,0.3923751379112642,0.9246509848919487,0.9222726225852966,0.9688755020080321,0.7742616204868995,0.8355640535372849,0.8304073214530945,0.9227533460803059
mot_base-small_1d-bs.512-ep.300,mot_base_1d,0.1,42,46,0.0024471741852423235,0.39220221572908076,0.9248422260470454,0.9225290417671204,0.9691145534519029,0.7743259211115354,0.8355640535372849,0.8307392001152039,0.9227533460803059
mot_base-small_1d-bs.512-ep.300,mot_base_1d,0.1,42,47,0.0015708419435684518,0.3920942345913019,0.9248422260470454,0.9224968552589417,0.9689711225855804,0.7742875458405533,0.8355640535372849,0.8307392001152039,0.9231357552581262
mot_base-small_1d-bs.512-ep.300,mot_base_1d,0.1,42,48,0.000885637463565564,0.3920335820720218,0.9247944157582711,0.9224295020103455,0.9688755020080321,0.7742384405482567,0.8363288718929255,0.8315585851669312,0.9235181644359465
mot_base-small_1d-bs.512-ep.300,mot_base_1d,0.1,42,49,0.00039426493427611173,0.3920085405067769,0.9249378466245937,0.9225866794586182,0.9689711225855804,0.7742292604756401,0.8359464627151052,0.8311739563941956,0.9231357552581262
mot_base-small_1d-bs.512-ep.300,mot_base_1d,0.1,42,50,9.866357858642205e-05,0.392001967467503,0.9248900363358195,0.9225322604179382,0.9689233122968063,0.7742172168272176,0.8355640535372849,0.8307392001152039,0.9231357552581262
mot_base-small_1d-bs.512-ep.300,mot_base_1d,0.3,42,1,0.3,1.237561772124538,0.7124689233122968,0.7020367383956909,0.8677567412507171,1.529847549526003,0.669980879541109,0.6637294292449951,0.8290630975143404
mot_base-small_1d-bs.512-ep.300,mot_base_1d,0.3,42,2,0.29970400926424073,0.8923042612518993,0.7871007840887358,0.7784966230392456,0.908156435264869,1.1546514376171688,0.739961759082218,0.7336362600326538,0.8818355640535372
mot_base-small_1d-bs.512-ep.300,mot_base_1d,0.3,42,3,0.2988172051971717,0.8254507843224764,0.7976190476190477,0.7928237915039062,0.9189615605278256,1.1283615083129184,0.7449330783938815,0.7385753393173218,0.8879541108986616
mot_base-small_1d-bs.512-ep.300,mot_base_1d,0.3,42,4,0.29734308760930334,0.7590943283778483,0.8154044750430293,0.8078286647796631,0.9262287244214955,1.1228430432525693,0.7487571701720841,0.7417302131652832,0.8875717017208413
mot_base-small_1d-bs.512-ep.300,mot_base_1d,0.3,42,5,0.2952874741692947,0.7014262835367114,0.8291260279212086,0.8250741362571716,0.9313444253203289,1.0801669965054748,0.7648183556405354,0.7629320025444031,0.8879541108986616
mot_base-small_1d-bs.512-ep.300,mot_base_1d,0.3,42,6,0.2926584774442731,0.6224661964056117,0.8457161981258366,0.8417789936065674,0.9402849493210939,0.963603718103004,0.7854684512428298,0.777923047542572,0.9047801147227533
mot_base-small_1d-bs.512-ep.300,mot_base_1d,0.3,42,7,0.28946647288323774,0.6147856657626776,0.8475807993880283,0.8434928059577942,0.9402849493210939,1.0046186377851731,0.7747609942638624,0.7681214809417725,0.8967495219885278
mot_base-small_1d-bs.512-ep.300,mot_base_1d,0.3,42,8,0.28572405786990296,0.5505417385892856,0.8623063683304647,0.8577943444252014,0.947934595524957,0.9623763833857403,0.7854684512428298,0.7782924771308899,0.9105162523900574
mot_base-small_1d-bs.512-ep.300,mot_base_1d,0.3,42,9,0.28144600200657954,0.5383603748387921,0.8671830177854274,0.8630204796791077,0.9488908013004399,0.9505446016446583,0.7923518164435946,0.7864564657211304,0.912810707456979
mot_base-small_1d-bs.512-ep.300,mot_base_1d,0.3,42,10,0.27664918882530226,0.5321321856749858,0.8671830177854274,0.8615676760673523,0.9508988334289539,0.9576139942409887,0.794263862332696,0.7908270955085754,0.9070745697896749
mot_base-small_1d-bs.512-ep.300,mot_base_1d,0.3,42,11,0.27135254915624213,0.49134684393250433,0.8795180722891566,0.8749154806137085,0.9543889845094664,0.9219253335810528,0.7996175908221798,0.7893368601799011,0.9116634799235181
mot_base-small_1d-bs.512-ep.300,mot_base_1d,0.3,42,12,0.2655769864163684,0.46457021089146394,0.8836775674125071,0.8801454305648804,0.9572576018359151,0.9227539470957069,0.8011472275334608,0.7965851426124573,0.9154875717017208
mot_base-small_1d-bs.512-ep.300,mot_base_1d,0.3,42,13,0.2593452941132117,0.46840283747133366,0.8837731879900554,0.8788497447967529,0.9572576018359151,0.9184927683259515,0.8038240917782027,0.7960515022277832,0.9108986615678776
mot_base-small_1d-bs.512-ep.300,mot_base_1d,0.3,42,14,0.2526820658893033,0.42510799824518963,0.8910881621724995,0.8870666027069092,0.9620864410021036,0.9047954172750732,0.8095602294455067,0.8001386523246765,0.9166347992351817
mot_base-small_1d-bs.512-ep.300,mot_base_1d,0.3,42,15,0.24561359846230346,0.4311418256104893,0.8956301396060432,0.8922587037086487,0.9606521323388794,0.8944123977456905,0.8065009560229446,0.7995079755783081,0.9139579349904398
mot_base-small_1d-bs.512-ep.300,mot_base_1d,0.3,42,16,0.23816778784387102,0.39635172253198525,0.9038056989864218,0.9017901420593262,0.9632816982214573,0.8874416285673473,0.8126195028680688,0.8083209991455078,0.9170172084130019
mot_base-small_1d-bs.512-ep.300,mot_base_1d,0.3,42,17,0.2303740192468495,0.37347611188204616,0.909160451329126,0.9060976505279541,0.9677758653662268,0.8540458183215636,0.8183556405353728,0.8129817843437195,0.924282982791587
mot_base-small_1d-bs.512-ep.300,mot_base_1d,0.3,42,18,0.22226305111525732,0.3559539420674467,0.9158538917575062,0.9130312204360962,0.9687320711417097,0.8416258686131318,0.827151051625239,0.8194196224212646,0.9219885277246654
mot_base-small_1d-bs.512-ep.300,mot_base_1d,0.3,42,19,0.21386689373476092,0.358940759337092,0.9127462229871869,0.9096621870994568,0.9688755020080321,0.866918796517425,0.8202676864244742,0.8148497939109802,0.9170172084130019
mot_base-small_1d-bs.512-ep.300,mot_base_1d,0.3,42,20,0.20521868290270173,0.3434439536193334,0.9161885637789252,0.9132199883460999,0.9706922929814497,0.8346593503058527,0.8225621414913958,0.8153308629989624,0.9250478011472275
mot_base-small_1d-bs.512-ep.300,mot_base_1d,0.3,42,21,0.19635254915624212,0.33650541141398393,0.919104991394148,0.9167312383651733,0.9700229489386116,0.8392991906598238,0.8221797323135756,0.8174256086349487,0.9239005736137668
mot_base-small_1d-bs.512-ep.300,mot_base_1d,0.3,42,22,0.18730348307472822,0.3220811324266385,0.9222126601644673,0.9199373722076416,0.9728437559762861,0.8284855435956733,0.8237093690248566,0.8178778886795044,0.9261950286806884
mot_base-small_1d-bs.512-ep.300,mot_base_1d,0.3,42,23,0.17810719718785872,0.3097601586168778,0.9274239816408492,0.9247404336929321,0.9738955823293173,0.8219958274359913,0.8225621414913958,0.816009521484375,0.9254302103250478
mot_base-small_1d-bs.512-ep.300,mot_base_1d,0.3,42,24,0.1687999850346457,0.3007883780270239,0.9301013578122012,0.9277815222740173,0.9747561675272519,0.8164961470244719,0.8263862332695985,0.8174326419830322,0.9273422562141491
mot_base-small_1d-bs.512-ep.300,mot_base_1d,0.3,42,25,0.15941857792939704,0.2909940107531246,0.934691145534519,0.9330155253410339,0.9776247848537005,0.8193261403654547,0.832887189292543,0.8262840509414673,0.9250478011472275
mot_base-small_1d-bs.512-ep.300,mot_base_1d,0.3,42,26,0.15000000000000002,0.28503417503676465,0.9355995410212278,0.9339460730552673,0.9755689424364123,0.8113166108869914,0.8305927342256214,0.8246059417724609,0.9281070745697897
mot_base-small_1d-bs.512-ep.300,mot_base_1d,0.3,42,27,0.140581422070603,0.2841192694324954,0.9354082998661312,0.9327327609062195,0.9772901128322815,0.8189222040413443,0.8240917782026769,0.8172961473464966,0.9261950286806884
mot_base-small_1d-bs.512-ep.300,mot_base_1d,0.3,42,28,0.13120001496535438,0.27544333684464944,0.9387072097915471,0.937390148639679,0.9786766112067317,0.8046030121141364,0.8294455066921607,0.8239473104476929,0.9288718929254303
mot_base-small_1d-bs.512-ep.300,mot_base_1d,0.3,42,29,0.12189280281214132,0.2689614036977348,0.9408108624976095,0.9398259520530701,0.9793459552495697,0.7923600979106604,0.8359464627151052,0.8306451439857483,0.9292543021032504
mot_base-small_1d-bs.512-ep.300,mot_base_1d,0.3,42,30,0.11269651692527179,0.26435130352407643,0.9427232740485753,0.9411625862121582,0.9790112832281507,0.8049034016538077,0.8298279158699808,0.822659969329834,0.9281070745697897
mot_base-small_1d-bs.512-ep.300,mot_base_1d,0.3,42,31,0.10364745084375795,0.25962497882985275,0.9443488238668961,0.9431769847869873,0.9812105565117614,0.7994382198180568,0.8359464627151052,0.8308508396148682,0.9288718929254303
mot_base-small_1d-bs.512-ep.300,mot_base_1d,0.3,42,32,0.09478131709729837,0.25674372194464884,0.9450659781985083,0.9436377882957458,0.9813061770893097,0.7917913506181472,0.8374760994263862,0.8314271569252014,0.9304015296367113
mot_base-small_1d-bs.512-ep.300,mot_base_1d,0.3,42,33,0.08613310626523911,0.24833580945595474,0.9478867852361829,0.9464858770370483,0.9818320902658252,0.7895952593072195,0.8390057361376673,0.8326340317726135,0.930019120458891
mot_base-small_1d-bs.512-ep.300,mot_base_1d,0.3,42,34,0.0777369488847427,0.24772405446567414,0.9498948173646968,0.9487977027893066,0.9809715050678907,0.7921813585562186,0.834416826003824,0.8287366628646851,0.9311663479923518
mot_base-small_1d-bs.512-ep.300,mot_base_1d,0.3,42,35,0.06962598075315048,0.24273783482609754,0.9501338688085676,0.9484124183654785,0.9829795371964046,0.7835151190967451,0.8355640535372849,0.8307287096977234,0.9311663479923518
mot_base-small_1d-bs.512-ep.300,mot_base_1d,0.3,42,36,0.06183221215612905,0.23932680159915495,0.9510422642952764,0.9499222040176392,0.9824536240198891,0.7804201042219057,0.8390057361376673,0.8331558108329773,0.9334608030592734
mot_base-small_1d-bs.512-ep.300,mot_base_1d,0.3,42,37,0.05438640153769654,0.23799343258683917,0.9518072289156626,0.9507859945297241,0.9831229680627271,0.7817530280089515,0.8401529636711281,0.8349229693412781,0.9326959847036329
mot_base-small_1d-bs.512-ep.300,mot_base_1d,0.3,42,38,0.047317934110696694,0.23575784604256228,0.953241537578887,0.951886773109436,0.9834576400841462,0.7837458477421427,0.8367112810707457,0.8313063979148865,0.9323135755258126
mot_base-small_1d-bs.512-ep.300,mot_base_1d,0.3,42,39,0.0406547058867883,0.23342140036893178,0.9541021227768216,0.9530443549156189,0.9840313635494359,0.7742131760197889,0.8390057361376673,0.8332288861274719,0.9342256214149139
mot_base-small_1d-bs.512-ep.300,mot_base_1d,0.3,42,40,0.03442301358363163,0.23115634393865278,0.954914897685982,0.9535456299781799,0.9838879326831134,0.7770664251557272,0.8416826003824092,0.8353158831596375,0.9323135755258126
mot_base-small_1d-bs.512-ep.300,mot_base_1d,0.3,42,41,0.0286474508437579,0.2295696615466061,0.9551061388410786,0.9539598226547241,0.9842226047045324,0.7759189627594519,0.8409177820267686,0.8353941440582275,0.9346080305927342
mot_base-small_1d-bs.512-ep.300,mot_base_1d,0.3,42,42,0.023350811174697773,0.22897015331032675,0.9562535857716581,0.9554797410964966,0.9844616561484031,0.7760040604133679,0.8397705544933078,0.8341055512428284,0.9334608030592734
mot_base-small_1d-bs.512-ep.300,mot_base_1d,0.3,42,43,0.018553997993420463,0.22797024913444233,0.9561579651941098,0.9551135301589966,0.9846050870147256,0.7744087000421994,0.8397705544933078,0.834168016910553,0.9338432122370937
mot_base-small_1d-bs.512-ep.300,mot_base_1d,0.3,42,44,0.014275942130097098,0.2274787142847163,0.9572097915471409,0.9562007188796997,0.9846528973034997,0.7755091315245766,0.8416826003824092,0.8362957835197449,0.9326959847036329
mot_base-small_1d-bs.512-ep.300,mot_base_1d,0.3,42,45,0.010533527116762299,0.22704017310508193,0.9570663606808185,0.9559845924377441,0.9846528973034997,0.7739096690774192,0.8416826003824092,0.8360888957977295,0.9326959847036329
mot_base-small_1d-bs.512-ep.300,mot_base_1d,0.3,42,46,0.00734152255572697,0.22687669337468339,0.9571141709695926,0.9561115503311157,0.9848441384585963,0.7737484554487706,0.8424474187380497,0.8371064066886902,0.9326959847036329
mot_base-small_1d-bs.512-ep.300,mot_base_1d,0.3,42,47,0.004712525830705355,0.22674853155639846,0.9574010327022375,0.9563551545143127,0.9847963281698221,0.773717892648613,0.8420650095602294,0.8367923498153687,0.9326959847036329
mot_base-small_1d-bs.512-ep.300,mot_base_1d,0.3,42,48,0.0026569123906966916,0.22668753501948993,0.9573532224134633,0.9562589526176453,0.9847963281698221,0.7738262460974845,0.8420650095602294,0.8364874124526978,0.9330783938814532
mot_base-small_1d-bs.512-ep.300,mot_base_1d,0.3,42,49,0.001182794802828335,0.2266596741511275,0.9574488429910116,0.9563949108123779,0.9847963281698221,0.773817222113819,0.8424474187380497,0.8370756506919861,0.9326959847036329
mot_base-small_1d-bs.512-ep.300,mot_base_1d,0.3,42,50,0.0002959907357592661,0.22665367898851674,0.9574010327022375,0.9563500285148621,0.9847963281698221,0.7738116933556405,0.8424474187380497,0.8370756506919861,0.9326959847036329
mot_base-small_1d-bs.512-ep.300,mot_base_1d,0.5,42,1,0.5,1.491116382396798,0.6863645056416141,0.675220251083374,0.8544654809715051,1.855015809039085,0.6451242829827916,0.6395784616470337,0.8210325047801147
mot_base-small_1d-bs.512-ep.300,mot_base_1d,0.5,42,2,0.4995066821070679,1.0973902407055445,0.7609007458405048,0.7524054646492004,0.898211895199847,1.456423786812485,0.7162523900573614,0.7091494202613831,0.8634799235181644
mot_base-small_1d-bs.512-ep.300,mot_base_1d,0.5,42,3,0.4980286753286195,0.9915596541949864,0.7821285140562249,0.7763075232505798,0.9089213998852553,1.420520603041348,0.7196940726577438,0.7147735357284546,0.8722753346080306
mot_base-small_1d-bs.512-ep.300,mot_base_1d,0.5,42,4,0.4955718126821722,0.9305828329390152,0.7932683113406005,0.7859090566635132,0.9212564543889845,1.421022442148475,0.7284894837476099,0.7205444574356079,0.8806883365200765
mot_base-small_1d-bs.512-ep.300,mot_base_1d,0.5,42,5,0.49214579028215777,0.9059597335643261,0.8012048192771084,0.7943425178527832,0.9213520749665328,1.4065409235471065,0.7464627151051625,0.741335928440094,0.8753346080305927
mot_base-small_1d-bs.512-ep.300,mot_base_1d,0.5,42,6,0.4877641290737884,0.782156002090638,0.8202333142092179,0.8154537677764893,0.9311531841652324,1.2749071343679046,0.7609942638623327,0.7524287700653076,0.8944550669216061
mot_base-small_1d-bs.512-ep.300,mot_base_1d,0.5,42,7,0.48244412147206284,0.789597232065002,0.8218588640275387,0.8176040053367615,0.9335436986039396,1.3378457603673406,0.7495219885277247,0.7442485094070435,0.8887189292543021
mot_base-small_1d-bs.512-ep.300,mot_base_1d,0.5,42,8,0.4762067631165049,0.6616317232335861,0.8439950277299675,0.8376731276512146,0.9427710843373494,1.2057014421568775,0.7804971319311663,0.7728233337402344,0.8990439770554494
mot_base-small_1d-bs.512-ep.300,mot_base_1d,0.5,42,9,0.46907667001096587,0.6683592435209763,0.8441384585962899,0.8399004936218262,0.9421495505832855,1.2397874091824883,0.7690248565965583,0.7616456747055054,0.9047801147227533
mot_base-small_1d-bs.512-ep.300,mot_base_1d,0.5,42,10,0.46108198137550377,0.6278828453848936,0.8538439472174412,0.8470305800437927,0.94497035762096,1.1994132397507618,0.7778202676864244,0.770857572555542,0.8986615678776291
mot_base-small_1d-bs.512-ep.300,mot_base_1d,0.5,42,11,0.45225424859373686,0.5982874473437544,0.8555173073245362,0.850874662399292,0.949942627653471,1.187652027720931,0.7816443594646272,0.7694301009178162,0.9089866156787763
mot_base-small_1d-bs.512-ep.300,mot_base_1d,0.5,42,12,0.4426283106939473,0.5333938220190624,0.8691910499139415,0.8656163811683655,0.9533849684452094,1.1544477488297122,0.7843212237093691,0.7790622711181641,0.908604206500956
mot_base-small_1d-bs.512-ep.300,mot_base_1d,0.5,42,13,0.4322421568553529,0.5160448698451264,0.878657487091222,0.8740218877792358,0.9534327787339836,1.1238871966447703,0.7908221797323136,0.7843925356864929,0.9120458891013384
mot_base-small_1d-bs.512-ep.300,mot_base_1d,0.5,42,14,0.4211367764821722,0.4736429914094039,0.8804742780646395,0.8760659694671631,0.9599827882960413,1.129307986491041,0.7892925430210325,0.7804142832756042,0.9108986615678776
mot_base-small_1d-bs.512-ep.300,mot_base_1d,0.5,42,15,0.40935599743717244,0.5157134604513315,0.8857334098297954,0.8809081315994263,0.9586441002103653,1.126090123776496,0.7950286806883365,0.7861719727516174,0.9151051625239006
mot_base-small_1d-bs.512-ep.300,mot_base_1d,0.5,42,16,0.39694631307311834,0.4345076236881702,0.8935264868999808,0.8906010389328003,0.9617517689806846,1.0934990148015507,0.7950286806883365,0.7910559773445129,0.9173996175908222
mot_base-small_1d-bs.512-ep.300,mot_base_1d,0.5,42,17,0.38395669874474914,0.38581482323161226,0.90251482118952,0.8994050621986389,0.9664849875693249,1.0267446835227951,0.8095602294455067,0.804627537727356,0.9204588910133843
mot_base-small_1d-bs.512-ep.300,mot_base_1d,0.5,42,18,0.3704384185254288,0.34974774121554225,0.9125549818320903,0.9100680351257324,0.9690667431631287,0.9975235364633126,0.8191204588910134,0.8097575902938843,0.9162523900573614
mot_base-small_1d-bs.512-ep.300,mot_base_1d,0.5,42,19,0.35644482289126816,0.3615792202069532,0.90782176324345,0.9050164222717285,0.9679671065213233,1.0323574525676311,0.8076481835564053,0.8008174300193787,0.9158699808795411
mot_base-small_1d-bs.512-ep.300,mot_base_1d,0.5,42,20,0.34203113817116954,0.3504348388477821,0.9111684834576401,0.9081401824951172,0.9705488621151271,0.9918393632877853,0.8168260038240918,0.810421347618103,0.9254302103250478
mot_base-small_1d-bs.512-ep.300,mot_base_1d,0.5,42,21,0.32725424859373686,0.32778219803726044,0.9183400267737617,0.915641725063324,0.9701185695161598,0.9920454094560379,0.8160611854684512,0.8108504414558411,0.9196940726577438
mot_base-small_1d-bs.512-ep.300,mot_base_1d,0.5,42,22,0.31217247179121366,0.29282342473415096,0.9242685025817556,0.9221858382225037,0.9755211321476381,0.9477594933591883,0.8237093690248566,0.8166517019271851,0.9246653919694072
mot_base-small_1d-bs.512-ep.300,mot_base_1d,0.5,42,23,0.2968453286464312,0.28666107703358656,0.9281889462612354,0.9254185557365417,0.9759992350353797,0.9564470615715187,0.8202676864244742,0.8127468228340149,0.9261950286806884
mot_base-small_1d-bs.512-ep.300,mot_base_1d,0.5,42,24,0.2813333083910761,0.2622424954778949,0.9331134060049723,0.9308874011039734,0.9782463186077643,0.938856725163943,0.8263862332695985,0.8175010681152344,0.9292543021032504
mot_base-small_1d-bs.512-ep.300,mot_base_1d,0.5,42,25,0.26569762988232837,0.2479876171541752,0.9384203480589023,0.9366084933280945,0.979106903805699,0.9386989527860974,0.8260038240917782,0.8188797831535339,0.9239005736137668
mot_base-small_1d-bs.512-ep.300,mot_base_1d,0.5,42,26,0.25,0.24294455814233906,0.9389462612354179,0.9370337128639221,0.9795850066934404,0.9284557189357896,0.8237093690248566,0.817752480506897,0.9258126195028681
mot_base-small_1d-bs.512-ep.300,mot_base_1d,0.5,42,27,0.23430237011767166,0.24356264383210624,0.9387072097915471,0.9363632202148438,0.9806368330464716,0.9377693628489857,0.8217973231357553,0.8137686848640442,0.9239005736137668
mot_base-small_1d-bs.512-ep.300,mot_base_1d,0.5,42,28,0.21866669160892396,0.22813592227929225,0.9435360489577357,0.9419471621513367,0.9812105565117614,0.9183761538328677,0.8267686424474188,0.8207621574401855,0.9261950286806884
mot_base-small_1d-bs.512-ep.300,mot_base_1d,0.5,42,29,0.20315467135356885,0.22415780628997342,0.9446834958883151,0.9440855383872986,0.9824058137311149,0.9004565995692295,0.8282982791586998,0.8223370313644409,0.9292543021032504
mot_base-small_1d-bs.512-ep.300,mot_base_1d,0.5,42,30,0.1878275282087863,0.2121230629211312,0.9496557659208261,0.9482106566429138,0.9833142092178236,0.913358196017847,0.8263862332695985,0.8179952502250671,0.9277246653919694
mot_base-small_1d-bs.512-ep.300,mot_base_1d,0.5,42,31,0.17274575140626322,0.2097711812973387,0.9493689041881813,0.9484304785728455,0.9842226047045324,0.9060945237343899,0.8298279158699808,0.823991596698761,0.9269598470363288
mot_base-small_1d-bs.512-ep.300,mot_base_1d,0.5,42,32,0.15796886182883058,0.1968941758754582,0.9538152610441767,0.9529320001602173,0.9861350162554982,0.8885761647561768,0.832887189292543,0.8257625699043274,0.9288718929254303
mot_base-small_1d-bs.512-ep.300,mot_base_1d,0.5,42,33,0.14355517710873184,0.1904034235664845,0.9570185503920444,0.9556896090507507,0.9863262574105948,0.8880000944119338,0.832887189292543,0.8255008459091187,0.9288718929254303
mot_base-small_1d-bs.512-ep.300,mot_base_1d,0.5,42,34,0.12956158147457114,0.186550583614175,0.9574966532797858,0.9568110704421997,0.9859437751004017,0.8862326715006199,0.832887189292543,0.8263847231864929,0.9304015296367113
mot_base-small_1d-bs.512-ep.300,mot_base_1d,0.5,42,35,0.11604330125525078,0.17971162384293643,0.960221839739912,0.9590385556221008,0.9874258940524001,0.875419969722828,0.8321223709369024,0.8256962299346924,0.9304015296367113
mot_base-small_1d-bs.512-ep.300,mot_base_1d,0.5,42,36,0.10305368692688174,0.176249646939883,0.9603652706062344,0.9596126079559326,0.9874258940524001,0.8724412002709354,0.834416826003824,0.8276535868644714,0.9330783938814532
mot_base-small_1d-bs.512-ep.300,mot_base_1d,0.5,42,37,0.09064400256282756,0.17318559208160653,0.9623254924459744,0.9617230892181396,0.9876171352074966,0.8703490350260106,0.8367112810707457,0.831492006778717,0.9296367112810707
mot_base-small_1d-bs.512-ep.300,mot_base_1d,0.5,42,38,0.07886322351782782,0.17142839800173887,0.9633295085102314,0.9621339440345764,0.9883342895391088,0.8751526141485794,0.8325047801147227,0.8260834217071533,0.9323135755258126
mot_base-small_1d-bs.512-ep.300,mot_base_1d,0.5,42,39,0.06775784314464717,0.1690705758614758,0.9638076113979729,0.9629343152046204,0.9889080130043986,0.8615753698987213,0.8351816443594646,0.8276171684265137,0.9307839388145316
mot_base-small_1d-bs.512-ep.300,mot_base_1d,0.5,42,40,0.057371689306052714,0.164171266336928,0.9659590743928094,0.9650734663009644,0.9894817364696883,0.8640982720865574,0.838623326959847,0.8314914107322693,0.9288718929254303
mot_base-small_1d-bs.512-ep.300,mot_base_1d,0.5,42,41,0.047745751406263165,0.16238258098821884,0.9668196595907439,0.9662518501281738,0.9895773570472366,0.8642706993205141,0.8382409177820268,0.8316329121589661,0.9307839388145316
mot_base-small_1d-bs.512-ep.300,mot_base_1d,0.5,42,42,0.03891801862449629,0.1614779869760968,0.9676324344999043,0.9672290682792664,0.9894339261809141,0.86406380998017,0.8378585086042065,0.8312367796897888,0.9304015296367113
mot_base-small_1d-bs.512-ep.300,mot_base_1d,0.5,42,43,0.030923329989034104,0.15991144985969355,0.9683495888315166,0.9677287936210632,0.9898642187798814,0.8617405003389027,0.8374760994263862,0.8312045931816101,0.9326959847036329
mot_base-small_1d-bs.512-ep.300,mot_base_1d,0.5,42,44,0.02379323688349516,0.15929871381503216,0.9683495888315166,0.9677489399909973,0.9902945113788487,0.8628889795015237,0.8374760994263862,0.8310599327087402,0.931548757170172
mot_base-small_1d-bs.512-ep.300,mot_base_1d,0.5,42,45,0.017555878527937163,0.15860883340162582,0.9685886402753873,0.9679052829742432,0.9905335628227194,0.8598037923955096,0.837093690248566,0.8304369449615479,0.9304015296367113
mot_base-small_1d-bs.512-ep.300,mot_base_1d,0.5,42,46,0.012235870926211617,0.1584143058180832,0.9691145534519029,0.9685094356536865,0.9903423216676229,0.8593619789721633,0.8363288718929255,0.8291333913803101,0.9319311663479923
mot_base-small_1d-bs.512-ep.300,mot_base_1d,0.5,42,47,0.007854209717842259,0.15824256524184302,0.9685408299866132,0.9678670763969421,0.990390131956397,0.8592174610261936,0.8378585086042065,0.8310973644256592,0.9307839388145316
mot_base-small_1d-bs.512-ep.300,mot_base_1d,0.5,42,48,0.00442818731782782,0.15815918549088817,0.968827691719258,0.9681506156921387,0.9903423216676229,0.8595834502298563,0.837093690248566,0.8299830555915833,0.9307839388145316
mot_base-small_1d-bs.512-ep.300,mot_base_1d,0.5,42,49,0.0019713246713805588,0.15812334127055913,0.9687798814304839,0.9681133031845093,0.9904857525339453,0.8595618428509276,0.8374760994263862,0.8303830623626709,0.9311663479923518
mot_base-small_1d-bs.512-ep.300,mot_base_1d,0.5,42,50,0.0004933178929321103,0.15811636498517437,0.9688755020080321,0.9682409167289734,0.9904379422451711,0.8595616853032012,0.8374760994263862,0.8303830623626709,0.9307839388145316
mot_base-small_1d-bs.512-ep.300,mot_base_1d,0.7,42,1,0.7,1.844733476957962,0.6733122968062727,0.6615588665008545,0.8473417479441576,2.272943835869346,0.6305927342256215,0.6205286979675293,0.8114722753346081
mot_base-small_1d-bs.512-ep.300,mot_base_1d,0.7,42,2,0.699309354949895,1.4292269371325985,0.7440715241920062,0.7351074814796448,0.883964429145152,1.8918722294940546,0.7051625239005737,0.6968623399734497,0.8565965583173997
mot_base-small_1d-bs.512-ep.300,mot_base_1d,0.7,42,3,0.6972401454600672,1.3402246944670422,0.7611876075731497,0.7543457746505737,0.8973513100019124,1.9220096566253138,0.710133843212237,0.7053941488265991,0.8588910133843213
mot_base-small_1d-bs.512-ep.300,mot_base_1d,0.7,42,4,0.6938005377550409,1.2534220553784965,0.7732358003442341,0.7674973011016846,0.9102122776821572,1.8943971710496834,0.7108986615678776,0.705685555934906,0.8734225621414914
mot_base-small_1d-bs.512-ep.300,mot_base_1d,0.7,42,5,0.6890041063950206,1.2561968152120433,0.7840887358959648,0.776309609413147,0.9096385542168675,1.9609945016426977,0.725812619502868,0.721252977848053,0.8634799235181644
mot_base-small_1d-bs.512-ep.300,mot_base_1d,0.7,42,6,0.6828697807033035,1.0639961678203467,0.7986708739720788,0.7925940752029419,0.9246509848919487,1.742661782842749,0.7426386233269598,0.7358319759368896,0.8891013384321224
mot_base-small_1d-bs.512-ep.300,mot_base_1d,0.7,42,7,0.6754217700608878,1.0407918669065386,0.8112927902084529,0.8064096570014954,0.9266112067316886,1.754594125255344,0.7441682600382409,0.7380746603012085,0.8822179732313575
mot_base-small_1d-bs.512-ep.300,mot_base_1d,0.7,42,8,0.6666894683631067,0.9230569063260693,0.8234844138458596,0.8136050701141357,0.9357429718875502,1.6517422619558886,0.7544933078393882,0.7455848455429077,0.8894837476099426
mot_base-small_1d-bs.512-ep.300,mot_base_1d,0.7,42,9,0.6567073380153521,0.953560527594328,0.8257793077070186,0.8205977082252502,0.9357907821763244,1.7168010120865949,0.7525812619502869,0.7456458210945129,0.8917782026768643
mot_base-small_1d-bs.512-ep.300,mot_base_1d,0.7,42,10,0.6455147739257051,0.8519025956907289,0.8434691145534519,0.8361184000968933,0.9361732644865175,1.605221156453995,0.7697896749521989,0.7597267627716064,0.8936902485659656
mot_base-small_1d-bs.512-ep.300,mot_base_1d,0.7,42,11,0.6331559480312314,0.7999366582249291,0.8418913750239051,0.8362500071525574,0.9445878753107668,1.5555607462020495,0.7705544933078394,0.7567640542984009,0.9051625239005736
mot_base-small_1d-bs.512-ep.300,mot_base_1d,0.7,42,12,0.619679634971526,0.6571926064782171,0.8602027156244024,0.8565282225608826,0.9528112449799196,1.499750965184053,0.7739961759082218,0.7697999477386475,0.9074569789674952
mot_base-small_1d-bs.512-ep.300,mot_base_1d,0.7,42,13,0.6051390195974938,0.688597482530627,0.8628800917957544,0.858095109462738,0.9481736469688277,1.5027348739011337,0.777055449330784,0.7711368799209595,0.9051625239005736
mot_base-small_1d-bs.512-ep.300,mot_base_1d,0.7,42,14,0.5895914870750408,0.6174251992653697,0.8696691528016829,0.8636271953582764,0.953910881621725,1.482352895353766,0.7862332695984704,0.7780106067657471,0.9005736137667304
mot_base-small_1d-bs.512-ep.300,mot_base_1d,0.7,42,15,0.5730983964120412,0.6266160496427033,0.8774144195830943,0.8722555041313171,0.9548670873972078,1.447277789726768,0.7919694072657744,0.7818572521209717,0.9082217973231358
mot_base-small_1d-bs.512-ep.300,mot_base_1d,0.7,42,16,0.5557248383023655,0.5477541799320959,0.8819085867278639,0.879353404045105,0.9592656339644291,1.4206684090667199,0.7858508604206501,0.7814363837242126,0.9112810707456979
mot_base-small_1d-bs.512-ep.300,mot_base_1d,0.7,42,17,0.5375393782426486,0.4886064019661876,0.8888888888888888,0.8859414458274841,0.9636163702428763,1.3465477281501144,0.7938814531548757,0.7883134484291077,0.9124282982791587
mot_base-small_1d-bs.512-ep.300,mot_base_1d,0.7,42,18,0.5186137859356001,0.40988740111245414,0.9027060623446166,0.8991408348083496,0.9682539682539683,1.2651613924744936,0.8122370936902485,0.8020586967468262,0.91434034416826
mot_base-small_1d-bs.512-ep.300,mot_base_1d,0.7,42,19,0.49902275204777524,0.42445698876890675,0.9007936507936508,0.8969495892524719,0.9662937464142284,1.300163562256793,0.8068833652007649,0.7990919351577759,0.9151051625239006
mot_base-small_1d-bs.512-ep.300,mot_base_1d,0.7,42,20,0.47884359343963717,0.42208961684518254,0.9032797858099063,0.8993028402328491,0.9676802447886785,1.259076213654323,0.8053537284894837,0.7984030842781067,0.9177820267686424
mot_base-small_1d-bs.512-ep.300,mot_base_1d,0.7,42,21,0.45815594803123144,0.3711624907863644,0.9134155670300249,0.9104719758033752,0.9709791547140945,1.2431774744796023,0.8107074569789675,0.8040860891342163,0.9166347992351817
mot_base-small_1d-bs.512-ep.300,mot_base_1d,0.7,42,22,0.437041460507699,0.31811299800963994,0.922738573340983,0.9204551577568054,0.9747083572384777,1.1602602373345632,0.8202676864244742,0.8111979961395264,0.9227533460803059
mot_base-small_1d-bs.512-ep.300,mot_base_1d,0.7,42,23,0.4155834601050035,0.30898736949905337,0.9231688659399503,0.9204226732254028,0.9759992350353797,1.1747850057043947,0.8187380497131931,0.8114299774169922,0.9231357552581262
mot_base-small_1d-bs.512-ep.300,mot_base_1d,0.7,42,24,0.3938666317475064,0.27366879429090407,0.9295276343469114,0.9274247884750366,0.978437559762861,1.1527499634722678,0.8202676864244742,0.810799241065979,0.9273422562141491
mot_base-small_1d-bs.512-ep.300,mot_base_1d,0.7,42,25,0.37197668183525956,0.25227925086208364,0.9361254541977434,0.9346689581871033,0.9793937655383439,1.1477297080862363,0.8221797323135756,0.8141947984695435,0.9216061185468452
mot_base-small_1d-bs.512-ep.300,mot_base_1d,0.7,42,26,0.34999999999999987,0.2432605559567371,0.9366513673742589,0.9345950484275818,0.9802065404475043,1.1343607273430032,0.8149139579349904,0.8066700100898743,0.9254302103250478
mot_base-small_1d-bs.512-ep.300,mot_base_1d,0.7,42,27,0.3280233181647402,0.23696396774442274,0.9388028303690954,0.9368774890899658,0.9815930388219545,1.131129038356686,0.8133843212237094,0.8044708967208862,0.9246653919694072
mot_base-small_1d-bs.512-ep.300,mot_base_1d,0.7,42,28,0.3061333682524934,0.21953039293331134,0.9442053930005737,0.9430661201477051,0.9817842799770511,1.114456560415702,0.8240917782026769,0.8173025250434875,0.9227533460803059
mot_base-small_1d-bs.512-ep.300,mot_base_1d,0.7,42,29,0.28441653989499627,0.2138701657032415,0.9450659781985083,0.944556474685669,0.9837923121055652,1.0852522592927485,0.8244741873804972,0.8172528147697449,0.9288718929254303
mot_base-small_1d-bs.512-ep.300,mot_base_1d,0.7,42,30,0.2629585394923007,0.19293780959708032,0.9516637980493402,0.9500375390052795,0.9848441384585963,1.093289724317153,0.8233269598470363,0.8142845630645752,0.9261950286806884
mot_base-small_1d-bs.512-ep.300,mot_base_1d,0.7,42,31,0.2418440519687684,0.19622230643773766,0.9488429910116657,0.9479923248291016,0.9852744310575636,1.0896408649977034,0.8240917782026769,0.8173425197601318,0.9261950286806884
mot_base-small_1d-bs.512-ep.300,mot_base_1d,0.7,42,32,0.2211564065603627,0.16738293501039972,0.9573532224134633,0.9564991593360901,0.9876171352074966,1.0562970017383932,0.8286806883365201,0.8217723965644836,0.9296367112810707
mot_base-small_1d-bs.512-ep.300,mot_base_1d,0.7,42,33,0.20097724795222446,0.1627862041049898,0.9597915471409447,0.95885169506073,0.9875215146299484,1.0572247098554388,0.8298279158699808,0.8228223323822021,0.9296367112810707
mot_base-small_1d-bs.512-ep.300,mot_base_1d,0.7,42,34,0.1813862140643995,0.1553956295523367,0.9622298718684261,0.9617162346839905,0.9880952380952381,1.0502014772841852,0.8305927342256214,0.8233843445777893,0.9311663479923518
mot_base-small_1d-bs.512-ep.300,mot_base_1d,0.7,42,35,0.16246062175735101,0.14689633579093656,0.9643813348632626,0.9633864760398865,0.9899598393574297,1.0368069708917154,0.8305927342256214,0.8241019248962402,0.9277246653919694
mot_base-small_1d-bs.512-ep.300,mot_base_1d,0.7,42,36,0.14427516169763435,0.1424613177924522,0.9661025052591318,0.9656464457511902,0.9899598393574297,1.033587252615059,0.8325047801147227,0.825956404209137,0.9307839388145316
mot_base-small_1d-bs.512-ep.300,mot_base_1d,0.7,42,37,0.12690160358795852,0.13762841028154044,0.9680627270988716,0.9675672054290771,0.9898164084911073,1.0289273030443356,0.831357552581262,0.8253248333930969,0.9292543021032504
mot_base-small_1d-bs.512-ep.300,mot_base_1d,0.7,42,38,0.11040851292495889,0.13580982407868808,0.9684452094090649,0.9673318266868591,0.9908204245553643,1.036300173407531,0.8260038240917782,0.8191781640052795,0.931548757170172
mot_base-small_1d-bs.512-ep.300,mot_base_1d,0.7,42,39,0.09486098040250598,0.1344550999384078,0.9686842608529356,0.9678022861480713,0.9906769936890418,1.019230546823651,0.8321223709369024,0.8249261379241943,0.9326959847036329
mot_base-small_1d-bs.512-ep.300,mot_base_1d,0.7,42,40,0.08032036502847376,0.12671453065046004,0.9728437559762861,0.9721577167510986,0.9917766303308472,1.020576552907094,0.8340344168260039,0.8267580270767212,0.9304015296367113
mot_base-small_1d-bs.512-ep.300,mot_base_1d,0.7,42,41,0.06684405196876839,0.12447562690081207,0.9729393765538343,0.972398579120636,0.9921591126410404,1.0213995209615498,0.8332695984703633,0.826642632484436,0.9330783938814532
mot_base-small_1d-bs.512-ep.300,mot_base_1d,0.7,42,42,0.05448522607429477,0.12343808906578521,0.9735131000191242,0.9730461239814758,0.9918722509083955,1.0214142939784558,0.8309751434034417,0.8234149813652039,0.9307839388145316
mot_base-small_1d-bs.512-ep.300,mot_base_1d,0.7,42,43,0.04329266198464772,0.12117295179478318,0.9745171160833811,0.973986029624939,0.9923025435073628,1.0184828515718363,0.8305927342256214,0.8241437673568726,0.9311663479923518
mot_base-small_1d-bs.512-ep.300,mot_base_1d,0.7,42,44,0.03331053163689321,0.12039403528755904,0.9746127366609294,0.9740458130836487,0.9926850258175559,1.0194682294506416,0.8325047801147227,0.8258983492851257,0.9307839388145316
mot_base-small_1d-bs.512-ep.300,mot_base_1d,0.7,42,45,0.024578229939112014,0.11951899813474946,0.9743258749282846,0.973720908164978,0.9927328361063301,1.0153942130035924,0.8325047801147227,0.8249849081039429,0.9304015296367113
mot_base-small_1d-bs.512-ep.300,mot_base_1d,0.7,42,46,0.017130219296696253,0.11922192044640208,0.9748517881048001,0.9743286967277527,0.9925894052400076,1.0146400933055988,0.8332695984703633,0.8256936073303223,0.9307839388145316
mot_base-small_1d-bs.512-ep.300,mot_base_1d,0.7,42,47,0.010995893604979155,0.11899430098873773,0.975138649837445,0.9745637774467468,0.9929718875502008,1.0141583298633934,0.8332695984703633,0.8261099457740784,0.9311663479923518
mot_base-small_1d-bs.512-ep.300,mot_base_1d,0.7,42,48,0.006199462244958943,0.11888929240036522,0.9750908395486709,0.9745420217514038,0.9927806463951042,1.0147960247090853,0.8332695984703633,0.8257430791854858,0.9311663479923518
mot_base-small_1d-bs.512-ep.300,mot_base_1d,0.7,42,49,0.0027598545399327803,0.11884441763749655,0.9749474086823484,0.9743744134902954,0.9927806463951042,1.0147547676276067,0.8332695984703633,0.8257430791854858,0.9311663479923518
mot_base-small_1d-bs.512-ep.300,mot_base_1d,0.7,42,50,0.0006906450501049539,0.11883596875604194,0.9749474086823484,0.9743744134902954,0.9928284566838784,1.0147542016228117,0.8336520076481836,0.8262986540794373,0.9311663479923518
mot_base-small_1d-bs.512-ep.300,mot_base_1d,1.0,42,1,1.0,3.160102627568729,0.6371199082042456,0.6239937543869019,0.8175081277490917,3.849767602515722,0.5961759082217973,0.587655246257782,0.7755258126195028
mot_base-small_1d-bs.512-ep.300,mot_base_1d,1.0,42,2,0.9990133642141358,2.0854878727439985,0.7248517881048001,0.7163231372833252,0.8757410594759992,2.7518128024916346,0.681453154875717,0.6697002649307251,0.8416826003824092
mot_base-small_1d-bs.512-ep.300,mot_base_1d,1.0,42,3,0.996057350657239,2.0201595136416666,0.7454102122776821,0.7379644513130188,0.8894626123541787,2.745344768108419,0.6956022944550669,0.6879690289497375,0.8535372848948375
mot_base-small_1d-bs.512-ep.300,mot_base_1d,1.0,42,4,0.9911436253643444,1.8618377522132803,0.7661120673168866,0.7587512135505676,0.8997896347293938,2.7685476153576123,0.7089866156787763,0.7012483477592468,0.8604206500956023
mot_base-small_1d-bs.512-ep.300,mot_base_1d,1.0,42,5,0.9842915805643155,1.7489369228798566,0.7785905526869382,0.7723186612129211,0.9064830751577739,2.758838541238759,0.7158699808795411,0.7116984724998474,0.8535372848948375
mot_base-small_1d-bs.512-ep.300,mot_base_1d,1.0,42,6,0.9755282581475768,1.757064916727807,0.7759609868043603,0.7684353590011597,0.9127462229871869,2.7080737316357704,0.7204588910133843,0.7100492119789124,0.874187380497132
mot_base-small_1d-bs.512-ep.300,mot_base_1d,1.0,42,7,0.9648882429441257,1.60863606600124,0.7869573532224134,0.7817747592926025,0.9169057181105373,2.7253330704814847,0.7300191204588911,0.722372829914093,0.8715105162523901
mot_base-small_1d-bs.512-ep.300,mot_base_1d,1.0,42,8,0.9524135262330098,1.3075305433887943,0.8147829412889653,0.8065080046653748,0.9317747179192962,2.286482515936828,0.7506692160611854,0.7413817644119263,0.8917782026768643
mot_base-small_1d-bs.512-ep.300,mot_base_1d,1.0,42,9,0.9381533400219317,1.312537861545174,0.8190380569898642,0.8151146173477173,0.9335436986039396,2.364518408109763,0.7502868068833652,0.7449724674224854,0.8864244741873805
mot_base-small_1d-bs.512-ep.300,mot_base_1d,1.0,42,10,0.9221639627510075,1.2959533935068306,0.8257314974182444,0.8182565569877625,0.9341652323580034,2.3704988381146928,0.7495219885277247,0.7401791214942932,0.8906309751434034
mot_base-small_1d-bs.512-ep.300,mot_base_1d,1.0,42,11,0.9045084971874737,1.1544285705108264,0.8341461082424938,0.8302298188209534,0.9370816599732262,2.2907809430736883,0.7701720841300191,0.758369505405426,0.8898661567877629
mot_base-small_1d-bs.512-ep.300,mot_base_1d,1.0,42,12,0.8852566213878946,1.032434380882031,0.841508892713712,0.837567150592804,0.9455918913750239,2.197998706241411,0.7606118546845124,0.7554161548614502,0.8994263862332696
mot_base-small_1d-bs.512-ep.300,mot_base_1d,1.0,42,13,0.8644843137107058,1.0117051419484089,0.8495410212277682,0.8444563150405884,0.9464524765729585,2.173953392947837,0.7682600382409178,0.7629197835922241,0.9017208413001913
mot_base-small_1d-bs.512-ep.300,mot_base_1d,1.0,42,14,0.8422735529643444,0.9600628600975003,0.8557085484796328,0.8507330417633057,0.9480780263912794,2.2493860131695893,0.7717017208413002,0.7663505673408508,0.8963671128107075
mot_base-small_1d-bs.512-ep.300,mot_base_1d,1.0,42,15,0.8187119948743449,0.9312867532840626,0.8606808185121438,0.8542132377624512,0.953241537578887,2.136550836216651,0.7797323135755259,0.769118070602417,0.9021032504780114
mot_base-small_1d-bs.512-ep.300,mot_base_1d,1.0,42,16,0.7938926261462367,0.8063783711287322,0.8678045515394913,0.8658658862113953,0.9567794989481736,2.040303313800527,0.7869980879541109,0.7849828600883484,0.9108986615678776
mot_base-small_1d-bs.512-ep.300,mot_base_1d,1.0,42,17,0.7679133974894983,0.6714962534157627,0.8834385159686364,0.8790239095687866,0.960221839739912,1.8964452156373237,0.7877629063097514,0.7805672287940979,0.9108986615678776
mot_base-small_1d-bs.512-ep.300,mot_base_1d,1.0,42,18,0.7408768370508576,0.5639182406462134,0.8973513100019124,0.8937134742736816,0.9656722126601645,1.8104380634957016,0.8015296367112811,0.7914284467697144,0.9097514340344168
mot_base-small_1d-bs.512-ep.300,mot_base_1d,1.0,42,19,0.7128896457825363,0.6239489562471776,0.8864027538726333,0.8835561871528625,0.9637119908204246,1.8641004631669753,0.7950286806883365,0.7876379489898682,0.9101338432122371
mot_base-small_1d-bs.512-ep.300,mot_base_1d,1.0,42,20,0.6840622763423391,0.5878993362832375,0.8916140753490152,0.8878074884414673,0.9650506789061006,1.8285898766599695,0.7992351816443595,0.7934231758117676,0.9151051625239006
mot_base-small_1d-bs.512-ep.300,mot_base_1d,1.0,42,21,0.6545084971874737,0.5539474672422192,0.9012239433926181,0.8977127075195312,0.9649072480397781,1.8030567380711864,0.8045889101338433,0.7996073961257935,0.9120458891013384
mot_base-small_1d-bs.512-ep.300,mot_base_1d,1.0,42,22,0.6243449435824273,0.4356811699983061,0.9149933065595717,0.9124423265457153,0.9713616370242876,1.6390333478355044,0.8130019120458891,0.8056648373603821,0.9208413001912046
mot_base-small_1d-bs.512-ep.300,mot_base_1d,1.0,42,23,0.5936906572928624,0.43511177873857665,0.913463377318799,0.9095274209976196,0.9712182061579652,1.6491491489155115,0.8110898661567878,0.8042385578155518,0.9216061185468452
mot_base-small_1d-bs.512-ep.300,mot_base_1d,1.0,42,24,0.5626666167821522,0.3490979221907189,0.9234557276725951,0.9212501645088196,0.9770032510996366,1.5846739482697292,0.817208413001912,0.8096200823783875,0.9227533460803059
mot_base-small_1d-bs.512-ep.300,mot_base_1d,1.0,42,25,0.5313952597646567,0.32938997821658306,0.9286670491489769,0.9271637797355652,0.9768598202333142,1.6029358143560288,0.8149139579349904,0.807942807674408,0.9173996175908222
mot_base-small_1d-bs.512-ep.300,mot_base_1d,1.0,42,26,0.5,0.28865426483562834,0.9332568368712947,0.9312267303466797,0.9790590935169249,1.5565412882409178,0.8091778202676865,0.8020016551017761,0.9231357552581262
mot_base-small_1d-bs.512-ep.300,mot_base_1d,1.0,42,27,0.4686047402353433,0.28921478235555165,0.9320137693631669,0.9297077655792236,0.980445591891375,1.546138029663786,0.8080305927342256,0.7999096512794495,0.9219885277246654
mot_base-small_1d-bs.512-ep.300,mot_base_1d,1.0,42,28,0.4373333832178479,0.2610396858291203,0.939328743545611,0.9384593367576599,0.9809236947791165,1.529807646187952,0.8164435946462715,0.8103824853897095,0.9219885277246654
mot_base-small_1d-bs.512-ep.300,mot_base_1d,1.0,42,29,0.4063093427071377,0.24862127186440902,0.9404761904761905,0.9398958683013916,0.9830273474851788,1.4798446217640864,0.8152963671128107,0.8089665174484253,0.9250478011472275
mot_base-small_1d-bs.512-ep.300,mot_base_1d,1.0,42,30,0.3756550564175726,0.20953663222122704,0.9504685408299867,0.9487321972846985,0.9847007075922739,1.4719073468822823,0.8240917782026769,0.8159542679786682,0.9212237093690249
mot_base-small_1d-bs.512-ep.300,mot_base_1d,1.0,42,31,0.34549150281252644,0.21567100899742492,0.9465480971505068,0.9450591802597046,0.9848919487473704,1.4696231149122774,0.8206500956022944,0.8127387166023254,0.9204588910133843
mot_base-small_1d-bs.512-ep.300,mot_base_1d,1.0,42,32,0.31593772365766115,0.1631106103348855,0.9590743928093326,0.9583482146263123,0.9879518072289156,1.4089177819100667,0.8248565965583174,0.8183109760284424,0.9269598470363288
mot_base-small_1d-bs.512-ep.300,mot_base_1d,1.0,42,33,0.28711035421746367,0.15669335738083764,0.9604130808950087,0.9596332311630249,0.9884299101166572,1.4125939655486301,0.8210325047801147,0.8126013278961182,0.9261950286806884
mot_base-small_1d-bs.512-ep.300,mot_base_1d,1.0,42,34,0.2591231629491423,0.14686622351071738,0.9634251290877797,0.963186502456665,0.9886211512717537,1.4015418787531368,0.8286806883365201,0.8215752243995667,0.9307839388145316
mot_base-small_1d-bs.512-ep.300,mot_base_1d,1.0,42,35,0.23208660251050156,0.13283304377982802,0.9666284184356474,0.9658510684967041,0.990390131956397,1.3803260978275687,0.827151051625239,0.8197811841964722,0.9269598470363288
mot_base-small_1d-bs.512-ep.300,mot_base_1d,1.0,42,36,0.2061073738537635,0.12495448537346145,0.9689711225855804,0.9685232043266296,0.9904379422451711,1.3764257018926267,0.8286806883365201,0.8219214677810669,0.9292543021032504
mot_base-small_1d-bs.512-ep.300,mot_base_1d,1.0,42,37,0.18128800512565513,0.1180348427534149,0.9713616370242876,0.9709649085998535,0.9907726142665901,1.370248553128361,0.8233269598470363,0.8171671032905579,0.9273422562141491
mot_base-small_1d-bs.512-ep.300,mot_base_1d,1.0,42,38,0.15772644703565564,0.11501588810468226,0.9721744119334481,0.9711977243423462,0.9918722509083955,1.3789468973134262,0.8237093690248566,0.8166531920433044,0.9277246653919694
mot_base-small_1d-bs.512-ep.300,mot_base_1d,1.0,42,39,0.13551568628929433,0.11505456511298154,0.970501051826353,0.9697094559669495,0.9915375788869765,1.3597128144185813,0.8260038240917782,0.818413257598877,0.9273422562141491
mot_base-small_1d-bs.512-ep.300,mot_base_1d,1.0,42,40,0.11474337861210543,0.10283662898291089,0.9755689424364123,0.9749692678451538,0.9930196978389749,1.3585428299912987,0.8282982791586998,0.8211332559585571,0.9254302103250478
mot_base-small_1d-bs.512-ep.300,mot_base_1d,1.0,42,41,0.09549150281252633,0.09913327344450128,0.9767641996557659,0.9763608574867249,0.9929718875502008,1.3583735799698256,0.8267686424474188,0.8188967704772949,0.9281070745697897
mot_base-small_1d-bs.512-ep.300,mot_base_1d,1.0,42,42,0.07783603724899257,0.09817032726026671,0.9770988716771849,0.9769687056541443,0.9931631287052973,1.3591671828786,0.8279158699808795,0.8217950463294983,0.9269598470363288
mot_base-small_1d-bs.512-ep.300,mot_base_1d,1.0,42,43,0.06184665997806821,0.0948958639365397,0.9785331803404093,0.9781093597412109,0.9934021801491681,1.3571980915835438,0.8275334608030592,0.8200638294219971,0.9281070745697897
mot_base-small_1d-bs.512-ep.300,mot_base_1d,1.0,42,44,0.04758647376699032,0.09355158996436126,0.9778638362975712,0.9775752425193787,0.993689041881813,1.3565951505992881,0.8282982791586998,0.8211280703544617,0.9265774378585087
mot_base-small_1d-bs.512-ep.300,mot_base_1d,1.0,42,45,0.035111757055874326,0.09244327024010085,0.9790112832281507,0.9786055088043213,0.994023713903232,1.3515063809163257,0.8305927342256214,0.8235475420951843,0.9265774378585087
mot_base-small_1d-bs.512-ep.300,mot_base_1d,1.0,42,46,0.024471741852423234,0.09191306577993638,0.97877223178428,0.9784422516822815,0.9937368521705872,1.350847668036904,0.8294455066921607,0.8229779601097107,0.9277246653919694
mot_base-small_1d-bs.512-ep.300,mot_base_1d,1.0,42,47,0.015708419435684517,0.09156610970744258,0.9791547140944731,0.9787693023681641,0.9937846624593613,1.3496104690814337,0.8294455066921607,0.8229432106018066,0.9273422562141491
mot_base-small_1d-bs.512-ep.300,mot_base_1d,1.0,42,48,0.00885637463565564,0.0914345475404936,0.9790590935169249,0.9786501526832581,0.9939280933256837,1.3507577214140738,0.8286806883365201,0.8220986127853394,0.9277246653919694
mot_base-small_1d-bs.512-ep.300,mot_base_1d,1.0,42,49,0.0039426493427611176,0.09136997162440831,0.9791547140944731,0.9787818193435669,0.9939759036144579,1.3506261865677842,0.8286806883365201,0.8220986127853394,0.9269598470363288
mot_base-small_1d-bs.512-ep.300,mot_base_1d,1.0,42,50,0.0009866357858642205,0.09135837998575315,0.9790590935169249,0.9786823391914368,0.9939280933256837,1.3506088781995025,0.8286806883365201,0.8220986127853394,0.9269598470363288
mot_base_1d-bs.512-ep.300,mot_base_1d,0.1,42,1,0.1,2.051439050735354,0.5650219927328362,0.5505255460739136,0.7893478676611206,2.1331907370806196,0.5326959847036329,0.5231285691261292,0.7701720841300191
mot_base_1d-bs.512-ep.300,mot_base_1d,0.1,42,2,0.09990133642141358,1.6356942823727014,0.65782176324345,0.647276759147644,0.8419869956014534,1.747399003738199,0.6195028680688337,0.6139379143714905,0.8217973231357553
mot_base_1d-bs.512-ep.300,mot_base_1d,0.1,42,3,0.0996057350657239,1.4451607061996359,0.6917192579843182,0.6829850673675537,0.8629279020845286,1.5927484836906594,0.6489483747609943,0.6470752954483032,0.8416826003824092
mot_base_1d-bs.512-ep.300,mot_base_1d,0.1,42,4,0.09911436253643444,1.3223632674619377,0.7200229489386116,0.7110461592674255,0.8756932491872251,1.4902058369798825,0.6676864244741874,0.6628791689872742,0.8493307839388146
mot_base_1d-bs.512-ep.300,mot_base_1d,0.1,42,5,0.09842915805643154,1.237334985125701,0.7375693249187225,0.7307044267654419,0.8852553069420539,1.4159559260818744,0.6910133843212237,0.6881654262542725,0.8581261950286807
mot_base_1d-bs.512-ep.300,mot_base_1d,0.1,42,6,0.09755282581475767,1.183037749666355,0.7443105756358769,0.7384865283966064,0.8897016637980494,1.369054300516103,0.691395793499044,0.6881598830223083,0.8619502868068833
mot_base_1d-bs.512-ep.300,mot_base_1d,0.1,42,7,0.09648882429441256,1.1243000260318619,0.75530694205393,0.7480888366699219,0.8964907248039778,1.3221615107519904,0.7063097514340344,0.6998918056488037,0.8623326959847036
mot_base_1d-bs.512-ep.300,mot_base_1d,0.1,42,8,0.09524135262330098,1.0840383778796594,0.7648211895199847,0.7589623928070068,0.8997896347293938,1.2990270610977086,0.7147227533460803,0.7102905511856079,0.8665391969407266
mot_base_1d-bs.512-ep.300,mot_base_1d,0.1,42,9,0.09381533400219318,1.0513188802938338,0.7688372537770128,0.76338791847229,0.9033275960986804,1.267482756109584,0.7154875717017208,0.7091898322105408,0.875717017208413
mot_base_1d-bs.512-ep.300,mot_base_1d,0.1,42,10,0.09221639627510075,1.015889033735038,0.7784949321093899,0.7721915245056152,0.9070567986230637,1.2537724394643284,0.7154875717017208,0.709862232208252,0.875717017208413
mot_base_1d-bs.512-ep.300,mot_base_1d,0.1,42,11,0.09045084971874737,0.9919223258317053,0.7837062535857716,0.7777531147003174,0.9108816217249952,1.2209909355207338,0.722753346080306,0.7150475382804871,0.8814531548757171
mot_base_1d-bs.512-ep.300,mot_base_1d,0.1,42,12,0.08852566213878946,0.9677805058881825,0.7880091795754446,0.7819456458091736,0.9132243258749283,1.2123992569815816,0.7254302103250478,0.7209603190422058,0.8799235181644359
mot_base_1d-bs.512-ep.300,mot_base_1d,0.1,42,13,0.08644843137107057,0.9466406993096316,0.7932205010518264,0.7875584363937378,0.9149454962707975,1.1913050678902328,0.7338432122370937,0.7284042239189148,0.8833652007648184
mot_base_1d-bs.512-ep.300,mot_base_1d,0.1,42,14,0.08422735529643442,0.930225515301767,0.7971887550200804,0.7916712164878845,0.9169535283993115,1.1901365772488013,0.7277246653919694,0.7205009460449219,0.8860420650095602
mot_base_1d-bs.512-ep.300,mot_base_1d,0.1,42,15,0.08187119948743447,0.9162726322946642,0.7996748900363359,0.7942078113555908,0.9179097341747944,1.1835047413696522,0.7315487571701721,0.7265155911445618,0.8822179732313575
mot_base_1d-bs.512-ep.300,mot_base_1d,0.1,42,16,0.07938926261462366,0.8947197796852052,0.8037865748709122,0.7984490394592285,0.9208739720787914,1.1743764975786666,0.7288718929254302,0.7234888672828674,0.8887189292543021
mot_base_1d-bs.512-ep.300,mot_base_1d,0.1,42,17,0.07679133974894982,0.8813235973577742,0.8081373111493594,0.8028711080551147,0.9221648498756932,1.1520843075520677,0.7407265774378585,0.7341264486312866,0.8887189292543021
mot_base_1d-bs.512-ep.300,mot_base_1d,0.1,42,18,0.07408768370508576,0.8696740924297544,0.8090935169248422,0.8040403127670288,0.9240294511378849,1.1490984681459504,0.7346080305927343,0.7276903390884399,0.8868068833652007
mot_base_1d-bs.512-ep.300,mot_base_1d,0.1,42,19,0.07128896457825362,0.8628178142548337,0.8107668770319373,0.806236982345581,0.9243641231593038,1.1498915823650178,0.7403441682600382,0.735898494720459,0.8848948374760994
mot_base_1d-bs.512-ep.300,mot_base_1d,0.1,42,20,0.06840622763423389,0.8499405162925815,0.8109103078982597,0.8065112233161926,0.9266590170204628,1.1391012662227478,0.7445506692160612,0.7392648458480835,0.8940726577437859
mot_base_1d-bs.512-ep.300,mot_base_1d,0.1,42,21,0.06545084971874736,0.8398468453835337,0.816647542551157,0.8117393255233765,0.9272327404857525,1.1302776314788294,0.7430210325047801,0.736185610294342,0.8898661567877629
mot_base_1d-bs.512-ep.300,mot_base_1d,0.1,42,22,0.06243449435824272,0.832296625153014,0.8170300248613501,0.8122225999832153,0.9269936890418818,1.1324340937014519,0.7434034416826004,0.7375006675720215,0.8898661567877629
mot_base_1d-bs.512-ep.300,mot_base_1d,0.1,42,23,0.05936906572928623,0.8225662370420227,0.8208070376745076,0.8162486553192139,0.9299579269458788,1.1200948281224326,0.7449330783938815,0.7377042174339294,0.8952198852772466
mot_base_1d-bs.512-ep.300,mot_base_1d,0.1,42,24,0.056266661678215216,0.8159418144379275,0.82095046854083,0.8161624670028687,0.9295276343469114,1.1184000500301559,0.7426386233269598,0.7357562780380249,0.8906309751434034
mot_base_1d-bs.512-ep.300,mot_base_1d,0.1,42,25,0.053139525976465665,0.8104482228725401,0.8212373302734749,0.8166226744651794,0.9304838401223944,1.113118527997748,0.7445506692160612,0.7379330396652222,0.8910133843212237
mot_base_1d-bs.512-ep.300,mot_base_1d,0.1,42,26,0.049999999999999996,0.8041371215846576,0.8252055842417289,0.8207241296768188,0.9308185121438134,1.1126678247980588,0.7453154875717017,0.7373645305633545,0.8959847036328872
mot_base_1d-bs.512-ep.300,mot_base_1d,0.1,42,27,0.046860474023534326,0.7977345332198399,0.8245840504876649,0.8201954364776611,0.9321093899407152,1.109040983502769,0.7460803059273422,0.7393417954444885,0.8917782026768643
mot_base_1d-bs.512-ep.300,mot_base_1d,0.1,42,28,0.04373333832178478,0.7936007123441217,0.8260661694396634,0.8216500282287598,0.9320137693631669,1.1108432273791808,0.7449330783938815,0.7389030456542969,0.8933078393881453
mot_base_1d-bs.512-ep.300,mot_base_1d,0.1,42,29,0.040630934270713764,0.7885744956055388,0.8269745649263721,0.8225452899932861,0.9331134060049723,1.1071120683367348,0.7460803059273422,0.7398427724838257,0.8948374760994264
mot_base_1d-bs.512-ep.300,mot_base_1d,0.1,42,30,0.03756550564175726,0.7841592919281642,0.8297953719640466,0.8256118893623352,0.9329699751386499,1.1070155032506181,0.7476099426386233,0.7413392663002014,0.8933078393881453
mot_base_1d-bs.512-ep.300,mot_base_1d,0.1,42,31,0.03454915028125265,0.7805473971809158,0.830560336584433,0.8262075185775757,0.9331612162937464,1.1031562615535,0.7453154875717017,0.7395773530006409,0.8925430210325048
mot_base_1d-bs.512-ep.300,mot_base_1d,0.1,42,32,0.03159377236576612,0.7772993560866887,0.8317555938037866,0.8269233703613281,0.9339739912029069,1.101034117747903,0.7464627151051625,0.7398678660392761,0.8944550669216061
mot_base_1d-bs.512-ep.300,mot_base_1d,0.1,42,33,0.028711035421746366,0.7739698136826276,0.8311340600497227,0.8266961574554443,0.9341174220692293,1.0992155574703764,0.745697896749522,0.7387844920158386,0.892925430210325
mot_base_1d-bs.512-ep.300,mot_base_1d,0.1,42,34,0.025912316294914226,0.7720291818344107,0.8303212851405622,0.8257473707199097,0.9342608529355517,1.1021327038795952,0.7464627151051625,0.7399652004241943,0.8940726577437859
mot_base_1d-bs.512-ep.300,mot_base_1d,0.1,42,35,0.023208660251050155,0.7689873386601185,0.8325205584241728,0.8284434676170349,0.9345955249569707,1.0952982112964753,0.7495219885277247,0.7428678274154663,0.8944550669216061
mot_base_1d-bs.512-ep.300,mot_base_1d,0.1,42,36,0.020610737385376346,0.7669005267226598,0.8326161790017211,0.8281680345535278,0.9347389558232931,1.093445193288887,0.7460803059273422,0.7392728328704834,0.897131931166348
mot_base_1d-bs.512-ep.300,mot_base_1d,0.1,42,37,0.01812880051256551,0.7649294943854192,0.8346242111302352,0.8302059769630432,0.9349301969783897,1.0930842660353244,0.749904397705545,0.7422235608100891,0.8925430210325048
mot_base_1d-bs.512-ep.300,mot_base_1d,0.1,42,38,0.015772644703565562,0.7632587208166978,0.8352935551730732,0.8306399583816528,0.9352648689998088,1.0923900742831696,0.7479923518164436,0.7404084205627441,0.8948374760994264
mot_base_1d-bs.512-ep.300,mot_base_1d,0.1,42,39,0.013551568628929433,0.7620731207124817,0.8337636259323006,0.8295588493347168,0.9349780072671638,1.0926997255868711,0.7468451242829828,0.7404215931892395,0.8948374760994264
mot_base_1d-bs.512-ep.300,mot_base_1d,0.1,42,40,0.011474337861210542,0.7607755139398857,0.8348154522853318,0.8304857015609741,0.9352170587110347,1.0914082412282093,0.7449330783938815,0.7377711534500122,0.8952198852772466
mot_base_1d-bs.512-ep.300,mot_base_1d,0.1,42,41,0.009549150281252632,0.7598644901493763,0.8351023140179766,0.8307413458824158,0.9356473513100019,1.0905630458153457,0.7464627151051625,0.7391237020492554,0.8959847036328872
mot_base_1d-bs.512-ep.300,mot_base_1d,0.1,42,42,0.007783603724899257,0.7591880842840998,0.8351501243067508,0.8308265805244446,0.9356473513100019,1.0901196153396402,0.7483747609942638,0.7408424615859985,0.8936902485659656
mot_base_1d-bs.512-ep.300,mot_base_1d,0.1,42,43,0.0061846659978068205,0.758596425941921,0.8356760374832664,0.8312380313873291,0.9357429718875502,1.0902561457617561,0.7479923518164436,0.7406888604164124,0.8963671128107075
mot_base_1d-bs.512-ep.300,mot_base_1d,0.1,42,44,0.004758647376699033,0.7581621366286738,0.8355804169057182,0.8311784863471985,0.9355995410212278,1.0903246090015535,0.7468451242829828,0.7396360635757446,0.8959847036328872
mot_base_1d-bs.512-ep.300,mot_base_1d,0.1,42,45,0.0035111757055874327,0.757855435223852,0.8359150889271372,0.8315356373786926,0.9357907821763244,1.090432885135337,0.7479923518164436,0.7410337924957275,0.8952198852772466
mot_base_1d-bs.512-ep.300,mot_base_1d,0.1,42,46,0.0024471741852423235,0.757641414037556,0.836536622681201,0.8321905732154846,0.9356951615987761,1.0901414597695462,0.7479923518164436,0.7409544587135315,0.8956022944550669
mot_base_1d-bs.512-ep.300,mot_base_1d,0.1,42,47,0.0015708419435684518,0.7575058753779067,0.8360585197934596,0.8317964673042297,0.9357429718875502,1.0901743143056137,0.7476099426386233,0.740537703037262,0.8956022944550669
mot_base_1d-bs.512-ep.300,mot_base_1d,0.1,42,48,0.000885637463565564,0.7574277674634317,0.8360585197934596,0.8317885398864746,0.9358385924650985,1.090169802313781,0.7479923518164436,0.7409544587135315,0.8956022944550669
mot_base_1d-bs.512-ep.300,mot_base_1d,0.1,42,49,0.00039426493427611173,0.7573946892451455,0.8360585197934596,0.8318002223968506,0.9358864027538726,1.0901267159281451,0.7476099426386233,0.740537703037262,0.8956022944550669
mot_base_1d-bs.512-ep.300,mot_base_1d,0.1,42,50,9.866357858642205e-05,0.7573860523736734,0.8361063300822337,0.8318566679954529,0.9359342130426468,1.0901138539068103,0.7476099426386233,0.740537703037262,0.8956022944550669
mot_base_1d-bs.512-ep.300,mot_base_1d,0.3,42,1,0.3,1.5742917297036454,0.6349206349206349,0.6234462261199951,0.8296519410977242,1.7139498592106837,0.6080305927342257,0.6050455570220947,0.8019120458891014
mot_base_1d-bs.512-ep.300,mot_base_1d,0.3,42,2,0.29970400926424073,1.2568210974594995,0.7090265825205584,0.7005628347396851,0.8733983553260661,1.4492697837931705,0.6611854684512428,0.6560388207435608,0.8474187380497132
mot_base_1d-bs.512-ep.300,mot_base_1d,0.3,42,3,0.2988172051971717,1.144979689585864,0.7297284375597629,0.7243015766143799,0.8858290304073436,1.3839158446565414,0.6822179732313576,0.6789607405662537,0.8554493307839388
mot_base_1d-bs.512-ep.300,mot_base_1d,0.3,42,4,0.29734308760930334,1.047111038132137,0.7505259131765156,0.744152843952179,0.9008414610824249,1.3153404075374566,0.6891013384321224,0.6835590600967407,0.8619502868068833
mot_base_1d-bs.512-ep.300,mot_base_1d,0.3,42,5,0.2952874741692947,0.9917710078653995,0.764582138076114,0.7610218524932861,0.9033275960986804,1.2769073427977116,0.6994263862332696,0.6971952319145203,0.8676864244741874
mot_base_1d-bs.512-ep.300,mot_base_1d,0.3,42,6,0.2926584774442731,0.9393730116154957,0.7761044176706827,0.7716187834739685,0.9096385542168675,1.2360144255949936,0.7112810707456979,0.7083298563957214,0.8715105162523901
mot_base_1d-bs.512-ep.300,mot_base_1d,0.3,42,7,0.28946647288323774,0.8991559583613238,0.7882004207305412,0.7837042212486267,0.9126984126984127,1.2116715877963298,0.7235181644359464,0.7195402383804321,0.8764818355640536
mot_base_1d-bs.512-ep.300,mot_base_1d,0.3,42,8,0.28572405786990296,0.8565943353740133,0.7934117422069229,0.7917227745056152,0.9219736087205966,1.1786521007180442,0.7281070745697896,0.7237904071807861,0.8799235181644359
mot_base_1d-bs.512-ep.300,mot_base_1d,0.3,42,9,0.28144600200657954,0.8443123623572018,0.7962803595333716,0.7925764322280884,0.9222126601644673,1.1855303777107544,0.7193116634799235,0.7159713506698608,0.8822179732313575
mot_base_1d-bs.512-ep.300,mot_base_1d,0.3,42,10,0.27664918882530226,0.8094978463834411,0.8042646777586536,0.7999787926673889,0.9252725186460127,1.1727336300034823,0.7216061185468451,0.7161448001861572,0.8806883365200765
mot_base_1d-bs.512-ep.300,mot_base_1d,0.3,42,11,0.27135254915624213,0.7926930978161857,0.8058424172882004,0.8012571930885315,0.9281411359724613,1.146761701303048,0.725812619502868,0.7195457220077515,0.8917782026768643
mot_base_1d-bs.512-ep.300,mot_base_1d,0.3,42,12,0.2655769864163684,0.7567665113229144,0.8179862306368331,0.8147038817405701,0.9329221648498757,1.140177024710019,0.7311663479923518,0.7279226183891296,0.8906309751434034
mot_base_1d-bs.512-ep.300,mot_base_1d,0.3,42,13,0.2593452941132117,0.7442320236217728,0.8221935360489577,0.8192779421806335,0.9344520940906483,1.1295002764087334,0.735755258126195,0.729591965675354,0.8891013384321224
mot_base_1d-bs.512-ep.300,mot_base_1d,0.3,42,14,0.2526820658893033,0.7339685191659495,0.8242971887550201,0.820478081703186,0.9349301969783897,1.1406095019717972,0.7319311663479924,0.7233641743659973,0.8894837476099426
mot_base_1d-bs.512-ep.300,mot_base_1d,0.3,42,15,0.24561359846230346,0.7116042465615579,0.8265442723274049,0.822445809841156,0.9368426085293555,1.111932695436204,0.7479923518164436,0.7419613003730774,0.8933078393881453
mot_base_1d-bs.512-ep.300,mot_base_1d,0.3,42,16,0.23816778784387102,0.6976435846068659,0.8328074201568177,0.8294566869735718,0.9400458978772231,1.1416915740383287,0.7273422562141492,0.7233551740646362,0.8940726577437859
mot_base_1d-bs.512-ep.300,mot_base_1d,0.3,42,17,0.2303740192468495,0.6827521191930926,0.8346242111302352,0.8300654888153076,0.9404283801874164,1.1086844799851368,0.7372848948374761,0.7286292314529419,0.8944550669216061
mot_base_1d-bs.512-ep.300,mot_base_1d,0.3,42,18,0.22226305111525732,0.6719974679047758,0.8402658252055842,0.8361259698867798,0.943631669535284,1.0985966480029017,0.7464627151051625,0.7388180494308472,0.8898661567877629
mot_base_1d-bs.512-ep.300,mot_base_1d,0.3,42,19,0.21386689373476092,0.6593350800576049,0.8430866322432587,0.8397143483161926,0.9435838592465099,1.1022725449921296,0.7472275334608031,0.739890456199646,0.8940726577437859
mot_base_1d-bs.512-ep.300,mot_base_1d,0.3,42,20,0.20521868290270173,0.6497634401465493,0.8452380952380952,0.8425211906433105,0.9446834958883151,1.0973891606522337,0.7464627151051625,0.7396867275238037,0.8990439770554494
mot_base_1d-bs.512-ep.300,mot_base_1d,0.3,42,21,0.19635254915624212,0.6394076955594303,0.8484413845859629,0.8453472852706909,0.9456875119525722,1.090738230863903,0.7495219885277247,0.7405879497528076,0.8948374760994264
mot_base_1d-bs.512-ep.300,mot_base_1d,0.3,42,22,0.18730348307472822,0.6418787357478416,0.8463855421686747,0.8435336351394653,0.9469783897494741,1.1010248100324525,0.7487571701720841,0.7425346374511719,0.892925430210325
mot_base_1d-bs.512-ep.300,mot_base_1d,0.3,42,23,0.17810719718785872,0.6257520937559413,0.851453432778734,0.8482126593589783,0.9487951807228916,1.0879915102490048,0.7533460803059273,0.745381772518158,0.8944550669216061
mot_base_1d-bs.512-ep.300,mot_base_1d,0.3,42,24,0.1687999850346457,0.6185516336265588,0.8537961369286671,0.8499497771263123,0.948603939567795,1.091176764231111,0.7453154875717017,0.7369717359542847,0.897131931166348
mot_base_1d-bs.512-ep.300,mot_base_1d,0.3,42,25,0.15941857792939704,0.6078893929053092,0.8563778925224709,0.8532350063323975,0.9495123350545037,1.080604870506272,0.7453154875717017,0.7363983392715454,0.8978967495219885
mot_base_1d-bs.512-ep.300,mot_base_1d,0.3,42,26,0.15000000000000002,0.6081074579515747,0.8556607381908586,0.8523295521736145,0.9503729202524384,1.0882043477454104,0.7495219885277247,0.7413706183433533,0.8956022944550669
mot_base_1d-bs.512-ep.300,mot_base_1d,0.3,42,27,0.140581422070603,0.6036219933357173,0.8569516159877606,0.8544439673423767,0.9511856951615988,1.0864634278627472,0.7472275334608031,0.7405518889427185,0.8963671128107075
mot_base_1d-bs.512-ep.300,mot_base_1d,0.3,42,28,0.13120001496535438,0.5934862715720584,0.8618282654427233,0.8583248257637024,0.9522853318034041,1.0820592278504235,0.7491395793499044,0.7407382726669312,0.8986615678776291
mot_base_1d-bs.512-ep.300,mot_base_1d,0.3,42,29,0.12189280281214132,0.5844532375149664,0.8650793650793651,0.8616262674331665,0.9525243832472748,1.080685076157404,0.7491395793499044,0.7414365410804749,0.8967495219885278
mot_base_1d-bs.512-ep.300,mot_base_1d,0.3,42,30,0.11269651692527179,0.5833061972957515,0.8635972461273667,0.8603096604347229,0.9531937272901129,1.0831369607899886,0.7495219885277247,0.7419809699058533,0.8982791586998088
mot_base_1d-bs.512-ep.300,mot_base_1d,0.3,42,31,0.10364745084375795,0.5785608877071483,0.8664180531650412,0.8638044595718384,0.9535283993115319,1.0804526232396667,0.7525812619502869,0.7452681064605713,0.8982791586998088
mot_base_1d-bs.512-ep.300,mot_base_1d,0.3,42,32,0.09478131709729837,0.5748041811899465,0.8661311914323963,0.8629632592201233,0.9539586919104991,1.0753989400188964,0.752963671128107,0.7452694177627563,0.9001912045889101
mot_base_1d-bs.512-ep.300,mot_base_1d,0.3,42,33,0.08613310626523911,0.5708646137779587,0.8694779116465864,0.8663912415504456,0.9544367947982406,1.0746132597184774,0.7556405353728489,0.7473950386047363,0.8998087954110898
mot_base_1d-bs.512-ep.300,mot_base_1d,0.3,42,34,0.0777369488847427,0.567648215557426,0.8704341174220692,0.8679038286209106,0.9548192771084337,1.0772289341767933,0.7506692160611854,0.7439476847648621,0.8975143403441682
mot_base_1d-bs.512-ep.300,mot_base_1d,0.3,42,35,0.06962598075315048,0.5633375239340337,0.8711990820424556,0.8680217862129211,0.9550583285523044,1.0676662525300997,0.7533460803059273,0.7449665665626526,0.9001912045889101
mot_base_1d-bs.512-ep.300,mot_base_1d,0.3,42,36,0.06183221215612905,0.561335470918534,0.8721552878179384,0.8693735599517822,0.9554408108624977,1.0639392480795515,0.7590822179732314,0.7506322264671326,0.9009560229445507
mot_base_1d-bs.512-ep.300,mot_base_1d,0.3,42,37,0.05438640153769654,0.5581125815481455,0.8725855804169057,0.8694750070571899,0.9555364314400459,1.0653173574298107,0.7583173996175908,0.7484261989593506,0.9005736137667304
mot_base_1d-bs.512-ep.300,mot_base_1d,0.3,42,38,0.047317934110696694,0.5559760566240152,0.8746414228341939,0.8714353442192078,0.9567316886593995,1.067121995885787,0.7583173996175908,0.7491040825843811,0.9009560229445507
mot_base_1d-bs.512-ep.300,mot_base_1d,0.3,42,39,0.0406547058867883,0.5538674776037511,0.8756454388984509,0.8728035092353821,0.9569229298144961,1.063224946381257,0.7567877629063098,0.7471966743469238,0.9009560229445507
mot_base_1d-bs.512-ep.300,mot_base_1d,0.3,42,40,0.03442301358363163,0.5520140897204074,0.8755976286096768,0.8728068470954895,0.9569707401032702,1.0641968502825123,0.7575525812619502,0.7483351826667786,0.9005736137667304
mot_base_1d-bs.512-ep.300,mot_base_1d,0.3,42,41,0.0286474508437579,0.5516548120261926,0.8769363166953529,0.8740639686584473,0.9567794989481736,1.062408426113384,0.7560229445506692,0.7465875148773193,0.9009560229445507
mot_base_1d-bs.512-ep.300,mot_base_1d,0.3,42,42,0.023350811174697773,0.5505636411817517,0.8765538343851597,0.8736496567726135,0.9568751195257219,1.0628880094159858,0.7586998087954111,0.7485945820808411,0.8994263862332696
mot_base_1d-bs.512-ep.300,mot_base_1d,0.3,42,43,0.018553997993420463,0.5499130375961155,0.8766016446739339,0.8737382292747498,0.9567794989481736,1.063182598865283,0.7552581261950286,0.7468277215957642,0.8998087954110898
mot_base_1d-bs.512-ep.300,mot_base_1d,0.3,42,44,0.014275942130097098,0.5490883842529543,0.8765060240963856,0.8735671043395996,0.9571619812583668,1.0630332436206007,0.7541108986615679,0.7456321716308594,0.8998087954110898
mot_base_1d-bs.512-ep.300,mot_base_1d,0.3,42,45,0.010533527116762299,0.5488091160768213,0.8762191623637406,0.8733978271484375,0.9572097915471409,1.0631830343096935,0.7556405353728489,0.7470613718032837,0.8998087954110898
mot_base_1d-bs.512-ep.300,mot_base_1d,0.3,42,46,0.00734152255572697,0.548635625593018,0.8762669726525149,0.8734236359596252,0.9570663606808185,1.0628142814563293,0.7544933078393882,0.7459738850593567,0.9001912045889101
mot_base_1d-bs.512-ep.300,mot_base_1d,0.3,42,47,0.004712525830705355,0.5484795988027806,0.8764582138076114,0.8736626505851746,0.9570185503920444,1.0630671616038219,0.7552581261950286,0.7467383742332458,0.9005736137667304
mot_base_1d-bs.512-ep.300,mot_base_1d,0.3,42,48,0.0026569123906966916,0.5484051585858583,0.8765538343851597,0.8736811876296997,0.9573532224134633,1.0630156602731855,0.7541108986615679,0.7453489899635315,0.9009560229445507
mot_base_1d-bs.512-ep.300,mot_base_1d,0.3,42,49,0.001182794802828335,0.5483769059158415,0.8765538343851597,0.8736982941627502,0.9574010327022375,1.0629459767678955,0.7552581261950286,0.7465692162513733,0.9005736137667304
mot_base_1d-bs.512-ep.300,mot_base_1d,0.3,42,50,0.0002959907357592661,0.5483687788014385,0.8765538343851597,0.8737064599990845,0.9574010327022375,1.0629260688621274,0.7548757170172085,0.7462120652198792,0.9005736137667304
mot_base_1d-bs.512-ep.300,mot_base_1d,0.5,42,1,0.5,1.5269959756716598,0.6428093325683687,0.6342284679412842,0.8314209217823676,1.7196955722786955,0.6122370936902486,0.6107657551765442,0.7973231357552581
mot_base_1d-bs.512-ep.300,mot_base_1d,0.5,42,2,0.4995066821070679,1.2001954387081903,0.7112736660929432,0.7041942477226257,0.8776056607381909,1.430802174963869,0.6600382409177821,0.6546791195869446,0.8478011472275334
mot_base_1d-bs.512-ep.300,mot_base_1d,0.5,42,3,0.4980286753286195,1.1133729935057146,0.7303977816026008,0.7253790497779846,0.8886976477337923,1.4098981313906025,0.6707456978967495,0.6635560393333435,0.8558317399617591
mot_base_1d-bs.512-ep.300,mot_base_1d,0.5,42,4,0.4955718126821722,1.017718250014217,0.7467967106521324,0.7411347031593323,0.9023235800344234,1.360544564300012,0.6711281070745698,0.6649973392486572,0.8554493307839388
mot_base_1d-bs.512-ep.300,mot_base_1d,0.5,42,5,0.49214579028215777,0.976353674870555,0.7572193536048958,0.7534905076026917,0.9039013195639701,1.3432426846506036,0.691395793499044,0.6916937232017517,0.8604206500956023
mot_base_1d-bs.512-ep.300,mot_base_1d,0.5,42,6,0.4877641290737884,0.9190382808817347,0.7748135398737809,0.7718420624732971,0.9101166571046089,1.2948066492609493,0.702868068833652,0.7001340985298157,0.865774378585086
mot_base_1d-bs.512-ep.300,mot_base_1d,0.5,42,7,0.48244412147206284,0.8755166594898708,0.7837062535857716,0.7797605395317078,0.9155192197360872,1.2712337938822935,0.7124282982791587,0.7097465991973877,0.8722753346080306
mot_base_1d-bs.512-ep.300,mot_base_1d,0.5,42,8,0.4762067631165049,0.8234189989735962,0.7918340026773761,0.7891485095024109,0.9262765347102696,1.228929794632454,0.7235181644359464,0.7185876369476318,0.8780114722753346
mot_base_1d-bs.512-ep.300,mot_base_1d,0.5,42,9,0.46907667001096587,0.81413442643064,0.7910690380569899,0.7884399890899658,0.9252247083572385,1.2493319217835057,0.7147227533460803,0.71075838804245,0.8753346080305927
mot_base_1d-bs.512-ep.300,mot_base_1d,0.5,42,10,0.46108198137550377,0.8045450390399722,0.7982883916618856,0.7938676476478577,0.9266112067316886,1.2558882704200527,0.7097514340344169,0.7049534320831299,0.8734225621414914
mot_base_1d-bs.512-ep.300,mot_base_1d,0.5,42,11,0.45225424859373686,0.7642509730739013,0.8059380378657487,0.8017421960830688,0.9316312870529738,1.2211732554390142,0.7170172084130019,0.7112870812416077,0.8860420650095602
mot_base_1d-bs.512-ep.300,mot_base_1d,0.5,42,12,0.4426283106939473,0.7415776855518358,0.8078982597054887,0.8061683177947998,0.9355039204436795,1.2384792072595192,0.7223709369024857,0.7204148769378662,0.8795411089866156
mot_base_1d-bs.512-ep.300,mot_base_1d,0.5,42,13,0.4322421568553529,0.714775682931923,0.8208548479632817,0.8168576955795288,0.9384681583476764,1.2036102542913667,0.7277246653919694,0.7190301418304443,0.8822179732313575
mot_base_1d-bs.512-ep.300,mot_base_1d,0.5,42,14,0.4211367764821722,0.7062981308794632,0.8209982788296041,0.817963719367981,0.9373685217058711,1.2200292211645647,0.7204588910133843,0.7128317356109619,0.8833652007648184
mot_base_1d-bs.512-ep.300,mot_base_1d,0.5,42,15,0.40935599743717244,0.667199322132746,0.8316599732262383,0.8285363912582397,0.9419104991394148,1.15890933195446,0.7422562141491396,0.7362461686134338,0.8940726577437859
mot_base_1d-bs.512-ep.300,mot_base_1d,0.5,42,16,0.39694631307311834,0.6675781622788354,0.8310384394721744,0.829058051109314,0.9410977242302544,1.2214080854310132,0.7265774378585086,0.722713828086853,0.8864244741873805
mot_base_1d-bs.512-ep.300,mot_base_1d,0.5,42,17,0.38395669874474914,0.6464683581410778,0.8330464716006885,0.8285205364227295,0.9444444444444444,1.18353664478426,0.7323135755258127,0.7234166860580444,0.8910133843212237
mot_base_1d-bs.512-ep.300,mot_base_1d,0.5,42,18,0.3704384185254288,0.6286774870769817,0.840839548670874,0.8370416164398193,0.9464524765729585,1.1573992960767583,0.7434034416826004,0.7352353930473328,0.8868068833652007
mot_base_1d-bs.512-ep.300,mot_base_1d,0.5,42,19,0.35644482289126816,0.6141055031063498,0.8451902849493211,0.8417420387268066,0.9481736469688277,1.1790491771515652,0.7311663479923518,0.7264299988746643,0.8921606118546845
mot_base_1d-bs.512-ep.300,mot_base_1d,0.5,42,20,0.34203113817116954,0.5999040215164508,0.8490151080512526,0.8459623456001282,0.9497035762096003,1.1628707098003555,0.734225621414914,0.7268499135971069,0.8959847036328872
mot_base_1d-bs.512-ep.300,mot_base_1d,0.5,42,21,0.32725424859373686,0.5869768873686361,0.8532224134633773,0.8508240580558777,0.9509466437177281,1.15677249098827,0.7407265774378585,0.7336755990982056,0.8963671128107075
mot_base_1d-bs.512-ep.300,mot_base_1d,0.5,42,22,0.31217247179121366,0.6003813534764173,0.8493019697838975,0.847245991230011,0.9511856951615988,1.1720152422757266,0.7418738049713193,0.7328218221664429,0.8860420650095602
mot_base_1d-bs.512-ep.300,mot_base_1d,0.5,42,23,0.2968453286464312,0.5675798048820795,0.8583859246509848,0.8555175065994263,0.9529546758462422,1.1479499525139483,0.745697896749522,0.7364789843559265,0.8906309751434034
mot_base_1d-bs.512-ep.300,mot_base_1d,0.5,42,24,0.2813333083910761,0.5641200364171763,0.8595333715815644,0.8564053177833557,0.9544367947982406,1.1549877071927657,0.7395793499043977,0.7309343814849854,0.8940726577437859
mot_base_1d-bs.512-ep.300,mot_base_1d,0.5,42,25,0.26569762988232837,0.5473550571084912,0.8640275387263339,0.8615096211433411,0.9561101549053356,1.1424458294024202,0.7395793499043977,0.7307461500167847,0.8963671128107075
mot_base_1d-bs.512-ep.300,mot_base_1d,0.5,42,26,0.25,0.5398475181351977,0.8669439663415567,0.8643943071365356,0.9560623446165615,1.1388703997230893,0.7468451242829828,0.7398123741149902,0.8967495219885278
mot_base_1d-bs.512-ep.300,mot_base_1d,0.5,42,27,0.23430237011767166,0.5385467536956909,0.867039586919105,0.8643715381622314,0.9585006693440429,1.1453142009319357,0.745697896749522,0.7392507195472717,0.8944550669216061
mot_base_1d-bs.512-ep.300,mot_base_1d,0.5,42,28,0.21866669160892396,0.5306497567651559,0.8694779116465864,0.8669788241386414,0.9581181870338497,1.1412494856358486,0.7449330783938815,0.7375895977020264,0.8959847036328872
mot_base_1d-bs.512-ep.300,mot_base_1d,0.5,42,29,0.20315467135356885,0.5212922489285172,0.8735895964811627,0.8714677691459656,0.9583572384777204,1.1432656399378585,0.739961759082218,0.7333215475082397,0.897131931166348
mot_base_1d-bs.512-ep.300,mot_base_1d,0.5,42,30,0.1878275282087863,0.5174001847655807,0.8748804742780646,0.8723860383033752,0.9598393574297188,1.1355716070755033,0.7479923518164436,0.7378407120704651,0.8963671128107075
mot_base_1d-bs.512-ep.300,mot_base_1d,0.5,42,31,0.17274575140626322,0.5073495298755125,0.8780837636259323,0.8758209943771362,0.9597915471409447,1.1346451556933315,0.7445506692160612,0.7370907068252563,0.9009560229445507
mot_base_1d-bs.512-ep.300,mot_base_1d,0.5,42,32,0.15796886182883058,0.5061510505172896,0.8773666092943201,0.8748092651367188,0.9600784088735896,1.1323642271198688,0.7434034416826004,0.7366535067558289,0.8963671128107075
mot_base_1d-bs.512-ep.300,mot_base_1d,0.5,42,33,0.14355517710873184,0.5013981118989187,0.8806177089309619,0.8786253929138184,0.9614649072480398,1.1320390435067462,0.7445506692160612,0.7360016703605652,0.8967495219885278
mot_base_1d-bs.512-ep.300,mot_base_1d,0.5,42,34,0.12956158147457114,0.4960421868413829,0.8830082233696691,0.8813382983207703,0.9616561484031364,1.1295825258039836,0.749904397705545,0.743422269821167,0.8975143403441682
mot_base_1d-bs.512-ep.300,mot_base_1d,0.5,42,35,0.11604330125525078,0.4881685291245782,0.8862593230063109,0.8837723731994629,0.9630426467775866,1.1181379555288282,0.752963671128107,0.7451940178871155,0.9005736137667304
mot_base_1d-bs.512-ep.300,mot_base_1d,0.5,42,36,0.10305368692688174,0.4857406127427773,0.8863549435838592,0.8841866850852966,0.9623733027347485,1.1139433523437032,0.7548757170172085,0.7469789981842041,0.8998087954110898
mot_base_1d-bs.512-ep.300,mot_base_1d,0.5,42,37,0.09064400256282756,0.4812410250291881,0.8886498374450181,0.886893093585968,0.9630904570663607,1.1147368721022888,0.7510516252390057,0.7411969900131226,0.8994263862332696
mot_base_1d-bs.512-ep.300,mot_base_1d,0.5,42,38,0.07886322351782782,0.47762209399295,0.8900363358194684,0.8875871300697327,0.9638076113979729,1.1176578587373402,0.7541108986615679,0.7463218569755554,0.9005736137667304
mot_base_1d-bs.512-ep.300,mot_base_1d,0.5,42,39,0.06775784314464717,0.47453811196483875,0.8921877988143049,0.8898805379867554,0.9642857142857143,1.109496677901959,0.7491395793499044,0.7402545213699341,0.8998087954110898
mot_base_1d-bs.512-ep.300,mot_base_1d,0.5,42,40,0.057371689306052714,0.4720714273268553,0.8935264868999808,0.8913394212722778,0.9643813348632626,1.1120620669188053,0.752963671128107,0.7430717349052429,0.9005736137667304
mot_base_1d-bs.512-ep.300,mot_base_1d,0.5,42,41,0.047745751406263165,0.47198375823005795,0.8936699177663033,0.8916345834732056,0.9640944731306177,1.1097552202855652,0.7533460803059273,0.7439313530921936,0.9001912045889101
mot_base_1d-bs.512-ep.300,mot_base_1d,0.5,42,42,0.03891801862449629,0.47046839418044667,0.8948651749856569,0.8929517865180969,0.9639510422642953,1.1111895763623327,0.7537284894837476,0.7442495822906494,0.8994263862332696
mot_base_1d-bs.512-ep.300,mot_base_1d,0.5,42,43,0.030923329989034104,0.46940838417466135,0.8943392618091414,0.8923811912536621,0.9646203863071333,1.10999792985205,0.7495219885277247,0.7401070594787598,0.9005736137667304
mot_base_1d-bs.512-ep.300,mot_base_1d,0.5,42,44,0.02379323688349516,0.4681096180011037,0.8944348823866897,0.8921847343444824,0.9644291451520367,1.109536010129502,0.7518164435946463,0.7423202395439148,0.9009560229445507
mot_base_1d-bs.512-ep.300,mot_base_1d,0.5,42,45,0.017555878527937163,0.46773624347213305,0.8946261235417862,0.8925250768661499,0.9643335245744884,1.109748746241028,0.7510516252390057,0.7418449521064758,0.9001912045889101
mot_base_1d-bs.512-ep.300,mot_base_1d,0.5,42,46,0.012235870926211617,0.4676096197249762,0.8948651749856569,0.8928874135017395,0.9644291451520367,1.1093689643174238,0.7506692160611854,0.7415635585784912,0.9009560229445507
mot_base_1d-bs.512-ep.300,mot_base_1d,0.5,42,47,0.007854209717842259,0.4673576253758582,0.8950086058519794,0.8930208683013916,0.9644291451520367,1.1097456901068896,0.7518164435946463,0.7424769401550293,0.9001912045889101
mot_base_1d-bs.512-ep.300,mot_base_1d,0.5,42,48,0.00442818731782782,0.46726064742192824,0.8948173646968828,0.8928269743919373,0.9644291451520367,1.1096138583998378,0.751434034416826,0.7420615553855896,0.9005736137667304
mot_base_1d-bs.512-ep.300,mot_base_1d,0.5,42,49,0.0019713246713805588,0.4672302027053235,0.8948173646968828,0.892844557762146,0.964524765729585,1.1095279503962734,0.7518164435946463,0.7423269152641296,0.9009560229445507
mot_base_1d-bs.512-ep.300,mot_base_1d,0.5,42,50,0.0004933178929321103,0.4672200632815745,0.8949129852744311,0.8929603695869446,0.964524765729585,1.1095066953115664,0.7518164435946463,0.7423422932624817,0.9009560229445507
mot_base_1d-bs.512-ep.300,mot_base_1d,0.7,42,1,0.7,1.603472107613513,0.6300917957544464,0.6230635643005371,0.8288869764773379,1.8337715980427671,0.5908221797323135,0.5897766351699829,0.7927342256214149
mot_base_1d-bs.512-ep.300,mot_base_1d,0.7,42,2,0.699309354949895,1.2490786389927035,0.7026678141135972,0.6968865394592285,0.8714381334863263,1.514981802654084,0.6516252390057361,0.648028552532196,0.8447418738049713
mot_base_1d-bs.512-ep.300,mot_base_1d,0.7,42,3,0.6972401454600672,1.1444088174772893,0.7266207687894435,0.7228516340255737,0.887598011091987,1.4952309179944245,0.6619502868068834,0.6544486880302429,0.850095602294455
mot_base_1d-bs.512-ep.300,mot_base_1d,0.7,42,4,0.6938005377550409,1.0743721783058573,0.7375693249187225,0.7328411340713501,0.8957257601835915,1.49333123960185,0.6623326959847037,0.6570298671722412,0.8474187380497132
mot_base_1d-bs.512-ep.300,mot_base_1d,0.7,42,5,0.6890041063950206,1.062258677902995,0.7417288200420731,0.7374616265296936,0.8978294128896539,1.5012757543851951,0.6711281070745698,0.6699649095535278,0.8497131931166348
mot_base_1d-bs.512-ep.300,mot_base_1d,0.7,42,6,0.6828697807033035,0.9447087262187002,0.7679766685790782,0.7657985091209412,0.9107381908586728,1.3858522783501883,0.6963671128107075,0.6925113797187805,0.8634799235181644
mot_base_1d-bs.512-ep.300,mot_base_1d,0.7,42,7,0.6754217700608878,0.9123195258625881,0.775196022183974,0.7719069123268127,0.914467393383056,1.3796261672536,0.7017208413001912,0.6996209025382996,0.8650095602294455
mot_base_1d-bs.512-ep.300,mot_base_1d,0.7,42,8,0.6666894683631067,0.8628160291019921,0.7816504111684834,0.7776466608047485,0.923407917383821,1.3506598215486079,0.7047801147227534,0.6978079080581665,0.8684512428298279
mot_base_1d-bs.512-ep.300,mot_base_1d,0.7,42,9,0.6567073380153521,0.8431649199861667,0.7871964046662842,0.783728837966919,0.9246987951807228,1.3661750107832666,0.7112810707456979,0.7049822807312012,0.8680688336520076
mot_base_1d-bs.512-ep.300,mot_base_1d,0.7,42,10,0.6455147739257051,0.8551017312936059,0.7895869191049913,0.7847453951835632,0.9226429527634347,1.3951619704412457,0.6948374760994264,0.6892032623291016,0.869980879541109
mot_base_1d-bs.512-ep.300,mot_base_1d,0.7,42,11,0.6331559480312314,0.7965863166381579,0.7979537196404666,0.7943873405456543,0.9309619430101358,1.3456669634204521,0.7139579349904398,0.7086875438690186,0.8764818355640536
mot_base_1d-bs.512-ep.300,mot_base_1d,0.7,42,12,0.619679634971526,0.7699919866772358,0.8021132147638171,0.8003538250923157,0.9335915088927137,1.3578750624939315,0.7116634799235182,0.7084478735923767,0.8760994263862333
mot_base_1d-bs.512-ep.300,mot_base_1d,0.7,42,13,0.6051390195974938,0.7551588257997345,0.8089500860585198,0.805493175983429,0.9371294702620003,1.348743669207192,0.7143403441682601,0.7083374261856079,0.8776290630975143
mot_base_1d-bs.512-ep.300,mot_base_1d,0.7,42,14,0.5895914870750408,0.7336040720426231,0.8128705297379997,0.8103179931640625,0.9347389558232931,1.3498809617518468,0.7097514340344169,0.7031672596931458,0.8749521988527724
mot_base_1d-bs.512-ep.300,mot_base_1d,0.7,42,15,0.5730983964120412,0.6809461403586117,0.8234844138458596,0.821158766746521,0.9413845859628992,1.2678163386211796,0.7204588910133843,0.713890790939331,0.8887189292543021
mot_base_1d-bs.512-ep.300,mot_base_1d,0.7,42,16,0.5557248383023655,0.7041699749991642,0.8217154331612163,0.821373701095581,0.9397112258558041,1.362718493897418,0.710133843212237,0.7096477746963501,0.8822179732313575
mot_base_1d-bs.512-ep.300,mot_base_1d,0.7,42,17,0.5375393782426486,0.6744378051239849,0.8247274813539873,0.819842517375946,0.9443488238668961,1.3174750041779324,0.7231357552581262,0.7161452770233154,0.8822179732313575
mot_base_1d-bs.512-ep.300,mot_base_1d,0.7,42,18,0.5186137859356001,0.6258584743112376,0.8394530502964238,0.8361854553222656,0.9465480971505068,1.2488736621280474,0.7376673040152963,0.7279292345046997,0.8891013384321224
mot_base_1d-bs.512-ep.300,mot_base_1d,0.7,42,19,0.49902275204777524,0.6188278911354939,0.8395486708739721,0.8360409736633301,0.9488908013004399,1.2907650015778114,0.7254302103250478,0.7213786840438843,0.8883365200764818
mot_base_1d-bs.512-ep.300,mot_base_1d,0.7,42,20,0.47884359343963717,0.598422317482997,0.8450946643717728,0.8417356610298157,0.9516637980493402,1.2679716894321187,0.7223709369024857,0.7137271761894226,0.8902485659655832
mot_base_1d-bs.512-ep.300,mot_base_1d,0.7,42,21,0.45815594803123144,0.5800695826022888,0.8509753298909926,0.8482158780097961,0.9518550392044368,1.2524911388156519,0.7334608030592734,0.7272001504898071,0.8940726577437859
mot_base_1d-bs.512-ep.300,mot_base_1d,0.7,42,22,0.437041460507699,0.5870371889853756,0.8483457640084147,0.8463767170906067,0.9530981067125646,1.2673725981557347,0.7346080305927343,0.7255531549453735,0.8848948374760994
mot_base_1d-bs.512-ep.300,mot_base_1d,0.7,42,23,0.4155834601050035,0.5414923594772622,0.8619238860202716,0.8589065670967102,0.9572576018359151,1.2354904233155697,0.7388145315487572,0.7298557758331299,0.8891013384321224
mot_base_1d-bs.512-ep.300,mot_base_1d,0.7,42,24,0.3938666317475064,0.5547486195990131,0.8553738764582138,0.8530134558677673,0.9556320520175942,1.2539205153631208,0.7304015296367112,0.7236974835395813,0.892925430210325
mot_base_1d-bs.512-ep.300,mot_base_1d,0.7,42,25,0.37197668183525956,0.5215448813402851,0.8654140371007841,0.8640037775039673,0.9579747561675273,1.2197885261666934,0.7326959847036328,0.7248637676239014,0.8952198852772466
mot_base_1d-bs.512-ep.300,mot_base_1d,0.7,42,26,0.34999999999999987,0.5085000430085413,0.8707687894434882,0.8680810332298279,0.9588353413654619,1.2114454936798855,0.7414913957934991,0.7345526218414307,0.8948374760994264
mot_base_1d-bs.512-ep.300,mot_base_1d,0.7,42,27,0.3280233181647402,0.5089887513966651,0.8710556511761331,0.8681899905204773,0.9603174603174603,1.2298081523829618,0.7391969407265775,0.7323983907699585,0.8933078393881453
mot_base_1d-bs.512-ep.300,mot_base_1d,0.7,42,28,0.3061333682524934,0.49871874338902533,0.8731114935934213,0.8700624108314514,0.9616083381143622,1.219898030589233,0.7372848948374761,0.7290006875991821,0.8940726577437859
mot_base_1d-bs.512-ep.300,mot_base_1d,0.7,42,29,0.28441653989499627,0.49389576232554144,0.8753107668770319,0.8740708827972412,0.960556511761331,1.2311213841629758,0.7281070745697896,0.7230246663093567,0.891395793499044
mot_base_1d-bs.512-ep.300,mot_base_1d,0.7,42,30,0.2629585394923007,0.4874700073713462,0.8782271944922547,0.8762729167938232,0.9621820615796519,1.2159552958909685,0.7426386233269598,0.7321333885192871,0.8948374760994264
mot_base_1d-bs.512-ep.300,mot_base_1d,0.7,42,31,0.2418440519687684,0.4710284615365468,0.8835819468349588,0.8815408945083618,0.9627557850449416,1.2131889970535075,0.7380497131931166,0.7292712330818176,0.8978967495219885
mot_base_1d-bs.512-ep.300,mot_base_1d,0.7,42,32,0.2211564065603627,0.4691234722856035,0.8831516542359916,0.8813519477844238,0.9638076113979729,1.2098006035128241,0.7414913957934991,0.7344514727592468,0.8948374760994264
mot_base_1d-bs.512-ep.300,mot_base_1d,0.7,42,33,0.20097724795222446,0.4607892126716968,0.8878848728246319,0.8860708475112915,0.964859437751004,1.2068726738369944,0.7411089866156788,0.7343673706054688,0.8952198852772466
mot_base_1d-bs.512-ep.300,mot_base_1d,0.7,42,34,0.1813862140643995,0.4581483430401001,0.8868330464716007,0.8853939175605774,0.9654331612162937,1.203823980911284,0.7445506692160612,0.7375536561012268,0.897131931166348
mot_base_1d-bs.512-ep.300,mot_base_1d,0.7,42,35,0.16246062175735101,0.44581695368057866,0.8938611589213998,0.8919606804847717,0.9667240390131956,1.1895052871558225,0.7441682600382409,0.73610520362854,0.9009560229445507
mot_base_1d-bs.512-ep.300,mot_base_1d,0.7,42,36,0.14427516169763435,0.44285495651910445,0.8940524000764964,0.8923810720443726,0.9661503155479059,1.1859279391870443,0.7437858508604207,0.7366615533828735,0.8982791586998088
mot_base_1d-bs.512-ep.300,mot_base_1d,0.7,42,37,0.12690160358795852,0.4371957596548886,0.8961560527825588,0.8946754336357117,0.9671543316121629,1.184271725277144,0.7472275334608031,0.740639865398407,0.9017208413001913
mot_base_1d-bs.512-ep.300,mot_base_1d,0.7,42,38,0.11040851292495889,0.43135622250324773,0.8995027729967489,0.8974462747573853,0.9682061579651942,1.1862782290515206,0.745697896749522,0.7372005581855774,0.9005736137667304
mot_base_1d-bs.512-ep.300,mot_base_1d,0.7,42,39,0.09486098040250598,0.42736558336034336,0.9015586154140371,0.8996763825416565,0.96815834767642,1.1757263314883521,0.745697896749522,0.7372856140136719,0.9024856596558317
mot_base_1d-bs.512-ep.300,mot_base_1d,0.7,42,40,0.08032036502847376,0.4244303610293399,0.9020367183017786,0.9002442955970764,0.9688755020080321,1.1785159328015766,0.745697896749522,0.7372810244560242,0.8994263862332696
mot_base_1d-bs.512-ep.300,mot_base_1d,0.7,42,41,0.06684405196876839,0.42402985420161393,0.9036144578313253,0.9020687937736511,0.9685886402753873,1.175888362031138,0.7479923518164436,0.738863468170166,0.8982791586998088
mot_base_1d-bs.512-ep.300,mot_base_1d,0.7,42,42,0.05448522607429477,0.42208868596858834,0.9049531459170014,0.9036309123039246,0.9685886402753873,1.178125365423199,0.749904397705545,0.7412301898002625,0.8982791586998088
mot_base_1d-bs.512-ep.300,mot_base_1d,0.7,42,43,0.04329266198464772,0.42043105282457954,0.9049531459170014,0.9033225774765015,0.9685408299866132,1.175033840668133,0.7479923518164436,0.7397108674049377,0.9001912045889101
mot_base_1d-bs.512-ep.300,mot_base_1d,0.7,42,44,0.03331053163689321,0.4187464311898473,0.9051921973608721,0.9035594463348389,0.9686842608529356,1.1744791494044928,0.7491395793499044,0.7408390641212463,0.8998087954110898
mot_base_1d-bs.512-ep.300,mot_base_1d,0.7,42,45,0.024578229939112014,0.41818504101871234,0.9054790590935169,0.9040262699127197,0.9688755020080321,1.1746585109265766,0.7502868068833652,0.7416147589683533,0.9005736137667304
mot_base_1d-bs.512-ep.300,mot_base_1d,0.7,42,46,0.017130219296696253,0.41809842982741746,0.9062918340026773,0.9047905206680298,0.969162363740677,1.1742133116858866,0.7491395793499044,0.7407536506652832,0.9009560229445507
mot_base_1d-bs.512-ep.300,mot_base_1d,0.7,42,47,0.010995893604979155,0.4177226731188554,0.9061484031363549,0.9046342968940735,0.9690667431631287,1.1746454556175216,0.7495219885277247,0.7408288717269897,0.9001912045889101
mot_base_1d-bs.512-ep.300,mot_base_1d,0.7,42,48,0.006199462244958943,0.41759102967802664,0.9055268693822911,0.9040096998214722,0.969162363740677,1.1744586142253692,0.7491395793499044,0.7405806183815002,0.9005736137667304
mot_base_1d-bs.512-ep.300,mot_base_1d,0.7,42,49,0.0027598545399327803,0.4175546594686503,0.9059093516924842,0.9043260812759399,0.9692101740294511,1.174353125811079,0.7495219885277247,0.7408816814422607,0.9005736137667304
mot_base_1d-bs.512-ep.300,mot_base_1d,0.7,42,50,0.0006906450501049539,0.4175412537696417,0.9059571619812584,0.9043979048728943,0.9692579843182253,1.1743296708933026,0.7502868068833652,0.7414572834968567,0.9005736137667304
mot_base_1d-bs.512-ep.300,mot_base_1d,1.0,42,1,1.0,1.9082216031922052,0.6043698603939568,0.5964959263801575,0.8111015490533563,2.1961309283458936,0.5713193116634799,0.5700898766517639,0.7720841300191205
mot_base_1d-bs.512-ep.300,mot_base_1d,1.0,42,2,0.9990133642141358,1.4479526848792117,0.6819659590743928,0.6761620044708252,0.8596768024478868,1.7719092345374492,0.6378585086042065,0.6336846351623535,0.8290630975143404
mot_base_1d-bs.512-ep.300,mot_base_1d,1.0,42,3,0.996057350657239,1.3092456636339467,0.7116083381143622,0.7081135511398315,0.8790399694014152,1.7190150550856873,0.652772466539197,0.6457365155220032,0.8424474187380497
mot_base_1d-bs.512-ep.300,mot_base_1d,1.0,42,4,0.9911436253643444,1.2567131642881282,0.7229871868426085,0.7175823450088501,0.8844425320328935,1.790541496787427,0.6451242829827916,0.6411411166191101,0.837093690248566
mot_base_1d-bs.512-ep.300,mot_base_1d,1.0,42,5,0.9842915805643155,1.289312143812765,0.7159112641040352,0.7119593024253845,0.8892235609103079,1.8540877508159805,0.6493307839388145,0.6462454199790955,0.832887189292543
mot_base_1d-bs.512-ep.300,mot_base_1d,1.0,42,6,0.9755282581475768,1.0730138458788885,0.7511474469305794,0.7491059899330139,0.9043794224517117,1.6173277845802088,0.6791586998087954,0.6739242672920227,0.8569789674952198
mot_base_1d-bs.512-ep.300,mot_base_1d,1.0,42,7,0.9648882429441257,1.109527405508847,0.7511474469305794,0.7477939128875732,0.9025626314782941,1.6976636664133455,0.6852772466539196,0.6799947619438171,0.8531548757170172
mot_base_1d-bs.512-ep.300,mot_base_1d,1.0,42,8,0.9524135262330098,0.9726955861018479,0.7707974756167527,0.7674634456634521,0.9169535283993115,1.606539657330194,0.6856596558317399,0.6803525686264038,0.8558317399617591
mot_base_1d-bs.512-ep.300,mot_base_1d,1.0,42,9,0.9381533400219317,0.9806092653112216,0.7760087970931344,0.7735056281089783,0.9166666666666666,1.6506490776689284,0.697131931166348,0.688991904258728,0.8604206500956023
mot_base_1d-bs.512-ep.300,mot_base_1d,1.0,42,10,0.9221639627510075,0.9772431285505793,0.7791164658634538,0.7743865847587585,0.9192484222604704,1.6696813506788324,0.6791586998087954,0.6726968288421631,0.858508604206501
mot_base_1d-bs.512-ep.300,mot_base_1d,1.0,42,11,0.9045084971874737,0.9087763226586242,0.7845190284949322,0.7824802994728088,0.9257028112449799,1.5928176515189,0.7051625239005737,0.7009599804878235,0.8680688336520076
mot_base_1d-bs.512-ep.300,mot_base_1d,1.0,42,12,0.8852566213878946,0.8975906251698339,0.7876745075540256,0.7867504954338074,0.9278064639510423,1.6140741439440054,0.697131931166348,0.691364049911499,0.8715105162523901
mot_base_1d-bs.512-ep.300,mot_base_1d,1.0,42,13,0.8644843137107058,0.8798857006978341,0.7918818129661503,0.7885474562644958,0.9347389558232931,1.643909858426446,0.7009560229445506,0.6948390007019043,0.875717017208413
mot_base_1d-bs.512-ep.300,mot_base_1d,1.0,42,14,0.8422735529643444,0.8296133157376646,0.7983362019506598,0.7953153848648071,0.9317269076305221,1.6012165003935193,0.6994263862332696,0.6904329061508179,0.8738049713193117
mot_base_1d-bs.512-ep.300,mot_base_1d,1.0,42,15,0.8187119948743449,0.7679787856667556,0.8057946069994263,0.8045344352722168,0.939328743545611,1.4983610076612541,0.6998087954110899,0.6939279437065125,0.8829827915869981
mot_base_1d-bs.512-ep.300,mot_base_1d,1.0,42,16,0.7938926261462367,0.8343166871835953,0.8048862115127176,0.8053120374679565,0.9309141327213616,1.6581534070221005,0.6963671128107075,0.6948506236076355,0.8715105162523901
mot_base_1d-bs.512-ep.300,mot_base_1d,1.0,42,17,0.7679133974894983,0.7565935003208052,0.8152610441767069,0.8105583786964417,0.9405240007649647,1.5743420223433018,0.710133843212237,0.7023961544036865,0.8768642447418739
mot_base_1d-bs.512-ep.300,mot_base_1d,1.0,42,18,0.7408768370508576,0.6907733213972193,0.8272136163702428,0.8233110904693604,0.9431535666475426,1.473526593239312,0.725812619502868,0.7150241136550903,0.8822179732313575
mot_base_1d-bs.512-ep.300,mot_base_1d,1.0,42,19,0.7128896457825363,0.6865701558690701,0.8288869764773379,0.8257789015769958,0.9466915280168292,1.5290040667152769,0.7124282982791587,0.7081825137138367,0.8841300191204589
mot_base_1d-bs.512-ep.300,mot_base_1d,1.0,42,20,0.6840622763423391,0.6557992750792687,0.8322815069803021,0.8281626105308533,0.9486995601453433,1.4853282950348425,0.7108986615678776,0.7031732201576233,0.8841300191204589
mot_base_1d-bs.512-ep.300,mot_base_1d,1.0,42,21,0.6545084971874737,0.6129754305934559,0.8423216676228724,0.8386775851249695,0.9504207305412125,1.4491484166103386,0.7231357552581262,0.7181832790374756,0.8925430210325048
mot_base_1d-bs.512-ep.300,mot_base_1d,1.0,42,22,0.6243449435824273,0.6006849667017855,0.8458596289921592,0.8442268371582031,0.9535283993115319,1.4489237243769046,0.7261950286806883,0.7177409529685974,0.8864244741873805
mot_base_1d-bs.512-ep.300,mot_base_1d,1.0,42,23,0.5936906572928624,0.5615024072395772,0.852122776821572,0.8497944474220276,0.9563970166379805,1.4368434782009964,0.7173996175908222,0.707561731338501,0.8864244741873805
mot_base_1d-bs.512-ep.300,mot_base_1d,1.0,42,24,0.5626666167821522,0.5810864496513771,0.8483935742971888,0.8466581106185913,0.9555364314400459,1.4563067376043783,0.7162523900573614,0.7112900018692017,0.8875717017208413
mot_base_1d-bs.512-ep.300,mot_base_1d,1.0,42,25,0.5313952597646567,0.5182365544509377,0.8634538152610441,0.8625974059104919,0.9585006693440429,1.3783049661844229,0.722753346080306,0.7150949835777283,0.892925430210325
mot_base_1d-bs.512-ep.300,mot_base_1d,1.0,42,26,0.5,0.5054397421599939,0.8686173264486517,0.8662356734275818,0.9598393574297188,1.3699447733950205,0.7254302103250478,0.7176862359046936,0.8906309751434034
mot_base_1d-bs.512-ep.300,mot_base_1d,1.0,42,27,0.4686047402353433,0.5001144597032918,0.8678523618282654,0.865557849407196,0.9620386307133295,1.4004984955942654,0.725812619502868,0.7199289798736572,0.8894837476099426
mot_base_1d-bs.512-ep.300,mot_base_1d,1.0,42,28,0.4373333832178479,0.4812605705195573,0.8736374067699368,0.8709085583686829,0.9630426467775866,1.373598090731619,0.7307839388145315,0.7221304178237915,0.8910133843212237
mot_base_1d-bs.512-ep.300,mot_base_1d,1.0,42,29,0.4063093427071377,0.47982226441252596,0.8744023713903232,0.873256504535675,0.9624211130235226,1.3982711996220722,0.7231357552581262,0.7174573540687561,0.8883365200764818
mot_base_1d-bs.512-ep.300,mot_base_1d,1.0,42,30,0.3756550564175726,0.47423504807338546,0.8785140562248996,0.8773391842842102,0.963855421686747,1.378740924083936,0.7307839388145315,0.7218371033668518,0.8891013384321224
mot_base_1d-bs.512-ep.300,mot_base_1d,1.0,42,31,0.34549150281252644,0.4474188040811579,0.8868330464716007,0.8853244781494141,0.9656244023713904,1.3707470720630304,0.7326959847036328,0.7238461375236511,0.8956022944550669
mot_base_1d-bs.512-ep.300,mot_base_1d,1.0,42,32,0.31593772365766115,0.4379386767804862,0.8888410786001147,0.887646496295929,0.9661503155479059,1.3575758808201632,0.7353728489483747,0.728376030921936,0.892925430210325
mot_base_1d-bs.512-ep.300,mot_base_1d,1.0,42,33,0.28711035421746367,0.4303062777830187,0.8913272136163702,0.8899775743484497,0.9668196595907439,1.3558390352967593,0.7323135755258127,0.7260565757751465,0.892925430210325
mot_base_1d-bs.512-ep.300,mot_base_1d,1.0,42,34,0.2591231629491423,0.42560726462324255,0.8900841461082425,0.8888338208198547,0.9691145534519029,1.3466424712259502,0.7296367112810708,0.7219170331954956,0.891395793499044
mot_base_1d-bs.512-ep.300,mot_base_1d,1.0,42,35,0.23208660251050156,0.40983214116639083,0.8981640849110729,0.8965137600898743,0.9700707592273857,1.3303798099320887,0.734225621414914,0.7254616022109985,0.8994263862332696
mot_base_1d-bs.512-ep.300,mot_base_1d,1.0,42,36,0.2061073738537635,0.40351042598856407,0.9007936507936508,0.8998011946678162,0.9693536048957736,1.3243312915925998,0.735755258126195,0.7287922501564026,0.8975143403441682
mot_base_1d-bs.512-ep.300,mot_base_1d,1.0,42,37,0.18128800512565513,0.3971351231231952,0.9032797858099063,0.9026205539703369,0.9706922929814497,1.3198047324302775,0.735755258126195,0.7287399768829346,0.9021032504780114
mot_base_1d-bs.512-ep.300,mot_base_1d,1.0,42,38,0.15772644703565564,0.3877759805986817,0.9062918340026773,0.9042282104492188,0.9715050678906101,1.3196266393132694,0.7388145315487572,0.730277419090271,0.8940726577437859
mot_base_1d-bs.512-ep.300,mot_base_1d,1.0,42,39,0.13551568628929433,0.38243921730025454,0.9097819850831899,0.9081829786300659,0.9724134633773188,1.3073729360080815,0.7361376673040153,0.7268791794776917,0.8994263862332696
mot_base_1d-bs.512-ep.300,mot_base_1d,1.0,42,40,0.11474337861210543,0.37886740213417147,0.9111684834576401,0.9099981188774109,0.9721266016446739,1.309290431881498,0.7388145315487572,0.7294471859931946,0.8967495219885278
mot_base_1d-bs.512-ep.300,mot_base_1d,1.0,42,41,0.09549150281252633,0.37720212555223454,0.9115031554790591,0.910300076007843,0.9728915662650602,1.305795868678485,0.7403441682600382,0.7308689951896667,0.897131931166348
mot_base_1d-bs.512-ep.300,mot_base_1d,1.0,42,42,0.07783603724899257,0.37464770916931306,0.9139892904953146,0.9132559895515442,0.9728437559762861,1.308820420332666,0.7403441682600382,0.7312151193618774,0.8967495219885278
mot_base_1d-bs.512-ep.300,mot_base_1d,1.0,42,43,0.06184665997806821,0.37197219028279577,0.9146108242493785,0.913512110710144,0.9727959456875119,1.303080381900357,0.7407265774378585,0.732806384563446,0.8978967495219885
mot_base_1d-bs.512-ep.300,mot_base_1d,1.0,42,44,0.04758647376699032,0.3698062615860578,0.9164276152227959,0.9157623052597046,0.9726525148211895,1.3026501774104102,0.7414913957934991,0.7324259281158447,0.9001912045889101
mot_base_1d-bs.512-ep.300,mot_base_1d,1.0,42,45,0.035111757055874326,0.3688038783858579,0.9166188563778925,0.9155192375183105,0.973130617708931,1.3025139467666071,0.7422562141491396,0.7321801781654358,0.8982791586998088
mot_base_1d-bs.512-ep.300,mot_base_1d,1.0,42,46,0.024471741852423234,0.36869389542568526,0.9162363740676994,0.9155629873275757,0.973130617708931,1.3019004602961057,0.7391969407265775,0.7292829155921936,0.8990439770554494
mot_base_1d-bs.512-ep.300,mot_base_1d,1.0,42,47,0.015708419435684517,0.36813275128756867,0.9159973226238286,0.9150669574737549,0.9733696691528017,1.3023382708401798,0.7430210325047801,0.7330304980278015,0.8975143403441682
mot_base_1d-bs.512-ep.300,mot_base_1d,1.0,42,48,0.00885637463565564,0.36794851012748797,0.9166188563778925,0.9158636331558228,0.9734174794415759,1.302159672986937,0.7422562141491396,0.7321264147758484,0.8982791586998088
mot_base_1d-bs.512-ep.300,mot_base_1d,1.0,42,49,0.0039426493427611176,0.3678976048199436,0.9166666666666666,0.9158248901367188,0.9735131000191242,1.3019959137954857,0.7414913957934991,0.7316636443138123,0.8986615678776291
mot_base_1d-bs.512-ep.300,mot_base_1d,1.0,42,50,0.0009866357858642205,0.3678783193147987,0.9165710460891183,0.9157674312591553,0.97346528973035,1.3019621971232485,0.7414913957934991,0.7316636443138123,0.8982791586998088
mot_giant_1d-bs.512-ep.300,mot_giant_1d,0.1,42,1,0.1,1.7144395682706413,0.6499808758844904,0.6431339383125305,0.8157391470644483,1.7757862506815398,0.6260038240917782,0.6269482970237732,0.8065009560229446
mot_giant_1d-bs.512-ep.300,mot_giant_1d,0.1,42,2,0.09990133642141358,1.207816964012871,0.7678810480015299,0.7570639848709106,0.8788965385350928,1.2716577125097097,0.7495219885277247,0.7416905760765076,0.8734225621414914
mot_giant_1d-bs.512-ep.300,mot_giant_1d,0.1,42,3,0.0996057350657239,0.9974124924496862,0.8107668770319373,0.8064919114112854,0.9077739529546759,1.07598555439061,0.7869980879541109,0.7874875068664551,0.8906309751434034
mot_giant_1d-bs.512-ep.300,mot_giant_1d,0.1,42,4,0.09911436253643444,0.9020829442400484,0.8213807611397973,0.8184855580329895,0.9150889271371199,0.9965058007614107,0.7934990439770554,0.7930888533592224,0.9055449330783939
mot_giant_1d-bs.512-ep.300,mot_giant_1d,0.1,42,5,0.09842915805643154,0.8324049918458712,0.8254446356855996,0.8236079216003418,0.9236947791164659,0.9094236902707393,0.8053537284894837,0.8035294413566589,0.9120458891013384
mot_giant_1d-bs.512-ep.300,mot_giant_1d,0.1,42,6,0.09755282581475767,0.7703224389314606,0.8414132721361637,0.8365204334259033,0.9271849301969783,0.8715337487069417,0.8179732313575526,0.8153615593910217,0.9151051625239006
mot_giant_1d-bs.512-ep.300,mot_giant_1d,0.1,42,7,0.09648882429441256,0.7415515617331211,0.8504494167144769,0.848013162612915,0.9258940524000765,0.8380250467624992,0.8263862332695985,0.8217114210128784,0.912810707456979
mot_giant_1d-bs.512-ep.300,mot_giant_1d,0.1,42,8,0.09524135262330098,0.6698165015568809,0.8699560145343278,0.8660567998886108,0.9343086632243259,0.779397413789884,0.8447418738049713,0.8457581996917725,0.9208413001912046
mot_giant_1d-bs.512-ep.300,mot_giant_1d,0.1,42,9,0.09381533400219318,0.6569305607045579,0.8654140371007841,0.8611418008804321,0.9368904188181296,0.7731574997619279,0.8439770554493308,0.8437803387641907,0.9216061185468452
mot_giant_1d-bs.512-ep.300,mot_giant_1d,0.1,42,10,0.09221639627510075,0.627224530424117,0.8738764582138077,0.8693954944610596,0.9409542933639319,0.7443267588861586,0.8455066921606118,0.8422644138336182,0.9265774378585087
mot_giant_1d-bs.512-ep.300,mot_giant_1d,0.1,42,11,0.09045084971874737,0.5958140185923895,0.8822432587492829,0.8785596489906311,0.9433926180914133,0.7108558268209716,0.860038240917782,0.8574948906898499,0.9288718929254303
mot_giant_1d-bs.512-ep.300,mot_giant_1d,0.1,42,12,0.08852566213878946,0.5823963467672191,0.8849684452094091,0.883643627166748,0.9440619621342513,0.7091710675970774,0.8516252390057362,0.851020336151123,0.9304015296367113
mot_giant_1d-bs.512-ep.300,mot_giant_1d,0.1,42,13,0.08644843137107057,0.5649570122939676,0.8842512908777969,0.8808588981628418,0.9448269267546376,0.6985335151278494,0.8539196940726578,0.8520088195800781,0.9304015296367113
mot_giant_1d-bs.512-ep.300,mot_giant_1d,0.1,42,14,0.08422735529643442,0.5416645984573057,0.8955345190284949,0.893770694732666,0.9473608720596672,0.6731546989134575,0.8634799235181644,0.8638578653335571,0.9288718929254303
mot_giant_1d-bs.512-ep.300,mot_giant_1d,0.1,42,15,0.08187119948743447,0.5155508581596662,0.8980684643335246,0.8952783346176147,0.9509944540065022,0.6496765545175819,0.865774378585086,0.8658578991889954,0.9326959847036329
mot_giant_1d-bs.512-ep.300,mot_giant_1d,0.1,42,16,0.07938926261462366,0.51869452763388,0.8979250334672021,0.8963624835014343,0.9503729202524384,0.6623301941851585,0.8673040152963671,0.8712089657783508,0.9311663479923518
mot_giant_1d-bs.512-ep.300,mot_giant_1d,0.1,42,17,0.07679133974894982,0.4946966894408398,0.8997896347293938,0.8962870240211487,0.9525721935360489,0.6406482361014897,0.864244741873805,0.8634913563728333,0.9346080305927342
mot_giant_1d-bs.512-ep.300,mot_giant_1d,0.1,42,18,0.07408768370508576,0.4792063744625778,0.9085389175750621,0.9046016931533813,0.9537196404666284,0.6240340675952102,0.8718929254302104,0.8697760701179504,0.9353728489483748
mot_giant_1d-bs.512-ep.300,mot_giant_1d,0.1,42,19,0.07128896457825362,0.4743364187836259,0.9093995027729967,0.9065887331962585,0.9553451902849494,0.6103433700182241,0.877246653919694,0.8761361837387085,0.9384321223709369
mot_giant_1d-bs.512-ep.300,mot_giant_1d,0.1,42,20,0.06840622763423389,0.4642150504658842,0.912124689233123,0.9093353152275085,0.9556320520175942,0.6115433964629018,0.8776290630975143,0.8764678239822388,0.9365200764818356
mot_giant_1d-bs.512-ep.300,mot_giant_1d,0.1,42,21,0.06545084971874736,0.45004597665885593,0.9139892904953146,0.9106153249740601,0.9565882577930771,0.5992173926096346,0.8803059273422562,0.8781139850616455,0.9365200764818356
mot_giant_1d-bs.512-ep.300,mot_giant_1d,0.1,42,22,0.06243449435824272,0.4439674030186501,0.9151845477146682,0.9130850434303284,0.9583094281889463,0.5939336707441575,0.8776290630975143,0.8773629665374756,0.9365200764818356
mot_giant_1d-bs.512-ep.300,mot_giant_1d,0.1,42,23,0.05936906572928623,0.4405309006323844,0.9168579078217632,0.9138891696929932,0.9581659973226239,0.5875342710068303,0.8799235181644359,0.8778830766677856,0.9376673040152964
mot_giant_1d-bs.512-ep.300,mot_giant_1d,0.1,42,24,0.056266661678215216,0.43149807139002905,0.9197743354369861,0.916627824306488,0.959217823675655,0.5898384903858542,0.8810707456978968,0.8799495697021484,0.9372848948374761
mot_giant_1d-bs.512-ep.300,mot_giant_1d,0.1,42,25,0.053139525976465665,0.4265636901687678,0.9193440428380187,0.9165136814117432,0.960556511761331,0.5858377890650674,0.8806883365200765,0.8806828856468201,0.9380497131931166
mot_giant_1d-bs.512-ep.300,mot_giant_1d,0.1,42,26,0.049999999999999996,0.4314587203328754,0.9169535283993115,0.9141709208488464,0.9591700133868809,0.5892922009382375,0.8818355640535372,0.8832542896270752,0.9395793499043977
mot_giant_1d-bs.512-ep.300,mot_giant_1d,0.1,42,27,0.046860474023534326,0.4133723113613891,0.9230254350736279,0.9200395941734314,0.9618473895582329,0.5733086988985197,0.8864244741873805,0.8856778740882874,0.9384321223709369
mot_giant_1d-bs.512-ep.300,mot_giant_1d,0.1,42,28,0.04373333832178478,0.41049393277980784,0.9208739720787914,0.9180155992507935,0.9626601644673933,0.569081620458891,0.8814531548757171,0.8808398246765137,0.9388145315487572
mot_giant_1d-bs.512-ep.300,mot_giant_1d,0.1,42,29,0.040630934270713764,0.4031292391361391,0.9259418626888506,0.9235478043556213,0.963186077643909,0.5603151784572273,0.8848948374760994,0.8848448991775513,0.939961759082218
mot_giant_1d-bs.512-ep.300,mot_giant_1d,0.1,42,30,0.03756550564175726,0.4004760972170922,0.9275674125071716,0.9246209859848022,0.9623733027347485,0.560223751906911,0.887189292543021,0.8857368230819702,0.9422562141491396
mot_giant_1d-bs.512-ep.300,mot_giant_1d,0.1,42,31,0.03454915028125265,0.3975668048329735,0.9257984318225282,0.922414243221283,0.9639988525530694,0.5640619252425535,0.8833652007648184,0.8831139206886292,0.9403441682600382
mot_giant_1d-bs.512-ep.300,mot_giant_1d,0.1,42,32,0.03159377236576612,0.3935174402166539,0.9261809141327214,0.9239715337753296,0.9641422834193919,0.5604250774784708,0.8860420650095602,0.8854255676269531,0.9403441682600382
mot_giant_1d-bs.512-ep.300,mot_giant_1d,0.1,42,33,0.028711035421746366,0.3879851539861315,0.9296232549244597,0.9275446534156799,0.9649550583285523,0.5508820280290243,0.8894837476099426,0.8876287937164307,0.9422562141491396
mot_giant_1d-bs.512-ep.300,mot_giant_1d,0.1,42,34,0.025912316294914226,0.3870686353974188,0.928714859437751,0.9264400601387024,0.9647160068846816,0.5529494283760027,0.8898661567877629,0.8899562954902649,0.941491395793499
mot_giant_1d-bs.512-ep.300,mot_giant_1d,0.1,42,35,0.023208660251050155,0.3839635209750892,0.9302925989672978,0.9278073310852051,0.9657678332377128,0.5495917070436204,0.8894837476099426,0.8893226385116577,0.9426386233269598
mot_giant_1d-bs.512-ep.300,mot_giant_1d,0.1,42,36,0.020610737385376346,0.3831378679974035,0.9308663224325875,0.9288282990455627,0.9652419200611971,0.5460514032134135,0.8910133843212237,0.8908160328865051,0.9411089866156788
mot_giant_1d-bs.512-ep.300,mot_giant_1d,0.1,42,37,0.01812880051256551,0.3797652078053308,0.9308185121438134,0.9284541606903076,0.9659112641040352,0.543148294598377,0.8894837476099426,0.8886275291442871,0.9422562141491396
mot_giant_1d-bs.512-ep.300,mot_giant_1d,0.1,42,38,0.015772644703565562,0.3773007381940394,0.9318703384968445,0.9291659593582153,0.9660068846815835,0.544380043569532,0.8925430210325048,0.8920469880104065,0.9418738049713193
mot_giant_1d-bs.512-ep.300,mot_giant_1d,0.1,42,39,0.013551568628929433,0.37538128087023154,0.9329699751386499,0.9304417371749878,0.9665327978580991,0.5399069025685181,0.8917782026768643,0.8914333581924438,0.9434034416826004
mot_giant_1d-bs.512-ep.300,mot_giant_1d,0.1,42,40,0.011474337861210542,0.3737988020589963,0.9335436986039396,0.9310043454170227,0.9668674698795181,0.540990248875226,0.8917782026768643,0.8910217881202698,0.9411089866156788
mot_giant_1d-bs.512-ep.300,mot_giant_1d,0.1,42,41,0.009549150281252632,0.37290955638538975,0.9323006310958118,0.9297678470611572,0.9669630904570664,0.537281765035188,0.8933078393881453,0.8917195200920105,0.9437858508604207
mot_giant_1d-bs.512-ep.300,mot_giant_1d,0.1,42,42,0.007783603724899257,0.3719645829564596,0.9335436986039396,0.9312072992324829,0.9674890036335819,0.5379854293443961,0.8925430210325048,0.8922755718231201,0.944168260038241
mot_giant_1d-bs.512-ep.300,mot_giant_1d,0.1,42,43,0.0061846659978068205,0.3713021817319501,0.9343086632243259,0.931877613067627,0.9665806081468732,0.5372481905935371,0.8944550669216061,0.8943261504173279,0.9426386233269598
mot_giant_1d-bs.512-ep.300,mot_giant_1d,0.1,42,44,0.004758647376699033,0.37002007649856306,0.9342130426467776,0.9319334626197815,0.9667718493019698,0.5358298416575328,0.8933078393881453,0.8927503824234009,0.9430210325047801
mot_giant_1d-bs.512-ep.300,mot_giant_1d,0.1,42,45,0.0035111757055874327,0.36959919899411403,0.9342608529355517,0.9317640066146851,0.9679192962325492,0.5357679013312433,0.892925430210325,0.8924294114112854,0.9434034416826004
mot_giant_1d-bs.512-ep.300,mot_giant_1d,0.1,42,46,0.0024471741852423235,0.3695111235507156,0.9344042838018741,0.9320597648620605,0.9671543316121629,0.535796508643185,0.891395793499044,0.8910290598869324,0.9434034416826004
mot_giant_1d-bs.512-ep.300,mot_giant_1d,0.1,42,47,0.0015708419435684518,0.3691511416804565,0.9347867661120673,0.9323907494544983,0.9676324344999043,0.5354474062217581,0.892925430210325,0.892437756061554,0.9426386233269598
mot_giant_1d-bs.512-ep.300,mot_giant_1d,0.1,42,48,0.000885637463565564,0.3690516757655039,0.934691145534519,0.9322327375411987,0.9675368139223561,0.5352677719087036,0.8936902485659656,0.8933753967285156,0.9426386233269598
mot_giant_1d-bs.512-ep.300,mot_giant_1d,0.1,42,49,0.00039426493427611173,0.3690106674963258,0.9345477146681966,0.9320968389511108,0.9676324344999043,0.5352195849154238,0.8940726577437859,0.89349764585495,0.9426386233269598
mot_giant_1d-bs.512-ep.300,mot_giant_1d,0.1,42,50,9.866357858642205e-05,0.36900192903820334,0.9346433352457448,0.9322012066841125,0.9675846242111302,0.5351985676110816,0.8940726577437859,0.8937754034996033,0.9426386233269598
mot_giant_1d-bs.512-ep.300,mot_giant_1d,0.3,42,1,0.3,27.165535507887903,0.4095907439280933,0.3983858823776245,0.5827117995792694,28.550942835616336,0.3965583173996176,0.39626771211624146,0.5705544933078394
mot_giant_1d-bs.512-ep.300,mot_giant_1d,0.3,42,2,0.29970400926424073,1.2837779987471627,0.7445496270797476,0.7350399494171143,0.8744979919678715,1.4248887290006387,0.7173996175908222,0.7155328392982483,0.8588910133843213
mot_giant_1d-bs.512-ep.300,mot_giant_1d,0.3,42,3,0.2988172051971717,0.8633718284509176,0.8142570281124498,0.8123599290847778,0.9110728628800918,1.019771570822021,0.7873804971319311,0.7891259789466858,0.892925430210325
mot_giant_1d-bs.512-ep.300,mot_giant_1d,0.3,42,4,0.29734308760930334,0.8428258943293285,0.8095238095238095,0.8058014512062073,0.9128896538535093,1.0099214119847373,0.7820267686424475,0.7817437052726746,0.8982791586998088
mot_giant_1d-bs.512-ep.300,mot_giant_1d,0.3,42,5,0.2952874741692947,0.7256727784011441,0.8342895391088162,0.8332841396331787,0.928380187416332,0.8847618511484412,0.8061185468451243,0.8064681887626648,0.9131931166347992
mot_giant_1d-bs.512-ep.300,mot_giant_1d,0.3,42,6,0.2926584774442731,0.6290548030585535,0.8532224134633773,0.8525965809822083,0.934691145534519,0.8095629442262376,0.8240917782026769,0.827280580997467,0.9177820267686424
mot_giant_1d-bs.512-ep.300,mot_giant_1d,0.3,42,7,0.28946647288323774,0.6284691416116125,0.8538439472174412,0.8462366461753845,0.9340696117804551,0.8039298296430599,0.827151051625239,0.8242630958557129,0.9112810707456979
mot_giant_1d-bs.512-ep.300,mot_giant_1d,0.3,42,8,0.28572405786990296,0.5579066498144153,0.8668483457640084,0.8657639026641846,0.9427710843373494,0.7562388914265095,0.8309751434034417,0.8315227627754211,0.9189292543021033
mot_giant_1d-bs.512-ep.300,mot_giant_1d,0.3,42,9,0.28144600200657954,0.5011536960598159,0.887263339070568,0.8859480023384094,0.944635685599541,0.7023501904927066,0.8565965583173997,0.8579323291778564,0.9239005736137668
mot_giant_1d-bs.512-ep.300,mot_giant_1d,0.3,42,10,0.27664918882530226,0.5437955531683678,0.8727768215720023,0.8673645853996277,0.9456875119525722,0.7305085752935756,0.8435946462715105,0.8382880687713623,0.9273422562141491
mot_giant_1d-bs.512-ep.300,mot_giant_1d,0.3,42,11,0.27135254915624213,0.4763751291686113,0.8888888888888888,0.8862278461456299,0.9502294893861158,0.6765842372099254,0.847036328871893,0.8440521359443665,0.9265774378585087
mot_giant_1d-bs.512-ep.300,mot_giant_1d,0.3,42,12,0.2655769864163684,0.46740367887215717,0.8852553069420539,0.8852406144142151,0.9510422642952764,0.6838412210088843,0.8565965583173997,0.8573387265205383,0.930019120458891
mot_giant_1d-bs.512-ep.300,mot_giant_1d,0.3,42,13,0.2593452941132117,0.44724242503475703,0.8913750239051443,0.8865169286727905,0.9540543124880474,0.6622797526547376,0.8562141491395794,0.8503984212875366,0.9323135755258126
mot_giant_1d-bs.512-ep.300,mot_giant_1d,0.3,42,14,0.2526820658893033,0.4445434808503102,0.8919965576592083,0.8887806534767151,0.9553930005737234,0.6569191059236544,0.8531548757170172,0.8505478501319885,0.9311663479923518
mot_giant_1d-bs.512-ep.300,mot_giant_1d,0.3,42,15,0.24561359846230346,0.39424654210496074,0.9061005928475808,0.9058578014373779,0.9591222030981067,0.6218149991153987,0.8715105162523901,0.8724000453948975,0.9323135755258126
mot_giant_1d-bs.512-ep.300,mot_giant_1d,0.3,42,16,0.23816778784387102,0.4041288700129293,0.8960604322050105,0.8956233263015747,0.9619908204245554,0.6413286854614492,0.8581261950286807,0.8591518998146057,0.9323135755258126
mot_giant_1d-bs.512-ep.300,mot_giant_1d,0.3,42,17,0.2303740192468495,0.37064857523034145,0.908156435264869,0.9035312533378601,0.9599349780072671,0.6275893537765708,0.8669216061185469,0.8668334484100342,0.931548757170172
mot_giant_1d-bs.512-ep.300,mot_giant_1d,0.3,42,18,0.22226305111525732,0.3471891458277539,0.9148976859820234,0.9124493598937988,0.9662937464142284,0.5726106935431807,0.8803059273422562,0.8784729242324829,0.9388145315487572
mot_giant_1d-bs.512-ep.300,mot_giant_1d,0.3,42,19,0.21386689373476092,0.3568668055429493,0.9113119143239625,0.9099698066711426,0.9637119908204246,0.5956718452118095,0.8680688336520076,0.8654115200042725,0.9369024856596558
mot_giant_1d-bs.512-ep.300,mot_giant_1d,0.3,42,20,0.20521868290270173,0.353381794619273,0.9194874737043411,0.9173142313957214,0.9643813348632626,0.5873317623685469,0.8745697896749522,0.8723277449607849,0.9330783938814532
mot_giant_1d-bs.512-ep.300,mot_giant_1d,0.3,42,21,0.19635254915624212,0.30890636230705115,0.9277586536622682,0.9228161573410034,0.9682061579651942,0.5512758069011039,0.8826003824091778,0.8777024149894714,0.9384321223709369
mot_giant_1d-bs.512-ep.300,mot_giant_1d,0.3,42,22,0.18730348307472822,0.3028448235808515,0.9245553643144004,0.9222283959388733,0.9715050678906101,0.5499854574695828,0.8799235181644359,0.8800534605979919,0.944168260038241
mot_giant_1d-bs.512-ep.300,mot_giant_1d,0.3,42,23,0.17810719718785872,0.3003014749449283,0.9275674125071716,0.9253164529800415,0.9715050678906101,0.5363221287043555,0.8803059273422562,0.8771937489509583,0.9426386233269598
mot_giant_1d-bs.512-ep.300,mot_giant_1d,0.3,42,24,0.1687999850346457,0.2809108776808195,0.9357907821763244,0.9345487356185913,0.9732262382864793,0.5311281018229789,0.8852772466539197,0.8847625255584717,0.944168260038241
mot_giant_1d-bs.512-ep.300,mot_giant_1d,0.3,42,25,0.15941857792939704,0.27580742827791355,0.934691145534519,0.9323387742042542,0.9743258749282846,0.5360327018606503,0.8822179732313575,0.8801143765449524,0.9384321223709369
mot_giant_1d-bs.512-ep.300,mot_giant_1d,0.3,42,26,0.15000000000000002,0.27066381530703354,0.9378466245936126,0.9359736442565918,0.9735131000191242,0.513496385796804,0.8875717017208413,0.8852889537811279,0.9449330783938814
mot_giant_1d-bs.512-ep.300,mot_giant_1d,0.3,42,27,0.140581422070603,0.25929814019698355,0.9407152419200612,0.9378920197486877,0.975473321858864,0.5130438496460195,0.8921606118546845,0.8895419836044312,0.9426386233269598
mot_giant_1d-bs.512-ep.300,mot_giant_1d,0.3,42,28,0.13120001496535438,0.2518264048640736,0.942962325492446,0.9419160485267639,0.9776725951424746,0.5002991896970322,0.8925430210325048,0.8918682932853699,0.945697896749522
mot_giant_1d-bs.512-ep.300,mot_giant_1d,0.3,42,29,0.12189280281214132,0.25534103130560165,0.9399502772996748,0.9375872611999512,0.9765251482118952,0.509406926025624,0.8921606118546845,0.8903809189796448,0.9468451242829828
mot_giant_1d-bs.512-ep.300,mot_giant_1d,0.3,42,30,0.11269651692527179,0.23830883624700042,0.9477433543698603,0.9456813931465149,0.9777204054312488,0.4864501347733273,0.9017208413001913,0.8984984755516052,0.9460803059273423
mot_giant_1d-bs.512-ep.300,mot_giant_1d,0.3,42,31,0.10364745084375795,0.24172868015524943,0.9444922547332186,0.9424325823783875,0.9792025243832473,0.5045207156733846,0.8910133843212237,0.8901203274726868,0.9449330783938814
mot_giant_1d-bs.512-ep.300,mot_giant_1d,0.3,42,32,0.09478131709729837,0.2255653451382259,0.9510422642952764,0.9494860768318176,0.9808280742015681,0.48226412231562016,0.8994263862332696,0.8989166021347046,0.9453154875717017
mot_giant_1d-bs.512-ep.300,mot_giant_1d,0.3,42,33,0.08613310626523911,0.22803230307530345,0.9507554025626315,0.9494876861572266,0.9804934021801491,0.4778264638342775,0.8978967495219885,0.8968238830566406,0.9483747609942639
mot_giant_1d-bs.512-ep.300,mot_giant_1d,0.3,42,34,0.0777369488847427,0.22263693148375333,0.9522853318034041,0.9504225254058838,0.9812583668005355,0.4757398667344628,0.8998087954110898,0.897878885269165,0.9483747609942639
mot_giant_1d-bs.512-ep.300,mot_giant_1d,0.3,42,35,0.06962598075315048,0.22266492781618125,0.9512335054503729,0.9492466449737549,0.9812105565117614,0.4789494676754078,0.8975143403441682,0.8959919810295105,0.9491395793499044
mot_giant_1d-bs.512-ep.300,mot_giant_1d,0.3,42,36,0.06183221215612905,0.21646109300308097,0.9542933639319181,0.9529457092285156,0.9815930388219545,0.46621995127223875,0.9024856596558317,0.9010260105133057,0.9499043977055449
mot_giant_1d-bs.512-ep.300,mot_giant_1d,0.3,42,37,0.05438640153769654,0.2098482298472571,0.9571619812583668,0.9557044506072998,0.9830273474851788,0.4578080171836722,0.902868068833652,0.9013619422912598,0.9506692160611855
mot_giant_1d-bs.512-ep.300,mot_giant_1d,0.3,42,38,0.047317934110696694,0.205213227949582,0.958213807611398,0.9563934206962585,0.9836488812392427,0.46103654281587036,0.9032504780114723,0.9009784460067749,0.9495219885277246
mot_giant_1d-bs.512-ep.300,mot_giant_1d,0.3,42,39,0.0406547058867883,0.20607815000381222,0.957879135589979,0.955727219581604,0.9835532606616944,0.45940023316480005,0.902868068833652,0.9005702137947083,0.9495219885277246
mot_giant_1d-bs.512-ep.300,mot_giant_1d,0.3,42,40,0.03442301358363163,0.20281488285805166,0.958883151654236,0.9574403166770935,0.9847963281698221,0.4596429288729199,0.9032504780114723,0.9023416638374329,0.9476099426386233
mot_giant_1d-bs.512-ep.300,mot_giant_1d,0.3,42,41,0.0286474508437579,0.20383814339155357,0.958883151654236,0.9573225378990173,0.98407917383821,0.45721290654023794,0.9017208413001913,0.8997631072998047,0.9495219885277246
mot_giant_1d-bs.512-ep.300,mot_giant_1d,0.3,42,42,0.023350811174697773,0.20124681357513036,0.9598393574297188,0.9586829543113708,0.9846050870147256,0.4561544808557339,0.9047801147227533,0.9034216403961182,0.9502868068833652
mot_giant_1d-bs.512-ep.300,mot_giant_1d,0.3,42,43,0.018553997993420463,0.20084624902357173,0.9597437368521706,0.958390474319458,0.9842704149933066,0.45601244939216923,0.9032504780114723,0.902133047580719,0.9491395793499044
mot_giant_1d-bs.512-ep.300,mot_giant_1d,0.3,42,44,0.014275942130097098,0.19821544805159416,0.9604608911837828,0.9590970873832703,0.9853700516351118,0.4520454268154633,0.9036328871892926,0.9025725722312927,0.9506692160611855
mot_giant_1d-bs.512-ep.300,mot_giant_1d,0.3,42,45,0.010533527116762299,0.19768538988441325,0.9614649072480398,0.9601589441299438,0.9854656722126601,0.45079176047564007,0.9047801147227533,0.9032913446426392,0.9510516252390058
mot_giant_1d-bs.512-ep.300,mot_giant_1d,0.3,42,46,0.00734152255572697,0.19743432367616276,0.9613692866704915,0.9600955247879028,0.9852266207687894,0.4514749676502002,0.9040152963671129,0.9027238488197327,0.9502868068833652
mot_giant_1d-bs.512-ep.300,mot_giant_1d,0.3,42,47,0.004712525830705355,0.19676863757345228,0.9616083381143622,0.9602821469306946,0.9856091030789826,0.45074325328119397,0.9047801147227533,0.9034144878387451,0.9502868068833652
mot_giant_1d-bs.512-ep.300,mot_giant_1d,0.3,42,48,0.0026569123906966916,0.1965739654523507,0.9618473895582329,0.9605368971824646,0.9856569133677567,0.4503629622450294,0.9051625239005736,0.9037481546401978,0.9499043977055449
mot_giant_1d-bs.512-ep.300,mot_giant_1d,0.3,42,49,0.001182794802828335,0.19651774134501876,0.9620864410021036,0.9607882499694824,0.9855134825014343,0.4503797790060536,0.9051625239005736,0.9037481546401978,0.9506692160611855
mot_giant_1d-bs.512-ep.300,mot_giant_1d,0.3,42,50,0.0002959907357592661,0.1965046678544185,0.9619908204245554,0.9607157111167908,0.9855612927902084,0.45034575307346436,0.9051625239005736,0.9037481546401978,0.9506692160611855
mot_giant_1d-bs.512-ep.300,mot_giant_1d,0.5,42,1,0.5,56.37534367019119,0.27500478102887743,0.2607680559158325,0.4322528208070377,55.414534863094524,0.2695984703632887,0.26637694239616394,0.42523900573613765
mot_giant_1d-bs.512-ep.300,mot_giant_1d,0.5,42,2,0.4995066821070679,4.501017607519106,0.6906674316312871,0.6817969679832458,0.8294128896538535,4.811923970501464,0.681453154875717,0.6742746233940125,0.8252390057361376
mot_giant_1d-bs.512-ep.300,mot_giant_1d,0.5,42,3,0.4980286753286195,1.458577502045127,0.7930292598967298,0.7924126982688904,0.8987378083763626,1.6761078923883674,0.7694072657743786,0.7710546851158142,0.8910133843212237
mot_giant_1d-bs.512-ep.300,mot_giant_1d,0.5,42,4,0.4955718126821722,1.336959163689846,0.7974278064639511,0.7906175255775452,0.9065308854465481,1.6232517016321477,0.7697896749521989,0.7686099410057068,0.8956022944550669
mot_giant_1d-bs.512-ep.300,mot_giant_1d,0.5,42,5,0.49214579028215777,0.9413542110073245,0.8358194683495889,0.8330832719802856,0.9302447886785237,1.2038688054276243,0.8084130019120459,0.8075825572013855,0.912810707456979
mot_giant_1d-bs.512-ep.300,mot_giant_1d,0.5,42,6,0.4877641290737884,1.275308665729522,0.8286001147446931,0.8304522037506104,0.9147542551157009,1.5734635537258754,0.8061185468451243,0.8092663288116455,0.8967495219885278
mot_giant_1d-bs.512-ep.300,mot_giant_1d,0.5,42,7,0.48244412147206284,0.9919490816032802,0.8318034040925607,0.8233422040939331,0.9158060814687321,1.3350667264219909,0.7980879541108986,0.7925073504447937,0.891395793499044
mot_giant_1d-bs.512-ep.300,mot_giant_1d,0.5,42,8,0.4762067631165049,0.7997628637107022,0.8477720405431248,0.8476624488830566,0.9337827500478103,1.1565376938187142,0.8175908221797323,0.8194230794906616,0.9108986615678776
mot_giant_1d-bs.512-ep.300,mot_giant_1d,0.5,42,9,0.46907667001096587,0.6742596408335514,0.8722509083954867,0.8698657751083374,0.9407152419200612,0.9855943362525954,0.8424474187380497,0.8405746221542358,0.9162523900573614
mot_giant_1d-bs.512-ep.300,mot_giant_1d,0.5,42,10,0.46108198137550377,0.9904248030971309,0.8268789443488239,0.8200269937515259,0.9326353031172309,1.3020332219723763,0.794263862332696,0.7853177785873413,0.9124282982791587
mot_giant_1d-bs.512-ep.300,mot_giant_1d,0.5,42,11,0.45225424859373686,0.619734980951055,0.8806655192197361,0.8780184388160706,0.9449225473321858,0.91752252305215,0.8439770554493308,0.8400982022285461,0.9216061185468452
mot_giant_1d-bs.512-ep.300,mot_giant_1d,0.5,42,12,0.4426283106939473,0.5626269202087367,0.8844425320328935,0.8828441500663757,0.9495123350545037,0.9072291343207569,0.8573613766730401,0.8570966124534607,0.9296367112810707
mot_giant_1d-bs.512-ep.300,mot_giant_1d,0.5,42,13,0.4322421568553529,0.5373388581486591,0.8845859628992159,0.8793716430664062,0.9533371581564353,0.8692933456391723,0.8443594646271511,0.8378238081932068,0.9281070745697897
mot_giant_1d-bs.512-ep.300,mot_giant_1d,0.5,42,14,0.4211367764821722,0.5531496000371989,0.8819085867278639,0.8794940114021301,0.9513769363166954,0.885439577704406,0.8455066921606118,0.8432183861732483,0.9246653919694072
mot_giant_1d-bs.512-ep.300,mot_giant_1d,0.5,42,15,0.40935599743717244,0.46680188603053746,0.8980684643335246,0.8985698223114014,0.9566838783706254,0.8137030942490179,0.8703632887189292,0.8720242977142334,0.930019120458891
mot_giant_1d-bs.512-ep.300,mot_giant_1d,0.5,42,16,0.39694631307311834,0.5459015912457027,0.8808567603748326,0.8803447484970093,0.959552495697074,0.9069289635973724,0.850095602294455,0.8512799739837646,0.9323135755258126
mot_giant_1d-bs.512-ep.300,mot_giant_1d,0.5,42,17,0.38395669874474914,0.4056511591898367,0.903184165232358,0.8996893167495728,0.9606043220501052,0.7965200843592218,0.8623326959847036,0.8622725605964661,0.9323135755258126
mot_giant_1d-bs.512-ep.300,mot_giant_1d,0.5,42,18,0.3704384185254288,0.4210640587572341,0.9035666475425511,0.9005608558654785,0.9619430101357812,0.7614110410555371,0.8676864244741874,0.8662969470024109,0.935755258126195
mot_giant_1d-bs.512-ep.300,mot_giant_1d,0.5,42,19,0.35644482289126816,0.38463365536936156,0.9090170204628036,0.9080262184143066,0.9636163702428763,0.7521955617755138,0.8653919694072658,0.8637237548828125,0.9395793499043977
mot_giant_1d-bs.512-ep.300,mot_giant_1d,0.5,42,20,0.34203113817116954,0.38537022980387065,0.9173360107095047,0.9146926999092102,0.9647160068846816,0.7379612661912383,0.8707456978967495,0.8692634701728821,0.9334608030592734
mot_giant_1d-bs.512-ep.300,mot_giant_1d,0.5,42,21,0.32725424859373686,0.3129437880298106,0.9255115700898834,0.9207245111465454,0.9683017785427424,0.6796627103028744,0.8787762906309752,0.8731226325035095,0.9380497131931166
mot_giant_1d-bs.512-ep.300,mot_giant_1d,0.5,42,22,0.31217247179121366,0.3144097388372022,0.9200611971696309,0.9182057976722717,0.9711703958691911,0.6921496046660736,0.8715105162523901,0.8724117875099182,0.9418738049713193
mot_giant_1d-bs.512-ep.300,mot_giant_1d,0.5,42,23,0.2968453286464312,0.29335909487982736,0.9259418626888506,0.9237069487571716,0.9724612736660929,0.6402018749463171,0.8791586998087955,0.8770485520362854,0.9418738049713193
mot_giant_1d-bs.512-ep.300,mot_giant_1d,0.5,42,24,0.2813333083910761,0.2839961043733738,0.9287626697265251,0.927858293056488,0.9724134633773188,0.6586214521419022,0.8768642447418739,0.8762984275817871,0.9418738049713193
mot_giant_1d-bs.512-ep.300,mot_giant_1d,0.5,42,25,0.26569762988232837,0.26907980841007256,0.9302925989672978,0.9276024103164673,0.9739912029068656,0.6488695235826774,0.8753346080305927,0.8723673224449158,0.9407265774378585
mot_giant_1d-bs.512-ep.300,mot_giant_1d,0.5,42,26,0.25,0.25598082430254643,0.9371294702620003,0.9355173707008362,0.9746605469497036,0.6114734952354066,0.8852772466539197,0.882239580154419,0.9449330783938814
mot_giant_1d-bs.512-ep.300,mot_giant_1d,0.5,42,27,0.23430237011767166,0.23437355745132804,0.9408586727863836,0.9383615255355835,0.9774813539873781,0.616200641464321,0.8875717017208413,0.8864416480064392,0.944168260038241
mot_giant_1d-bs.512-ep.300,mot_giant_1d,0.5,42,28,0.21866669160892396,0.2298500982427898,0.9409542933639319,0.940162181854248,0.9783897494740869,0.5963980198818228,0.8894837476099426,0.8887733221054077,0.944168260038241
mot_giant_1d-bs.512-ep.300,mot_giant_1d,0.5,42,29,0.20315467135356885,0.2264508674422421,0.9427232740485753,0.9409351348876953,0.9784853700516352,0.5974796397280283,0.8891013384321224,0.8862936496734619,0.9445506692160612
mot_giant_1d-bs.512-ep.300,mot_giant_1d,0.5,42,30,0.1878275282087863,0.19963102364407873,0.9511856951615988,0.9493182301521301,0.9804934021801491,0.559976067916841,0.8978967495219885,0.8967618346214294,0.945697896749522
mot_giant_1d-bs.512-ep.300,mot_giant_1d,0.5,42,31,0.17274575140626322,0.19945790029479432,0.9508988334289539,0.9491355419158936,0.980780263912794,0.5789770968785477,0.892925430210325,0.89232337474823,0.9468451242829828
mot_giant_1d-bs.512-ep.300,mot_giant_1d,0.5,42,32,0.15796886182883058,0.18385242244029598,0.9538152610441767,0.9524034857749939,0.9826926754637598,0.5528220532273244,0.8978967495219885,0.8969454169273376,0.945697896749522
mot_giant_1d-bs.512-ep.300,mot_giant_1d,0.5,42,33,0.14355517710873184,0.1829413530543421,0.9555842417288201,0.9544095396995544,0.9828839166188563,0.544712736228228,0.8963671128107075,0.8957462906837463,0.9487571701720842
mot_giant_1d-bs.512-ep.300,mot_giant_1d,0.5,42,34,0.12956158147457114,0.17928814646344632,0.9564926372155288,0.9548959136009216,0.9838401223943393,0.5444538123748954,0.8948374760994264,0.8937819600105286,0.9476099426386233
mot_giant_1d-bs.512-ep.300,mot_giant_1d,0.5,42,35,0.11604330125525078,0.17558999945224185,0.9556320520175942,0.9536806344985962,0.9842704149933066,0.5451934384114427,0.8959847036328872,0.8938552141189575,0.9487571701720842
mot_giant_1d-bs.512-ep.300,mot_giant_1d,0.5,42,36,0.10305368692688174,0.1662361985252382,0.9586919104991394,0.9576165676116943,0.9854656722126601,0.5245456936254556,0.8990439770554494,0.8978903293609619,0.9521988527724665
mot_giant_1d-bs.512-ep.300,mot_giant_1d,0.5,42,37,0.09064400256282756,0.15792894304129243,0.9627557850449416,0.9619596004486084,0.9859915853891758,0.5158419672891241,0.9036328871892926,0.9023393392562866,0.9510516252390058
mot_giant_1d-bs.512-ep.300,mot_giant_1d,0.5,42,38,0.07886322351782782,0.15259971931437094,0.9637598011091987,0.962175726890564,0.9870434117422069,0.518169588340628,0.9005736137667304,0.8987964391708374,0.9487571701720842
mot_giant_1d-bs.512-ep.300,mot_giant_1d,0.5,42,39,0.06775784314464717,0.15395388235711166,0.9639032319755211,0.9623733758926392,0.9868521705871104,0.5143457197550378,0.9021032504780114,0.8996240496635437,0.9518164435946462
mot_giant_1d-bs.512-ep.300,mot_giant_1d,0.5,42,40,0.057371689306052714,0.14830836129931743,0.9665806081468732,0.9657151699066162,0.9876171352074966,0.5155035248677999,0.9001912045889101,0.8996053338050842,0.9495219885277246
mot_giant_1d-bs.512-ep.300,mot_giant_1d,0.5,42,41,0.047745751406263165,0.14964208025666947,0.9652897303499713,0.9638186693191528,0.9874258940524001,0.5126047269336125,0.8994263862332696,0.8974245190620422,0.9510516252390058
mot_giant_1d-bs.512-ep.300,mot_giant_1d,0.5,42,42,0.03891801862449629,0.1464151330741055,0.9665806081468732,0.9658076763153076,0.9870912220309811,0.5102078731383693,0.904397705544933,0.9030888080596924,0.9521988527724665
mot_giant_1d-bs.512-ep.300,mot_giant_1d,0.5,42,43,0.030923329989034104,0.14584159531906107,0.9669152801682922,0.9659445285797119,0.9870912220309811,0.5114832037493559,0.9024856596558317,0.9009789824485779,0.9510516252390058
mot_giant_1d-bs.512-ep.300,mot_giant_1d,0.5,42,44,0.02379323688349516,0.14260972373730413,0.9673455727672595,0.9664209485054016,0.9878561866513674,0.5041145062127487,0.901338432122371,0.9000828266143799,0.9529636711281071
mot_giant_1d-bs.512-ep.300,mot_giant_1d,0.5,42,45,0.017555878527937163,0.14184092837005574,0.9678236756550009,0.966864824295044,0.9879039969401415,0.502455390798886,0.9040152963671129,0.9021192193031311,0.9510516252390058
mot_giant_1d-bs.512-ep.300,mot_giant_1d,0.5,42,46,0.012235870926211617,0.14111935843881537,0.9678714859437751,0.9669649600982666,0.9879996175176898,0.5031919986294515,0.9021032504780114,0.9004933834075928,0.9529636711281071
mot_giant_1d-bs.512-ep.300,mot_giant_1d,0.5,42,47,0.007854209717842259,0.14042248468732807,0.9682539682539683,0.9672834873199463,0.9880474278064639,0.501925575300111,0.9021032504780114,0.9001821279525757,0.9521988527724665
mot_giant_1d-bs.512-ep.300,mot_giant_1d,0.5,42,48,0.00442818731782782,0.14017239549826152,0.9685408299866132,0.9674878120422363,0.9879518072289156,0.5016517770449929,0.9009560229445507,0.8993266224861145,0.9521988527724665
mot_giant_1d-bs.512-ep.300,mot_giant_1d,0.5,42,49,0.0019713246713805588,0.14010293220648418,0.9683973991202907,0.9673622250556946,0.9880952380952381,0.5016888795345736,0.9017208413001913,0.8999766707420349,0.9518164435946462
mot_giant_1d-bs.512-ep.300,mot_giant_1d,0.5,42,50,0.0004933178929321103,0.1400844952781562,0.9683973991202907,0.9673570394515991,0.9881430483840122,0.5016131515940562,0.9017208413001913,0.8999766707420349,0.9518164435946462
mot_giant_1d-bs.512-ep.300,mot_giant_1d,0.7,42,1,0.7,124.31075083618981,0.24856569133677567,0.24164825677871704,0.40098489194874737,130.5308874301655,0.24665391969407266,0.24196884036064148,0.40458891013384324
mot_giant_1d-bs.512-ep.300,mot_giant_1d,0.7,42,2,0.699309354949895,4.025339233462636,0.7076878944348823,0.6937499046325684,0.8278829604130808,4.650058085512705,0.681453154875717,0.6702309250831604,0.8107074569789675
mot_giant_1d-bs.512-ep.300,mot_giant_1d,0.7,42,3,0.6972401454600672,2.7308728390794155,0.7449799196787149,0.7445028424263,0.8809045706636068,3.1623586271734583,0.722753346080306,0.7344053387641907,0.8588910133843213
mot_giant_1d-bs.512-ep.300,mot_giant_1d,0.7,42,4,0.6938005377550409,1.7582403005343548,0.8009657678332377,0.7976425290107727,0.9096863645056417,2.1441443966633957,0.7751434034416826,0.7720693349838257,0.8998087954110898
mot_giant_1d-bs.512-ep.300,mot_giant_1d,0.7,42,5,0.6890041063950206,1.9807476243226836,0.7822241346337732,0.7812472581863403,0.9053356282271945,2.359003649797312,0.7571701720841301,0.7587440609931946,0.8933078393881453
mot_giant_1d-bs.512-ep.300,mot_giant_1d,0.7,42,6,0.6828697807033035,1.698542383164424,0.8160260087970931,0.8114215731620789,0.9089213998852553,2.2245400423301565,0.7877629063097514,0.7863091826438904,0.8948374760994264
mot_giant_1d-bs.512-ep.300,mot_giant_1d,0.7,42,7,0.6754217700608878,1.624983441193625,0.8059858481545229,0.7991962432861328,0.9146108242493785,2.0455449820932423,0.777055449330784,0.767638087272644,0.8952198852772466
mot_giant_1d-bs.512-ep.300,mot_giant_1d,0.7,42,8,0.6666894683631067,1.2000409959948846,0.8416523235800344,0.8365300893783569,0.9312488047427806,1.7554022998700407,0.8099426386233269,0.8069161772727966,0.9093690248565965
mot_giant_1d-bs.512-ep.300,mot_giant_1d,0.7,42,9,0.6567073380153521,1.1570978139139403,0.8504016064257028,0.8485538959503174,0.9299101166571047,1.62484738293387,0.8225621414913958,0.8236370086669922,0.9101338432122371
mot_giant_1d-bs.512-ep.300,mot_giant_1d,0.7,42,10,0.6455147739257051,1.0129649307650757,0.851118760757315,0.8458979725837708,0.9405240007649647,1.4287185202137234,0.8298279158699808,0.8234239220619202,0.9265774378585087
mot_giant_1d-bs.512-ep.300,mot_giant_1d,0.7,42,11,0.6331559480312314,0.9419922426522497,0.8582424937846624,0.854257345199585,0.9384203480589023,1.4021587189479265,0.8347992351816443,0.8311457633972168,0.9147227533460803
mot_giant_1d-bs.512-ep.300,mot_giant_1d,0.7,42,12,0.619679634971526,0.8804444799826282,0.8647925033467202,0.8643834590911865,0.9438229106903806,1.4269675552047234,0.8321223709369024,0.8349791169166565,0.9158699808795411
mot_giant_1d-bs.512-ep.300,mot_giant_1d,0.7,42,13,0.6051390195974938,0.9227264597256796,0.8576209600305986,0.8515921831130981,0.9432013769363167,1.5004495390970438,0.8202676864244742,0.8198831677436829,0.9193116634799235
mot_giant_1d-bs.512-ep.300,mot_giant_1d,0.7,42,14,0.5895914870750408,0.8396020634130119,0.8670873972078791,0.860679030418396,0.9469783897494741,1.3123740756033027,0.8363288718929255,0.8297862410545349,0.924282982791587
mot_giant_1d-bs.512-ep.300,mot_giant_1d,0.7,42,15,0.5730983964120412,0.5784678773776047,0.9010805125262956,0.9007568955421448,0.9563013960604322,1.0444062001390622,0.8715105162523901,0.8724796772003174,0.92848948374761
mot_giant_1d-bs.512-ep.300,mot_giant_1d,0.7,42,16,0.5557248383023655,0.6995442626261533,0.8816695352839932,0.8809481859207153,0.9544846050870147,1.267667467689879,0.8455066921606118,0.8478412628173828,0.9269598470363288
mot_giant_1d-bs.512-ep.300,mot_giant_1d,0.7,42,17,0.5375393782426486,0.5211349224857309,0.9011761331038439,0.8984863758087158,0.9591222030981067,1.0875324344087969,0.8550669216061185,0.8556820154190063,0.9311663479923518
mot_giant_1d-bs.512-ep.300,mot_giant_1d,0.7,42,18,0.5186137859356001,0.5764449956335468,0.8959170013386881,0.8923971056938171,0.957879135589979,1.0527603878801686,0.8588910133843213,0.8549399375915527,0.9334608030592734
mot_giant_1d-bs.512-ep.300,mot_giant_1d,0.7,42,19,0.49902275204777524,0.5177809014377823,0.9027538726333907,0.9025253057479858,0.9600305985848154,1.061118066470436,0.8615678776290631,0.8621935844421387,0.9330783938814532
mot_giant_1d-bs.512-ep.300,mot_giant_1d,0.7,42,20,0.47884359343963717,0.5121538077788682,0.9093995027729967,0.9069063663482666,0.9622776821572002,1.0113823593460578,0.865774378585086,0.8650529384613037,0.9334608030592734
mot_giant_1d-bs.512-ep.300,mot_giant_1d,0.7,42,21,0.45815594803123144,0.42448169292786264,0.9197265251482118,0.9146199226379395,0.964859437751004,0.9391450477147877,0.8734225621414914,0.8684678673744202,0.9369024856596558
mot_giant_1d-bs.512-ep.300,mot_giant_1d,0.7,42,22,0.437041460507699,0.3679809872154342,0.9256550009562058,0.9235275983810425,0.9693057946069994,0.8786439468938123,0.8768642447418739,0.8773658871650696,0.9418738049713193
mot_giant_1d-bs.512-ep.300,mot_giant_1d,0.7,42,23,0.4155834601050035,0.35236963092266294,0.9241728820042073,0.9221659898757935,0.9713616370242876,0.8288931516570753,0.8806883365200765,0.8780893087387085,0.9411089866156788
mot_giant_1d-bs.512-ep.300,mot_giant_1d,0.7,42,24,0.3938666317475064,0.3637867356878687,0.9234557276725951,0.9219992160797119,0.9689233122968063,0.8892493778615336,0.8707456978967495,0.8706686496734619,0.941491395793499
mot_giant_1d-bs.512-ep.300,mot_giant_1d,0.7,42,25,0.37197668183525956,0.3117930110815402,0.929384203480589,0.927268385887146,0.9734174794415759,0.8245840331564442,0.8780114722753346,0.8743056654930115,0.9411089866156788
mot_giant_1d-bs.512-ep.300,mot_giant_1d,0.7,42,26,0.34999999999999987,0.30294130034965594,0.934021801491681,0.9319708943367004,0.973799961751769,0.8007649190111324,0.8833652007648184,0.8802111148834229,0.9426386233269598
mot_giant_1d-bs.512-ep.300,mot_giant_1d,0.7,42,27,0.3280233181647402,0.27604038041917833,0.9366513673742589,0.9341842532157898,0.9758558041690572,0.7999073619368428,0.8852772466539197,0.8834599256515503,0.9437858508604207
mot_giant_1d-bs.512-ep.300,mot_giant_1d,0.7,42,28,0.3061333682524934,0.27311955927252246,0.938324727481354,0.9376283884048462,0.9770510613884108,0.7855318437798757,0.8906309751434034,0.8902395367622375,0.944168260038241
mot_giant_1d-bs.512-ep.300,mot_giant_1d,0.7,42,29,0.28441653989499627,0.25479341246334447,0.9413845859628992,0.9397389888763428,0.9771466819659591,0.7692575414595595,0.8875717017208413,0.8865247964859009,0.9449330783938814
mot_giant_1d-bs.512-ep.300,mot_giant_1d,0.7,42,30,0.2629585394923007,0.21906313925360282,0.948269267546376,0.9464372992515564,0.9805890227576974,0.7120935181130871,0.8944550669216061,0.8927794694900513,0.9468451242829828
mot_giant_1d-bs.512-ep.300,mot_giant_1d,0.7,42,31,0.2418440519687684,0.2162487925432635,0.9488908013004399,0.9472457766532898,0.9800152992924077,0.7306256719118779,0.8956022944550669,0.8943127393722534,0.944168260038241
mot_giant_1d-bs.512-ep.300,mot_giant_1d,0.7,42,32,0.2211564065603627,0.1971796548350588,0.9514725568942436,0.9500141739845276,0.9822145725760184,0.7092054275891977,0.8959847036328872,0.8949716091156006,0.9449330783938814
mot_giant_1d-bs.512-ep.300,mot_giant_1d,0.7,42,33,0.20097724795222446,0.19282406232260818,0.9533371581564353,0.9520606398582458,0.9823580034423408,0.6977802313080709,0.8944550669216061,0.8933479189872742,0.947227533460803
mot_giant_1d-bs.512-ep.300,mot_giant_1d,0.7,42,34,0.1813862140643995,0.19569008048074518,0.9528590552686939,0.9514309763908386,0.9829795371964046,0.7027962708336445,0.8959847036328872,0.8950375318527222,0.947227533460803
mot_giant_1d-bs.512-ep.300,mot_giant_1d,0.7,42,35,0.16246062175735101,0.1789570075874234,0.9546280359533371,0.9523176550865173,0.98407917383821,0.6922587144899095,0.897131931166348,0.894112765789032,0.9476099426386233
mot_giant_1d-bs.512-ep.300,mot_giant_1d,0.7,42,36,0.14427516169763435,0.16358339218866258,0.9594568751195257,0.9584143757820129,0.9853222413463377,0.660103244672086,0.8990439770554494,0.8979663252830505,0.9525812619502868
mot_giant_1d-bs.512-ep.300,mot_giant_1d,0.7,42,37,0.12690160358795852,0.15588987026371448,0.9627557850449416,0.9619354009628296,0.9861350162554982,0.6564303381721103,0.901338432122371,0.8995838165283203,0.9514340344168261
mot_giant_1d-bs.512-ep.300,mot_giant_1d,0.7,42,38,0.11040851292495889,0.149095033910813,0.9643335245744884,0.9628849625587463,0.9868043602983362,0.6525071678380437,0.9032504780114723,0.9009502530097961,0.9499043977055449
mot_giant_1d-bs.512-ep.300,mot_giant_1d,0.7,42,39,0.09486098040250598,0.15056271634199442,0.9636163702428763,0.9623205661773682,0.9866131191432396,0.64446548111808,0.9005736137667304,0.8978268504142761,0.9487571701720842
mot_giant_1d-bs.512-ep.300,mot_giant_1d,0.7,42,40,0.08032036502847376,0.14122412605526388,0.9667240390131956,0.9660465121269226,0.9874258940524001,0.6465696396836815,0.901338432122371,0.9005164504051208,0.9502868068833652
mot_giant_1d-bs.512-ep.300,mot_giant_1d,0.7,42,41,0.06684405196876839,0.14116680359927025,0.9656244023713904,0.9644802808761597,0.9873302734748518,0.6444732345085071,0.8998087954110898,0.8976952433586121,0.9506692160611855
mot_giant_1d-bs.512-ep.300,mot_giant_1d,0.7,42,42,0.05448522607429477,0.13835071053781253,0.9672499521897112,0.966623842716217,0.9871390323197552,0.6376168697787516,0.9032504780114723,0.9006974697113037,0.9491395793499044
mot_giant_1d-bs.512-ep.300,mot_giant_1d,0.7,42,43,0.04329266198464772,0.13711731044939268,0.9674411933448078,0.9665244817733765,0.9874258940524001,0.6401921113636024,0.9009560229445507,0.899837851524353,0.9483747609942639
mot_giant_1d-bs.512-ep.300,mot_giant_1d,0.7,42,44,0.03331053163689321,0.13318857026843364,0.9679671065213233,0.9672726988792419,0.9879039969401415,0.6318629627701885,0.901338432122371,0.8996917009353638,0.9510516252390058
mot_giant_1d-bs.512-ep.300,mot_giant_1d,0.7,42,45,0.024578229939112014,0.13174007850387262,0.9687320711417097,0.9679784178733826,0.9882864792503346,0.6290444937536411,0.904397705544933,0.9027603268623352,0.9506692160611855
mot_giant_1d-bs.512-ep.300,mot_giant_1d,0.7,42,46,0.017130219296696253,0.13066912632094307,0.968493019697839,0.9677655696868896,0.9884299101166572,0.6296137713109557,0.9051625239005736,0.9029608964920044,0.9502868068833652
mot_giant_1d-bs.512-ep.300,mot_giant_1d,0.7,42,47,0.010995893604979155,0.12985283003001122,0.9686842608529356,0.9678639769554138,0.9884777204054312,0.6274843540519874,0.9047801147227533,0.902791440486908,0.9499043977055449
mot_giant_1d-bs.512-ep.300,mot_giant_1d,0.7,42,48,0.006199462244958943,0.1295320332494879,0.9693057946069994,0.9684329032897949,0.9884777204054312,0.6273603537798383,0.9036328871892926,0.9016211032867432,0.9506692160611855
mot_giant_1d-bs.512-ep.300,mot_giant_1d,0.7,42,49,0.0027598545399327803,0.1294435443465991,0.9692579843182253,0.9684036374092102,0.9885255306942053,0.6274678370692762,0.9036328871892926,0.9016211032867432,0.9506692160611855
mot_giant_1d-bs.512-ep.300,mot_giant_1d,0.7,42,50,0.0006906450501049539,0.1294191015407309,0.9694492254733219,0.9685856103897095,0.9884777204054312,0.6273323263310565,0.9036328871892926,0.9016211032867432,0.9506692160611855
mot_giant_1d-bs.512-ep.300,mot_giant_1d,1.0,42,1,1.0,177.05028649346735,0.275530694205393,0.25926753878593445,0.4076783323771276,164.1644501374283,0.27992351816443595,0.2614397704601288,0.40764818355640536
mot_giant_1d-bs.512-ep.300,mot_giant_1d,1.0,42,2,0.9990133642141358,6.4813243131333,0.719162363740677,0.7126129269599915,0.8306081468732072,7.126070268386637,0.6898661567877629,0.690705418586731,0.8217973231357553
mot_giant_1d-bs.512-ep.300,mot_giant_1d,1.0,42,3,0.996057350657239,3.9044918411205276,0.7744310575635877,0.774397075176239,0.8770319372729011,4.436630006866747,0.7441682600382409,0.7500150799751282,0.8669216061185469
mot_giant_1d-bs.512-ep.300,mot_giant_1d,1.0,42,4,0.9911436253643444,3.0667579637747417,0.7773474851788105,0.7761003971099854,0.8954388984509466,3.628715303614308,0.761376673040153,0.7659512162208557,0.8829827915869981
mot_giant_1d-bs.512-ep.300,mot_giant_1d,1.0,42,5,0.9842915805643155,2.5192883207547685,0.7948460508701473,0.7885931134223938,0.9120290686555746,2.9986062832133946,0.7743785850860421,0.7671571969985962,0.9001912045889101
mot_giant_1d-bs.512-ep.300,mot_giant_1d,1.0,42,6,0.9755282581475768,2.2306930752095995,0.8073245362401988,0.8018218874931335,0.9166666666666666,2.7824532299151157,0.7877629063097514,0.7826097011566162,0.8990439770554494
mot_giant_1d-bs.512-ep.300,mot_giant_1d,1.0,42,7,0.9648882429441257,2.1384212463256347,0.8150698030216103,0.8115071058273315,0.9160929432013769,2.8536188100081783,0.7931166347992352,0.7925834655761719,0.8975143403441682
mot_giant_1d-bs.512-ep.300,mot_giant_1d,1.0,42,8,0.9524135262330098,1.5502403052821172,0.8509753298909926,0.8490333557128906,0.932683113406005,2.165976173882275,0.8195028680688337,0.819121241569519,0.9135755258126195
mot_giant_1d-bs.512-ep.300,mot_giant_1d,1.0,42,9,0.9381533400219317,1.6768928082090966,0.8460030598584816,0.8418514728546143,0.9283323771275579,2.3881997861552193,0.8152963671128107,0.8144120573997498,0.9105162523900574
mot_giant_1d-bs.512-ep.300,mot_giant_1d,1.0,42,10,0.9221639627510075,1.6337372109957922,0.8468636450564161,0.841640293598175,0.9279020845285906,2.2395439425116517,0.8233269598470363,0.8163874745368958,0.9112810707456979
mot_giant_1d-bs.512-ep.300,mot_giant_1d,1.0,42,11,0.9045084971874737,1.39752660643008,0.8631669535283993,0.8569583892822266,0.9368426085293555,2.0035728644230626,0.8340344168260039,0.8276562690734863,0.918546845124283
mot_giant_1d-bs.512-ep.300,mot_giant_1d,1.0,42,12,0.8852566213878946,1.240494750886101,0.8621629374641423,0.8611636161804199,0.9413845859628992,1.9798897475175146,0.8332695984703633,0.8330753445625305,0.9208413001912046
mot_giant_1d-bs.512-ep.300,mot_giant_1d,1.0,42,13,0.8644843137107058,1.1651450733674327,0.8729202524383247,0.8672932386398315,0.9421017402945113,1.9326746603271017,0.8294455066921607,0.8265724182128906,0.9193116634799235
mot_giant_1d-bs.512-ep.300,mot_giant_1d,1.0,42,14,0.8422735529643444,0.9150785656635564,0.8895104226429528,0.8878852725028992,0.9506597819850832,1.588062350563064,0.8577437858508604,0.8565670251846313,0.9258126195028681
mot_giant_1d-bs.512-ep.300,mot_giant_1d,1.0,42,15,0.8187119948743449,0.9249318159887271,0.8899885255306942,0.8879860043525696,0.9522853318034041,1.6425763015309438,0.8466539196940727,0.8478019833564758,0.92848948374761
mot_giant_1d-bs.512-ep.300,mot_giant_1d,1.0,42,16,0.7938926261462367,1.2746546122101758,0.8656052782558806,0.8632732629776001,0.9421017402945113,2.206605815705104,0.8282982791586998,0.8332350254058838,0.9139579349904398
mot_giant_1d-bs.512-ep.300,mot_giant_1d,1.0,42,17,0.7679133974894983,0.7669247282374358,0.8995027729967489,0.8973767161369324,0.9572097915471409,1.5184896932277352,0.8608030592734226,0.8591395020484924,0.930019120458891
mot_giant_1d-bs.512-ep.300,mot_giant_1d,1.0,42,18,0.7408768370508576,0.808270717401262,0.8975903614457831,0.8942739963531494,0.9563970166379805,1.5092420413890715,0.8546845124282982,0.854250967502594,0.930019120458891
mot_giant_1d-bs.512-ep.300,mot_giant_1d,1.0,42,19,0.7128896457825363,0.8747821311053365,0.8877414419583094,0.8882179260253906,0.9578313253012049,1.591829904589097,0.8546845124282982,0.854188084602356,0.9349904397705545
mot_giant_1d-bs.512-ep.300,mot_giant_1d,1.0,42,20,0.6840622763423391,0.7092471606965319,0.9077739529546759,0.9048802256584167,0.9610824249378467,1.4516088730062626,0.8611854684512428,0.8626570701599121,0.9334608030592734
mot_giant_1d-bs.512-ep.300,mot_giant_1d,1.0,42,21,0.6545084971874737,0.6593259797540352,0.9100210365270607,0.9050983190536499,0.9604608911837828,1.453375083675348,0.864244741873805,0.8596656918525696,0.9281070745697897
mot_giant_1d-bs.512-ep.300,mot_giant_1d,1.0,42,22,0.6243449435824273,0.532302600654869,0.9209695926563396,0.9171131253242493,0.9669152801682922,1.286713094328375,0.8745697896749522,0.8737449645996094,0.9388145315487572
mot_giant_1d-bs.512-ep.300,mot_giant_1d,1.0,42,23,0.5936906572928624,0.5042651265454944,0.9197743354369861,0.9185619354248047,0.9699751386498374,1.1880927032995863,0.8783938814531549,0.878246545791626,0.9395793499043977
mot_giant_1d-bs.512-ep.300,mot_giant_1d,1.0,42,24,0.5626666167821522,0.48952649619525057,0.9222126601644673,0.9222131371498108,0.9700707592273857,1.2398964438793991,0.874187380497132,0.8720958232879639,0.939961759082218
mot_giant_1d-bs.512-ep.300,mot_giant_1d,1.0,42,25,0.5313952597646567,0.4195833874150019,0.9289539108816217,0.9269142746925354,0.973130617708931,1.1475061536974935,0.8783938814531549,0.8755016922950745,0.9388145315487572
mot_giant_1d-bs.512-ep.300,mot_giant_1d,1.0,42,26,0.5,0.43101802002656386,0.9289539108816217,0.9258463978767395,0.9715528781793842,1.1281729112847585,0.8814531548757171,0.8769358992576599,0.9418738049713193
mot_giant_1d-bs.512-ep.300,mot_giant_1d,1.0,42,27,0.4686047402353433,0.38665082856377264,0.9332090265825206,0.9305066466331482,0.9744214955058329,1.1512188621506407,0.8833652007648184,0.8826227784156799,0.9430210325047801
mot_giant_1d-bs.512-ep.300,mot_giant_1d,1.0,42,28,0.4373333832178479,0.3847211823451585,0.9341652323580034,0.9329198598861694,0.9755211321476381,1.1288429537421203,0.8848948374760994,0.8837661147117615,0.9437858508604207
mot_giant_1d-bs.512-ep.300,mot_giant_1d,1.0,42,29,0.4063093427071377,0.40011525842604984,0.9313444253203289,0.9296720027923584,0.97346528973035,1.1444022038242785,0.8749521988527724,0.8734807372093201,0.9418738049713193
mot_giant_1d-bs.512-ep.300,mot_giant_1d,1.0,42,30,0.3756550564175726,0.3026289851425209,0.9431535666475426,0.9411667585372925,0.9789156626506024,1.0287544396365806,0.891395793499044,0.8910183906555176,0.9453154875717017
mot_giant_1d-bs.512-ep.300,mot_giant_1d,1.0,42,31,0.34549150281252644,0.2785332597767926,0.9468827691719258,0.9451806545257568,0.9785809906291834,1.005174763024879,0.8944550669216061,0.8930237293243408,0.944168260038241
mot_giant_1d-bs.512-ep.300,mot_giant_1d,1.0,42,32,0.31593772365766115,0.25959198892994256,0.948603939567795,0.947028636932373,0.9805890227576974,0.9852761263145315,0.892925430210325,0.8917863368988037,0.944168260038241
mot_giant_1d-bs.512-ep.300,mot_giant_1d,1.0,42,33,0.28711035421746367,0.2466692027637119,0.9501338688085676,0.948497474193573,0.9816886593995028,0.9701796712200683,0.8910133843212237,0.8893441557884216,0.945697896749522
mot_giant_1d-bs.512-ep.300,mot_giant_1d,1.0,42,34,0.2591231629491423,0.25468318018728153,0.9497513864983744,0.9481561183929443,0.9813539873780838,0.9739106289515304,0.8925430210325048,0.8907020092010498,0.944168260038241
mot_giant_1d-bs.512-ep.300,mot_giant_1d,1.0,42,35,0.23208660251050156,0.22469531552790228,0.9522375215146299,0.9499334692955017,0.9831707783515012,0.9629573202042006,0.8925430210325048,0.8896236419677734,0.9437858508604207
mot_giant_1d-bs.512-ep.300,mot_giant_1d,1.0,42,36,0.2061073738537635,0.19604153139774966,0.9576400841461082,0.9567246437072754,0.984748517881048,0.9017673032917438,0.8963671128107075,0.8949494361877441,0.9521988527724665
mot_giant_1d-bs.512-ep.300,mot_giant_1d,1.0,42,37,0.18128800512565513,0.1882617090144607,0.9601740294511378,0.9594955444335938,0.9848441384585963,0.8964545904564356,0.8994263862332696,0.8982225656509399,0.9495219885277246
mot_giant_1d-bs.512-ep.300,mot_giant_1d,1.0,42,38,0.15772644703565564,0.1776023236623251,0.9616561484031364,0.959807276725769,0.9856569133677567,0.8948890780855547,0.8959847036328872,0.89327073097229,0.9479923518164436
mot_giant_1d-bs.512-ep.300,mot_giant_1d,1.0,42,39,0.13551568628929433,0.17998492407693897,0.9611780455153949,0.9596186876296997,0.9856569133677567,0.8831672916448823,0.8967495219885278,0.8954521417617798,0.9495219885277246
mot_giant_1d-bs.512-ep.300,mot_giant_1d,1.0,42,40,0.11474337861210543,0.16343452826036872,0.965194109772423,0.964836597442627,0.9866131191432396,0.8820704699018489,0.9005736137667304,0.9002867341041565,0.9506692160611855
mot_giant_1d-bs.512-ep.300,mot_giant_1d,1.0,42,41,0.09549150281252633,0.16138168346998136,0.9648116274622299,0.9637815952301025,0.9867565500095621,0.8761179710665351,0.901338432122371,0.8994852304458618,0.9495219885277246
mot_giant_1d-bs.512-ep.300,mot_giant_1d,1.0,42,42,0.07783603724899257,0.15711080984668946,0.9667718493019698,0.9663415551185608,0.9866131191432396,0.8714658522013269,0.9001912045889101,0.8986767530441284,0.9495219885277246
mot_giant_1d-bs.512-ep.300,mot_giant_1d,1.0,42,43,0.06184665997806821,0.1558890526006089,0.9659590743928094,0.965212881565094,0.9868999808758845,0.8733961160050752,0.8990439770554494,0.8978363871574402,0.9483747609942639
mot_giant_1d-bs.512-ep.300,mot_giant_1d,1.0,42,44,0.04758647376699032,0.15042002476020852,0.9678236756550009,0.9672256708145142,0.9875215146299484,0.8590449841938784,0.9024856596558317,0.9013635516166687,0.9518164435946462
mot_giant_1d-bs.512-ep.300,mot_giant_1d,1.0,42,45,0.035111757055874326,0.14769226908797767,0.968493019697839,0.9680286645889282,0.9879996175176898,0.8554236286228974,0.9024856596558317,0.900973379611969,0.9499043977055449
mot_giant_1d-bs.512-ep.300,mot_giant_1d,1.0,42,46,0.024471741852423234,0.1461081654374835,0.9684452094090649,0.9679911732673645,0.9875693249187225,0.858079161197232,0.902868068833652,0.9013750553131104,0.9506692160611855
mot_giant_1d-bs.512-ep.300,mot_giant_1d,1.0,42,47,0.015708419435684517,0.14469687121163866,0.9689711225855804,0.9683486223220825,0.9879039969401415,0.8536067123850718,0.901338432122371,0.8994742035865784,0.9495219885277246
mot_giant_1d-bs.512-ep.300,mot_giant_1d,1.0,42,48,0.00885637463565564,0.14420791469310615,0.9689233122968063,0.9682724475860596,0.9879518072289156,0.8535781685298534,0.9009560229445507,0.8993070721626282,0.9491395793499044
mot_giant_1d-bs.512-ep.300,mot_giant_1d,1.0,42,49,0.0039426493427611176,0.14407418617260206,0.968827691719258,0.9681892395019531,0.9879518072289156,0.8537262575576228,0.901338432122371,0.8996296525001526,0.9487571701720842
mot_giant_1d-bs.512-ep.300,mot_giant_1d,1.0,42,50,0.0009866357858642205,0.1440361760774701,0.9687320711417097,0.968080997467041,0.9879518072289156,0.8535377779608703,0.901338432122371,0.8996296525001526,0.9491395793499044
mot_huge-giant_1d-bs.512-ep.300,mot_huge_1d,0.1,42,1,0.1,1.741144235741912,0.6822528208070376,0.668870210647583,0.8609198699560145,1.8424423538703991,0.6535372848948374,0.6429216861724854,0.8347992351816443
mot_huge-giant_1d-bs.512-ep.300,mot_huge_1d,0.1,42,2,0.09990133642141358,1.192682714164998,0.7885350927519602,0.7791366577148438,0.9072480397781603,1.2975235306282116,0.7590822179732314,0.7465208172798157,0.8906309751434034
mot_huge-giant_1d-bs.512-ep.300,mot_huge_1d,0.1,42,3,0.0996057350657239,0.9744949856960744,0.8209982788296041,0.8133683800697327,0.9208261617900172,1.101823944616956,0.7866156787762907,0.7766380906105042,0.9001912045889101
mot_huge-giant_1d-bs.512-ep.300,mot_huge_1d,0.1,42,4,0.09911436253643444,0.8566865744110184,0.8405526869382292,0.8334177136421204,0.9299101166571047,0.989840426909992,0.804206500956023,0.7960010766983032,0.9101338432122371
mot_huge-giant_1d-bs.512-ep.300,mot_huge_1d,0.1,42,5,0.09842915805643154,0.7692092509587971,0.8602983362019506,0.8564145565032959,0.9355039204436795,0.9194524061155592,0.8206500956022944,0.8189795017242432,0.9135755258126195
mot_huge-giant_1d-bs.512-ep.300,mot_huge_1d,0.1,42,6,0.09755282581475767,0.7088077568510883,0.8647925033467202,0.8596422672271729,0.9400458978772231,0.8659797726808041,0.817208413001912,0.8100688457489014,0.9223709369024856
mot_huge-giant_1d-bs.512-ep.300,mot_huge_1d,0.1,42,7,0.09648882429441256,0.6589010365949942,0.8772231784279977,0.8715402483940125,0.9435360489577357,0.8297332158280148,0.8317399617590823,0.8226577639579773,0.918546845124283
mot_huge-giant_1d-bs.512-ep.300,mot_huge_1d,0.1,42,8,0.09524135262330098,0.6214990154418829,0.8818129661503156,0.8778147101402283,0.9478867852361829,0.7999139045438165,0.8382409177820268,0.833097517490387,0.9208413001912046
mot_huge-giant_1d-bs.512-ep.300,mot_huge_1d,0.1,42,9,0.09381533400219318,0.5912078079381211,0.8897972843755976,0.8854456543922424,0.949942627653471,0.7774490443971828,0.8347992351816443,0.8277442455291748,0.9246653919694072
mot_huge-giant_1d-bs.512-ep.300,mot_huge_1d,0.1,42,10,0.09221639627510075,0.5609059597342938,0.8932874354561101,0.8889975547790527,0.953576209600306,0.7581490226731018,0.8416826003824092,0.8368632793426514,0.9273422562141491
mot_huge-giant_1d-bs.512-ep.300,mot_huge_1d,0.1,42,11,0.09045084971874737,0.5406477328672717,0.8963951042264295,0.8927628397941589,0.9547236565308854,0.7393863539394867,0.84282982791587,0.8378978967666626,0.9281070745697897
mot_huge-giant_1d-bs.512-ep.300,mot_huge_1d,0.1,42,12,0.08852566213878946,0.5177486772221711,0.9001721170395869,0.8963289856910706,0.9575444635685599,0.7206181965640125,0.8516252390057362,0.8480480909347534,0.9277246653919694
mot_huge-giant_1d-bs.512-ep.300,mot_huge_1d,0.1,42,13,0.08644843137107057,0.4972815665899624,0.9061962134251291,0.902831494808197,0.9608433734939759,0.711410564036032,0.8520076481835565,0.8476802706718445,0.9296367112810707
mot_huge-giant_1d-bs.512-ep.300,mot_huge_1d,0.1,42,14,0.08422735529643442,0.48249372056255974,0.9096385542168675,0.9054731130599976,0.9608911837827501,0.6988255400502659,0.8527724665391969,0.8460574150085449,0.930019120458891
mot_huge-giant_1d-bs.512-ep.300,mot_huge_1d,0.1,42,15,0.08187119948743447,0.4680808771862585,0.9104513291260279,0.9063068628311157,0.963186077643909,0.6887753291522112,0.8508604206500956,0.8444069027900696,0.9292543021032504
mot_huge-giant_1d-bs.512-ep.300,mot_huge_1d,0.1,42,16,0.07938926261462366,0.4533097644134014,0.9143239625167336,0.9108234643936157,0.965528781793842,0.6792937400919985,0.8562141491395794,0.8511181473731995,0.9323135755258126
mot_huge-giant_1d-bs.512-ep.300,mot_huge_1d,0.1,42,17,0.07679133974894982,0.44269832841614554,0.9176228724421496,0.914292573928833,0.9654331612162937,0.673242044540026,0.8558317399617591,0.8526490926742554,0.9307839388145316
mot_huge-giant_1d-bs.512-ep.300,mot_huge_1d,0.1,42,18,0.07408768370508576,0.4336556418946515,0.917431631287053,0.9145443439483643,0.9669152801682922,0.6657882267384867,0.8581261950286807,0.8538325428962708,0.9349904397705545
mot_huge-giant_1d-bs.512-ep.300,mot_huge_1d,0.1,42,19,0.07128896457825362,0.424440309864131,0.9216389366991776,0.9188823699951172,0.9674411933448078,0.6589927119005251,0.865774378585086,0.8622657060623169,0.9319311663479923
mot_huge-giant_1d-bs.512-ep.300,mot_huge_1d,0.1,42,20,0.06840622763423389,0.41548861279089105,0.9217345572767259,0.9190508127212524,0.9699273283610633,0.6575229754183534,0.8596558317399617,0.8558560013771057,0.9330783938814532
mot_huge-giant_1d-bs.512-ep.300,mot_huge_1d,0.1,42,21,0.06545084971874736,0.4070122155798487,0.9263721552878179,0.9236388206481934,0.9703098106712564,0.648881642358025,0.8619502868068833,0.8575475215911865,0.9319311663479923
mot_huge-giant_1d-bs.512-ep.300,mot_huge_1d,0.1,42,22,0.06243449435824272,0.40117051620104044,0.9259896729776248,0.9229214191436768,0.9705966724039014,0.6483508589618748,0.8634799235181644,0.8597601056098938,0.9342256214149139
mot_huge-giant_1d-bs.512-ep.300,mot_huge_1d,0.1,42,23,0.05936906572928623,0.39312111129950417,0.9283323771275579,0.925682544708252,0.9717919296232549,0.6370683892507171,0.8611854684512428,0.8559796214103699,0.9338432122370937
mot_huge-giant_1d-bs.512-ep.300,mot_huge_1d,0.1,42,24,0.056266661678215216,0.38441135350320554,0.9301013578122012,0.9268577098846436,0.9723178427997705,0.6343450440503443,0.8619502868068833,0.8564186096191406,0.9369024856596558
mot_huge-giant_1d-bs.512-ep.300,mot_huge_1d,0.1,42,25,0.053139525976465665,0.3814805543862695,0.9316790973417479,0.9287000894546509,0.9733218588640276,0.6328673163973807,0.8630975143403442,0.8594401478767395,0.9391969407265774
mot_huge-giant_1d-bs.512-ep.300,mot_huge_1d,0.1,42,26,0.049999999999999996,0.37684636983253184,0.9322050105182635,0.9298588633537292,0.9733218588640276,0.6312764913584489,0.8619502868068833,0.8590096831321716,0.9384321223709369
mot_huge-giant_1d-bs.512-ep.300,mot_huge_1d,0.1,42,27,0.046860474023534326,0.37051116952843227,0.9339261809141327,0.9310009479522705,0.9741824440619621,0.6279646769536384,0.8638623326959847,0.8597736954689026,0.9384321223709369
mot_huge-giant_1d-bs.512-ep.300,mot_huge_1d,0.1,42,28,0.04373333832178478,0.3668274764555046,0.9348345764008414,0.9322341680526733,0.974469305794607,0.626575984188977,0.8615678776290631,0.8576218485832214,0.9395793499043977
mot_huge-giant_1d-bs.512-ep.300,mot_huge_1d,0.1,42,29,0.040630934270713764,0.36228246637775874,0.9345955249569707,0.9320517182350159,0.9753298909925416,0.621068785249845,0.8650095602294455,0.8606708645820618,0.939961759082218
mot_huge-giant_1d-bs.512-ep.300,mot_huge_1d,0.1,42,30,0.03756550564175726,0.3598898599288687,0.9361732644865175,0.9337495565414429,0.975807993880283,0.6251187858800359,0.8608030592734226,0.8560776710510254,0.939961759082218
mot_huge-giant_1d-bs.512-ep.300,mot_huge_1d,0.1,42,31,0.03454915028125265,0.3565480272727524,0.9355995410212278,0.9327700734138489,0.9759036144578314,0.6209796125072822,0.865774378585086,0.8614990711212158,0.9384321223709369
mot_huge-giant_1d-bs.512-ep.300,mot_huge_1d,0.1,42,32,0.03159377236576612,0.35265098910277926,0.9375597628609676,0.9350720047950745,0.9763339070567987,0.6192931698567553,0.8653919694072658,0.8618379235267639,0.9380497131931166
mot_huge-giant_1d-bs.512-ep.300,mot_huge_1d,0.1,42,33,0.028711035421746366,0.34998036826128803,0.9385637789252247,0.935961127281189,0.9768120099445401,0.6164188596532176,0.8650095602294455,0.8599554300308228,0.9407265774378585
mot_huge-giant_1d-bs.512-ep.300,mot_huge_1d,0.1,42,34,0.025912316294914226,0.3484248434706203,0.9382291069038057,0.9356185793876648,0.9766685790782176,0.6181916508574331,0.8638623326959847,0.8601006865501404,0.939961759082218
mot_huge-giant_1d-bs.512-ep.300,mot_huge_1d,0.1,42,35,0.023208660251050155,0.3455278956883267,0.9399024670109007,0.9373958110809326,0.9776725951424746,0.6141233936550512,0.865774378585086,0.8615956902503967,0.9411089866156788
mot_huge-giant_1d-bs.512-ep.300,mot_huge_1d,0.1,42,36,0.020610737385376346,0.34392228557858784,0.939998087588449,0.9375582933425903,0.9777204054312488,0.6121147009884195,0.8653919694072658,0.8616728186607361,0.9407265774378585
mot_huge-giant_1d-bs.512-ep.300,mot_huge_1d,0.1,42,37,0.01812880051256551,0.3424266355401085,0.9399024670109007,0.9373714923858643,0.9778160260087971,0.6122790203495646,0.8669216061185469,0.8627766966819763,0.9411089866156788
mot_huge-giant_1d-bs.512-ep.300,mot_huge_1d,0.1,42,38,0.015772644703565562,0.34094071201303305,0.9404761904761905,0.938040018081665,0.9780550774526678,0.6123302576418816,0.8650095602294455,0.8613232374191284,0.941491395793499
mot_huge-giant_1d-bs.512-ep.300,mot_huge_1d,0.1,42,39,0.013551568628929433,0.3396972571260092,0.9407630522088354,0.9383553266525269,0.9781506980302161,0.6099407553444857,0.8684512428298279,0.8645345568656921,0.9426386233269598
mot_huge-giant_1d-bs.512-ep.300,mot_huge_1d,0.1,42,40,0.011474337861210542,0.33860115495186777,0.9422451711608338,0.9397992491722107,0.9780550774526678,0.6101385061873077,0.8665391969407266,0.8622314929962158,0.939961759082218
mot_huge-giant_1d-bs.512-ep.300,mot_huge_1d,0.1,42,41,0.009549150281252632,0.33774561452509955,0.9416236374067699,0.9391936659812927,0.9783897494740869,0.6086711453206225,0.8676864244741874,0.8634117245674133,0.9411089866156788
mot_huge-giant_1d-bs.512-ep.300,mot_huge_1d,0.1,42,42,0.007783603724899257,0.33712580245501866,0.9421495505832855,0.9397717118263245,0.9782941288965386,0.6082669033830982,0.8669216061185469,0.8626043796539307,0.941491395793499
mot_huge-giant_1d-bs.512-ep.300,mot_huge_1d,0.1,42,43,0.0061846659978068205,0.33660211041498467,0.9418148785618665,0.9393659234046936,0.9783419391853126,0.608129537082767,0.8673040152963671,0.8629863262176514,0.941491395793499
mot_huge-giant_1d-bs.512-ep.300,mot_huge_1d,0.1,42,44,0.004758647376699033,0.3362216573756428,0.9425798431822529,0.9402536749839783,0.978437559762861,0.6081635790618838,0.8676864244741874,0.8633522987365723,0.941491395793499
mot_huge-giant_1d-bs.512-ep.300,mot_huge_1d,0.1,42,45,0.0035111757055874327,0.3359574099803523,0.9418148785618665,0.939395010471344,0.978437559762861,0.6083060372172077,0.8673040152963671,0.8631998300552368,0.941491395793499
mot_huge-giant_1d-bs.512-ep.300,mot_huge_1d,0.1,42,46,0.0024471741852423235,0.33577079284166056,0.9421495505832855,0.9397790431976318,0.9786288009179576,0.6081376011923212,0.8680688336520076,0.863878607749939,0.9422562141491396
mot_huge-giant_1d-bs.512-ep.300,mot_huge_1d,0.1,42,47,0.0015708419435684518,0.3356529576164241,0.9422451711608338,0.9398790001869202,0.9785331803404093,0.6079979402385296,0.8680688336520076,0.863878607749939,0.9426386233269598
mot_huge-giant_1d-bs.512-ep.300,mot_huge_1d,0.1,42,48,0.000885637463565564,0.3355852579564386,0.9423407917383821,0.9399784207344055,0.9785809906291834,0.607949370316748,0.8684512428298279,0.8642632365226746,0.9422562141491396
mot_huge-giant_1d-bs.512-ep.300,mot_huge_1d,0.1,42,49,0.00039426493427611173,0.3355565080225046,0.9422929814496079,0.9399257898330688,0.9785331803404093,0.6079683555471738,0.8676864244741874,0.8634024858474731,0.9422562141491396
mot_huge-giant_1d-bs.512-ep.300,mot_huge_1d,0.1,42,50,9.866357858642205e-05,0.33554876919890664,0.9422929814496079,0.9399257898330688,0.9785331803404093,0.607946723369066,0.8680688336520076,0.863878607749939,0.9422562141491396
mot_huge-giant_1d-bs.512-ep.300,mot_huge_1d,0.3,42,1,0.3,1.1247111065343498,0.7455536431440046,0.7447606921195984,0.8933352457448843,1.271122362417655,0.7063097514340344,0.7136780023574829,0.8692160611854685
mot_huge-giant_1d-bs.512-ep.300,mot_huge_1d,0.3,42,2,0.29970400926424073,0.7522958944075923,0.8394052400076496,0.832832396030426,0.9300057372346529,0.8988885868575788,0.8053537284894837,0.7931861877441406,0.9120458891013384
mot_huge-giant_1d-bs.512-ep.300,mot_huge_1d,0.3,42,3,0.2988172051971717,0.6264657257482777,0.8649837445018168,0.8591485023498535,0.9444922547332186,0.82269479157136,0.8164435946462715,0.807386577129364,0.9189292543021033
mot_huge-giant_1d-bs.512-ep.300,mot_huge_1d,0.3,42,4,0.29734308760930334,0.5725370218521734,0.871677184930197,0.8670097589492798,0.9478867852361829,0.794956569781039,0.8160611854684512,0.8146700263023376,0.9170172084130019
mot_huge-giant_1d-bs.512-ep.300,mot_huge_1d,0.3,42,5,0.2952874741692947,0.487194714662016,0.8930005737234653,0.8899303674697876,0.9593134442532033,0.7174480569522194,0.8359464627151052,0.8325455188751221,0.9273422562141491
mot_huge-giant_1d-bs.512-ep.300,mot_huge_1d,0.3,42,6,0.2926584774442731,0.44467725232172295,0.9011761331038439,0.8982679843902588,0.9633773187990056,0.6798557945236877,0.8451242829827916,0.8401616811752319,0.9323135755258126
mot_huge-giant_1d-bs.512-ep.300,mot_huge_1d,0.3,42,7,0.28946647288323774,0.4296172070535152,0.9062918340026773,0.9031270742416382,0.9639032319755211,0.6919683904994286,0.8451242829827916,0.8374592065811157,0.92848948374761
mot_huge-giant_1d-bs.512-ep.300,mot_huge_1d,0.3,42,8,0.28572405786990296,0.38370134397774086,0.9202046280359534,0.9182049632072449,0.970501051826353,0.6593243892516506,0.8497131931166348,0.8481687307357788,0.9334608030592734
mot_huge-giant_1d-bs.512-ep.300,mot_huge_1d,0.3,42,9,0.28144600200657954,0.3632562909625096,0.9209217823675655,0.9179569482803345,0.9729871868426085,0.6443580758731178,0.8543021032504781,0.8502320051193237,0.9349904397705545
mot_huge-giant_1d-bs.512-ep.300,mot_huge_1d,0.3,42,10,0.27664918882530226,0.3523754833715325,0.9231688659399503,0.91948401927948,0.9727481353987378,0.6415715686221879,0.848565965583174,0.8426162600517273,0.9361376673040153
mot_huge-giant_1d-bs.512-ep.300,mot_huge_1d,0.3,42,11,0.27135254915624213,0.3184796368147908,0.934691145534519,0.9327327609062195,0.9775769745649264,0.6170416538391696,0.8581261950286807,0.8555687665939331,0.9411089866156788
mot_huge-giant_1d-bs.512-ep.300,mot_huge_1d,0.3,42,12,0.2655769864163684,0.31110178578490394,0.933352457448843,0.9320093393325806,0.9788678523618283,0.626009259488341,0.8520076481835565,0.8490463495254517,0.9349904397705545
mot_huge-giant_1d-bs.512-ep.300,mot_huge_1d,0.3,42,13,0.2593452941132117,0.297716636916697,0.9364123159303882,0.933908998966217,0.9805890227576974,0.6189261237704275,0.8558317399617591,0.8519635200500488,0.9372848948374761
mot_huge-giant_1d-bs.512-ep.300,mot_huge_1d,0.3,42,14,0.2526820658893033,0.2885672103654223,0.9410977242302544,0.938955545425415,0.9800631095811819,0.6134628893996288,0.8581261950286807,0.8533645868301392,0.9384321223709369
mot_huge-giant_1d-bs.512-ep.300,mot_huge_1d,0.3,42,15,0.24561359846230346,0.2689769161798503,0.9458787531076688,0.9440711736679077,0.9841269841269841,0.6038539762478714,0.8611854684512428,0.8558188676834106,0.9403441682600382
mot_huge-giant_1d-bs.512-ep.300,mot_huge_1d,0.3,42,16,0.23816778784387102,0.26223997012860784,0.9455440810862498,0.9438583254814148,0.9847007075922739,0.6089457867478322,0.8592734225621415,0.8555256128311157,0.9418738049713193
mot_huge-giant_1d-bs.512-ep.300,mot_huge_1d,0.3,42,17,0.2303740192468495,0.24847801713328854,0.9509944540065022,0.9486808776855469,0.985752533945305,0.592075677583596,0.8596558317399617,0.8573524355888367,0.9418738049713193
mot_huge-giant_1d-bs.512-ep.300,mot_huge_1d,0.3,42,18,0.22226305111525732,0.24081350891192072,0.9534327787339836,0.952069878578186,0.9869477911646586,0.5864682600557463,0.8634799235181644,0.8603810667991638,0.9391969407265774
mot_huge-giant_1d-bs.512-ep.300,mot_huge_1d,0.3,42,19,0.21386689373476092,0.2325660696812081,0.9560623446165615,0.9540127515792847,0.9878083763625932,0.5773347887436701,0.8684512428298279,0.8637106418609619,0.9437858508604207
mot_huge-giant_1d-bs.512-ep.300,mot_huge_1d,0.3,42,20,0.20521868290270173,0.22659345702701875,0.9572576018359151,0.9554623961448669,0.9885255306942053,0.5845362464510916,0.869980879541109,0.8677348494529724,0.9434034416826004
mot_huge-giant_1d-bs.512-ep.300,mot_huge_1d,0.3,42,21,0.19635254915624212,0.22361225337730492,0.9561101549053356,0.9547632336616516,0.989051443870721,0.5904606857445682,0.8627151051625239,0.8620728850364685,0.9430210325047801
mot_huge-giant_1d-bs.512-ep.300,mot_huge_1d,0.3,42,22,0.18730348307472822,0.2186965584002619,0.9588353413654619,0.9580839276313782,0.9898164084911073,0.5788383308833689,0.8638623326959847,0.8591230511665344,0.9418738049713193
mot_huge-giant_1d-bs.512-ep.300,mot_huge_1d,0.3,42,23,0.17810719718785872,0.20884404143222,0.9626601644673933,0.9613358378410339,0.9895295467584624,0.5683854571719926,0.864244741873805,0.858672559261322,0.944168260038241
mot_huge-giant_1d-bs.512-ep.300,mot_huge_1d,0.3,42,24,0.1687999850346457,0.20066570095770628,0.9651462994836488,0.963721752166748,0.9908204245553643,0.5702519447808057,0.8665391969407266,0.8630365133285522,0.947227533460803
mot_huge-giant_1d-bs.512-ep.300,mot_huge_1d,0.3,42,25,0.15941857792939704,0.1977660271605745,0.964190093708166,0.9626944661140442,0.9918722509083955,0.5727118059964299,0.869980879541109,0.8654417991638184,0.945697896749522
mot_huge-giant_1d-bs.512-ep.300,mot_huge_1d,0.3,42,26,0.15000000000000002,0.19791435456727335,0.9661981258366801,0.9651080369949341,0.9912507171543317,0.5722976305288748,0.864244741873805,0.8615967035293579,0.9460803059273423
mot_huge-giant_1d-bs.512-ep.300,mot_huge_1d,0.3,42,27,0.140581422070603,0.19172288131750342,0.9666762287244215,0.9647437930107117,0.9920634920634921,0.5710114561121049,0.8676864244741874,0.8642835021018982,0.9449330783938814
mot_huge-giant_1d-bs.512-ep.300,mot_huge_1d,0.3,42,28,0.13120001496535438,0.18685904468398495,0.9686364505641614,0.967437207698822,0.9921113023522662,0.5626603843149218,0.8665391969407266,0.8622848391532898,0.9464627151051626
mot_huge-giant_1d-bs.512-ep.300,mot_huge_1d,0.3,42,29,0.12189280281214132,0.1826581803579179,0.9703576209600306,0.9694320559501648,0.9932587492828456,0.5619096635632488,0.869980879541109,0.8672488331794739,0.9434034416826004
mot_huge-giant_1d-bs.512-ep.300,mot_huge_1d,0.3,42,30,0.11269651692527179,0.18075605837649975,0.9708357238477721,0.9695004224777222,0.9932587492828456,0.5667872091552267,0.8680688336520076,0.8657584190368652,0.9464627151051626
mot_huge-giant_1d-bs.512-ep.300,mot_huge_1d,0.3,42,31,0.10364745084375795,0.1779287028754959,0.9726525148211895,0.971304178237915,0.9936412315930389,0.5640174457265588,0.8676864244741874,0.8651164770126343,0.9449330783938814
mot_huge-giant_1d-bs.512-ep.300,mot_huge_1d,0.3,42,32,0.09478131709729837,0.1759425207906983,0.9713616370242876,0.9703086614608765,0.9942149550583286,0.5631723830622424,0.8692160611854685,0.8672250509262085,0.945697896749522
mot_huge-giant_1d-bs.512-ep.300,mot_huge_1d,0.3,42,33,0.08613310626523911,0.1715538060831554,0.9747561675272519,0.973624587059021,0.9943105756358769,0.5569835524258149,0.8715105162523901,0.8694223761558533,0.9476099426386233
mot_huge-giant_1d-bs.512-ep.300,mot_huge_1d,0.3,42,34,0.0777369488847427,0.1703338142242913,0.9749952189711226,0.9741087555885315,0.9945496270797476,0.5576144457319271,0.8707456978967495,0.8682029843330383,0.9445506692160612
mot_huge-giant_1d-bs.512-ep.300,mot_huge_1d,0.3,42,35,0.06962598075315048,0.16904184129320657,0.9745171160833811,0.9734508395195007,0.9946452476572959,0.5590868860540152,0.8684512428298279,0.8650973439216614,0.9468451242829828
mot_huge-giant_1d-bs.512-ep.300,mot_huge_1d,0.3,42,36,0.06183221215612905,0.1668494115210464,0.9763339070567987,0.9753471612930298,0.995027729967489,0.5551514678429919,0.8711281070745698,0.8686131238937378,0.9464627151051626
mot_huge-giant_1d-bs.512-ep.300,mot_huge_1d,0.3,42,37,0.05438640153769654,0.16685079399772026,0.9761426659017021,0.9751453995704651,0.9947886785236183,0.5572327484364263,0.8734225621414914,0.8704591989517212,0.9476099426386233
mot_huge-giant_1d-bs.512-ep.300,mot_huge_1d,0.3,42,38,0.047317934110696694,0.16459398307041584,0.9765251482118952,0.9754590392112732,0.9949799196787149,0.5570409814896593,0.8703632887189292,0.8683988451957703,0.9483747609942639
mot_huge-giant_1d-bs.512-ep.300,mot_huge_1d,0.3,42,39,0.0406547058867883,0.16331762195112237,0.9776725951424746,0.9765729308128357,0.9951233505450373,0.5532281149869667,0.8715105162523901,0.8683871626853943,0.9479923518164436
mot_huge-giant_1d-bs.512-ep.300,mot_huge_1d,0.3,42,40,0.03442301358363163,0.1624373368766436,0.9773857334098298,0.9762805104255676,0.9951233505450373,0.5549208362061481,0.874187380497132,0.8705581426620483,0.9464627151051626
mot_huge-giant_1d-bs.512-ep.300,mot_huge_1d,0.3,42,41,0.0286474508437579,0.161632061141425,0.9783419391853126,0.9773240685462952,0.9955536431440046,0.5527291664429878,0.8734225621414914,0.8701409697532654,0.9479923518164436
mot_huge-giant_1d-bs.512-ep.300,mot_huge_1d,0.3,42,42,0.023350811174697773,0.16105577589608808,0.9781028877414419,0.9771992564201355,0.9952189711225856,0.5524581544485876,0.8734225621414914,0.8700533509254456,0.9476099426386233
mot_huge-giant_1d-bs.512-ep.300,mot_huge_1d,0.3,42,43,0.018553997993420463,0.16046215070322153,0.9786288009179576,0.9777538776397705,0.9953145917001339,0.5524076881189875,0.8745697896749522,0.8715294599533081,0.9479923518164436
mot_huge-giant_1d-bs.512-ep.300,mot_huge_1d,0.3,42,44,0.014275942130097098,0.16010933019025622,0.9786766112067317,0.9778106808662415,0.9954580225664563,0.5527929185681316,0.8738049713193117,0.8704289793968201,0.9468451242829828
mot_huge-giant_1d-bs.512-ep.300,mot_huge_1d,0.3,42,45,0.010533527116762299,0.15990074817572117,0.9786288009179576,0.9776837825775146,0.9954102122776821,0.5528005661973534,0.8715105162523901,0.8681542277336121,0.9468451242829828
mot_huge-giant_1d-bs.512-ep.300,mot_huge_1d,0.3,42,46,0.00734152255572697,0.1597454511861679,0.9784853700516352,0.9775034189224243,0.9954580225664563,0.5526513094200003,0.8715105162523901,0.8685717582702637,0.9468451242829828
mot_huge-giant_1d-bs.512-ep.300,mot_huge_1d,0.3,42,47,0.004712525830705355,0.1596361139942752,0.9786288009179576,0.9776332974433899,0.9953145917001339,0.5524622579833518,0.8718929254302104,0.868705689907074,0.9479923518164436
mot_huge-giant_1d-bs.512-ep.300,mot_huge_1d,0.3,42,48,0.0026569123906966916,0.1595839786128301,0.9785809906291834,0.9775945544242859,0.9952189711225856,0.5523430366589052,0.8722753346080306,0.8691447973251343,0.9479923518164436
mot_huge-giant_1d-bs.512-ep.300,mot_huge_1d,0.3,42,49,0.001182794802828335,0.15956201054530564,0.9785809906291834,0.97760409116745,0.9952667814113597,0.5524099105630732,0.8718929254302104,0.8687449097633362,0.9479923518164436
mot_huge-giant_1d-bs.512-ep.300,mot_huge_1d,0.3,42,50,0.0002959907357592661,0.15955617688175916,0.9785331803404093,0.9775583744049072,0.9952667814113597,0.5523795410506356,0.8722753346080306,0.8691447973251343,0.9479923518164436
mot_huge-giant_1d-bs.512-ep.300,mot_huge_1d,0.5,42,1,0.5,1.0498620487577168,0.7572671638936699,0.7499791979789734,0.8956301396060432,1.2548426918044373,0.7116634799235182,0.7098793983459473,0.8669216061185469
mot_huge-giant_1d-bs.512-ep.300,mot_huge_1d,0.5,42,2,0.4995066821070679,0.6998989399224035,0.8320902658252056,0.8246958255767822,0.9314400458978772,0.8902229972824768,0.794263862332696,0.7838273644447327,0.908604206500956
mot_huge-giant_1d-bs.512-ep.300,mot_huge_1d,0.5,42,3,0.4980286753286195,0.5513294698358107,0.868043602983362,0.860882043838501,0.9493210938994071,0.8101770871455993,0.8126195028680688,0.8061758279800415,0.9170172084130019
mot_huge-giant_1d-bs.512-ep.300,mot_huge_1d,0.5,42,4,0.4955718126821722,0.4962848978668172,0.8786096768024478,0.8744078874588013,0.9551061388410786,0.7694732257558556,0.8152963671128107,0.8126795291900635,0.9227533460803059
mot_huge-giant_1d-bs.512-ep.300,mot_huge_1d,0.5,42,5,0.49214579028215777,0.4229575458277843,0.8951998470070759,0.8921949863433838,0.9663415567030025,0.7104847581619058,0.832887189292543,0.8272151350975037,0.9265774378585087
mot_huge-giant_1d-bs.512-ep.300,mot_huge_1d,0.5,42,6,0.4877641290737884,0.37605218163273446,0.9120768789443489,0.9078208208084106,0.9676802447886785,0.6803058777438978,0.8382409177820268,0.829197108745575,0.9346080305927342
mot_huge-giant_1d-bs.512-ep.300,mot_huge_1d,0.5,42,7,0.48244412147206284,0.3716450668607804,0.9118378275004781,0.9098666310310364,0.9697838974947409,0.7114518816566832,0.8397705544933078,0.8356056809425354,0.92848948374761
mot_huge-giant_1d-bs.512-ep.300,mot_huge_1d,0.5,42,8,0.4762067631165049,0.33255385331201104,0.9202524383247275,0.9175959825515747,0.9764295276343469,0.6879167771932044,0.8401529636711281,0.8398702144622803,0.9342256214149139
mot_huge-giant_1d-bs.512-ep.300,mot_huge_1d,0.5,42,9,0.46907667001096587,0.3172055700582627,0.9212564543889845,0.9182239770889282,0.9774335436986039,0.6694511158288551,0.8493307839388146,0.8452193737030029,0.9353728489483748
mot_huge-giant_1d-bs.512-ep.300,mot_huge_1d,0.5,42,10,0.46108198137550377,0.31059385171285847,0.9207783515012431,0.9167697429656982,0.9787244214955059,0.6682775756369129,0.8397705544933078,0.8314947485923767,0.9346080305927342
mot_huge-giant_1d-bs.512-ep.300,mot_huge_1d,0.5,42,11,0.45225424859373686,0.2570824572496967,0.9426754637598012,0.9408331513404846,0.9831229680627271,0.621801448552148,0.8592734225621415,0.8562973141670227,0.9388145315487572
mot_huge-giant_1d-bs.512-ep.300,mot_huge_1d,0.5,42,12,0.4426283106939473,0.2426815543172008,0.9441575827117996,0.9436335563659668,0.9852266207687894,0.6307485460095378,0.8569789674952198,0.8547374606132507,0.9365200764818356
mot_huge-giant_1d-bs.512-ep.300,mot_huge_1d,0.5,42,13,0.4322421568553529,0.23151726949782597,0.9456875119525722,0.9440087080001831,0.9874258940524001,0.6317929298882274,0.8527724665391969,0.8489626049995422,0.9395793499043977
mot_huge-giant_1d-bs.512-ep.300,mot_huge_1d,0.5,42,14,0.4211367764821722,0.2219939482647503,0.9498470070759227,0.9476346373558044,0.9868999808758845,0.6230946148786672,0.850095602294455,0.8480256795883179,0.939961759082218
mot_huge-giant_1d-bs.512-ep.300,mot_huge_1d,0.5,42,15,0.40935599743717244,0.19632378178952323,0.9590743928093326,0.9576348066329956,0.9901032702237521,0.6085738501174955,0.8596558317399617,0.8568292856216431,0.9449330783938814
mot_huge-giant_1d-bs.512-ep.300,mot_huge_1d,0.5,42,16,0.39694631307311834,0.20007426539486922,0.9545324153757889,0.9540686011314392,0.9895295467584624,0.6206430643056137,0.8565965583173997,0.8531680107116699,0.939961759082218
mot_huge-giant_1d-bs.512-ep.300,mot_huge_1d,0.5,42,17,0.38395669874474914,0.18871305375966407,0.9572097915471409,0.9551799893379211,0.9913941480206541,0.6092587100844082,0.8523900573613766,0.8492066860198975,0.9437858508604207
mot_huge-giant_1d-bs.512-ep.300,mot_huge_1d,0.5,42,18,0.3704384185254288,0.17472390828522014,0.964524765729585,0.9641292095184326,0.9921591126410404,0.5981022063450421,0.8604206500956023,0.8568294048309326,0.9403441682600382
mot_huge-giant_1d-bs.512-ep.300,mot_huge_1d,0.5,42,19,0.35644482289126816,0.16959246852288945,0.9659590743928094,0.9645323157310486,0.9929240772614266,0.5929599054456897,0.8638623326959847,0.8603335618972778,0.9426386233269598
mot_huge-giant_1d-bs.512-ep.300,mot_huge_1d,0.5,42,20,0.34203113817116954,0.16011224414951647,0.9694492254733219,0.9688900709152222,0.9941671447695544,0.5895242154940137,0.865774378585086,0.8619599938392639,0.9437858508604207
mot_huge-giant_1d-bs.512-ep.300,mot_huge_1d,0.5,42,21,0.32725424859373686,0.15480882452605307,0.9710269650028687,0.9699404239654541,0.9937368521705872,0.594446324481563,0.8653919694072658,0.8632267713546753,0.9453154875717017
mot_huge-giant_1d-bs.512-ep.300,mot_huge_1d,0.5,42,22,0.31217247179121366,0.15226766045906504,0.9730349971313826,0.9724093675613403,0.9946452476572959,0.5815618679126864,0.8680688336520076,0.865126371383667,0.9426386233269598
mot_huge-giant_1d-bs.512-ep.300,mot_huge_1d,0.5,42,23,0.2968453286464312,0.14616019225617535,0.973130617708931,0.9720488786697388,0.9951711608338114,0.5785228364554236,0.864244741873805,0.8599317073822021,0.9449330783938814
mot_huge-giant_1d-bs.512-ep.300,mot_huge_1d,0.5,42,24,0.2813333083910761,0.1367706683927249,0.9772901128322815,0.9761320352554321,0.9959839357429718,0.5822653206994839,0.8638623326959847,0.860805869102478,0.9464627151051626
mot_huge-giant_1d-bs.512-ep.300,mot_huge_1d,0.5,42,25,0.26569762988232837,0.13147977636840288,0.9792025243832473,0.9784759283065796,0.9970357620960031,0.5809614163283864,0.8661567877629063,0.8625109195709229,0.9483747609942639
mot_huge-giant_1d-bs.512-ep.300,mot_huge_1d,0.5,42,26,0.25,0.13336260103545605,0.979106903805699,0.9783540368080139,0.9955536431440046,0.5831063702731014,0.8634799235181644,0.8598407506942749,0.9468451242829828
mot_huge-giant_1d-bs.512-ep.300,mot_huge_1d,0.5,42,27,0.23430237011767166,0.12814192569923802,0.9798240581373111,0.9785544872283936,0.9970357620960031,0.5809177719612194,0.8623326959847036,0.8594303727149963,0.947227533460803
mot_huge-giant_1d-bs.512-ep.300,mot_huge_1d,0.5,42,28,0.21866669160892396,0.12251249023549847,0.9811627462229872,0.9800983667373657,0.9968923312296806,0.5704575934328039,0.8646271510516252,0.8615682125091553,0.947227533460803
mot_huge-giant_1d-bs.512-ep.300,mot_huge_1d,0.5,42,29,0.20315467135356885,0.12201881210351223,0.9815930388219545,0.9814204573631287,0.9972748135398738,0.57402897501083,0.869980879541109,0.8672547936439514,0.944168260038241
mot_huge-giant_1d-bs.512-ep.300,mot_huge_1d,0.5,42,30,0.1878275282087863,0.11894775923362173,0.9830273474851788,0.9822897911071777,0.9976094855612928,0.5790539765221211,0.8634799235181644,0.8610360622406006,0.9460803059273423
mot_huge-giant_1d-bs.512-ep.300,mot_huge_1d,0.5,42,31,0.17274575140626322,0.11693158512658976,0.9829795371964046,0.9823495745658875,0.9978007267163894,0.5768726983444185,0.8692160611854685,0.8664616346359253,0.9460803059273423
mot_huge-giant_1d-bs.512-ep.300,mot_huge_1d,0.5,42,32,0.15796886182883058,0.11433056974347178,0.9848919487473704,0.9843498468399048,0.9980875884490342,0.5736419130693658,0.8665391969407266,0.863780677318573,0.9468451242829828
mot_huge-giant_1d-bs.512-ep.300,mot_huge_1d,0.5,42,33,0.14355517710873184,0.10967952084828572,0.9860872059667241,0.9852433204650879,0.9983266398929049,0.5658135204424594,0.8688336520076482,0.8674018979072571,0.9479923518164436
mot_huge-giant_1d-bs.512-ep.300,mot_huge_1d,0.5,42,34,0.12956158147457114,0.10831251767242951,0.9870912220309811,0.9866896867752075,0.9981832090265825,0.5654009219109443,0.8722753346080306,0.8695021271705627,0.9453154875717017
mot_huge-giant_1d-bs.512-ep.300,mot_huge_1d,0.5,42,35,0.11604330125525078,0.1068824013735373,0.9866131191432396,0.9858163595199585,0.9983266398929049,0.5683746687996684,0.8676864244741874,0.8646533489227295,0.947227533460803
mot_huge-giant_1d-bs.512-ep.300,mot_huge_1d,0.5,42,36,0.10305368692688174,0.10508154110644967,0.9882864792503346,0.9878035187721252,0.9984222604704532,0.5654863842586715,0.8695984703632887,0.8669232130050659,0.9476099426386233
mot_huge-giant_1d-bs.512-ep.300,mot_huge_1d,0.5,42,37,0.09064400256282756,0.10539428395325834,0.9879996175176898,0.9874410033226013,0.9984222604704532,0.5662731739576642,0.8718929254302104,0.8692028522491455,0.9476099426386233
mot_huge-giant_1d-bs.512-ep.300,mot_huge_1d,0.5,42,38,0.07886322351782782,0.10358383925017173,0.988716771849302,0.9881486296653748,0.9986135016255498,0.5675396053102687,0.8680688336520076,0.8659494519233704,0.9476099426386233
mot_huge-giant_1d-bs.512-ep.300,mot_huge_1d,0.5,42,39,0.06775784314464717,0.10241165159308994,0.9888123924268503,0.9881359934806824,0.9986135016255498,0.5638239501311264,0.8703632887189292,0.8672683238983154,0.9487571701720842
mot_huge-giant_1d-bs.512-ep.300,mot_huge_1d,0.5,42,40,0.057371689306052714,0.10164292995367526,0.9895773570472366,0.9890683889389038,0.998661311914324,0.5651828897158913,0.8722753346080306,0.8683775067329407,0.9483747609942639
mot_huge-giant_1d-bs.512-ep.300,mot_huge_1d,0.5,42,41,0.047745751406263165,0.10086006597525121,0.9892904953145917,0.988889217376709,0.998661311914324,0.5630504549803287,0.8715105162523901,0.8683130145072937,0.9487571701720842
mot_huge-giant_1d-bs.512-ep.300,mot_huge_1d,0.5,42,42,0.03891801862449629,0.10035326661423438,0.9890992541594952,0.9885449409484863,0.9987091222030982,0.5629266042326422,0.8718929254302104,0.8686684966087341,0.9487571701720842
mot_huge-giant_1d-bs.512-ep.300,mot_huge_1d,0.5,42,43,0.030923329989034104,0.09974739872536119,0.990055459934978,0.9896230101585388,0.9986135016255498,0.5624619901522168,0.8734225621414914,0.8701910376548767,0.9476099426386233
mot_huge-giant_1d-bs.512-ep.300,mot_huge_1d,0.5,42,44,0.02379323688349516,0.09942370066111118,0.9898164084911073,0.9894818663597107,0.998661311914324,0.5629218004857605,0.8730401529636711,0.8701278567314148,0.9464627151051626
mot_huge-giant_1d-bs.512-ep.300,mot_huge_1d,0.5,42,45,0.017555878527937163,0.09924434619279089,0.990055459934978,0.9896310567855835,0.998661311914324,0.5628491593136614,0.8707456978967495,0.8676979541778564,0.9468451242829828
mot_huge-giant_1d-bs.512-ep.300,mot_huge_1d,0.5,42,46,0.012235870926211617,0.0991113402916884,0.9901032702237521,0.9896427392959595,0.9987091222030982,0.562736441209257,0.8715105162523901,0.8682230114936829,0.9464627151051626
mot_huge-giant_1d-bs.512-ep.300,mot_huge_1d,0.5,42,47,0.007854209717842259,0.0990090765262749,0.9901032702237521,0.9896690249443054,0.998661311914324,0.5625693239171919,0.8715105162523901,0.8684999346733093,0.947227533460803
mot_huge-giant_1d-bs.512-ep.300,mot_huge_1d,0.5,42,48,0.00442818731782782,0.09895949713425554,0.9903423216676229,0.9898790717124939,0.998661311914324,0.5623799967720221,0.8715105162523901,0.868490993976593,0.9468451242829828
mot_huge-giant_1d-bs.512-ep.300,mot_huge_1d,0.5,42,49,0.0019713246713805588,0.09894168910389307,0.9902467010900746,0.9897790551185608,0.998661311914324,0.5624742679340662,0.8715105162523901,0.868490993976593,0.9464627151051626
mot_huge-giant_1d-bs.512-ep.300,mot_huge_1d,0.5,42,50,0.0004933178929321103,0.09893678396877538,0.9901988908013004,0.9897199273109436,0.998661311914324,0.56244460665701,0.8715105162523901,0.868490993976593,0.9464627151051626
mot_huge-giant_1d-bs.512-ep.300,mot_huge_1d,0.7,42,1,0.7,1.0909824898421228,0.7445496270797476,0.7368594408035278,0.8919487473704342,1.3467261232335983,0.6944550669216061,0.6913421154022217,0.8676864244741874
mot_huge-giant_1d-bs.512-ep.300,mot_huge_1d,0.7,42,2,0.699309354949895,0.7440711656294309,0.8225760183591508,0.8153080940246582,0.9279020845285906,0.9738590028956106,0.7869980879541109,0.7776551842689514,0.9055449330783939
mot_huge-giant_1d-bs.512-ep.300,mot_huge_1d,0.7,42,3,0.6972401454600672,0.5623654356694034,0.8586249760948557,0.8523107767105103,0.9486517498565691,0.866870001214868,0.7996175908221798,0.794205904006958,0.9162523900573614
mot_huge-giant_1d-bs.512-ep.300,mot_huge_1d,0.7,42,4,0.6938005377550409,0.5171484597031576,0.8676611206731689,0.8641372919082642,0.9537674507554026,0.8377669281531018,0.804206500956023,0.8004002571105957,0.9231357552581262
mot_huge-giant_1d-bs.512-ep.300,mot_huge_1d,0.7,42,5,0.6890041063950206,0.42324565774192086,0.8883629757123733,0.88511061668396,0.9664371772805508,0.7784305149464945,0.8187380497131931,0.8146216869354248,0.9223709369024856
mot_huge-giant_1d-bs.512-ep.300,mot_huge_1d,0.7,42,6,0.6828697807033035,0.38333782914446746,0.9057659208261618,0.9012912511825562,0.9669152801682922,0.7535602059008742,0.8248565965583174,0.8182748556137085,0.930019120458891
mot_huge-giant_1d-bs.512-ep.300,mot_huge_1d,0.7,42,7,0.6754217700608878,0.34356259086843793,0.9135111876075731,0.9118186831474304,0.9707879135589979,0.7509167614676072,0.832887189292543,0.8298184275627136,0.92848948374761
mot_huge-giant_1d-bs.512-ep.300,mot_huge_1d,0.7,42,8,0.6666894683631067,0.32398270812903657,0.9156148403136355,0.9130269885063171,0.9783419391853126,0.7503401659642761,0.8378585086042065,0.8397702574729919,0.9323135755258126
mot_huge-giant_1d-bs.512-ep.300,mot_huge_1d,0.7,42,9,0.6567073380153521,0.32822342050260195,0.9126506024096386,0.9109892845153809,0.9764773379231211,0.7460188885719781,0.8382409177820268,0.8372426629066467,0.9330783938814532
mot_huge-giant_1d-bs.512-ep.300,mot_huge_1d,0.7,42,10,0.6455147739257051,0.29433596250454175,0.9193918531267928,0.9154160022735596,0.9814496079556321,0.7211470448948001,0.837093690248566,0.8313092589378357,0.9304015296367113
mot_huge-giant_1d-bs.512-ep.300,mot_huge_1d,0.7,42,11,0.6331559480312314,0.23777986147317542,0.9388984509466437,0.9370276927947998,0.9843182252820807,0.6737420171442269,0.8504780114722753,0.8477089405059814,0.9376673040152964
mot_huge-giant_1d-bs.512-ep.300,mot_huge_1d,0.7,42,12,0.619679634971526,0.22239485245677476,0.9419104991394148,0.9411688446998596,0.9875215146299484,0.6718451111540056,0.8539196940726578,0.8508697748184204,0.9361376673040153
mot_huge-giant_1d-bs.512-ep.300,mot_huge_1d,0.7,42,13,0.6051390195974938,0.20343947684156163,0.9485083189902467,0.9481064677238464,0.9898164084911073,0.6754420154637178,0.8497131931166348,0.8474241495132446,0.941491395793499
mot_huge-giant_1d-bs.512-ep.300,mot_huge_1d,0.7,42,14,0.5895914870750408,0.19150663935948933,0.9519506597819851,0.9498881697654724,0.9893383056033659,0.6589750067453767,0.8478011472275334,0.845085084438324,0.9395793499043977
mot_huge-giant_1d-bs.512-ep.300,mot_huge_1d,0.7,42,15,0.5730983964120412,0.15865746247059392,0.9649550583285523,0.9641229510307312,0.9922069229298145,0.6348158367733199,0.8565965583173997,0.8530294895172119,0.9434034416826004
mot_huge-giant_1d-bs.512-ep.300,mot_huge_1d,0.7,42,16,0.5557248383023655,0.1688014320169997,0.9590743928093326,0.959446132183075,0.9922547332185886,0.6498295282542591,0.8550669216061185,0.8516185879707336,0.9380497131931166
mot_huge-giant_1d-bs.512-ep.300,mot_huge_1d,0.7,42,17,0.5375393782426486,0.1581047072787202,0.9626601644673933,0.9603259563446045,0.9932109389940715,0.6462822580428698,0.850095602294455,0.8464264869689941,0.9437858508604207
mot_huge-giant_1d-bs.512-ep.300,mot_huge_1d,0.7,42,18,0.5186137859356001,0.13493968417298433,0.9712660164467394,0.9711565971374512,0.9948364888123924,0.6229094627482485,0.860038240917782,0.8572671413421631,0.9426386233269598
mot_huge-giant_1d-bs.512-ep.300,mot_huge_1d,0.7,42,19,0.49902275204777524,0.13613058176111778,0.969162363740677,0.9678457379341125,0.9952667814113597,0.6288910233039929,0.8592734225621415,0.8566749095916748,0.9437858508604207
mot_huge-giant_1d-bs.512-ep.300,mot_huge_1d,0.7,42,20,0.47884359343963717,0.12131519314435273,0.9762382864792504,0.9756925702095032,0.9963186077643909,0.6145638059247748,0.8630975143403442,0.8594319224357605,0.945697896749522
mot_huge-giant_1d-bs.512-ep.300,mot_huge_1d,0.7,42,21,0.45815594803123144,0.11806090428875245,0.9773379231210556,0.976279079914093,0.9961751768980684,0.6209965977568471,0.8653919694072658,0.861346423625946,0.9479923518164436
mot_huge-giant_1d-bs.512-ep.300,mot_huge_1d,0.7,42,22,0.437041460507699,0.11515692142574845,0.9797284375597629,0.9792098999023438,0.9968445209409065,0.6054337321002442,0.8707456978967495,0.8679763078689575,0.9426386233269598
mot_huge-giant_1d-bs.512-ep.300,mot_huge_1d,0.7,42,23,0.4155834601050035,0.11227572847675653,0.9782941288965386,0.9774308204650879,0.9970357620960031,0.6085274581471547,0.8608030592734226,0.8562632203102112,0.945697896749522
mot_huge-giant_1d-bs.512-ep.300,mot_huge_1d,0.7,42,24,0.3938666317475064,0.10194376019269746,0.9822623828647925,0.9811983704566956,0.9977051061388411,0.6152679888285825,0.8608030592734226,0.8562379479408264,0.9483747609942639
mot_huge-giant_1d-bs.512-ep.300,mot_huge_1d,0.7,42,25,0.37197668183525956,0.09383031968109283,0.9866131191432396,0.9859414100646973,0.9984700707592273,0.6054343943842054,0.8661567877629063,0.8623249530792236,0.9483747609942639
mot_huge-giant_1d-bs.512-ep.300,mot_huge_1d,0.7,42,26,0.34999999999999987,0.09644994230292271,0.9854656722126601,0.9848679900169373,0.9974182444061962,0.6097122863419425,0.8623326959847036,0.8593591451644897,0.9479923518164436
mot_huge-giant_1d-bs.512-ep.300,mot_huge_1d,0.7,42,27,0.3280233181647402,0.09183929622640663,0.9855612927902084,0.9846566915512085,0.9984222604704532,0.6058329915909193,0.8630975143403442,0.8596658110618591,0.9464627151051626
mot_huge-giant_1d-bs.512-ep.300,mot_huge_1d,0.7,42,28,0.3061333682524934,0.08806069160788983,0.9864218779881431,0.9858587384223938,0.9983744501816791,0.5966992511348105,0.8673040152963671,0.8644918203353882,0.9491395793499044
mot_huge-giant_1d-bs.512-ep.300,mot_huge_1d,0.7,42,29,0.28441653989499627,0.08761655543406303,0.9873780837636259,0.9871649146080017,0.9985656913367756,0.6008393843816754,0.8688336520076482,0.8655622005462646,0.9464627151051626
mot_huge-giant_1d-bs.512-ep.300,mot_huge_1d,0.7,42,30,0.2629585394923007,0.08374565031588203,0.9889080130043986,0.988416314125061,0.9986135016255498,0.6043406521157143,0.8653919694072658,0.8614422678947449,0.9453154875717017
mot_huge-giant_1d-bs.512-ep.300,mot_huge_1d,0.7,42,31,0.2418440519687684,0.08333875406173703,0.9880474278064639,0.9878321290016174,0.9988047427806463,0.6040989191992561,0.8676864244741874,0.8651506304740906,0.947227533460803
mot_huge-giant_1d-bs.512-ep.300,mot_huge_1d,0.7,42,32,0.2211564065603627,0.07949232639056315,0.9906291834002677,0.990222156047821,0.9990916045132913,0.5994597994802559,0.865774378585086,0.8629276752471924,0.947227533460803
mot_huge-giant_1d-bs.512-ep.300,mot_huge_1d,0.7,42,33,0.20097724795222446,0.07593196218979019,0.9919678714859438,0.9914014339447021,0.998995983935743,0.5912762432207797,0.8715105162523901,0.8696502447128296,0.9479923518164436
mot_huge-giant_1d-bs.512-ep.300,mot_huge_1d,0.7,42,34,0.1813862140643995,0.07455515878609523,0.9931153184165232,0.9928496479988098,0.9990437942245172,0.5906122284227302,0.8688336520076482,0.8659303188323975,0.9476099426386233
mot_huge-giant_1d-bs.512-ep.300,mot_huge_1d,0.7,42,35,0.16246062175735101,0.07271886740480424,0.9931631287052973,0.9928553104400635,0.9991872250908396,0.5922824458455949,0.8684512428298279,0.8651684522628784,0.9495219885277246
mot_huge-giant_1d-bs.512-ep.300,mot_huge_1d,0.7,42,36,0.14427516169763435,0.07122831808310162,0.9939759036144579,0.9937083721160889,0.9992828456683879,0.5905966392210747,0.8715105162523901,0.8693423271179199,0.9491395793499044
mot_huge-giant_1d-bs.512-ep.300,mot_huge_1d,0.7,42,37,0.12690160358795852,0.07150680766002607,0.9930675081277491,0.9927417039871216,0.9991394148020654,0.5902623871316417,0.8707456978967495,0.8685046434402466,0.9487571701720842
mot_huge-giant_1d-bs.512-ep.300,mot_huge_1d,0.7,42,38,0.11040851292495889,0.07028416097221149,0.9941671447695544,0.9938052296638489,0.9991872250908396,0.5934252722541415,0.865774378585086,0.8634612560272217,0.9495219885277246
mot_huge-giant_1d-bs.512-ep.300,mot_huge_1d,0.7,42,39,0.09486098040250598,0.06922660205213306,0.9945974373685217,0.994265615940094,0.9993784662459361,0.5891533787802118,0.8688336520076482,0.8659496307373047,0.9495219885277246
mot_huge-giant_1d-bs.512-ep.300,mot_huge_1d,0.7,42,40,0.08032036502847376,0.06866787729949062,0.9946452476572959,0.9944122433662415,0.9992828456683879,0.5905023877524965,0.8718929254302104,0.8681343197822571,0.9495219885277246
mot_huge-giant_1d-bs.512-ep.300,mot_huge_1d,0.7,42,41,0.06684405196876839,0.06785750898628214,0.9951711608338114,0.9948999881744385,0.9992828456683879,0.5882803572295501,0.8707456978967495,0.8674744963645935,0.9487571701720842
mot_huge-giant_1d-bs.512-ep.300,mot_huge_1d,0.7,42,42,0.05448522607429477,0.06747182534014114,0.9948364888123924,0.9945846796035767,0.9992828456683879,0.5882907291215419,0.8726577437858508,0.8700945973396301,0.9495219885277246
mot_huge-giant_1d-bs.512-ep.300,mot_huge_1d,0.7,42,43,0.04329266198464772,0.06691413979886891,0.9949321093899407,0.9946659803390503,0.999330655957162,0.5876159033401518,0.8734225621414914,0.8707212805747986,0.9479923518164436
mot_huge-giant_1d-bs.512-ep.300,mot_huge_1d,0.7,42,44,0.03331053163689321,0.06663315759878766,0.9954580225664563,0.9952667951583862,0.9992828456683879,0.5879615375234337,0.8730401529636711,0.8697695136070251,0.9491395793499044
mot_huge-giant_1d-bs.512-ep.300,mot_huge_1d,0.7,42,45,0.024578229939112014,0.06648991238571622,0.9955058328552304,0.9952104091644287,0.9993784662459361,0.5879306516045594,0.8692160611854685,0.8661739230155945,0.9487571701720842
mot_huge-giant_1d-bs.512-ep.300,mot_huge_1d,0.7,42,46,0.017130219296696253,0.06638531007555161,0.9954580225664563,0.995231032371521,0.9993784662459361,0.5878019693932616,0.8695984703632887,0.8663060069084167,0.9487571701720842
mot_huge-giant_1d-bs.512-ep.300,mot_huge_1d,0.7,42,47,0.010995893604979155,0.0662998782902198,0.9955536431440046,0.995300829410553,0.9994740868234844,0.587700525433338,0.8695984703632887,0.866321325302124,0.9487571701720842
mot_huge-giant_1d-bs.512-ep.300,mot_huge_1d,0.7,42,48,0.006199462244958943,0.06625443741431267,0.9955058328552304,0.9952535033226013,0.9993784662459361,0.5874535008096786,0.8692160611854685,0.8660182952880859,0.9487571701720842
mot_huge-giant_1d-bs.512-ep.300,mot_huge_1d,0.7,42,49,0.0027598545399327803,0.06624100759531394,0.9955536431440046,0.9953027963638306,0.9993784662459361,0.5875619009393579,0.8692160611854685,0.8660182952880859,0.9487571701720842
mot_huge-giant_1d-bs.512-ep.300,mot_huge_1d,0.7,42,50,0.0006906450501049539,0.06623703242488153,0.9955536431440046,0.9953027963638306,0.9993784662459361,0.5875333789657681,0.8692160611854685,0.8660182952880859,0.9487571701720842
mot_huge-giant_1d-bs.512-ep.300,mot_huge_1d,1.0,42,1,1.0,2.0149240236616106,0.6745075540256263,0.668560802936554,0.8611589213998853,2.479793873890864,0.6397705544933079,0.6415848731994629,0.834416826003824
mot_huge-giant_1d-bs.512-ep.300,mot_huge_1d,1.0,42,2,0.9990133642141358,0.8206678860318389,0.8179862306368331,0.8140013813972473,0.9279020845285906,1.1672973880804292,0.7709369024856596,0.7642953991889954,0.9017208413001913
mot_huge-giant_1d-bs.512-ep.300,mot_huge_1d,1.0,42,3,0.996057350657239,0.7065597397575736,0.8346242111302352,0.8309569358825684,0.9438229106903806,1.1602157826177477,0.7694072657743786,0.7714582681655884,0.908604206500956
mot_huge-giant_1d-bs.512-ep.300,mot_huge_1d,1.0,42,4,0.9911436253643444,0.6307066140290678,0.8566647542551157,0.8524258136749268,0.949607955632052,1.0554263696615829,0.7889101338432123,0.7799911499023438,0.920076481835564
mot_huge-giant_1d-bs.512-ep.300,mot_huge_1d,1.0,42,5,0.9842915805643155,0.49413081395464203,0.8745458022566456,0.869545042514801,0.9625645438898451,0.9785594633842746,0.8053537284894837,0.8007422089576721,0.9208413001912046
mot_huge-giant_1d-bs.512-ep.300,mot_huge_1d,1.0,42,6,0.9755282581475768,0.41147295041211046,0.8947695544081087,0.8915978074073792,0.9658156435264869,0.895931503558478,0.8183556405353728,0.8136277794837952,0.9269598470363288
mot_huge-giant_1d-bs.512-ep.300,mot_huge_1d,1.0,42,7,0.9648882429441257,0.38443803066823423,0.8999808758844904,0.8980482220649719,0.9683017785427424,0.9189653312726869,0.8252390057361376,0.8218886852264404,0.9227533460803059
mot_huge-giant_1d-bs.512-ep.300,mot_huge_1d,1.0,42,8,0.9524135262330098,0.3500371662784795,0.9098776056607382,0.90730881690979,0.9770510613884108,0.9187852972552152,0.8206500956022944,0.8197537064552307,0.9281070745697897
mot_huge-giant_1d-bs.512-ep.300,mot_huge_1d,1.0,42,9,0.9381533400219317,0.3810113438412755,0.8991681009753298,0.8987833261489868,0.9738477720405432,0.9456669998898333,0.8141491395793499,0.8151323199272156,0.9250478011472275
mot_huge-giant_1d-bs.512-ep.300,mot_huge_1d,1.0,42,10,0.9221639627510075,0.30127240214436296,0.9147064448269268,0.9093788862228394,0.9808758844903424,0.8531709776781713,0.8267686424474188,0.8206043243408203,0.9239005736137668
mot_huge-giant_1d-bs.512-ep.300,mot_huge_1d,1.0,42,11,0.9045084971874737,0.23548285451394055,0.9369382291069038,0.9343110918998718,0.983744501816791,0.7936661736687101,0.8416826003824092,0.8391003608703613,0.9338432122370937
mot_huge-giant_1d-bs.512-ep.300,mot_huge_1d,1.0,42,12,0.8852566213878946,0.21177106154172456,0.9412889653853509,0.9401033520698547,0.9886211512717537,0.7915641274096633,0.8462715105162524,0.8410508632659912,0.9338432122370937
mot_huge-giant_1d-bs.512-ep.300,mot_huge_1d,1.0,42,13,0.8644843137107058,0.19823004389429302,0.9443488238668961,0.945024847984314,0.9900076496462039,0.7902965742588955,0.8413001912045889,0.8403770327568054,0.939961759082218
mot_huge-giant_1d-bs.512-ep.300,mot_huge_1d,1.0,42,14,0.8422735529643444,0.18402099869269034,0.9492254733218589,0.9469942450523376,0.9896251673360107,0.7677430555879727,0.8439770554493308,0.8396856188774109,0.9395793499043977
mot_huge-giant_1d-bs.512-ep.300,mot_huge_1d,1.0,42,15,0.8187119948743449,0.1304247626316299,0.9668674698795181,0.9664271473884583,0.9930196978389749,0.7165069426906724,0.8546845124282982,0.8526492118835449,0.9426386233269598
mot_huge-giant_1d-bs.512-ep.300,mot_huge_1d,1.0,42,16,0.7938926261462367,0.1526163027992803,0.9586441002103653,0.9594581723213196,0.9930196978389749,0.7544201867302335,0.8474187380497132,0.8444416522979736,0.9391969407265774
mot_huge-giant_1d-bs.512-ep.300,mot_huge_1d,1.0,42,17,0.7679133974894983,0.14333578738456795,0.9631382673551349,0.9606665968894958,0.9934021801491681,0.7548637856944798,0.848565965583174,0.8455488681793213,0.9395793499043977
mot_huge-giant_1d-bs.512-ep.300,mot_huge_1d,1.0,42,18,0.7408768370508576,0.10577870443460476,0.9749952189711226,0.9752646088600159,0.9962229871868427,0.7106567959028722,0.8565965583173997,0.8537238836288452,0.9430210325047801
mot_huge-giant_1d-bs.512-ep.300,mot_huge_1d,1.0,42,19,0.7128896457825363,0.10940546263561442,0.9720787913558998,0.9708395600318909,0.9962229871868427,0.7223685342996572,0.8554493307839388,0.8517735004425049,0.9403441682600382
mot_huge-giant_1d-bs.512-ep.300,mot_huge_1d,1.0,42,20,0.6840622763423391,0.08800397935572946,0.9803021610250526,0.9798375964164734,0.9970357620960031,0.6895086518209249,0.8604206500956023,0.857998788356781,0.9430210325047801
mot_huge-giant_1d-bs.512-ep.300,mot_huge_1d,1.0,42,21,0.6545084971874737,0.09125966364850868,0.9789156626506024,0.977745532989502,0.9973226238286479,0.712926206716388,0.8569789674952198,0.8534041047096252,0.9453154875717017
mot_huge-giant_1d-bs.512-ep.300,mot_huge_1d,1.0,42,22,0.6243449435824273,0.08400512946497804,0.9829317269076305,0.9825156927108765,0.9978485370051635,0.6867608502535701,0.864244741873805,0.8616376519203186,0.9445506692160612
mot_huge-giant_1d-bs.512-ep.300,mot_huge_1d,1.0,42,23,0.5936906572928624,0.08048446857466436,0.9822145725760184,0.9816147089004517,0.9982788296041308,0.6907996897943617,0.8562141491395794,0.8518530130386353,0.9468451242829828
mot_huge-giant_1d-bs.512-ep.300,mot_huge_1d,1.0,42,24,0.5626666167821522,0.06843316724866225,0.9872824631860776,0.986481785774231,0.9988047427806463,0.6930845315324189,0.8604206500956023,0.8572519421577454,0.9464627151051626
mot_huge-giant_1d-bs.512-ep.300,mot_huge_1d,1.0,42,25,0.5313952597646567,0.06301892100111844,0.9894339261809141,0.9888464212417603,0.9989003633581947,0.6824533086889788,0.8634799235181644,0.8594812750816345,0.9445506692160612
mot_huge-giant_1d-bs.512-ep.300,mot_huge_1d,1.0,42,26,0.5,0.061697275677564424,0.9902467010900746,0.9897474646568298,0.9989481736469689,0.6799680633253167,0.8611854684512428,0.8582327961921692,0.9449330783938814
mot_huge-giant_1d-bs.512-ep.300,mot_huge_1d,1.0,42,27,0.4686047402353433,0.05755112044759726,0.991059475999235,0.990398108959198,0.9991394148020654,0.6785021123649058,0.8577437858508604,0.8534636497497559,0.9464627151051626
mot_huge-giant_1d-bs.512-ep.300,mot_huge_1d,1.0,42,28,0.4373333832178479,0.05653928606978428,0.990724803977816,0.9905034899711609,0.9993784662459361,0.6705908489044948,0.8653919694072658,0.8624253273010254,0.9468451242829828
mot_huge-giant_1d-bs.512-ep.300,mot_huge_1d,1.0,42,29,0.4063093427071377,0.05294418061388271,0.9928762669726525,0.9926177859306335,0.9995697074010327,0.6686171019282441,0.8646271510516252,0.8620882630348206,0.9449330783938814
mot_huge-giant_1d-bs.512-ep.300,mot_huge_1d,1.0,42,30,0.3756550564175726,0.050983887588255124,0.9926850258175559,0.9922524094581604,0.9995218971122586,0.6732357200199514,0.8630975143403442,0.8589174151420593,0.947227533460803
mot_huge-giant_1d-bs.512-ep.300,mot_huge_1d,1.0,42,31,0.34549150281252644,0.051881944387723714,0.9920634920634921,0.9920220375061035,0.9996175176898069,0.6750118007623442,0.8669216061185469,0.8632368445396423,0.9460803059273423
mot_huge-giant_1d-bs.512-ep.300,mot_huge_1d,1.0,42,32,0.31593772365766115,0.04775394244252393,0.9947408682348441,0.9945306181907654,0.9997131382673551,0.672228777796087,0.8623326959847036,0.8595665097236633,0.9464627151051626
mot_huge-giant_1d-bs.512-ep.300,mot_huge_1d,1.0,42,33,0.28711035421746367,0.045052803424467526,0.9955536431440046,0.9953083992004395,0.9997131382673551,0.6631374811351185,0.8665391969407266,0.8635100722312927,0.9468451242829828
mot_huge-giant_1d-bs.512-ep.300,mot_huge_1d,1.0,42,34,0.2591231629491423,0.04354949677097658,0.9965098489194875,0.9963169693946838,0.9997609485561293,0.6609908423049956,0.8680688336520076,0.8650757670402527,0.9476099426386233
mot_huge-giant_1d-bs.512-ep.300,mot_huge_1d,1.0,42,35,0.23208660251050156,0.04197541526134941,0.9967489003633582,0.9964935183525085,0.999665327978581,0.6607210009777296,0.8653919694072658,0.8623069524765015,0.9506692160611855
mot_huge-giant_1d-bs.512-ep.300,mot_huge_1d,1.0,42,36,0.2061073738537635,0.04062710593275186,0.9974182444061962,0.9972469210624695,0.9997609485561293,0.6595584220229782,0.8680688336520076,0.865426242351532,0.9487571701720842
mot_huge-giant_1d-bs.512-ep.300,mot_huge_1d,1.0,42,37,0.18128800512565513,0.0412885002046681,0.9965098489194875,0.9962512254714966,0.9997131382673551,0.6593623108435316,0.865774378585086,0.8631123900413513,0.9483747609942639
mot_huge-giant_1d-bs.512-ep.300,mot_huge_1d,1.0,42,38,0.15772644703565564,0.04036381348845015,0.9975138649837445,0.9973278641700745,0.9998565691336776,0.6646737158868327,0.8634799235181644,0.8601674437522888,0.9487571701720842
mot_huge-giant_1d-bs.512-ep.300,mot_huge_1d,1.0,42,39,0.13551568628929433,0.039493669804023905,0.9976572958500669,0.9974656701087952,0.9998087588449034,0.65896469466317,0.8673040152963671,0.8637171983718872,0.9483747609942639
mot_huge-giant_1d-bs.512-ep.300,mot_huge_1d,1.0,42,40,0.11474337861210543,0.03928283638333153,0.9972270032510996,0.9971124529838562,0.9998565691336776,0.6604075400824756,0.8661567877629063,0.8613715171813965,0.947227533460803
mot_huge-giant_1d-bs.512-ep.300,mot_huge_1d,1.0,42,41,0.09549150281252633,0.0384759012076111,0.9978963472939376,0.9977728128433228,0.9999043794224517,0.6582177477630556,0.8676864244741874,0.8647341132164001,0.9483747609942639
mot_huge-giant_1d-bs.512-ep.300,mot_huge_1d,1.0,42,42,0.07783603724899257,0.03819465870883684,0.9977051061388411,0.9975370168685913,0.9998565691336776,0.6583970399933153,0.8692160611854685,0.8659163117408752,0.9499043977055449
mot_huge-giant_1d-bs.512-ep.300,mot_huge_1d,1.0,42,43,0.06184665997806821,0.03783252458541383,0.9980397781602601,0.9979535937309265,0.9998565691336776,0.6581568329557634,0.869980879541109,0.8669174909591675,0.9495219885277246
mot_huge-giant_1d-bs.512-ep.300,mot_huge_1d,1.0,42,44,0.04758647376699032,0.03764375547852975,0.9979919678714859,0.9979009032249451,0.9998565691336776,0.6580612474372236,0.8688336520076482,0.8652654886245728,0.9491395793499044
mot_huge-giant_1d-bs.512-ep.300,mot_huge_1d,1.0,42,45,0.035111757055874326,0.03754668118712505,0.9979441575827118,0.9977709054946899,0.9998565691336776,0.6583864587670758,0.8688336520076482,0.8658284544944763,0.9495219885277246
mot_huge-giant_1d-bs.512-ep.300,mot_huge_1d,1.0,42,46,0.024471741852423234,0.03747590899262289,0.9980397781602601,0.9979232549667358,0.9998565691336776,0.658036799822893,0.8680688336520076,0.8647857904434204,0.9495219885277246
mot_huge-giant_1d-bs.512-ep.300,mot_huge_1d,1.0,42,47,0.015708419435684517,0.03742701091623188,0.9980875884490342,0.9979817271232605,0.9998565691336776,0.6580431907172413,0.8680688336520076,0.8648261427879333,0.9495219885277246
mot_huge-giant_1d-bs.512-ep.300,mot_huge_1d,1.0,42,48,0.00885637463565564,0.0373911785906144,0.9981832090265825,0.9980778694152832,0.9998565691336776,0.6577110815686432,0.8688336520076482,0.8655953407287598,0.9495219885277246
mot_huge-giant_1d-bs.512-ep.300,mot_huge_1d,1.0,42,49,0.0039426493427611176,0.03738289691905351,0.9981832090265825,0.9980778694152832,0.9998565691336776,0.6578178806924911,0.8688336520076482,0.8655627369880676,0.9491395793499044
mot_huge-giant_1d-bs.512-ep.300,mot_huge_1d,1.0,42,50,0.0009866357858642205,0.03738036850917223,0.9981832090265825,0.9980778694152832,0.9998565691336776,0.6577937401503495,0.8688336520076482,0.8655953407287598,0.9491395793499044
mot_huge-large_1d-bs.512-ep.300,mot_huge_1d,0.1,42,1,0.1,1.9627704988772519,0.5809428188946262,0.570582389831543,0.7935551730732454,2.089960128171494,0.5521988527724665,0.5530710220336914,0.7644359464627151
mot_huge-large_1d-bs.512-ep.300,mot_huge_1d,0.1,42,2,0.09990133642141358,1.3765697158256118,0.7164371772805508,0.7067791819572449,0.8764104035188373,1.5067320799964337,0.6826003824091779,0.6710850596427917,0.8577437858508604
mot_huge-large_1d-bs.512-ep.300,mot_huge_1d,0.1,42,3,0.0996057350657239,1.1662934922105064,0.7539204436794799,0.7455790042877197,0.9016064257028112,1.3197261540429315,0.7154875717017208,0.7102721333503723,0.8833652007648184
mot_huge-large_1d-bs.512-ep.300,mot_huge_1d,0.1,42,4,0.09911436253643444,1.060417817094445,0.7737617135207496,0.7667811512947083,0.9079173838209983,1.2497485961330552,0.7158699808795411,0.7140684723854065,0.8799235181644359
mot_huge-large_1d-bs.512-ep.300,mot_huge_1d,0.1,42,5,0.09842915805643154,0.9344245544421921,0.7999139414802066,0.7954984307289124,0.9193440428380187,1.1348033503866104,0.7472275334608031,0.744072437286377,0.891395793499044
mot_huge-large_1d-bs.512-ep.300,mot_huge_1d,0.1,42,6,0.09755282581475767,0.8566187798213174,0.8217154331612163,0.8178799152374268,0.9279498948173647,1.064415002826523,0.7594646271510517,0.7541096210479736,0.9055449330783939
mot_huge-large_1d-bs.512-ep.300,mot_huge_1d,0.1,42,7,0.09648882429441256,0.8226468711265028,0.8201376936316696,0.8161248564720154,0.9287626697265251,1.0462243745705366,0.7625239005736137,0.7583132386207581,0.8986615678776291
mot_huge-large_1d-bs.512-ep.300,mot_huge_1d,0.1,42,8,0.09524135262330098,0.7530112159847188,0.8410786001147447,0.8380081057548523,0.9367469879518072,0.9859166380552216,0.7804971319311663,0.7773909568786621,0.9047801147227533
mot_huge-large_1d-bs.512-ep.300,mot_huge_1d,0.1,42,9,0.09381533400219318,0.734517867124247,0.8439472174411934,0.8404783606529236,0.9362210747752916,0.9854383209695323,0.7774378585086043,0.7748189568519592,0.9066921606118546
mot_huge-large_1d-bs.512-ep.300,mot_huge_1d,0.1,42,10,0.09221639627510075,0.6854955491200759,0.8596768024478868,0.8555276989936829,0.942627653471027,0.946296491312935,0.7862332695984704,0.7827320694923401,0.9089866156787763
mot_huge-large_1d-bs.512-ep.300,mot_huge_1d,0.1,42,11,0.09045084971874737,0.6773243098168693,0.8558997896347293,0.8537815809249878,0.9450659781985083,0.9376125671211666,0.7938814531548757,0.7924867868423462,0.9158699808795411
mot_huge-large_1d-bs.512-ep.300,mot_huge_1d,0.1,42,12,0.08852566213878946,0.6443269623468063,0.8632625741059476,0.8607606291770935,0.9469783897494741,0.9261072089521653,0.7862332695984704,0.785871148109436,0.9120458891013384
mot_huge-large_1d-bs.512-ep.300,mot_huge_1d,0.1,42,13,0.08644843137107057,0.6328492108985374,0.8612067316886594,0.8565534353256226,0.9473608720596672,0.9215981397756428,0.788527724665392,0.7856004238128662,0.9116634799235181
mot_huge-large_1d-bs.512-ep.300,mot_huge_1d,0.1,42,14,0.08422735529643442,0.6119217591751691,0.8703384968445209,0.8674448132514954,0.9496557659208261,0.9062068056649961,0.7927342256214149,0.7912816405296326,0.9162523900573614
mot_huge-large_1d-bs.512-ep.300,mot_huge_1d,0.1,42,15,0.08187119948743447,0.5835279607708993,0.8724899598393574,0.8708903789520264,0.9515203671830178,0.8874613606906986,0.7961759082217973,0.7925766110420227,0.9151051625239006
mot_huge-large_1d-bs.512-ep.300,mot_huge_1d,0.1,42,16,0.07938926261462366,0.5771411734161698,0.8792790208452859,0.8777909278869629,0.9503729202524384,0.89562343721408,0.795793499043977,0.7981810569763184,0.9147227533460803
mot_huge-large_1d-bs.512-ep.300,mot_huge_1d,0.1,42,17,0.07679133974894982,0.5501143932798483,0.88659399502773,0.8839095830917358,0.9570185503920444,0.8673304687266596,0.8022944550669217,0.79921555519104,0.9154875717017208
mot_huge-large_1d-bs.512-ep.300,mot_huge_1d,0.1,42,18,0.07408768370508576,0.5419390622414556,0.8873111493593421,0.8837060332298279,0.9563492063492064,0.8636299673047622,0.8030592734225621,0.7990701794624329,0.9158699808795411
mot_huge-large_1d-bs.512-ep.300,mot_huge_1d,0.1,42,19,0.07128896457825362,0.5307263071392481,0.8894626123541787,0.8861889839172363,0.9574966532797858,0.8540054510929844,0.8,0.7960277795791626,0.9158699808795411
mot_huge-large_1d-bs.512-ep.300,mot_huge_1d,0.1,42,20,0.06840622763423389,0.5210717338566389,0.8933352457448843,0.8908148407936096,0.959552495697074,0.8477231129633537,0.8061185468451243,0.8038240075111389,0.9208413001912046
mot_huge-large_1d-bs.512-ep.300,mot_huge_1d,0.1,42,21,0.06545084971874736,0.5078328883677555,0.8981162746222987,0.8962067365646362,0.9605087014725568,0.8419385228056753,0.807265774378585,0.8076575994491577,0.9208413001912046
mot_huge-large_1d-bs.512-ep.300,mot_huge_1d,0.1,42,22,0.06243449435824272,0.5046004773918906,0.8962994836488812,0.8961308002471924,0.9612736660929432,0.8396525410347642,0.8118546845124283,0.811231791973114,0.9181644359464627
mot_huge-large_1d-bs.512-ep.300,mot_huge_1d,0.1,42,23,0.05936906572928623,0.49287278512213145,0.9012239433926181,0.8991639018058777,0.9623254924459744,0.8306616234277904,0.8076481835564053,0.8050144910812378,0.9219885277246654
mot_huge-large_1d-bs.512-ep.300,mot_huge_1d,0.1,42,24,0.056266661678215216,0.4875283040652017,0.8997896347293938,0.896595299243927,0.9630426467775866,0.8320089336563022,0.8061185468451243,0.8035833835601807,0.9189292543021033
mot_huge-large_1d-bs.512-ep.300,mot_huge_1d,0.1,42,25,0.053139525976465665,0.4773271813814853,0.901845477146682,0.8994745016098022,0.9638076113979729,0.8218736652206509,0.8087954110898662,0.8065477013587952,0.9219885277246654
mot_huge-large_1d-bs.512-ep.300,mot_huge_1d,0.1,42,26,0.049999999999999996,0.475431469526818,0.9051443870720979,0.90245521068573,0.9649072480397781,0.8242345762526327,0.8114722753346081,0.8098089694976807,0.9216061185468452
mot_huge-large_1d-bs.512-ep.300,mot_huge_1d,0.1,42,27,0.046860474023534326,0.46769861628754367,0.9056703002486135,0.9030917882919312,0.9648116274622299,0.8247133141949802,0.8110898661567878,0.8097192645072937,0.920076481835564
mot_huge-large_1d-bs.512-ep.300,mot_huge_1d,0.1,42,28,0.04373333832178478,0.4656688405122828,0.903853509275196,0.9022162556648254,0.9649550583285523,0.822201338233729,0.8091778202676865,0.8081352114677429,0.9181644359464627
mot_huge-large_1d-bs.512-ep.300,mot_huge_1d,0.1,42,29,0.040630934270713764,0.45424653266852755,0.9089213998852553,0.9071507453918457,0.9663415567030025,0.8126832608283135,0.8160611854684512,0.8139246106147766,0.9216061185468452
mot_huge-large_1d-bs.512-ep.300,mot_huge_1d,0.1,42,30,0.03756550564175726,0.45200156180665746,0.9089692101740294,0.9066832065582275,0.9678714859437751,0.8106039605222742,0.8099426386233269,0.8075352311134338,0.9223709369024856
mot_huge-large_1d-bs.512-ep.300,mot_huge_1d,0.1,42,31,0.03454915028125265,0.4443424027516432,0.9133677567412507,0.9118409752845764,0.9682061579651942,0.8088295581008007,0.8168260038240918,0.8141835927963257,0.9204588910133843
mot_huge-large_1d-bs.512-ep.300,mot_huge_1d,0.1,42,32,0.03159377236576612,0.4443959390987149,0.9119334480780263,0.9097641706466675,0.9678714859437751,0.813200022476809,0.8130019120458891,0.8117706179618835,0.9216061185468452
mot_huge-large_1d-bs.512-ep.300,mot_huge_1d,0.1,42,33,0.028711035421746366,0.4394813403729431,0.9145152036718301,0.9129583835601807,0.9685408299866132,0.8037618472972746,0.8202676864244742,0.8181124925613403,0.9227533460803059
mot_huge-large_1d-bs.512-ep.300,mot_huge_1d,0.1,42,34,0.025912316294914226,0.43615624370709916,0.9150889271371199,0.9135518074035645,0.9687320711417097,0.807445419632454,0.8187380497131931,0.8195460438728333,0.9216061185468452
mot_huge-large_1d-bs.512-ep.300,mot_huge_1d,0.1,42,35,0.023208660251050155,0.4343777850062242,0.914467393383056,0.9123451113700867,0.969497035762096,0.800934624170482,0.8187380497131931,0.8176678419113159,0.9223709369024856
mot_huge-large_1d-bs.512-ep.300,mot_huge_1d,0.1,42,36,0.020610737385376346,0.4322064559850439,0.9158538917575062,0.9138948321342468,0.9694014151845477,0.7994669387263048,0.8141491395793499,0.8125306963920593,0.9223709369024856
mot_huge-large_1d-bs.512-ep.300,mot_huge_1d,0.1,42,37,0.01812880051256551,0.43003165204385013,0.9166666666666666,0.9150877594947815,0.969831707783515,0.8028182808345408,0.8183556405353728,0.8179343938827515,0.9227533460803059
mot_huge-large_1d-bs.512-ep.300,mot_huge_1d,0.1,42,38,0.015772644703565562,0.4267532498550634,0.9168100975329891,0.9149025082588196,0.9702141900937081,0.7967049352525525,0.8210325047801147,0.8191683888435364,0.9212237093690249
mot_huge-large_1d-bs.512-ep.300,mot_huge_1d,0.1,42,39,0.013551568628929433,0.42429670354653826,0.9189615605278256,0.9171658158302307,0.9704532415375788,0.7927606673815054,0.817208413001912,0.815278172492981,0.9219885277246654
mot_huge-large_1d-bs.512-ep.300,mot_huge_1d,0.1,42,40,0.011474337861210542,0.4231571705260635,0.9186268885064066,0.916587233543396,0.9709791547140945,0.7948110678911665,0.8187380497131931,0.8165626525878906,0.9219885277246654
mot_huge-large_1d-bs.512-ep.300,mot_huge_1d,0.1,42,41,0.009549150281252632,0.42227227493143143,0.9185790782176324,0.9166538715362549,0.9706922929814497,0.7938086806930046,0.8233269598470363,0.8216274976730347,0.9216061185468452
mot_huge-large_1d-bs.512-ep.300,mot_huge_1d,0.1,42,42,0.007783603724899257,0.4212068376087007,0.9203002486135016,0.9185947179794312,0.9703576209600306,0.7941795071953798,0.8179732313575526,0.8160176277160645,0.9227533460803059
mot_huge-large_1d-bs.512-ep.300,mot_huge_1d,0.1,42,43,0.0061846659978068205,0.4202088839147396,0.9203480589022758,0.918599545955658,0.9707879135589979,0.7925434017728438,0.8202676864244742,0.8183470368385315,0.9235181644359465
mot_huge-large_1d-bs.512-ep.300,mot_huge_1d,0.1,42,44,0.004758647376699033,0.41935891050935864,0.9202046280359534,0.9184033274650574,0.9714094473130618,0.7923154017665418,0.8221797323135756,0.8208873867988586,0.9235181644359465
mot_huge-large_1d-bs.512-ep.300,mot_huge_1d,0.1,42,45,0.0035111757055874327,0.4190592135679063,0.9201568177471792,0.9183109998703003,0.9708835341365462,0.7924102586268467,0.821414913957935,0.8196222186088562,0.9235181644359465
mot_huge-large_1d-bs.512-ep.300,mot_huge_1d,0.1,42,46,0.0024471741852423235,0.4188606156790364,0.9201568177471792,0.9183881282806396,0.9712182061579652,0.7918481494910858,0.8206500956022944,0.8191523551940918,0.9227533460803059
mot_huge-large_1d-bs.512-ep.300,mot_huge_1d,0.1,42,47,0.0015708419435684518,0.41858171290479534,0.9204914897685982,0.9186716675758362,0.9709791547140945,0.791942132545019,0.8206500956022944,0.8189860582351685,0.9227533460803059
mot_huge-large_1d-bs.512-ep.300,mot_huge_1d,0.1,42,48,0.000885637463565564,0.4185034472300824,0.9204914897685982,0.9187020659446716,0.9709313444253204,0.7918354180301352,0.8198852772466539,0.8182790875434875,0.9219885277246654
mot_huge-large_1d-bs.512-ep.300,mot_huge_1d,0.1,42,49,0.00039426493427611173,0.4184593250656201,0.9204436794798241,0.9186614155769348,0.9711225855804169,0.7918934926020256,0.8206500956022944,0.8189868330955505,0.9223709369024856
mot_huge-large_1d-bs.512-ep.300,mot_huge_1d,0.1,42,50,9.866357858642205e-05,0.41844987376831894,0.9204914897685982,0.9186949133872986,0.9711703958691911,0.7918685052408543,0.8206500956022944,0.8191743493080139,0.9223709369024856
mot_huge-large_1d-bs.512-ep.300,mot_huge_1d,0.3,42,1,0.3,1.7823009328647015,0.6061388410786002,0.5996837019920349,0.8060814687320711,2.035812685731264,0.5567877629063097,0.5615410804748535,0.7713193116634799
mot_huge-large_1d-bs.512-ep.300,mot_huge_1d,0.3,42,2,0.29970400926424073,1.0472997015031853,0.7524861350162555,0.7403476238250732,0.8958691910499139,1.267330780904562,0.6990439770554493,0.6926496028900146,0.8688336520076482
mot_huge-large_1d-bs.512-ep.300,mot_huge_1d,0.3,42,3,0.2988172051971717,0.9390142786956512,0.7694587875310767,0.7648040056228638,0.9042838018741634,1.2024694460983714,0.7235181644359464,0.7235737442970276,0.874187380497132
mot_huge-large_1d-bs.512-ep.300,mot_huge_1d,0.3,42,4,0.29734308760930334,0.8558634442292749,0.7883438515968636,0.7862354516983032,0.9235991585389176,1.1515036143490736,0.7281070745697896,0.7251104712486267,0.8940726577437859
mot_huge-large_1d-bs.512-ep.300,mot_huge_1d,0.3,42,5,0.2952874741692947,0.722203008484307,0.8193249187225091,0.8162002563476562,0.9356951615987761,1.0625239239140176,0.7449330783938815,0.7459195852279663,0.8982791586998088
mot_huge-large_1d-bs.512-ep.300,mot_huge_1d,0.3,42,6,0.2926584774442731,0.7087305549180948,0.8211417096959266,0.8198046088218689,0.9379422451711609,1.0813429896279914,0.7472275334608031,0.7467979192733765,0.8952198852772466
mot_huge-large_1d-bs.512-ep.300,mot_huge_1d,0.3,42,7,0.28946647288323774,0.6732426322562035,0.8239625167336011,0.8218111991882324,0.9413845859628992,1.05942272674969,0.7464627151051625,0.7433227300643921,0.8936902485659656
mot_huge-large_1d-bs.512-ep.300,mot_huge_1d,0.3,42,8,0.28572405786990296,0.6074867175582445,0.8430388219544847,0.8401709198951721,0.9462134251290878,0.995862680001195,0.7644359464627151,0.7610591053962708,0.9024856596558317
mot_huge-large_1d-bs.512-ep.300,mot_huge_1d,0.3,42,9,0.28144600200657954,0.5673044876424002,0.8602505259131765,0.8597127795219421,0.9492254733218589,0.9836858184114241,0.7820267686424475,0.7827088832855225,0.9024856596558317
mot_huge-large_1d-bs.512-ep.300,mot_huge_1d,0.3,42,10,0.27664918882530226,0.48360893853560166,0.8810958118187033,0.8744519948959351,0.9604608911837828,0.9114316032220027,0.7934990439770554,0.7852146625518799,0.9162523900573614
mot_huge-large_1d-bs.512-ep.300,mot_huge_1d,0.3,42,11,0.27135254915624213,0.5202211092571201,0.8635016255498184,0.8611760139465332,0.9577835150124306,0.9385197619407173,0.7858508604206501,0.7802939414978027,0.9120458891013384
mot_huge-large_1d-bs.512-ep.300,mot_huge_1d,0.3,42,12,0.2655769864163684,0.4639429841357997,0.8825779307707019,0.8805289268493652,0.9617039586919105,0.916279480972436,0.7862332695984704,0.7867244482040405,0.9112810707456979
mot_huge-large_1d-bs.512-ep.300,mot_huge_1d,0.3,42,13,0.2593452941132117,0.4716161087562851,0.8755020080321285,0.8734192848205566,0.963186077643909,0.9332447022826448,0.7843212237093691,0.7812026739120483,0.9139579349904398
mot_huge-large_1d-bs.512-ep.300,mot_huge_1d,0.3,42,14,0.2526820658893033,0.4190526750899793,0.8943870720979155,0.8925622701644897,0.9660068846815835,0.9010509563905559,0.7946462715105163,0.7963246703147888,0.9124282982791587
mot_huge-large_1d-bs.512-ep.300,mot_huge_1d,0.3,42,15,0.24561359846230346,0.4014798833891182,0.8996940141518455,0.8990819454193115,0.9701185695161598,0.8934791061663947,0.7923518164435946,0.7915180921554565,0.9173996175908222
mot_huge-large_1d-bs.512-ep.300,mot_huge_1d,0.3,42,16,0.23816778784387102,0.40470617700658124,0.8956301396060432,0.8951526880264282,0.9717919296232549,0.9113185065654222,0.7869980879541109,0.7864230275154114,0.908604206500956
mot_huge-large_1d-bs.512-ep.300,mot_huge_1d,0.3,42,17,0.2303740192468495,0.4249941168745154,0.8953910881621725,0.8916917443275452,0.9703576209600306,0.9421265414294504,0.7977055449330784,0.7932837009429932,0.9158699808795411
mot_huge-large_1d-bs.512-ep.300,mot_huge_1d,0.3,42,18,0.22226305111525732,0.3658839025331469,0.9066743163128705,0.906266987323761,0.9750430292598967,0.875932923967934,0.7977055449330784,0.797198474407196,0.9151051625239006
mot_huge-large_1d-bs.512-ep.300,mot_huge_1d,0.3,42,19,0.21386689373476092,0.36093799870473336,0.9082998661311914,0.9066088795661926,0.9742780646395104,0.8736796260563867,0.7996175908221798,0.7975693345069885,0.9208413001912046
mot_huge-large_1d-bs.512-ep.300,mot_huge_1d,0.3,42,20,0.20521868290270173,0.3325775328045435,0.9191528016829221,0.9160494208335876,0.9786288009179576,0.8559995282904368,0.807265774378585,0.8047034740447998,0.9173996175908222
mot_huge-large_1d-bs.512-ep.300,mot_huge_1d,0.3,42,21,0.19635254915624212,0.32251268072414635,0.9229298144960796,0.9207314252853394,0.9790112832281507,0.8546907669271612,0.8003824091778202,0.7989976406097412,0.9173996175908222
mot_huge-large_1d-bs.512-ep.300,mot_huge_1d,0.3,42,22,0.18730348307472822,0.3013672369072236,0.9291929623254924,0.9282956123352051,0.9810193153566648,0.8328251103826052,0.8133843212237094,0.8116732239723206,0.9204588910133843
mot_huge-large_1d-bs.512-ep.300,mot_huge_1d,0.3,42,23,0.17810719718785872,0.32314657449129547,0.9202046280359534,0.9187269806861877,0.9809715050678907,0.8558575632011457,0.8,0.7947515249252319,0.9223709369024856
mot_huge-large_1d-bs.512-ep.300,mot_huge_1d,0.3,42,24,0.1687999850346457,0.3048047968342282,0.9276630330847199,0.9264013767242432,0.9812105565117614,0.8568735760894833,0.8003824091778202,0.8008498549461365,0.9227533460803059
mot_huge-large_1d-bs.512-ep.300,mot_huge_1d,0.3,42,25,0.15941857792939704,0.2778377849391369,0.9380378657487092,0.9367727041244507,0.9832185886402753,0.8231501256530646,0.8103250478011472,0.8080525398254395,0.9227533460803059
mot_huge-large_1d-bs.512-ep.300,mot_huge_1d,0.3,42,26,0.15000000000000002,0.28405510633756426,0.9352170587110347,0.9330834746360779,0.9830751577739529,0.8255002935347548,0.8114722753346081,0.8109399676322937,0.9223709369024856
mot_huge-large_1d-bs.512-ep.300,mot_huge_1d,0.3,42,27,0.140581422070603,0.2807886093473042,0.9355995410212278,0.9343735575675964,0.9835532606616944,0.8384303995573725,0.8061185468451243,0.8036983013153076,0.9227533460803059
mot_huge-large_1d-bs.512-ep.300,mot_huge_1d,0.3,42,28,0.13120001496535438,0.27066921243979475,0.9383725377701281,0.9383296370506287,0.9846050870147256,0.8240631723495104,0.8149139579349904,0.8139976263046265,0.9181644359464627
mot_huge-large_1d-bs.512-ep.300,mot_huge_1d,0.3,42,29,0.12189280281214132,0.261214786744022,0.9451615987760567,0.9446417093276978,0.9850353796136929,0.8202766874324295,0.8141491395793499,0.8111684322357178,0.924282982791587
mot_huge-large_1d-bs.512-ep.300,mot_huge_1d,0.3,42,30,0.11269651692527179,0.2578883801210585,0.9444444444444444,0.9422149062156677,0.9858959648116274,0.8110602515605394,0.8183556405353728,0.8156234622001648,0.924282982791587
mot_huge-large_1d-bs.512-ep.300,mot_huge_1d,0.3,42,31,0.10364745084375795,0.2569214536255052,0.9443966341556703,0.9437159895896912,0.9863740676993689,0.82220982976443,0.8145315487571702,0.8142027854919434,0.9227533460803059
mot_huge-large_1d-bs.512-ep.300,mot_huge_1d,0.3,42,32,0.09478131709729837,0.24879710039141348,0.9484126984126984,0.9473482370376587,0.9869477911646586,0.8187989419094691,0.8145315487571702,0.8140634894371033,0.9235181644359465
mot_huge-large_1d-bs.512-ep.300,mot_huge_1d,0.3,42,33,0.08613310626523911,0.24070553885383483,0.952906865557468,0.951620876789093,0.9871868426085294,0.8007306118996148,0.8160611854684512,0.8144363164901733,0.9265774378585087
mot_huge-large_1d-bs.512-ep.300,mot_huge_1d,0.3,42,34,0.0777369488847427,0.23891324421533733,0.9525721935360489,0.9516618847846985,0.9875693249187225,0.8124474724209787,0.8164435946462715,0.815167248249054,0.9196940726577438
mot_huge-large_1d-bs.512-ep.300,mot_huge_1d,0.3,42,35,0.06962598075315048,0.2347574192972889,0.9550583285523044,0.9539301991462708,0.9879518072289156,0.8042021636525258,0.8191204588910134,0.8182748556137085,0.9239005736137668
mot_huge-large_1d-bs.512-ep.300,mot_huge_1d,0.3,42,36,0.06183221215612905,0.23342344404794355,0.9541021227768216,0.9528318047523499,0.9884299101166572,0.7984855462214687,0.8160611854684512,0.8130950927734375,0.9261950286806884
mot_huge-large_1d-bs.512-ep.300,mot_huge_1d,0.3,42,37,0.05438640153769654,0.2318262367910581,0.9558711034614649,0.9548748731613159,0.9888602027156244,0.8008109776513298,0.8179732313575526,0.8163443803787231,0.9227533460803059
mot_huge-large_1d-bs.512-ep.300,mot_huge_1d,0.3,42,38,0.047317934110696694,0.22670027142296925,0.9574010327022375,0.9564538598060608,0.9890992541594952,0.7946040684132913,0.8225621414913958,0.8205857276916504,0.9239005736137668
mot_huge-large_1d-bs.512-ep.300,mot_huge_1d,0.3,42,39,0.0406547058867883,0.22571396713709144,0.9589787722317843,0.958249032497406,0.988716771849302,0.7937015580857462,0.8210325047801147,0.8193184733390808,0.9231357552581262
mot_huge-large_1d-bs.512-ep.300,mot_huge_1d,0.3,42,40,0.03442301358363163,0.22268682689779826,0.9597915471409447,0.9590685963630676,0.9889558232931727,0.7947726794912072,0.8225621414913958,0.8218076229095459,0.9250478011472275
mot_huge-large_1d-bs.512-ep.300,mot_huge_1d,0.3,42,41,0.0286474508437579,0.22341370682890543,0.9586919104991394,0.957705557346344,0.9896251673360107,0.7979647284484046,0.8210325047801147,0.8182560801506042,0.9219885277246654
mot_huge-large_1d-bs.512-ep.300,mot_huge_1d,0.3,42,42,0.023350811174697773,0.22144649652979712,0.9600784088735896,0.9594094753265381,0.9888602027156244,0.7952650183245511,0.8195028680688337,0.8183656930923462,0.9246653919694072
mot_huge-large_1d-bs.512-ep.300,mot_huge_1d,0.3,42,43,0.018553997993420463,0.2200659315817259,0.9607955632052018,0.9598203897476196,0.9896729776247849,0.7918118471397269,0.8240917782026769,0.8221490979194641,0.9239005736137668
mot_huge-large_1d-bs.512-ep.300,mot_huge_1d,0.3,42,44,0.014275942130097098,0.21855203529506734,0.9617995792694588,0.9609744548797607,0.989720787913559,0.7907335781002591,0.8217973231357553,0.8206208944320679,0.9231357552581262
mot_huge-large_1d-bs.512-ep.300,mot_huge_1d,0.3,42,45,0.010533527116762299,0.21797691100093736,0.9614170969592656,0.960598349571228,0.9895773570472366,0.7914915431297987,0.8225621414913958,0.8218475580215454,0.9227533460803059
mot_huge-large_1d-bs.512-ep.300,mot_huge_1d,0.3,42,46,0.00734152255572697,0.21811096726149623,0.9616083381143622,0.9609217643737793,0.9894817364696883,0.7902273984073909,0.8217973231357553,0.8205906748771667,0.9231357552581262
mot_huge-large_1d-bs.512-ep.300,mot_huge_1d,0.3,42,47,0.004712525830705355,0.21742421834321568,0.9613214763817174,0.9605450630187988,0.9898642187798814,0.7909164727759863,0.822944550669216,0.821421205997467,0.9235181644359465
mot_huge-large_1d-bs.512-ep.300,mot_huge_1d,0.3,42,48,0.0026569123906966916,0.21729029663481342,0.9617039586919105,0.9609718918800354,0.9897685982023331,0.790509276818591,0.8221797323135756,0.8212549090385437,0.9235181644359465
mot_huge-large_1d-bs.512-ep.300,mot_huge_1d,0.3,42,49,0.001182794802828335,0.21722973640071294,0.9617039586919105,0.9610086679458618,0.9897685982023331,0.7905724731503664,0.8225621414913958,0.8213148713111877,0.9231357552581262
mot_huge-large_1d-bs.512-ep.300,mot_huge_1d,0.3,42,50,0.0002959907357592661,0.21721943812243544,0.9617995792694588,0.9611026048660278,0.9897685982023331,0.7905091090594377,0.8225621414913958,0.8213148713111877,0.9231357552581262
mot_huge-large_1d-bs.512-ep.300,mot_huge_1d,0.5,42,1,0.5,8.470795207006294,0.4894817364696883,0.48668837547302246,0.678714859437751,8.86763808358012,0.4722753346080306,0.4692663252353668,0.6627151051625239
mot_huge-large_1d-bs.512-ep.300,mot_huge_1d,0.5,42,2,0.4995066821070679,1.398612082585889,0.7236087205966724,0.7121032476425171,0.8753107668770319,1.732880490596618,0.6833652007648183,0.6744577884674072,0.8478011472275334
mot_huge-large_1d-bs.512-ep.300,mot_huge_1d,0.5,42,3,0.4980286753286195,1.0108325992539728,0.7694587875310767,0.7656500935554504,0.9059571619812584,1.3612131720519203,0.7288718929254302,0.7252312302589417,0.8787762906309752
mot_huge-large_1d-bs.512-ep.300,mot_huge_1d,0.5,42,4,0.4955718126821722,1.0457213139711818,0.7687894434882386,0.7648866772651672,0.9143239625167336,1.5055071595522003,0.7124282982791587,0.708787202835083,0.8753346080305927
mot_huge-large_1d-bs.512-ep.300,mot_huge_1d,0.5,42,5,0.49214579028215777,0.7613583876813522,0.8132052017594186,0.8088927268981934,0.9315834767641996,1.2519024238075855,0.7434034416826004,0.7437952160835266,0.8898661567877629
mot_huge-large_1d-bs.512-ep.300,mot_huge_1d,0.5,42,6,0.4877641290737884,0.7911853323385852,0.8057467967106521,0.8063501715660095,0.9314878561866514,1.3214492870790324,0.7265774378585086,0.7284311652183533,0.8868068833652007
mot_huge-large_1d-bs.512-ep.300,mot_huge_1d,0.5,42,7,0.48244412147206284,0.6747819275307961,0.8314687320711417,0.8279492855072021,0.9397590361445783,1.2312064260187385,0.7479923518164436,0.7475065588951111,0.8883365200764818
mot_huge-large_1d-bs.512-ep.300,mot_huge_1d,0.5,42,8,0.4762067631165049,0.6771822669670673,0.8324727481353987,0.8289017677307129,0.9457353222413464,1.2039680787299833,0.7518164435946463,0.7490454316139221,0.9005736137667304
mot_huge-large_1d-bs.512-ep.300,mot_huge_1d,0.5,42,9,0.46907667001096587,0.543170363799544,0.8635494358385924,0.8660005927085876,0.9533371581564353,1.102214090409288,0.772848948374761,0.7763277292251587,0.9040152963671129
mot_huge-large_1d-bs.512-ep.300,mot_huge_1d,0.5,42,10,0.46108198137550377,0.5178457048751356,0.8633581946834958,0.8547398447990417,0.9590265825205584,1.1181565250083092,0.7747609942638624,0.7634514570236206,0.9032504780114723
mot_huge-large_1d-bs.512-ep.300,mot_huge_1d,0.5,42,11,0.45225424859373686,0.5045095000720248,0.8617804551539491,0.8579809665679932,0.9596959265633964,1.0691565810836297,0.7839388145315488,0.7769554853439331,0.9078393881453155
mot_huge-large_1d-bs.512-ep.300,mot_huge_1d,0.5,42,12,0.4426283106939473,0.4651524532272155,0.8733983553260661,0.8701730370521545,0.9624689233122968,1.0819209388747497,0.7759082217973231,0.773751974105835,0.9051625239005736
mot_huge-large_1d-bs.512-ep.300,mot_huge_1d,0.5,42,13,0.4322421568553529,0.4023813365134529,0.8866896156052783,0.8833602666854858,0.9697360872059667,1.026358512163618,0.7831739961759082,0.7797504663467407,0.9101338432122371
mot_huge-large_1d-bs.512-ep.300,mot_huge_1d,0.5,42,14,0.4211367764821722,0.3861838736710117,0.8943870720979155,0.8943576216697693,0.9702620003824823,1.0320809541195346,0.7908221797323136,0.7942270636558533,0.9108986615678776
mot_huge-large_1d-bs.512-ep.300,mot_huge_1d,0.5,42,15,0.40935599743717244,0.38857410532677233,0.8870242876266973,0.8864794969558716,0.9732740485752533,1.041569738953337,0.7839388145315488,0.7826423048973083,0.9170172084130019
mot_huge-large_1d-bs.512-ep.300,mot_huge_1d,0.5,42,16,0.39694631307311834,0.3897771149571664,0.8933830560336584,0.8919252753257751,0.9717919296232549,1.0494330440834876,0.7869980879541109,0.7831844091415405,0.908604206500956
mot_huge-large_1d-bs.512-ep.300,mot_huge_1d,0.5,42,17,0.38395669874474914,0.33882970594726025,0.9053834385159686,0.9024348258972168,0.9770510613884108,1.0069994239004803,0.8026768642447418,0.7990796566009521,0.9170172084130019
mot_huge-large_1d-bs.512-ep.300,mot_huge_1d,0.5,42,18,0.3704384185254288,0.31541508546771957,0.9170491489768599,0.9173831343650818,0.9768120099445401,0.9872586748112228,0.8007648183556405,0.800249457359314,0.9124282982791587
mot_huge-large_1d-bs.512-ep.300,mot_huge_1d,0.5,42,19,0.35644482289126816,0.30776079254092026,0.912124689233123,0.9103198051452637,0.9795371964046663,0.980272029052501,0.7946462715105163,0.7934374809265137,0.918546845124283
mot_huge-large_1d-bs.512-ep.300,mot_huge_1d,0.5,42,20,0.34203113817116954,0.3106484541954103,0.913798049340218,0.9094246029853821,0.9806368330464716,1.0072410313622673,0.7919694072657744,0.7872453331947327,0.9162523900573614
mot_huge-large_1d-bs.512-ep.300,mot_huge_1d,0.5,42,21,0.32725424859373686,0.258273446689853,0.9315356664754255,0.9289638996124268,0.9828839166188563,0.9531674554653423,0.8034416826003824,0.801124095916748,0.9196940726577438
mot_huge-large_1d-bs.512-ep.300,mot_huge_1d,0.5,42,22,0.31217247179121366,0.24260212787366273,0.9356951615987761,0.9350178241729736,0.9854656722126601,0.9498146618757376,0.8019120458891014,0.8008529543876648,0.9173996175908222
mot_huge-large_1d-bs.512-ep.300,mot_huge_1d,0.5,42,23,0.2968453286464312,0.25740464998034773,0.9287626697265251,0.9276098608970642,0.9862306368330465,0.9503100604901579,0.7988527724665392,0.7961571216583252,0.9193116634799235
mot_huge-large_1d-bs.512-ep.300,mot_huge_1d,0.5,42,24,0.2813333083910761,0.2435067359747771,0.9338305603365844,0.9336338639259338,0.9858959648116274,0.968073802240492,0.7980879541108986,0.7977603673934937,0.9227533460803059
mot_huge-large_1d-bs.512-ep.300,mot_huge_1d,0.5,42,25,0.26569762988232837,0.22623668320663665,0.9401893287435457,0.9387518167495728,0.9875215146299484,0.9454037762964661,0.8034416826003824,0.8011893630027771,0.924282982791587
mot_huge-large_1d-bs.512-ep.300,mot_huge_1d,0.5,42,26,0.25,0.2115794724135947,0.9486517498565691,0.9473174214363098,0.9876649454962708,0.9172496660717586,0.8107074569789675,0.8086461424827576,0.9193116634799235
mot_huge-large_1d-bs.512-ep.300,mot_huge_1d,0.5,42,27,0.23430237011767166,0.20650106532825843,0.9484126984126984,0.9476223587989807,0.9884299101166572,0.9357012032094922,0.804206500956023,0.8027097582817078,0.9227533460803059
mot_huge-large_1d-bs.512-ep.300,mot_huge_1d,0.5,42,28,0.21866669160892396,0.1892168610336266,0.9576878944348823,0.9574484825134277,0.9896729776247849,0.9025964025785544,0.8133843212237094,0.8124958872795105,0.924282982791587
mot_huge-large_1d-bs.512-ep.300,mot_huge_1d,0.5,42,29,0.20315467135356885,0.19485845263042148,0.9528112449799196,0.9522367715835571,0.9894339261809141,0.9280490269852414,0.807265774378585,0.8067725896835327,0.9219885277246654
mot_huge-large_1d-bs.512-ep.300,mot_huge_1d,0.5,42,30,0.1878275282087863,0.18151110247686594,0.9590743928093326,0.9577041864395142,0.9908204245553643,0.9000186300186537,0.8168260038240918,0.8137381076812744,0.9216061185468452
mot_huge-large_1d-bs.512-ep.300,mot_huge_1d,0.5,42,31,0.17274575140626322,0.18866738780184533,0.9558711034614649,0.9559623599052429,0.9908682348441384,0.9188269066309154,0.8126195028680688,0.8116357326507568,0.9231357552581262
mot_huge-large_1d-bs.512-ep.300,mot_huge_1d,0.5,42,32,0.15796886182883058,0.1728181411759943,0.9620864410021036,0.9614786505699158,0.9914897685982024,0.9079425396016634,0.8133843212237094,0.813535213470459,0.9216061185468452
mot_huge-large_1d-bs.512-ep.300,mot_huge_1d,0.5,42,33,0.14355517710873184,0.16508779372556143,0.9663415567030025,0.9657995700836182,0.9927328361063301,0.8921484901617863,0.8110898661567878,0.8103702664375305,0.9219885277246654
mot_huge-large_1d-bs.512-ep.300,mot_huge_1d,0.5,42,34,0.12956158147457114,0.16703887625482894,0.9644769554408109,0.9640671014785767,0.9924459743736852,0.9082704503951063,0.8126195028680688,0.8121803998947144,0.9223709369024856
mot_huge-large_1d-bs.512-ep.300,mot_huge_1d,0.5,42,35,0.11604330125525078,0.1583878307776598,0.9683973991202907,0.9676496982574463,0.9934978007267163,0.89501004848152,0.8145315487571702,0.8136346340179443,0.9250478011472275
mot_huge-large_1d-bs.512-ep.300,mot_huge_1d,0.5,42,36,0.10305368692688174,0.155878051878914,0.9682061579651942,0.967571496963501,0.9934978007267163,0.8834934832716991,0.8160611854684512,0.8136680722236633,0.9258126195028681
mot_huge-large_1d-bs.512-ep.300,mot_huge_1d,0.5,42,37,0.09064400256282756,0.15356140566227836,0.9715050678906101,0.9712091088294983,0.9934978007267163,0.8847963541005355,0.8183556405353728,0.8169989585876465,0.9231357552581262
mot_huge-large_1d-bs.512-ep.300,mot_huge_1d,0.5,42,38,0.07886322351782782,0.14610662754873718,0.973799961751769,0.973328709602356,0.9945974373685217,0.878478596178569,0.817208413001912,0.8150067329406738,0.9227533460803059
mot_huge-large_1d-bs.512-ep.300,mot_huge_1d,0.5,42,39,0.06775784314464717,0.14708526008191586,0.9741824440619621,0.9740580916404724,0.9939759036144579,0.880328021222729,0.8164435946462715,0.8160150647163391,0.9231357552581262
mot_huge-large_1d-bs.512-ep.300,mot_huge_1d,0.5,42,40,0.057371689306052714,0.14353130155093904,0.9759514247466055,0.9757687449455261,0.994023713903232,0.8809138752078463,0.8202676864244742,0.8192771673202515,0.9231357552581262
mot_huge-large_1d-bs.512-ep.300,mot_huge_1d,0.5,42,41,0.047745751406263165,0.14497095317953654,0.9742302543507363,0.9738829731941223,0.9942627653471027,0.8868273871806566,0.8202676864244742,0.8190690875053406,0.9204588910133843
mot_huge-large_1d-bs.512-ep.300,mot_huge_1d,0.5,42,42,0.03891801862449629,0.14289550777602364,0.9755689424364123,0.9754623174667358,0.9942149550583286,0.881106933535399,0.8164435946462715,0.8143236041069031,0.9227533460803059
mot_huge-large_1d-bs.512-ep.300,mot_huge_1d,0.5,42,43,0.030923329989034104,0.1413569952840216,0.9762860967680245,0.9761962890625,0.9945974373685217,0.8780131841480846,0.8164435946462715,0.8147090673446655,0.9223709369024856
mot_huge-large_1d-bs.512-ep.300,mot_huge_1d,0.5,42,44,0.02379323688349516,0.13931011009179833,0.9781985083189902,0.9781445264816284,0.9948842991011666,0.8749765487291616,0.8210325047801147,0.8199631571769714,0.9227533460803059
mot_huge-large_1d-bs.512-ep.300,mot_huge_1d,0.5,42,45,0.017555878527937163,0.13852091413721526,0.9778638362975712,0.9779006242752075,0.9947886785236183,0.8761689662021616,0.8187380497131931,0.8180208802223206,0.9216061185468452
mot_huge-large_1d-bs.512-ep.300,mot_huge_1d,0.5,42,46,0.012235870926211617,0.13861335306464884,0.9785809906291834,0.9784202575683594,0.9949799196787149,0.8739880093197065,0.8198852772466539,0.8190810680389404,0.9223709369024856
mot_huge-large_1d-bs.512-ep.300,mot_huge_1d,0.5,42,47,0.007854209717842259,0.13789864921460396,0.9783897494740869,0.9783002734184265,0.9949321093899407,0.8756245527395099,0.8183556405353728,0.817249059677124,0.9212237093690249
mot_huge-large_1d-bs.512-ep.300,mot_huge_1d,0.5,42,48,0.00442818731782782,0.13774340194688287,0.9786766112067317,0.9786300659179688,0.9949321093899407,0.8749678412997244,0.8183556405353728,0.817157506942749,0.9223709369024856
mot_huge-large_1d-bs.512-ep.300,mot_huge_1d,0.5,42,49,0.0019713246713805588,0.1376878384035526,0.9787244214955059,0.9786288738250732,0.9949321093899407,0.8749965368675684,0.8183556405353728,0.8173518180847168,0.9223709369024856
mot_huge-large_1d-bs.512-ep.300,mot_huge_1d,0.5,42,50,0.0004933178929321103,0.1376765758956133,0.9786766112067317,0.9786344766616821,0.9949321093899407,0.8748991833134317,0.8183556405353728,0.8173518180847168,0.9223709369024856
mot_huge-large_1d-bs.512-ep.300,mot_huge_1d,0.7,42,1,0.7,23.787425030438207,0.43784662459361257,0.4277397394180298,0.5876362593230063,24.265248169178715,0.4198852772466539,0.4171040654182434,0.5567877629063097
mot_huge-large_1d-bs.512-ep.300,mot_huge_1d,0.7,42,2,0.699309354949895,2.1020853601055545,0.687990055459935,0.6766582727432251,0.861397972843756,2.667795517522108,0.6359464627151051,0.6269840002059937,0.831357552581262
mot_huge-large_1d-bs.512-ep.300,mot_huge_1d,0.7,42,3,0.6972401454600672,1.6392573431222566,0.7213138267355135,0.7175200581550598,0.8860680818512143,2.1933188618938964,0.6673040152963671,0.662598729133606,0.8604206500956023
mot_huge-large_1d-bs.512-ep.300,mot_huge_1d,0.7,42,4,0.6938005377550409,1.4104622556183393,0.7595620577548289,0.7578927874565125,0.9078695735322241,2.0809141301288205,0.6936902485659656,0.6937792301177979,0.8745697896749522
mot_huge-large_1d-bs.512-ep.300,mot_huge_1d,0.7,42,5,0.6890041063950206,1.0933269605419562,0.7842321667622872,0.7807116508483887,0.9226907630522089,1.8343679278576124,0.7128107074569789,0.7143290042877197,0.8787762906309752
mot_huge-large_1d-bs.512-ep.300,mot_huge_1d,0.7,42,6,0.6828697807033035,1.3410279154891516,0.7668292216484988,0.7682186365127563,0.9085389175750621,2.1029570745464494,0.6959847036328872,0.6967735290527344,0.8650095602294455
mot_huge-large_1d-bs.512-ep.300,mot_huge_1d,0.7,42,7,0.6754217700608878,1.2009089910908808,0.7810288774144196,0.7831516861915588,0.9223082807420157,2.0095733431055716,0.7040152963671128,0.7086734175682068,0.8650095602294455
mot_huge-large_1d-bs.512-ep.300,mot_huge_1d,0.7,42,8,0.6666894683631067,1.1933472654882866,0.7968062727098871,0.7936014533042908,0.9323962516733602,2.0216737298618996,0.7181644359464627,0.7211225628852844,0.887189292543021
mot_huge-large_1d-bs.512-ep.300,mot_huge_1d,0.7,42,9,0.6567073380153521,0.6381417469805982,0.8556129279020845,0.8571562767028809,0.9518550392044368,1.425918439059139,0.7652007648183556,0.7665550112724304,0.9005736137667304
mot_huge-large_1d-bs.512-ep.300,mot_huge_1d,0.7,42,10,0.6455147739257051,0.6035016287487946,0.8568559954102123,0.8484423160552979,0.9585962899215911,1.4480725144337059,0.7697896749521989,0.7600557804107666,0.9001912045889101
mot_huge-large_1d-bs.512-ep.300,mot_huge_1d,0.7,42,11,0.6331559480312314,0.6600995827049478,0.8426085293555173,0.8392589688301086,0.9523331420921782,1.4412926704888134,0.7560229445506692,0.7479551434516907,0.9036328871892926
mot_huge-large_1d-bs.512-ep.300,mot_huge_1d,0.7,42,12,0.619679634971526,0.5940875166300082,0.8576687703193727,0.853767991065979,0.9569707401032702,1.4407315504026688,0.7598470363288718,0.756446361541748,0.902868068833652
mot_huge-large_1d-bs.512-ep.300,mot_huge_1d,0.7,42,13,0.6051390195974938,0.501535729756431,0.8722987186842609,0.8696339130401611,0.9645725760183591,1.3712405334239253,0.7766730401529637,0.7723423838615417,0.9009560229445507
mot_huge-large_1d-bs.512-ep.300,mot_huge_1d,0.7,42,14,0.5895914870750408,0.40999177852308893,0.8942436412315931,0.8924089670181274,0.969162363740677,1.2799562880915392,0.7908221797323136,0.791527509689331,0.9066921606118546
mot_huge-large_1d-bs.512-ep.300,mot_huge_1d,0.7,42,15,0.5730983964120412,0.4359158654357945,0.8831994645247657,0.8805289268493652,0.9700229489386116,1.3423049649590515,0.7732313575525812,0.7700448632240295,0.912810707456979
mot_huge-large_1d-bs.512-ep.300,mot_huge_1d,0.7,42,16,0.5557248383023655,0.44613195500653796,0.8857334098297954,0.8833639025688171,0.9705966724039014,1.3216801368027755,0.7778202676864244,0.7740225791931152,0.904397705544933
mot_huge-large_1d-bs.512-ep.300,mot_huge_1d,0.7,42,17,0.5375393782426486,0.3902976832077047,0.8960604322050105,0.8933652639389038,0.9732262382864793,1.2814372695426868,0.788527724665392,0.7857046723365784,0.9078393881453155
mot_huge-large_1d-bs.512-ep.300,mot_huge_1d,0.7,42,18,0.5186137859356001,0.3299368856787157,0.9109772423025435,0.9119395613670349,0.9776725951424746,1.2239956201148534,0.7931166347992352,0.7928221821784973,0.9093690248565965
mot_huge-large_1d-bs.512-ep.300,mot_huge_1d,0.7,42,19,0.49902275204777524,0.30335810759437315,0.9145630139606044,0.9133039116859436,0.9798240581373111,1.1845929658207792,0.7938814531548757,0.7921688556671143,0.9170172084130019
mot_huge-large_1d-bs.512-ep.300,mot_huge_1d,0.7,42,20,0.47884359343963717,0.347059656201733,0.9076783323771276,0.9027107357978821,0.9801587301587301,1.278370091017072,0.7931166347992352,0.7899105548858643,0.9116634799235181
mot_huge-large_1d-bs.512-ep.300,mot_huge_1d,0.7,42,21,0.45815594803123144,0.27512042689765703,0.9226429527634347,0.9204396605491638,0.9818320902658252,1.20910552190777,0.7977055449330784,0.7946275472640991,0.9177820267686424
mot_huge-large_1d-bs.512-ep.300,mot_huge_1d,0.7,42,22,0.437041460507699,0.2367075551967362,0.9317747179192962,0.9305288791656494,0.9853222413463377,1.1788284126704782,0.7931166347992352,0.7913905382156372,0.9162523900573614
mot_huge-large_1d-bs.512-ep.300,mot_huge_1d,0.7,42,23,0.4155834601050035,0.2468721264519822,0.9279498948173647,0.9269741773605347,0.9866131191432396,1.1614584315575331,0.7965583173996176,0.7934858798980713,0.9189292543021033
mot_huge-large_1d-bs.512-ep.300,mot_huge_1d,0.7,42,24,0.3938666317475064,0.22002706461140611,0.9366991776630331,0.9366223216056824,0.9865653088544655,1.1675598407110794,0.7969407265774379,0.7967811822891235,0.9208413001912046
mot_huge-large_1d-bs.512-ep.300,mot_huge_1d,0.7,42,25,0.37197668183525956,0.21418380427255665,0.937655383438516,0.9363439083099365,0.9887645821380762,1.1638425932787573,0.7969407265774379,0.7939413189888,0.9223709369024856
mot_huge-large_1d-bs.512-ep.300,mot_huge_1d,0.7,42,26,0.34999999999999987,0.19796627950294451,0.9453050296423791,0.9438459277153015,0.9882864792503346,1.1259466773009437,0.7996175908221798,0.7969393134117126,0.9189292543021033
mot_huge-large_1d-bs.512-ep.300,mot_huge_1d,0.7,42,27,0.3280233181647402,0.17410002196580598,0.9525721935360489,0.9518072009086609,0.9901032702237521,1.1326346300756043,0.8003824091778202,0.7992297410964966,0.9227533460803059
mot_huge-large_1d-bs.512-ep.300,mot_huge_1d,0.7,42,28,0.3061333682524934,0.15791769325448213,0.9591222030981067,0.959564208984375,0.9909160451329126,1.0922304828125933,0.8080305927342256,0.8073012828826904,0.9250478011472275
mot_huge-large_1d-bs.512-ep.300,mot_huge_1d,0.7,42,29,0.28441653989499627,0.15614650780212175,0.9593134442532033,0.958579421043396,0.9909638554216867,1.1155949623589305,0.8065009560229446,0.8057031035423279,0.9212237093690249
mot_huge-large_1d-bs.512-ep.300,mot_huge_1d,0.7,42,30,0.2629585394923007,0.13901244666157364,0.965194109772423,0.9642083644866943,0.9925894052400076,1.0756889226559698,0.8133843212237094,0.8099870085716248,0.9216061185468452
mot_huge-large_1d-bs.512-ep.300,mot_huge_1d,0.7,42,31,0.2418440519687684,0.1470034621965135,0.9628514056224899,0.9632436633110046,0.9927328361063301,1.0929859161376954,0.8126195028680688,0.8109939694404602,0.9246653919694072
mot_huge-large_1d-bs.512-ep.300,mot_huge_1d,0.7,42,32,0.2211564065603627,0.13075020974852838,0.9683495888315166,0.9679813981056213,0.9932109389940715,1.0844226268235857,0.8068833652007649,0.8068143725395203,0.9216061185468452
mot_huge-large_1d-bs.512-ep.300,mot_huge_1d,0.7,42,33,0.20097724795222446,0.12484704324222928,0.9710269650028687,0.9706819653511047,0.9938802830369096,1.0712627615117205,0.8091778202676865,0.8073251247406006,0.9227533460803059
mot_huge-large_1d-bs.512-ep.300,mot_huge_1d,0.7,42,34,0.1813862140643995,0.12811244192942306,0.9684452094090649,0.9682878255844116,0.9941671447695544,1.0922701002306965,0.8122370936902485,0.8117306232452393,0.9196940726577438
mot_huge-large_1d-bs.512-ep.300,mot_huge_1d,0.7,42,35,0.16246062175735101,0.11539765951350306,0.9732740485752533,0.9726730585098267,0.9949321093899407,1.0723573987388246,0.8114722753346081,0.809824526309967,0.924282982791587
mot_huge-large_1d-bs.512-ep.300,mot_huge_1d,0.7,42,36,0.14427516169763435,0.11152189332820144,0.9767641996557659,0.9766080975532532,0.9951711608338114,1.0570856944096931,0.8164435946462715,0.8145850896835327,0.9235181644359465
mot_huge-large_1d-bs.512-ep.300,mot_huge_1d,0.7,42,37,0.12690160358795852,0.10955512182825175,0.9781028877414419,0.9782466888427734,0.9947408682348441,1.0550313661476851,0.8130019120458891,0.8113168478012085,0.9208413001912046
mot_huge-large_1d-bs.512-ep.300,mot_huge_1d,0.7,42,38,0.11040851292495889,0.10139733677180325,0.9811627462229872,0.980933666229248,0.9957448842991011,1.0509837002872737,0.8118546845124283,0.8106700778007507,0.9231357552581262
mot_huge-large_1d-bs.512-ep.300,mot_huge_1d,0.7,42,39,0.09486098040250598,0.10218583798859904,0.9804934021801491,0.9805896282196045,0.9958405048766494,1.0531067478041347,0.8130019120458891,0.8125982880592346,0.9227533460803059
mot_huge-large_1d-bs.512-ep.300,mot_huge_1d,0.7,42,40,0.08032036502847376,0.09899813722164368,0.9820233314209218,0.982082188129425,0.995697074010327,1.0564908970382427,0.8141491395793499,0.8136356472969055,0.9227533460803059
mot_huge-large_1d-bs.512-ep.300,mot_huge_1d,0.7,42,41,0.06684405196876839,0.1000224712314923,0.9814496079556321,0.9810978174209595,0.9959839357429718,1.0607823023604617,0.8137667304015297,0.812044620513916,0.9212237093690249
mot_huge-large_1d-bs.512-ep.300,mot_huge_1d,0.7,42,42,0.05448522607429477,0.09776339769864953,0.9819277108433735,0.9818562865257263,0.9959839357429718,1.052375988932914,0.8152963671128107,0.8145797848701477,0.9235181644359465
mot_huge-large_1d-bs.512-ep.300,mot_huge_1d,0.7,42,43,0.04329266198464772,0.09632064038194783,0.9827404857525339,0.9826552867889404,0.9961273666092944,1.0511734125491081,0.8122370936902485,0.8101045489311218,0.9235181644359465
mot_huge-large_1d-bs.512-ep.300,mot_huge_1d,0.7,42,44,0.03331053163689321,0.09405674652151406,0.9839357429718876,0.9838740825653076,0.9964620386307134,1.0464999218971733,0.8141491395793499,0.8133763074874878,0.9204588910133843
mot_huge-large_1d-bs.512-ep.300,mot_huge_1d,0.7,42,45,0.024578229939112014,0.09328542639771938,0.983744501816791,0.9838017821311951,0.9964620386307134,1.0484115797520595,0.8149139579349904,0.8141337633132935,0.9227533460803059
mot_huge-large_1d-bs.512-ep.300,mot_huge_1d,0.7,42,46,0.017130219296696253,0.0932088061714063,0.9841747944157583,0.9841057062149048,0.9964142283419392,1.045512834333781,0.8160611854684512,0.815220057964325,0.9227533460803059
mot_huge-large_1d-bs.512-ep.300,mot_huge_1d,0.7,42,47,0.010995893604979155,0.09258366606846027,0.9845572767259514,0.9844882488250732,0.9964620386307134,1.047814381236556,0.8141491395793499,0.8130515813827515,0.9216061185468452
mot_huge-large_1d-bs.512-ep.300,mot_huge_1d,0.7,42,48,0.006199462244958943,0.09244388954022528,0.9847963281698221,0.9846779108047485,0.9965576592082617,1.0472154358376964,0.8141491395793499,0.8130515813827515,0.9223709369024856
mot_huge-large_1d-bs.512-ep.300,mot_huge_1d,0.7,42,49,0.0027598545399327803,0.0923920100176168,0.9846528973034997,0.9845353960990906,0.9965098489194875,1.0471576763612591,0.8145315487571702,0.8134863376617432,0.9223709369024856
mot_huge-large_1d-bs.512-ep.300,mot_huge_1d,0.7,42,50,0.0006906450501049539,0.09238087759348056,0.9847007075922739,0.9845921397209167,0.9965098489194875,1.0470362617682316,0.8145315487571702,0.8134863376617432,0.9219885277246654
mot_huge-large_1d-bs.512-ep.300,mot_huge_1d,1.0,42,1,1.0,28.27777666597846,0.38343851596863643,0.36592963337898254,0.5902658252055842,26.987356106409834,0.37590822179732314,0.36074769496917725,0.568642447418738
mot_huge-large_1d-bs.512-ep.300,mot_huge_1d,1.0,42,2,0.9990133642141358,3.362784893614404,0.6965002868617326,0.6831842660903931,0.8609198699560145,3.944218649052753,0.6615678776290631,0.6533238291740417,0.8424474187380497
mot_huge-large_1d-bs.512-ep.300,mot_huge_1d,1.0,42,3,0.996057350657239,2.2587237216747384,0.7202620003824823,0.7096455097198486,0.8914228341939185,3.001869980646137,0.6837476099426386,0.6714231371879578,0.8619502868068833
mot_huge-large_1d-bs.512-ep.300,mot_huge_1d,1.0,42,4,0.9911436253643444,2.0326715412092473,0.7482310193153566,0.7500398755073547,0.9037578886976477,2.9154086111152604,0.7055449330783938,0.7027836441993713,0.8634799235181644
mot_huge-large_1d-bs.512-ep.300,mot_huge_1d,1.0,42,5,0.9842915805643155,1.764720063748472,0.7674029451137885,0.7649844288825989,0.9087301587301587,2.810827870122789,0.6998087954110899,0.7020336985588074,0.8688336520076482
mot_huge-large_1d-bs.512-ep.300,mot_huge_1d,1.0,42,6,0.9755282581475768,1.8920732667054472,0.7392904953145917,0.739372730255127,0.9170013386880856,2.9389746262967926,0.6806883365200764,0.6818575859069824,0.874187380497132
mot_huge-large_1d-bs.512-ep.300,mot_huge_1d,1.0,42,7,0.9648882429441257,1.811664771887786,0.7778255880665519,0.7754303812980652,0.9105469497035762,3.026067431068785,0.7032504780114722,0.7033320665359497,0.8680688336520076
mot_huge-large_1d-bs.512-ep.300,mot_huge_1d,1.0,42,8,0.9524135262330098,1.1402933290707356,0.8178906100592848,0.8138009905815125,0.9342608529355517,2.1862300486227295,0.7414913957934991,0.7360907196998596,0.8933078393881453
mot_huge-large_1d-bs.512-ep.300,mot_huge_1d,1.0,42,9,0.9381533400219317,0.9989349472292478,0.8266877031937273,0.8290698528289795,0.9493210938994071,2.091529957058325,0.7468451242829828,0.7514029145240784,0.8990439770554494
mot_huge-large_1d-bs.512-ep.300,mot_huge_1d,1.0,42,10,0.9221639627510075,0.9505491868604732,0.8367278638362976,0.8279653787612915,0.9497991967871486,2.163819325084212,0.7407265774378585,0.7281202077865601,0.8948374760994264
mot_huge-large_1d-bs.512-ep.300,mot_huge_1d,1.0,42,11,0.9045084971874737,1.049250569163921,0.8228150698030217,0.819938063621521,0.9435838592465099,2.147865614881935,0.7479923518164436,0.7405503988265991,0.9009560229445507
mot_huge-large_1d-bs.512-ep.300,mot_huge_1d,1.0,42,12,0.8852566213878946,0.8916889838311521,0.8422260470453241,0.8414661884307861,0.949273283610633,2.125187338834511,0.749904397705545,0.7489142417907715,0.8952198852772466
mot_huge-large_1d-bs.512-ep.300,mot_huge_1d,1.0,42,13,0.8644843137107058,0.820298575698406,0.8516924842226047,0.8454477190971375,0.9544846050870147,2.0651867109776454,0.7636711281070746,0.7566704750061035,0.8936902485659656
mot_huge-large_1d-bs.512-ep.300,mot_huge_1d,1.0,42,14,0.8422735529643444,0.9194768113008441,0.8625454197743354,0.8612828254699707,0.9537674507554026,2.2551858081416465,0.7743785850860421,0.7776514291763306,0.8898661567877629
mot_huge-large_1d-bs.512-ep.300,mot_huge_1d,1.0,42,15,0.8187119948743449,0.6685593807576469,0.8697169630904571,0.8695918321609497,0.9639988525530694,1.9480001431350271,0.7652007648183556,0.7664428949356079,0.9097514340344168
mot_huge-large_1d-bs.512-ep.300,mot_huge_1d,1.0,42,16,0.7938926261462367,0.7190670994459317,0.8636450564161408,0.8630927205085754,0.9609868043602984,1.9750831180959085,0.7648183556405354,0.7610677480697632,0.8994263862332696
mot_huge-large_1d-bs.512-ep.300,mot_huge_1d,1.0,42,17,0.7679133974894983,0.5245683945531621,0.8847772040543125,0.8804042339324951,0.9738477720405432,1.8063948082422434,0.7774378585086043,0.7737767100334167,0.9120458891013384
mot_huge-large_1d-bs.512-ep.300,mot_huge_1d,1.0,42,18,0.7408768370508576,0.4880857825347629,0.8978294128896539,0.8977423310279846,0.9737043411742207,1.7815698196965468,0.790057361376673,0.7872980237007141,0.9078393881453155
mot_huge-large_1d-bs.512-ep.300,mot_huge_1d,1.0,42,19,0.7128896457825363,0.45606643608957387,0.8954867087397208,0.8951055407524109,0.9747083572384777,1.730549857903621,0.780114722753346,0.7792115211486816,0.91434034416826
mot_huge-large_1d-bs.512-ep.300,mot_huge_1d,1.0,42,20,0.6840622763423391,0.3766676684961558,0.9065308854465481,0.9044637084007263,0.9781028877414419,1.6855558347975548,0.788527724665392,0.7841569781303406,0.9120458891013384
mot_huge-large_1d-bs.512-ep.300,mot_huge_1d,1.0,42,21,0.6545084971874737,0.3627555973786518,0.9122203098106713,0.9093010425567627,0.9792025243832473,1.690027261008268,0.7912045889101338,0.7889567613601685,0.91434034416826
mot_huge-large_1d-bs.512-ep.300,mot_huge_1d,1.0,42,22,0.6243449435824273,0.3244727784302887,0.917766303308472,0.9161360263824463,0.9828839166188563,1.6610233139125612,0.7816443594646272,0.7805151343345642,0.9173996175908222
mot_huge-large_1d-bs.512-ep.300,mot_huge_1d,1.0,42,23,0.5936906572928624,0.33344383710747033,0.913798049340218,0.9122533202171326,0.9831229680627271,1.6225231148772667,0.7973231357552581,0.7911453247070312,0.9181644359464627
mot_huge-large_1d-bs.512-ep.300,mot_huge_1d,1.0,42,24,0.5626666167821522,0.27391500969100896,0.9298144960795564,0.9286754131317139,0.9850353796136929,1.5955636558751531,0.7896749521988528,0.7872694134712219,0.918546845124283
mot_huge-large_1d-bs.512-ep.300,mot_huge_1d,1.0,42,25,0.5313952597646567,0.2725428899311614,0.9259418626888506,0.9242801666259766,0.9875215146299484,1.6220638005273065,0.790057361376673,0.787629246711731,0.9212237093690249
mot_huge-large_1d-bs.512-ep.300,mot_huge_1d,1.0,42,26,0.5,0.2410766048854522,0.9368426085293555,0.9355359077453613,0.9865174985656914,1.5548083989159782,0.7927342256214149,0.7898644208908081,0.9170172084130019
mot_huge-large_1d-bs.512-ep.300,mot_huge_1d,1.0,42,27,0.4686047402353433,0.18019624201192252,0.9499904379422451,0.9488891363143921,0.9899120290686556,1.5263032129116314,0.7954110898661568,0.7940979599952698,0.9219885277246654
mot_huge-large_1d-bs.512-ep.300,mot_huge_1d,1.0,42,28,0.4373333832178479,0.1661555734800549,0.9541977433543699,0.9545238614082336,0.9907726142665901,1.4837253709140288,0.8061185468451243,0.8033550381660461,0.9223709369024856
mot_huge-large_1d-bs.512-ep.300,mot_huge_1d,1.0,42,29,0.4063093427071377,0.1480970376763022,0.9587397207879136,0.958167552947998,0.9910116657104608,1.4916638842960162,0.8026768642447418,0.8028281331062317,0.9219885277246654
mot_huge-large_1d-bs.512-ep.300,mot_huge_1d,1.0,42,30,0.3756550564175726,0.1276760429491571,0.964859437751004,0.964236855506897,0.9933543698603939,1.4351733453870958,0.8107074569789675,0.8070359230041504,0.9196940726577438
mot_huge-large_1d-bs.512-ep.300,mot_huge_1d,1.0,42,31,0.34549150281252644,0.13948290342125572,0.9607955632052018,0.9610446095466614,0.9932587492828456,1.4608507028729236,0.8087954110898662,0.8064942359924316,0.9216061185468452
mot_huge-large_1d-bs.512-ep.300,mot_huge_1d,1.0,42,32,0.31593772365766115,0.1199740124583176,0.9670109007458405,0.9671583771705627,0.9934978007267163,1.4526601379277828,0.8034416826003824,0.8020957112312317,0.9212237093690249
mot_huge-large_1d-bs.512-ep.300,mot_huge_1d,1.0,42,33,0.28711035421746367,0.11021175440831858,0.9704054312488047,0.9702808856964111,0.9944061962134251,1.4363742295916175,0.8038240917782027,0.8024736046791077,0.9227533460803059
mot_huge-large_1d-bs.512-ep.300,mot_huge_1d,1.0,42,34,0.2591231629491423,0.11354806224733084,0.9692579843182253,0.9691293239593506,0.9944540065021993,1.4615364920796674,0.804206500956023,0.8028823137283325,0.9177820267686424
mot_huge-large_1d-bs.512-ep.300,mot_huge_1d,1.0,42,35,0.23208660251050156,0.09246946230379705,0.9763339070567987,0.9759883880615234,0.9952189711225856,1.435362977416292,0.8080305927342256,0.8069891929626465,0.9223709369024856
mot_huge-large_1d-bs.512-ep.300,mot_huge_1d,1.0,42,36,0.2061073738537635,0.08715276941329349,0.978437559762861,0.9784964919090271,0.9957448842991011,1.409447940950412,0.8076481835564053,0.8061773180961609,0.9239005736137668
mot_huge-large_1d-bs.512-ep.300,mot_huge_1d,1.0,42,37,0.18128800512565513,0.08656413380970666,0.9796806272709887,0.9798892140388489,0.9954102122776821,1.4015637392295706,0.8114722753346081,0.81073397397995,0.920076481835564
mot_huge-large_1d-bs.512-ep.300,mot_huge_1d,1.0,42,38,0.15772644703565564,0.0757858893524326,0.9839357429718876,0.9838700890541077,0.9961751768980684,1.400814053478934,0.8095602294455067,0.8073198795318604,0.9219885277246654
mot_huge-large_1d-bs.512-ep.300,mot_huge_1d,1.0,42,39,0.13551568628929433,0.07494430701918209,0.9830751577739529,0.9832474589347839,0.9965576592082617,1.401158852513388,0.8114722753346081,0.8113191723823547,0.9231357552581262
mot_huge-large_1d-bs.512-ep.300,mot_huge_1d,1.0,42,40,0.11474337861210543,0.07338767988455183,0.9839835532606617,0.9841259121894836,0.9963664180531651,1.408942525655772,0.8114722753346081,0.8092005848884583,0.9231357552581262
mot_huge-large_1d-bs.512-ep.300,mot_huge_1d,1.0,42,41,0.09549150281252633,0.07278484149379515,0.9845572767259514,0.9843803644180298,0.9964142283419392,1.4106244132805965,0.8133843212237094,0.8121634125709534,0.9208413001912046
mot_huge-large_1d-bs.512-ep.300,mot_huge_1d,1.0,42,42,0.07783603724899257,0.0693638376260401,0.9852744310575636,0.9853540658950806,0.9965576592082617,1.3981717359495436,0.8130019120458891,0.8116893172264099,0.9231357552581262
mot_huge-large_1d-bs.512-ep.300,mot_huge_1d,1.0,42,43,0.06184665997806821,0.06822799081486848,0.9859915853891758,0.985964834690094,0.9966532797858099,1.3997042026848,0.8084130019120459,0.8077117204666138,0.9227533460803059
mot_huge-large_1d-bs.512-ep.300,mot_huge_1d,1.0,42,44,0.04758647376699032,0.06562593256134584,0.9869956014534328,0.9869793057441711,0.9968445209409065,1.3928790353224336,0.8133843212237094,0.8122923374176025,0.9235181644359465
mot_huge-large_1d-bs.512-ep.300,mot_huge_1d,1.0,42,45,0.035111757055874326,0.06503104779432599,0.9874258940524001,0.987436056137085,0.9969401415184548,1.3958749862291617,0.8110898661567878,0.8105940222740173,0.9239005736137668
mot_huge-large_1d-bs.512-ep.300,mot_huge_1d,1.0,42,46,0.024471741852423234,0.06465186741503003,0.9874737043411742,0.9875949621200562,0.9968445209409065,1.3922027697298769,0.8103250478011472,0.8097134232521057,0.9227533460803059
mot_huge-large_1d-bs.512-ep.300,mot_huge_1d,1.0,42,47,0.015708419435684517,0.064093957874738,0.9883342895391088,0.9883302450180054,0.9968445209409065,1.3953782717994705,0.8099426386233269,0.8091383576393127,0.9235181644359465
mot_huge-large_1d-bs.512-ep.300,mot_huge_1d,1.0,42,48,0.00885637463565564,0.0639336988583512,0.9881908586727863,0.9881744384765625,0.9968923312296806,1.3946437799223979,0.8103250478011472,0.8096356391906738,0.9223709369024856
mot_huge-large_1d-bs.512-ep.300,mot_huge_1d,1.0,42,49,0.0039426493427611176,0.06387961066961516,0.9879996175176898,0.9880090355873108,0.9968445209409065,1.3945606574501637,0.8107074569789675,0.809885561466217,0.9231357552581262
mot_huge-large_1d-bs.512-ep.300,mot_huge_1d,1.0,42,50,0.0009866357858642205,0.06386745127648553,0.9880952380952381,0.9881153702735901,0.9968445209409065,1.3944500793690435,0.8107074569789675,0.809885561466217,0.9231357552581262
mot_huge_1d-bs.512-ep.300,mot_huge_1d,0.1,42,1,0.1,1.5166623612894659,0.7200229489386116,0.7087841629981995,0.8746414228341939,1.6140049396463836,0.6891013384321224,0.6843507289886475,0.8615678776290631
mot_huge_1d-bs.512-ep.300,mot_huge_1d,0.1,42,2,0.09990133642141358,1.0671497606870937,0.8071332950851023,0.7976932525634766,0.9125071715433162,1.1685777930411052,0.7831739961759082,0.7760179042816162,0.8990439770554494
mot_huge_1d-bs.512-ep.300,mot_huge_1d,0.1,42,3,0.0996057350657239,0.8905111819158026,0.8302256645630139,0.8227048516273499,0.9225951424746606,1.0173647630738938,0.7923518164435946,0.786635160446167,0.9101338432122371
mot_huge_1d-bs.512-ep.300,mot_huge_1d,0.1,42,4,0.09911436253643444,0.7854775942906205,0.8520271562440237,0.845438539981842,0.9307228915662651,0.9188779083310304,0.8187380497131931,0.8132997751235962,0.9166347992351817
mot_huge_1d-bs.512-ep.300,mot_huge_1d,0.1,42,5,0.09842915805643154,0.7092468978843901,0.8668005354752343,0.8637871742248535,0.9362688850640658,0.8587629015541441,0.8305927342256214,0.8274409770965576,0.918546845124283
mot_huge_1d-bs.512-ep.300,mot_huge_1d,0.1,42,6,0.09755282581475767,0.6634175901910866,0.8705297379996175,0.8663400411605835,0.9405240007649647,0.8188977980021082,0.8332695984703633,0.8300285935401917,0.9239005736137668
mot_huge_1d-bs.512-ep.300,mot_huge_1d,0.1,42,7,0.09648882429441256,0.6132411555547198,0.8842991011665711,0.8797454237937927,0.9457831325301205,0.7781785822735234,0.8416826003824092,0.8355393409729004,0.9269598470363288
mot_huge_1d-bs.512-ep.300,mot_huge_1d,0.1,42,8,0.09524135262330098,0.5795152563509829,0.8888888888888888,0.8854572772979736,0.9481258366800536,0.7557294375126038,0.8397705544933078,0.8366088271141052,0.9288718929254303
mot_huge_1d-bs.512-ep.300,mot_huge_1d,0.1,42,9,0.09381533400219318,0.5520655312303786,0.8951042264295276,0.8915579319000244,0.9514725568942436,0.7376050157711109,0.8401529636711281,0.8373034596443176,0.931548757170172
mot_huge_1d-bs.512-ep.300,mot_huge_1d,0.1,42,10,0.09221639627510075,0.5232483666311101,0.9015108051252629,0.8977482318878174,0.9550105182635303,0.7173470331195664,0.8432122370936902,0.8400633335113525,0.9330783938814532
mot_huge_1d-bs.512-ep.300,mot_huge_1d,0.1,42,11,0.09045084971874737,0.5062404976540392,0.9009370816599732,0.8974767923355103,0.9569229298144961,0.7045983221517238,0.8462715105162524,0.8433536291122437,0.9319311663479923
mot_huge_1d-bs.512-ep.300,mot_huge_1d,0.1,42,12,0.08852566213878946,0.4816320978858818,0.908491107286288,0.9054920673370361,0.9593612545419774,0.6842397627821388,0.8562141491395794,0.8522456288337708,0.9319311663479923
mot_huge_1d-bs.512-ep.300,mot_huge_1d,0.1,42,13,0.08644843137107057,0.46459812579042803,0.91312870529738,0.9101119041442871,0.9617995792694588,0.6729462618125784,0.8539196940726578,0.8496732115745544,0.9342256214149139
mot_huge_1d-bs.512-ep.300,mot_huge_1d,0.1,42,14,0.08422735529643442,0.45335964491773595,0.9126506024096386,0.9094153046607971,0.9628035953337158,0.6662580727163282,0.8543021032504781,0.8503950238227844,0.9349904397705545
mot_huge_1d-bs.512-ep.300,mot_huge_1d,0.1,42,15,0.08187119948743447,0.43621103082840335,0.9175750621533754,0.9143605828285217,0.9657200229489387,0.6518977506210881,0.8577437858508604,0.8542239665985107,0.9346080305927342
mot_huge_1d-bs.512-ep.300,mot_huge_1d,0.1,42,16,0.07938926261462366,0.4245275416094251,0.9199177663033085,0.916668176651001,0.9666762287244215,0.6519160166753182,0.858508604206501,0.8548736572265625,0.9338432122370937
mot_huge_1d-bs.512-ep.300,mot_huge_1d,0.1,42,17,0.07679133974894982,0.4136738437930538,0.9215433161216294,0.91851806640625,0.9674411933448078,0.6441187346186739,0.8592734225621415,0.8573181629180908,0.935755258126195
mot_huge_1d-bs.512-ep.300,mot_huge_1d,0.1,42,18,0.07408768370508576,0.40583061583754804,0.9218301778542742,0.9191846251487732,0.9691145534519029,0.6376375544823378,0.8543021032504781,0.8511494994163513,0.9346080305927342
mot_huge_1d-bs.512-ep.300,mot_huge_1d,0.1,42,19,0.07128896457825362,0.3958087639545113,0.9278064639510423,0.9251065254211426,0.9694492254733219,0.6268022347590664,0.8665391969407266,0.8647202253341675,0.9369024856596558
mot_huge_1d-bs.512-ep.300,mot_huge_1d,0.1,42,20,0.06840622763423389,0.3869436416874016,0.9276152227959457,0.9254797101020813,0.9711225855804169,0.6262590182215032,0.8604206500956023,0.8590624332427979,0.9388145315487572
mot_huge_1d-bs.512-ep.300,mot_huge_1d,0.1,42,21,0.06545084971874736,0.37942064129889047,0.9299101166571047,0.9276790618896484,0.9710747752916428,0.6163533807028776,0.8695984703632887,0.8679558038711548,0.939961759082218
mot_huge_1d-bs.512-ep.300,mot_huge_1d,0.1,42,22,0.06243449435824272,0.37377639426900544,0.9312966150315548,0.9290733337402344,0.9723656530885446,0.6203131827068147,0.8650095602294455,0.8626534938812256,0.9369024856596558
mot_huge_1d-bs.512-ep.300,mot_huge_1d,0.1,42,23,0.05936906572928623,0.3663072234062739,0.9317269076305221,0.9296854138374329,0.9741824440619621,0.608357486761323,0.8650095602294455,0.8609240055084229,0.9391969407265774
mot_huge_1d-bs.512-ep.300,mot_huge_1d,0.1,42,24,0.056266661678215216,0.35879227216395576,0.9340696117804551,0.9313105940818787,0.9743258749282846,0.6055323825055737,0.8692160611854685,0.8653538227081299,0.9376673040152964
mot_huge_1d-bs.512-ep.300,mot_huge_1d,0.1,42,25,0.053139525976465665,0.3547096706572033,0.9359342130426468,0.9337071180343628,0.9748995983935743,0.6063554056287952,0.8684512428298279,0.8671588897705078,0.9388145315487572
mot_huge_1d-bs.512-ep.300,mot_huge_1d,0.1,42,26,0.049999999999999996,0.3520463038685445,0.9355995410212278,0.9340678453445435,0.9745171160833811,0.60303803219622,0.8688336520076482,0.8669275641441345,0.9372848948374761
mot_huge_1d-bs.512-ep.300,mot_huge_1d,0.1,42,27,0.046860474023534326,0.34617161563852133,0.9374163319946452,0.9353175163269043,0.9753777012813157,0.6026433984818468,0.8688336520076482,0.8662346005439758,0.9376673040152964
mot_huge_1d-bs.512-ep.300,mot_huge_1d,0.1,42,28,0.04373333832178478,0.3423778593574388,0.938324727481354,0.9359563589096069,0.9763339070567987,0.6001001959777015,0.8646271510516252,0.862884521484375,0.9395793499043977
mot_huge_1d-bs.512-ep.300,mot_huge_1d,0.1,42,29,0.040630934270713764,0.3379491635320929,0.9382769171925799,0.9365206956863403,0.9768120099445401,0.5963803037858602,0.8688336520076482,0.8660383820533752,0.9372848948374761
mot_huge_1d-bs.512-ep.300,mot_huge_1d,0.1,42,30,0.03756550564175726,0.33472904244351964,0.9400458978772231,0.9379732608795166,0.9770988716771849,0.5968051728053485,0.8688336520076482,0.8668637275695801,0.9376673040152964
mot_huge_1d-bs.512-ep.300,mot_huge_1d,0.1,42,31,0.03454915028125265,0.33163919656767765,0.9410499139414802,0.9390048384666443,0.9780550774526678,0.5917775476867793,0.8688336520076482,0.8673709630966187,0.9403441682600382
mot_huge_1d-bs.512-ep.300,mot_huge_1d,0.1,42,32,0.03159377236576612,0.3294911243236642,0.9416714476955441,0.9398381114006042,0.9780072671638936,0.5948472010245971,0.8673040152963671,0.865496814250946,0.9388145315487572
mot_huge_1d-bs.512-ep.300,mot_huge_1d,0.1,42,33,0.028711035421746366,0.3257263096597642,0.9428667049148977,0.9409244060516357,0.9785809906291834,0.5902988309841994,0.8707456978967495,0.8689392805099487,0.9388145315487572
mot_huge_1d-bs.512-ep.300,mot_huge_1d,0.1,42,34,0.025912316294914226,0.3244211754440509,0.9433926180914133,0.941577136516571,0.9789634729393766,0.5923281186397399,0.869980879541109,0.8684553503990173,0.9376673040152964
mot_huge_1d-bs.512-ep.300,mot_huge_1d,0.1,42,35,0.023208660251050155,0.3213547589697284,0.9428188946261236,0.940968930721283,0.9792503346720214,0.5874458900145317,0.8680688336520076,0.8657907843589783,0.9391969407265774
mot_huge_1d-bs.512-ep.300,mot_huge_1d,0.1,42,36,0.020610737385376346,0.31993705607618694,0.9444444444444444,0.942719578742981,0.979776247848537,0.5860132917619344,0.8715105162523901,0.869541347026825,0.9384321223709369
mot_huge_1d-bs.512-ep.300,mot_huge_1d,0.1,42,37,0.01812880051256551,0.31825116780000745,0.9453050296423791,0.9436247944831848,0.9796328169822146,0.5862063417015294,0.8695984703632887,0.8666760921478271,0.9380497131931166
mot_huge_1d-bs.512-ep.300,mot_huge_1d,0.1,42,38,0.015772644703565562,0.3169588428036983,0.9445400650219927,0.9426932334899902,0.9798718684260853,0.5862322316798836,0.8692160611854685,0.8675987720489502,0.939961759082218
mot_huge_1d-bs.512-ep.300,mot_huge_1d,0.1,42,39,0.013551568628929433,0.3156963315742334,0.9450181679097341,0.9431523680686951,0.9799196787148594,0.5840907189859715,0.8718929254302104,0.8701392412185669,0.9403441682600382
mot_huge_1d-bs.512-ep.300,mot_huge_1d,0.1,42,40,0.011474337861210542,0.31456314151841974,0.9457831325301205,0.9440127611160278,0.9801587301587301,0.5839328404822267,0.8722753346080306,0.8705703616142273,0.9395793499043977
mot_huge_1d-bs.512-ep.300,mot_huge_1d,0.1,42,41,0.009549150281252632,0.3138700564747947,0.9458309428188946,0.944098711013794,0.9802065404475043,0.5833447436301704,0.8738049713193117,0.8718826174736023,0.939961759082218
mot_huge_1d-bs.512-ep.300,mot_huge_1d,0.1,42,42,0.007783603724899257,0.31323892433252587,0.9458309428188946,0.9442400932312012,0.9800631095811819,0.5825945797659471,0.8734225621414914,0.8713573217391968,0.9395793499043977
mot_huge_1d-bs.512-ep.300,mot_huge_1d,0.1,42,43,0.0061846659978068205,0.31271543382435646,0.9459743736852171,0.944291889667511,0.9802543507362784,0.5826244806468373,0.8722753346080306,0.8702596426010132,0.9395793499043977
mot_huge_1d-bs.512-ep.300,mot_huge_1d,0.1,42,44,0.004758647376699033,0.312366140073425,0.9461178045515395,0.9443926215171814,0.9802543507362784,0.5825232839493177,0.8718929254302104,0.8698750138282776,0.9395793499043977
mot_huge_1d-bs.512-ep.300,mot_huge_1d,0.1,42,45,0.0035111757055874327,0.31211464399132405,0.9461656148403136,0.9443842172622681,0.9804934021801491,0.5827418358330517,0.8730401529636711,0.8711526393890381,0.9395793499043977
mot_huge_1d-bs.512-ep.300,mot_huge_1d,0.1,42,46,0.0024471741852423235,0.3119272654087098,0.9461178045515395,0.9443615674972534,0.9803977816026008,0.5824901416698332,0.8730401529636711,0.8710201382637024,0.939961759082218
mot_huge_1d-bs.512-ep.300,mot_huge_1d,0.1,42,47,0.0015708419435684518,0.3118147460651525,0.9464524765729585,0.944709300994873,0.9804934021801491,0.5824309606169196,0.8726577437858508,0.8710110187530518,0.939961759082218
mot_huge_1d-bs.512-ep.300,mot_huge_1d,0.1,42,48,0.000885637463565564,0.3117505774075772,0.9463568559954102,0.9446163773536682,0.9805890227576974,0.5823616494640109,0.8726577437858508,0.8709947466850281,0.939961759082218
mot_huge_1d-bs.512-ep.300,mot_huge_1d,0.1,42,49,0.00039426493427611173,0.311723706097146,0.9463090457066361,0.944556474685669,0.9805412124689233,0.5823854431823381,0.8726577437858508,0.8710110187530518,0.939961759082218
mot_huge_1d-bs.512-ep.300,mot_huge_1d,0.1,42,50,9.866357858642205e-05,0.3117163039503099,0.9463568559954102,0.9446163773536682,0.9805412124689233,0.5823718477617487,0.8726577437858508,0.8710110187530518,0.939961759082218
mot_huge_1d-bs.512-ep.300,mot_huge_1d,0.3,42,1,0.3,0.981944038572036,0.7800248613501626,0.7763890027999878,0.9041403710078408,1.124033453450832,0.7468451242829828,0.7485305666923523,0.8829827915869981
mot_huge_1d-bs.512-ep.300,mot_huge_1d,0.3,42,2,0.29970400926424073,0.702859421308922,0.8496366418053165,0.8420521020889282,0.932683113406005,0.8515102875164317,0.8179732313575526,0.808628261089325,0.9147227533460803
mot_huge_1d-bs.512-ep.300,mot_huge_1d,0.3,42,3,0.2988172051971717,0.6156909728875509,0.8631669535283993,0.8591740131378174,0.944635685599541,0.8028754812353656,0.8164435946462715,0.8120430707931519,0.9223709369024856
mot_huge_1d-bs.512-ep.300,mot_huge_1d,0.3,42,4,0.29734308760930334,0.5486901434276272,0.8732549244597437,0.8702531456947327,0.9493210938994071,0.76877813539815,0.8191204588910134,0.8186477422714233,0.9239005736137668
mot_huge_1d-bs.512-ep.300,mot_huge_1d,0.3,42,5,0.2952874741692947,0.4704859521653917,0.8919965576592083,0.8903928995132446,0.9575922738573341,0.6965424273255678,0.8439770554493308,0.8427952527999878,0.930019120458891
mot_huge_1d-bs.512-ep.300,mot_huge_1d,0.3,42,6,0.2926584774442731,0.418408480308826,0.9102122776821572,0.9087649583816528,0.9647638171734557,0.6522999189096017,0.8531548757170172,0.8542248606681824,0.9330783938814532
mot_huge_1d-bs.512-ep.300,mot_huge_1d,0.3,42,7,0.28946647288323774,0.40030234547139215,0.9103557085484796,0.9071177840232849,0.9669152801682922,0.6603722271454265,0.850095602294455,0.8466271162033081,0.9304015296367113
mot_huge_1d-bs.512-ep.300,mot_huge_1d,0.3,42,8,0.28572405786990296,0.35639892095907577,0.9237903996940141,0.9220905900001526,0.9728437559762861,0.630878015959468,0.8581261950286807,0.8576062917709351,0.9326959847036329
mot_huge_1d-bs.512-ep.300,mot_huge_1d,0.3,42,9,0.28144600200657954,0.34415990331930285,0.9263243449990438,0.92472243309021,0.9736087205966724,0.6311049620006554,0.8481835564053537,0.8462949395179749,0.9376673040152964
mot_huge_1d-bs.512-ep.300,mot_huge_1d,0.3,42,10,0.27664918882530226,0.3309757901459995,0.927376171352075,0.9250174760818481,0.9748517881048001,0.6224482508963882,0.8546845124282982,0.8515756130218506,0.9372848948374761
mot_huge_1d-bs.512-ep.300,mot_huge_1d,0.3,42,11,0.27135254915624213,0.309393486891816,0.9324918722509083,0.9305887818336487,0.9784853700516352,0.6081059012768602,0.8562141491395794,0.8529039025306702,0.9380497131931166
mot_huge_1d-bs.512-ep.300,mot_huge_1d,0.3,42,12,0.2655769864163684,0.2941683357316829,0.9368904188181296,0.9352052807807922,0.9798240581373111,0.6145896831388455,0.8554493307839388,0.8542496562004089,0.9353728489483748
mot_huge_1d-bs.512-ep.300,mot_huge_1d,0.3,42,13,0.2593452941132117,0.27720315010922886,0.9427232740485753,0.9406054615974426,0.9829317269076305,0.5977326351187653,0.8638623326959847,0.8594837784767151,0.9384321223709369
mot_huge_1d-bs.512-ep.300,mot_huge_1d,0.3,42,14,0.2526820658893033,0.2643387373739867,0.9455918913750239,0.9436132311820984,0.9833142092178236,0.5881247015345848,0.8615678776290631,0.8587473034858704,0.9403441682600382
mot_huge_1d-bs.512-ep.300,mot_huge_1d,0.3,42,15,0.24561359846230346,0.24492447087632058,0.9523809523809523,0.950878918170929,0.984748517881048,0.5788803607510336,0.865774378585086,0.8640929460525513,0.939961759082218
mot_huge_1d-bs.512-ep.300,mot_huge_1d,0.3,42,16,0.23816778784387102,0.24063775703085838,0.9507075922738574,0.9496931433677673,0.9854656722126601,0.5867272426247825,0.8707456978967495,0.8694839477539062,0.9388145315487572
mot_huge_1d-bs.512-ep.300,mot_huge_1d,0.3,42,17,0.2303740192468495,0.22798705438419473,0.9541021227768216,0.9529615640640259,0.9880474278064639,0.5736886237820977,0.8669216061185469,0.8664450645446777,0.9418738049713193
mot_huge_1d-bs.512-ep.300,mot_huge_1d,0.3,42,18,0.22226305111525732,0.22087009478809957,0.9583572384777204,0.9579151272773743,0.9883342895391088,0.5751326497152704,0.8680688336520076,0.8660487532615662,0.9411089866156788
mot_huge_1d-bs.512-ep.300,mot_huge_1d,0.3,42,19,0.21386689373476092,0.21186883241183263,0.9602696500286861,0.9590334296226501,0.9895295467584624,0.5621080270916736,0.8669216061185469,0.8662370443344116,0.9430210325047801
mot_huge_1d-bs.512-ep.300,mot_huge_1d,0.3,42,20,0.20521868290270173,0.2080142876002592,0.9612736660929432,0.9605346918106079,0.9896729776247849,0.5698500959640708,0.8661567877629063,0.8643911480903625,0.9426386233269598
mot_huge_1d-bs.512-ep.300,mot_huge_1d,0.3,42,21,0.19635254915624212,0.2031731782896064,0.9613214763817174,0.9601121544837952,0.9895773570472366,0.5662191631689126,0.8680688336520076,0.8668370246887207,0.9453154875717017
mot_huge_1d-bs.512-ep.300,mot_huge_1d,0.3,42,22,0.18730348307472822,0.19834347504414981,0.9628992159112642,0.9625630378723145,0.9916810097532989,0.5661136736605409,0.869980879541109,0.8689731359481812,0.9426386233269598
mot_huge_1d-bs.512-ep.300,mot_huge_1d,0.3,42,23,0.17810719718785872,0.19085139142187998,0.9675846242111302,0.9670235514640808,0.9913941480206541,0.5532986803218922,0.8676864244741874,0.863594114780426,0.9449330783938814
mot_huge_1d-bs.512-ep.300,mot_huge_1d,0.3,42,24,0.1687999850346457,0.18129298989734952,0.9712660164467394,0.9697737097740173,0.9925415949512335,0.5497702020532087,0.8734225621414914,0.871741533279419,0.944168260038241
mot_huge_1d-bs.512-ep.300,mot_huge_1d,0.3,42,25,0.15941857792939704,0.18150711802776057,0.9686842608529356,0.9677282571792603,0.9925894052400076,0.5616843301980947,0.8665391969407266,0.8650153875350952,0.9437858508604207
mot_huge_1d-bs.512-ep.300,mot_huge_1d,0.3,42,26,0.15000000000000002,0.17739560686623213,0.9717919296232549,0.9709347486495972,0.9921591126410404,0.5523656334521437,0.8715105162523901,0.8708242177963257,0.944168260038241
mot_huge_1d-bs.512-ep.300,mot_huge_1d,0.3,42,27,0.140581422070603,0.17295942253627838,0.9717441193344808,0.9707029461860657,0.9934021801491681,0.5564318469104074,0.8734225621414914,0.8726751804351807,0.9445506692160612
mot_huge_1d-bs.512-ep.300,mot_huge_1d,0.3,42,28,0.13120001496535438,0.17215929502828967,0.9711225855804169,0.970304012298584,0.9928762669726525,0.5546880503229612,0.8703632887189292,0.8694015741348267,0.9449330783938814
mot_huge_1d-bs.512-ep.300,mot_huge_1d,0.3,42,29,0.12189280281214132,0.16533370007974374,0.9738955823293173,0.9733061790466309,0.994358385924651,0.5475169785391988,0.8760994263862333,0.8744329810142517,0.944168260038241
mot_huge_1d-bs.512-ep.300,mot_huge_1d,0.3,42,30,0.11269651692527179,0.16401210216975254,0.9747561675272519,0.9739527106285095,0.9943105756358769,0.5505215260084455,0.8734225621414914,0.871245265007019,0.9468451242829828
mot_huge_1d-bs.512-ep.300,mot_huge_1d,0.3,42,31,0.10364745084375795,0.1600704862456359,0.9773857334098298,0.9767299890518188,0.9942149550583286,0.5466277055029204,0.8730401529636711,0.8719677925109863,0.947227533460803
mot_huge_1d-bs.512-ep.300,mot_huge_1d,0.3,42,32,0.09478131709729837,0.16219604665085424,0.9738477720405432,0.9731139540672302,0.9942627653471027,0.5543446644770256,0.874187380497132,0.8732964992523193,0.9468451242829828
mot_huge_1d-bs.512-ep.300,mot_huge_1d,0.3,42,33,0.08613310626523911,0.1546627840272645,0.9788200420730542,0.9783470034599304,0.994358385924651,0.5455079430603844,0.8760994263862333,0.8754419088363647,0.9434034416826004
mot_huge_1d-bs.512-ep.300,mot_huge_1d,0.3,42,34,0.0777369488847427,0.1534843160992577,0.9790112832281507,0.9784076809883118,0.9949799196787149,0.5447128799175897,0.8760994263862333,0.875234842300415,0.9479923518164436
mot_huge_1d-bs.512-ep.300,mot_huge_1d,0.3,42,35,0.06962598075315048,0.15262241401369608,0.978437559762861,0.9777259826660156,0.995027729967489,0.5446271400378722,0.8745697896749522,0.8728647828102112,0.9479923518164436
mot_huge_1d-bs.512-ep.300,mot_huge_1d,0.3,42,36,0.06183221215612905,0.15115502248145035,0.9792981449607956,0.9786452651023865,0.9951233505450373,0.5415022439756083,0.877246653919694,0.8755921721458435,0.9468451242829828
mot_huge_1d-bs.512-ep.300,mot_huge_1d,0.3,42,37,0.05438640153769654,0.1500432555592067,0.979106903805699,0.9786088466644287,0.9949321093899407,0.5444507474881057,0.875717017208413,0.8750135898590088,0.9460803059273423
mot_huge_1d-bs.512-ep.300,mot_huge_1d,0.3,42,38,0.047317934110696694,0.14850805949745316,0.9804934021801491,0.979905366897583,0.995362401988908,0.5449957430020801,0.875717017208413,0.8740447759628296,0.9464627151051626
mot_huge_1d-bs.512-ep.300,mot_huge_1d,0.3,42,39,0.0406547058867883,0.14722795476419198,0.9809236947791165,0.980442225933075,0.9955058328552304,0.5403900595057762,0.8787762906309752,0.8771920800209045,0.9491395793499044
mot_huge_1d-bs.512-ep.300,mot_huge_1d,0.3,42,40,0.03442301358363163,0.14607377639576455,0.9811149359342131,0.9805333018302917,0.9954580225664563,0.5412266754967304,0.877246653919694,0.8755950331687927,0.9468451242829828
mot_huge_1d-bs.512-ep.300,mot_huge_1d,0.3,42,41,0.0286474508437579,0.1458764282324319,0.980445591891375,0.9799151420593262,0.9955058328552304,0.5421005431370343,0.875717017208413,0.8742896318435669,0.9483747609942639
mot_huge_1d-bs.512-ep.300,mot_huge_1d,0.3,42,42,0.023350811174697773,0.14510989458161072,0.9816408491107286,0.9811525940895081,0.9956492637215528,0.5408547855472018,0.8795411089866156,0.8781141638755798,0.947227533460803
mot_huge_1d-bs.512-ep.300,mot_huge_1d,0.3,42,43,0.018553997993420463,0.14455675048339342,0.9817842799770511,0.9811643958091736,0.9956014534327787,0.5411034903152495,0.8795411089866156,0.8782970309257507,0.9476099426386233
mot_huge_1d-bs.512-ep.300,mot_huge_1d,0.3,42,44,0.014275942130097098,0.14429551079159691,0.9818320902658252,0.9813997745513916,0.995697074010327,0.5409234026877876,0.877246653919694,0.8762156963348389,0.947227533460803
mot_huge_1d-bs.512-ep.300,mot_huge_1d,0.3,42,45,0.010533527116762299,0.14399140312922892,0.9818320902658252,0.9812929034233093,0.9955536431440046,0.5411319145508979,0.8803059273422562,0.8793887495994568,0.9476099426386233
mot_huge_1d-bs.512-ep.300,mot_huge_1d,0.3,42,46,0.00734152255572697,0.14387156516968988,0.9820233314209218,0.981535017490387,0.995697074010327,0.5407789620569058,0.8791586998087955,0.8781136870384216,0.947227533460803
mot_huge_1d-bs.512-ep.300,mot_huge_1d,0.3,42,47,0.004712525830705355,0.14377054871325512,0.9822145725760184,0.9816760420799255,0.9956014534327787,0.5406702504787116,0.8791586998087955,0.8779884576797485,0.9468451242829828
mot_huge_1d-bs.512-ep.300,mot_huge_1d,0.3,42,48,0.0026569123906966916,0.14371830460947269,0.9821667622872442,0.9816780090332031,0.9956492637215528,0.5406525121364265,0.8795411089866156,0.8783730864524841,0.947227533460803
mot_huge_1d-bs.512-ep.300,mot_huge_1d,0.3,42,49,0.001182794802828335,0.1436993532733403,0.9821667622872442,0.9816889762878418,0.9956014534327787,0.5407255599421251,0.8799235181644359,0.8786760568618774,0.9468451242829828
mot_huge_1d-bs.512-ep.300,mot_huge_1d,0.3,42,50,0.0002959907357592661,0.14369389536185162,0.9821667622872442,0.9816538095474243,0.9956014534327787,0.540701354849179,0.8795411089866156,0.8783730864524841,0.9468451242829828
mot_huge_1d-bs.512-ep.300,mot_huge_1d,0.5,42,1,0.5,0.9481671769752583,0.7681679097341748,0.7607418894767761,0.9034232166762287,1.1321140034020973,0.7349904397705544,0.7327423095703125,0.8848948374760994
mot_huge_1d-bs.512-ep.300,mot_huge_1d,0.5,42,2,0.4995066821070679,0.639312026650711,0.8460508701472557,0.8405628204345703,0.9372729011283228,0.8440868085930497,0.8076481835564053,0.8030521869659424,0.9105162523900574
mot_huge_1d-bs.512-ep.300,mot_huge_1d,0.5,42,3,0.4980286753286195,0.5366115292848057,0.8684260852935551,0.8640783429145813,0.9512335054503729,0.7635995518409043,0.8210325047801147,0.8157678246498108,0.9254302103250478
mot_huge_1d-bs.512-ep.300,mot_huge_1d,0.5,42,4,0.4955718126821722,0.4777336120605469,0.8820998278829604,0.8797492384910583,0.9566360680818512,0.7661577589425257,0.8187380497131931,0.8215628862380981,0.9235181644359465
mot_huge_1d-bs.512-ep.300,mot_huge_1d,0.5,42,5,0.49214579028215777,0.4142256881931266,0.8983075157773953,0.8958113193511963,0.9651462994836488,0.7002526985299746,0.837093690248566,0.8351030945777893,0.9296367112810707
mot_huge_1d-bs.512-ep.300,mot_huge_1d,0.5,42,6,0.4877641290737884,0.3463602895877128,0.9179575444635686,0.915459394454956,0.9706444826926754,0.6438913188518576,0.8543021032504781,0.8508058786392212,0.9334608030592734
mot_huge_1d-bs.512-ep.300,mot_huge_1d,0.5,42,7,0.48244412147206284,0.355142719865552,0.9103557085484796,0.9098932147026062,0.970501051826353,0.6781318117510065,0.8447418738049713,0.8430211544036865,0.9304015296367113
mot_huge_1d-bs.512-ep.300,mot_huge_1d,0.5,42,8,0.4762067631165049,0.29141531110972557,0.9296710652132338,0.9270862340927124,0.9788678523618283,0.6503436367552777,0.8462715105162524,0.846213698387146,0.9338432122370937
mot_huge_1d-bs.512-ep.300,mot_huge_1d,0.5,42,9,0.46907667001096587,0.2873528087816222,0.9310097532989099,0.9295626282691956,0.9786288009179576,0.639031967104735,0.8493307839388146,0.8467846512794495,0.9342256214149139
mot_huge_1d-bs.512-ep.300,mot_huge_1d,0.5,42,10,0.46108198137550377,0.2724595605175772,0.9332090265825206,0.9308085441589355,0.9816886593995028,0.6330979370934101,0.8523900573613766,0.8489559888839722,0.9380497131931166
mot_huge_1d-bs.512-ep.300,mot_huge_1d,0.5,42,11,0.45225424859373686,0.2445403478140584,0.9434404283801874,0.9425522089004517,0.9846050870147256,0.6139892775059658,0.8550669216061185,0.8525357246398926,0.9395793499043977
mot_huge_1d-bs.512-ep.300,mot_huge_1d,0.5,42,12,0.4426283106939473,0.2271563419308118,0.9465959074392809,0.9464084506034851,0.9863740676993689,0.6283620258134364,0.8543021032504781,0.853168249130249,0.9353728489483748
mot_huge_1d-bs.512-ep.300,mot_huge_1d,0.5,42,13,0.4322421568553529,0.23376716671949319,0.9405718110537388,0.9391915798187256,0.9872824631860776,0.6379702318238939,0.8527724665391969,0.8496671319007874,0.939961759082218
mot_huge_1d-bs.512-ep.300,mot_huge_1d,0.5,42,14,0.4211367764821722,0.20410438859683877,0.953241537578887,0.9515020251274109,0.98938611589214,0.6123249353004003,0.8543021032504781,0.8523806929588318,0.9418738049713193
mot_huge_1d-bs.512-ep.300,mot_huge_1d,0.5,42,15,0.40935599743717244,0.17902618549731383,0.9640466628418436,0.9629356861114502,0.9903423216676229,0.5881523394903763,0.8619502868068833,0.8606092929840088,0.9403441682600382
mot_huge_1d-bs.512-ep.300,mot_huge_1d,0.5,42,16,0.39694631307311834,0.18657048784950125,0.9577357047236565,0.9587944746017456,0.9903423216676229,0.6082019732969441,0.8653919694072658,0.8653769493103027,0.9384321223709369
mot_huge_1d-bs.512-ep.300,mot_huge_1d,0.5,42,17,0.38395669874474914,0.18753595542761808,0.9575922738573341,0.9561521410942078,0.9923981640849111,0.6110483424841332,0.8627151051625239,0.8610799908638,0.9411089866156788
mot_huge_1d-bs.512-ep.300,mot_huge_1d,0.5,42,18,0.3704384185254288,0.16044153941933798,0.9663415567030025,0.9668947458267212,0.9930196978389749,0.5954407810481055,0.8673040152963671,0.8671243190765381,0.9395793499043977
mot_huge_1d-bs.512-ep.300,mot_huge_1d,0.5,42,19,0.35644482289126816,0.155047151891468,0.968493019697839,0.9678833484649658,0.9942149550583286,0.5898534421027276,0.8623326959847036,0.8604814410209656,0.9418738049713193
mot_huge_1d-bs.512-ep.300,mot_huge_1d,0.5,42,20,0.34203113817116954,0.1448858847329028,0.9720309810671256,0.9722298979759216,0.9945018167909734,0.5778736574016156,0.8669216061185469,0.8669360280036926,0.9453154875717017
mot_huge_1d-bs.512-ep.300,mot_huge_1d,0.5,42,21,0.32725424859373686,0.14063154283229196,0.9738477720405432,0.972970187664032,0.9944540065021993,0.5792266382541985,0.8676864244741874,0.8661575317382812,0.9464627151051626
mot_huge_1d-bs.512-ep.300,mot_huge_1d,0.5,42,22,0.31217247179121366,0.13561519324426147,0.9749952189711226,0.9749254584312439,0.9954102122776821,0.5785487822319308,0.8665391969407266,0.8639967441558838,0.9468451242829828
mot_huge_1d-bs.512-ep.300,mot_huge_1d,0.5,42,23,0.2968453286464312,0.13156863179027203,0.9785809906291834,0.9780173301696777,0.9947886785236183,0.5679644502599654,0.8650095602294455,0.8618942499160767,0.9487571701720842
mot_huge_1d-bs.512-ep.300,mot_huge_1d,0.5,42,24,0.2813333083910761,0.12019054849554964,0.9816408491107286,0.9807076454162598,0.9958405048766494,0.5644791480915952,0.8715105162523901,0.8692811727523804,0.9476099426386233
mot_huge_1d-bs.512-ep.300,mot_huge_1d,0.5,42,25,0.26569762988232837,0.1189416895680547,0.9816408491107286,0.9813847541809082,0.9961273666092944,0.5747717366847663,0.8676864244741874,0.8656306266784668,0.9445506692160612
mot_huge_1d-bs.512-ep.300,mot_huge_1d,0.5,42,26,0.25,0.1175362699960609,0.9823580034423408,0.9815657138824463,0.9963186077643909,0.5715107660676507,0.8669216061185469,0.8661400079727173,0.945697896749522
mot_huge_1d-bs.512-ep.300,mot_huge_1d,0.5,42,27,0.23430237011767166,0.1134555810130242,0.9843182252820807,0.9837694764137268,0.9966532797858099,0.5733734105330808,0.8726577437858508,0.871735692024231,0.9449330783938814
mot_huge_1d-bs.512-ep.300,mot_huge_1d,0.5,42,28,0.21866669160892396,0.11178728539712526,0.9834576400841462,0.9830763339996338,0.9967967106521324,0.5701734148977363,0.8715105162523901,0.8705986142158508,0.9468451242829828
mot_huge_1d-bs.512-ep.300,mot_huge_1d,0.5,42,29,0.20315467135356885,0.10650331697265193,0.9843182252820807,0.9842340350151062,0.9973704341174221,0.5623894846462155,0.8722753346080306,0.8708481788635254,0.9449330783938814
mot_huge_1d-bs.512-ep.300,mot_huge_1d,0.5,42,30,0.1878275282087863,0.10543562805568267,0.9853700516351118,0.985069215297699,0.9975138649837445,0.5648742296499686,0.8692160611854685,0.8671735525131226,0.9495219885277246
mot_huge_1d-bs.512-ep.300,mot_huge_1d,0.5,42,31,0.17274575140626322,0.1040101180137697,0.9854656722126601,0.9852926731109619,0.9974182444061962,0.5641312053964881,0.8684512428298279,0.8671202063560486,0.9479923518164436
mot_huge_1d-bs.512-ep.300,mot_huge_1d,0.5,42,32,0.15796886182883058,0.10482314524811982,0.9845572767259514,0.9844486713409424,0.9973226238286479,0.5704664314226257,0.8673040152963671,0.8658905625343323,0.9476099426386233
mot_huge_1d-bs.512-ep.300,mot_huge_1d,0.5,42,33,0.14355517710873184,0.09688810354711723,0.9893383056033659,0.9891418218612671,0.9975616752725186,0.5608738116962732,0.8753346080305927,0.8737480640411377,0.9468451242829828
mot_huge_1d-bs.512-ep.300,mot_huge_1d,0.5,42,34,0.12956158147457114,0.09522932746210205,0.98938611589214,0.9890733957290649,0.9980397781602601,0.5578176903223216,0.8760994263862333,0.875801682472229,0.9487571701720842
mot_huge_1d-bs.512-ep.300,mot_huge_1d,0.5,42,35,0.11604330125525078,0.09500437029964223,0.9895295467584624,0.9892888069152832,0.9981832090265825,0.5597327923455612,0.8738049713193117,0.8723117113113403,0.9502868068833652
mot_huge_1d-bs.512-ep.300,mot_huge_1d,0.5,42,36,0.10305368692688174,0.09392744041715714,0.9897685982023331,0.9894426465034485,0.9980875884490342,0.556661499344368,0.8734225621414914,0.8725112676620483,0.9479923518164436
mot_huge_1d-bs.512-ep.300,mot_huge_1d,0.5,42,37,0.09064400256282756,0.0932073576269334,0.9893383056033659,0.9891161918640137,0.9979919678714859,0.5602732656562761,0.8718929254302104,0.8715959191322327,0.9479923518164436
mot_huge_1d-bs.512-ep.300,mot_huge_1d,0.5,42,38,0.07886322351782782,0.091621458860993,0.9910116657104608,0.990672767162323,0.9982310193153566,0.5601314311273695,0.8753346080305927,0.8739282488822937,0.9483747609942639
mot_huge_1d-bs.512-ep.300,mot_huge_1d,0.5,42,39,0.06775784314464717,0.0906587501378332,0.991059475999235,0.9906927347183228,0.9983744501816791,0.5559352798170158,0.8749521988527724,0.8733203411102295,0.9499043977055449
mot_huge_1d-bs.512-ep.300,mot_huge_1d,0.5,42,40,0.057371689306052714,0.08946759300903098,0.9913463377318799,0.9909523129463196,0.9983744501816791,0.5563757861777427,0.8760994263862333,0.8753726482391357,0.9479923518164436
mot_huge_1d-bs.512-ep.300,mot_huge_1d,0.5,42,41,0.047745751406263165,0.08956748377093623,0.9911072862880091,0.990722119808197,0.9984222604704532,0.5586212063382734,0.8730401529636711,0.8715220093727112,0.9487571701720842
mot_huge_1d-bs.512-ep.300,mot_huge_1d,0.5,42,42,0.03891801862449629,0.08875747028147657,0.9916810097532989,0.991385281085968,0.9985656913367756,0.5568232162504761,0.8738049713193117,0.8717860579490662,0.9479923518164436
mot_huge_1d-bs.512-ep.300,mot_huge_1d,0.5,42,43,0.030923329989034104,0.08831765786665396,0.9919678714859438,0.9916231632232666,0.9987091222030982,0.5566696210755445,0.8738049713193117,0.8725811839103699,0.9499043977055449
mot_huge_1d-bs.512-ep.300,mot_huge_1d,0.5,42,44,0.02379323688349516,0.08810246776134704,0.9918244406196214,0.9915454387664795,0.9986135016255498,0.5567036346085441,0.8738049713193117,0.8732790350914001,0.9491395793499044
mot_huge_1d-bs.512-ep.300,mot_huge_1d,0.5,42,45,0.017555878527937163,0.08774744498841415,0.9918722509083955,0.9915492534637451,0.9986135016255498,0.5568178093000307,0.8749521988527724,0.8741417527198792,0.9491395793499044
mot_huge_1d-bs.512-ep.300,mot_huge_1d,0.5,42,46,0.012235870926211617,0.08768253676133074,0.9916810097532989,0.9913814067840576,0.9987091222030982,0.5564399566066881,0.874187380497132,0.8740367889404297,0.9495219885277246
mot_huge_1d-bs.512-ep.300,mot_huge_1d,0.5,42,47,0.007854209717842259,0.08757383034821563,0.9919678714859438,0.9916372895240784,0.998661311914324,0.5561511176494066,0.8745697896749522,0.874534547328949,0.9495219885277246
mot_huge_1d-bs.512-ep.300,mot_huge_1d,0.5,42,48,0.00442818731782782,0.08752608919353416,0.9923025435073628,0.9919804334640503,0.998661311914324,0.5561969954014736,0.8749521988527724,0.8746588230133057,0.9491395793499044
mot_huge_1d-bs.512-ep.300,mot_huge_1d,0.5,42,49,0.0019713246713805588,0.08751145890347702,0.9920156817747179,0.9916790723800659,0.9985656913367756,0.5562989076282508,0.8749521988527724,0.8746588230133057,0.9495219885277246
mot_huge_1d-bs.512-ep.300,mot_huge_1d,0.5,42,50,0.0004933178929321103,0.08750703510806765,0.9920634920634921,0.9917238354682922,0.998661311914324,0.5562710603382118,0.8749521988527724,0.8746588230133057,0.9495219885277246
mot_huge_1d-bs.512-ep.300,mot_huge_1d,0.7,42,1,0.7,1.144294100250927,0.7397685982023331,0.7367239594459534,0.8902275769745649,1.3773494195299896,0.7143403441682601,0.7167829275131226,0.8753346080305927
mot_huge_1d-bs.512-ep.300,mot_huge_1d,0.7,42,2,0.699309354949895,0.6573321630996234,0.841843564735131,0.8339456915855408,0.9359820233314209,0.9170437176414475,0.8022944550669217,0.7962431311607361,0.9063097514340345
mot_huge_1d-bs.512-ep.300,mot_huge_1d,0.7,42,3,0.6972401454600672,0.5069768597961589,0.8703384968445209,0.8670834302902222,0.9530981067125646,0.7982961804187548,0.8183556405353728,0.8155162334442139,0.920076481835564
mot_huge_1d-bs.512-ep.300,mot_huge_1d,0.7,42,4,0.6938005377550409,0.4910392018936633,0.8747370434117422,0.8727605938911438,0.9561101549053356,0.8400004465311025,0.8107074569789675,0.8110752701759338,0.9216061185468452
mot_huge_1d-bs.512-ep.300,mot_huge_1d,0.7,42,5,0.6890041063950206,0.41449195902305164,0.8910881621724995,0.8877293467521667,0.9653853509275196,0.7596639738939917,0.8248565965583174,0.8232778906822205,0.9277246653919694
mot_huge_1d-bs.512-ep.300,mot_huge_1d,0.7,42,6,0.6828697807033035,0.3649805382301621,0.9049053356282272,0.899933934211731,0.9696882769171926,0.735915974312485,0.8317399617590823,0.8258614540100098,0.930019120458891
mot_huge_1d-bs.512-ep.300,mot_huge_1d,0.7,42,7,0.6754217700608878,0.33814018701453763,0.9121724995218972,0.9109475016593933,0.9711225855804169,0.733086371923268,0.8374760994263862,0.8367883563041687,0.9269598470363288
mot_huge_1d-bs.512-ep.300,mot_huge_1d,0.7,42,8,0.6666894683631067,0.2656263623006897,0.9323962516733602,0.9302559494972229,0.9806846433352457,0.698074975387544,0.8378585086042065,0.8361141681671143,0.9346080305927342
mot_huge_1d-bs.512-ep.300,mot_huge_1d,0.7,42,9,0.6567073380153521,0.27144079545552335,0.9310097532989099,0.9305996894836426,0.9805890227576974,0.6913439778023422,0.8458891013384321,0.8431084156036377,0.9353728489483748
mot_huge_1d-bs.512-ep.300,mot_huge_1d,0.7,42,10,0.6455147739257051,0.2422128998542475,0.934691145534519,0.9324092268943787,0.9839357429718876,0.666492002644001,0.8439770554493308,0.8405938744544983,0.9403441682600382
mot_huge_1d-bs.512-ep.300,mot_huge_1d,0.7,42,11,0.6331559480312314,0.23035570060940083,0.9388028303690954,0.9386035203933716,0.9860872059667241,0.6705979845036056,0.8504780114722753,0.8488106727600098,0.9361376673040153
mot_huge_1d-bs.512-ep.300,mot_huge_1d,0.7,42,12,0.619679634971526,0.2053128604930864,0.9468349588831516,0.9467399716377258,0.9877127557850449,0.680591948675152,0.848565965583174,0.8476999402046204,0.9365200764818356
mot_huge_1d-bs.512-ep.300,mot_huge_1d,0.7,42,13,0.6051390195974938,0.21220482535607546,0.9420061197169631,0.9413200616836548,0.98938611589214,0.6801067184535768,0.8493307839388146,0.8472554087638855,0.9403441682600382
mot_huge_1d-bs.512-ep.300,mot_huge_1d,0.7,42,14,0.5895914870750408,0.18609837675030771,0.9526678141135972,0.9512572288513184,0.9901032702237521,0.67406226134437,0.847036328871893,0.845923662185669,0.9369024856596558
mot_huge_1d-bs.512-ep.300,mot_huge_1d,0.7,42,15,0.5730983964120412,0.14774989555159726,0.9663415567030025,0.9656142592430115,0.9923981640849111,0.627957442157811,0.8577437858508604,0.8568559885025024,0.9403441682600382
mot_huge_1d-bs.512-ep.300,mot_huge_1d,0.7,42,16,0.5557248383023655,0.15840978735513225,0.9618951998470071,0.963025689125061,0.9925415949512335,0.6470907572350584,0.8577437858508604,0.8578433394432068,0.941491395793499
mot_huge_1d-bs.512-ep.300,mot_huge_1d,0.7,42,17,0.5375393782426486,0.1677047396554252,0.9610346146490725,0.9595953226089478,0.9935934213042646,0.6634465678928003,0.8569789674952198,0.8549355864524841,0.941491395793499
mot_huge_1d-bs.512-ep.300,mot_huge_1d,0.7,42,18,0.5186137859356001,0.13308045881887448,0.9695448460508701,0.9703003168106079,0.9946452476572959,0.6400442097884519,0.8619502868068833,0.8613918423652649,0.9407265774378585
mot_huge_1d-bs.512-ep.300,mot_huge_1d,0.7,42,19,0.49902275204777524,0.12689957344684757,0.9708835341365462,0.9703680276870728,0.9954102122776821,0.6339150846346386,0.860038240917782,0.8582730293273926,0.9407265774378585
mot_huge_1d-bs.512-ep.300,mot_huge_1d,0.7,42,20,0.47884359343963717,0.1068317321820021,0.9800152992924077,0.9796411395072937,0.9959839357429718,0.6046549882761151,0.8646271510516252,0.8632228970527649,0.9468451242829828
mot_huge_1d-bs.512-ep.300,mot_huge_1d,0.7,42,21,0.45815594803123144,0.10796186800417058,0.9780550774526678,0.9771384596824646,0.9961273666092944,0.611966913197738,0.8650095602294455,0.8630139231681824,0.9445506692160612
mot_huge_1d-bs.512-ep.300,mot_huge_1d,0.7,42,22,0.437041460507699,0.09767749763670422,0.9826926754637598,0.9822595119476318,0.9970835723847772,0.6039453473647284,0.865774378585086,0.8625993132591248,0.9476099426386233
mot_huge_1d-bs.512-ep.300,mot_huge_1d,0.7,42,23,0.4155834601050035,0.09845276452496941,0.9818320902658252,0.9814074635505676,0.9969879518072289,0.6000394525765005,0.8630975143403442,0.8595349788665771,0.9483747609942639
mot_huge_1d-bs.512-ep.300,mot_huge_1d,0.7,42,24,0.3938666317475064,0.0882759250858633,0.985752533945305,0.985494077205658,0.9977529164276152,0.5958332776567448,0.8673040152963671,0.8648197650909424,0.9479923518164436
mot_huge_1d-bs.512-ep.300,mot_huge_1d,0.7,42,25,0.37197668183525956,0.08394713708081832,0.9880952380952381,0.987933337688446,0.9976094855612928,0.6021131052341789,0.8688336520076482,0.867311954498291,0.9449330783938814
mot_huge_1d-bs.512-ep.300,mot_huge_1d,0.7,42,26,0.34999999999999987,0.08454499697908659,0.9876171352074966,0.9869477152824402,0.9978963472939376,0.6041877367300468,0.8673040152963671,0.86635422706604,0.9453154875717017
mot_huge_1d-bs.512-ep.300,mot_huge_1d,0.7,42,27,0.3280233181647402,0.0814980786328654,0.9878561866513674,0.9874691963195801,0.9980875884490342,0.6042710109149065,0.8695984703632887,0.8688713908195496,0.9460803059273423
mot_huge_1d-bs.512-ep.300,mot_huge_1d,0.7,42,28,0.3061333682524934,0.07873131433666766,0.9884299101166572,0.9882736206054688,0.9983266398929049,0.5993409180504414,0.8673040152963671,0.8655710816383362,0.9460803059273423
mot_huge_1d-bs.512-ep.300,mot_huge_1d,0.7,42,29,0.28441653989499627,0.07397425078962701,0.9901510805125263,0.990105152130127,0.9990437942245172,0.5904413274323735,0.869980879541109,0.8685528635978699,0.947227533460803
mot_huge_1d-bs.512-ep.300,mot_huge_1d,0.7,42,30,0.2629585394923007,0.07226765871640714,0.9915375788869765,0.991282045841217,0.998995983935743,0.5922477423119044,0.8688336520076482,0.867237389087677,0.9510516252390058
mot_huge_1d-bs.512-ep.300,mot_huge_1d,0.7,42,31,0.2418440519687684,0.07413333071351941,0.98938611589214,0.9892531037330627,0.998995983935743,0.5948574802843608,0.8684512428298279,0.8676228523254395,0.9453154875717017
mot_huge_1d-bs.512-ep.300,mot_huge_1d,0.7,42,32,0.2211564065603627,0.07235603479336862,0.991059475999235,0.9909729957580566,0.998995983935743,0.5991492393595766,0.8688336520076482,0.8676801919937134,0.9468451242829828
mot_huge_1d-bs.512-ep.300,mot_huge_1d,0.7,42,33,0.20097724795222446,0.06605163415501007,0.9936412315930389,0.9934670329093933,0.9992350353796137,0.5898904147613117,0.875717017208413,0.8734656572341919,0.9495219885277246
mot_huge_1d-bs.512-ep.300,mot_huge_1d,0.7,42,34,0.1813862140643995,0.0639715689640698,0.9938802830369096,0.9936990141868591,0.999330655957162,0.5857412225201755,0.8734225621414914,0.8726894855499268,0.9495219885277246
mot_huge_1d-bs.512-ep.300,mot_huge_1d,0.7,42,35,0.16246062175735101,0.06389343296280096,0.9938802830369096,0.9936506152153015,0.9994740868234844,0.5878312674352817,0.8722753346080306,0.8707420825958252,0.9495219885277246
mot_huge_1d-bs.512-ep.300,mot_huge_1d,0.7,42,36,0.14427516169763435,0.06311852096667776,0.9941193344807803,0.9938128590583801,0.9993784662459361,0.5849767491648803,0.8692160611854685,0.8682003021240234,0.9495219885277246
mot_huge_1d-bs.512-ep.300,mot_huge_1d,0.7,42,37,0.12690160358795852,0.06262597480429406,0.9942149550583286,0.9940616488456726,0.999330655957162,0.5887716158398251,0.869980879541109,0.8689283728599548,0.9491395793499044
mot_huge_1d-bs.512-ep.300,mot_huge_1d,0.7,42,38,0.11040851292495889,0.06119228187335064,0.9949321093899407,0.9945987462997437,0.999665327978581,0.588638996394141,0.8753346080305927,0.8737456798553467,0.9483747609942639
mot_huge_1d-bs.512-ep.300,mot_huge_1d,0.7,42,39,0.09486098040250598,0.06042862779712513,0.9954102122776821,0.9951324462890625,0.9995697074010327,0.5849142771150141,0.8730401529636711,0.8714444041252136,0.9502868068833652
mot_huge_1d-bs.512-ep.300,mot_huge_1d,0.7,42,40,0.08032036502847376,0.059277687343590846,0.9951233505450373,0.9949261546134949,0.9995697074010327,0.5850540394536852,0.8722753346080306,0.870740532875061,0.9479923518164436
mot_huge_1d-bs.512-ep.300,mot_huge_1d,0.7,42,41,0.06684405196876839,0.05943982118765969,0.995027729967489,0.994803249835968,0.9995697074010327,0.5878336510740321,0.8718929254302104,0.871259331703186,0.9521988527724665
mot_huge_1d-bs.512-ep.300,mot_huge_1d,0.7,42,42,0.05448522607429477,0.05871458993083,0.9952189711225856,0.9950773119926453,0.9995697074010327,0.5855237701882824,0.8738049713193117,0.8718914985656738,0.9499043977055449
mot_huge_1d-bs.512-ep.300,mot_huge_1d,0.7,42,43,0.04329266198464772,0.05839042083144211,0.995697074010327,0.9955106973648071,0.9996175176898069,0.5852370719836729,0.8718929254302104,0.8707484602928162,0.9491395793499044
mot_huge_1d-bs.512-ep.300,mot_huge_1d,0.7,42,44,0.03331053163689321,0.058212741790526365,0.9957926945878753,0.9956357479095459,0.9996175176898069,0.5854049675323312,0.8718929254302104,0.8711689710617065,0.9499043977055449
mot_huge_1d-bs.512-ep.300,mot_huge_1d,0.7,42,45,0.024578229939112014,0.05788462631422923,0.995697074010327,0.9954807162284851,0.9996175176898069,0.5855568537520633,0.8730401529636711,0.8719708919525146,0.9495219885277246
mot_huge_1d-bs.512-ep.300,mot_huge_1d,0.7,42,46,0.017130219296696253,0.0578467602323086,0.9956014534327787,0.9954662919044495,0.999665327978581,0.5851572149798245,0.8718929254302104,0.8708094954490662,0.9499043977055449
mot_huge_1d-bs.512-ep.300,mot_huge_1d,0.7,42,47,0.010995893604979155,0.05773971994512736,0.9958405048766494,0.9956367611885071,0.9996175176898069,0.5847758371561025,0.8722753346080306,0.8712136149406433,0.9499043977055449
mot_huge_1d-bs.512-ep.300,mot_huge_1d,0.7,42,48,0.006199462244958943,0.05770333766435706,0.9958405048766494,0.995648205280304,0.9996175176898069,0.5848147784318797,0.8722753346080306,0.8712136149406433,0.9502868068833652
mot_huge_1d-bs.512-ep.300,mot_huge_1d,0.7,42,49,0.0027598545399327803,0.057691958215501576,0.9957926945878753,0.9956398606300354,0.9996175176898069,0.584952181201592,0.8722753346080306,0.8712136149406433,0.9499043977055449
mot_huge_1d-bs.512-ep.300,mot_huge_1d,0.7,42,50,0.0006906450501049539,0.057688436024411045,0.9957926945878753,0.9956039190292358,0.9996175176898069,0.584924343393592,0.8722753346080306,0.8712136149406433,0.9499043977055449
mot_huge_1d-bs.512-ep.300,mot_huge_1d,1.0,42,1,1.0,1.7026718801329528,0.7120386307133295,0.7031402587890625,0.881621724995219,1.9849040190074914,0.6764818355640535,0.6713077425956726,0.8634799235181644
mot_huge_1d-bs.512-ep.300,mot_huge_1d,1.0,42,2,0.9990133642141358,0.90567054609925,0.8067986230636833,0.797600269317627,0.9233601070950469,1.2566438160708484,0.7625239005736137,0.7518210411071777,0.8952198852772466
mot_huge_1d-bs.512-ep.300,mot_huge_1d,1.0,42,3,0.996057350657239,0.6063557953286477,0.8562344616561484,0.8520662188529968,0.9501338688085676,0.9977514190382073,0.8061185468451243,0.8014006018638611,0.9189292543021033
mot_huge_1d-bs.512-ep.300,mot_huge_1d,1.0,42,4,0.9911436253643444,0.689327820693815,0.847819850831899,0.8447512984275818,0.9494645247657296,1.1946891157394612,0.7843212237093691,0.7858041524887085,0.9131931166347992
mot_huge_1d-bs.512-ep.300,mot_huge_1d,1.0,42,5,0.9842915805643155,0.4489100712119427,0.8877892522470836,0.8848345875740051,0.9627079747561675,0.9308940267471693,0.8152963671128107,0.8174769878387451,0.9158699808795411
mot_huge_1d-bs.512-ep.300,mot_huge_1d,1.0,42,6,0.9755282581475768,0.4207903291053356,0.8871677184930197,0.8820853233337402,0.9685408299866132,0.9168206559540437,0.8237093690248566,0.8186147809028625,0.9258126195028681
mot_huge_1d-bs.512-ep.300,mot_huge_1d,1.0,42,7,0.9648882429441257,0.3788942076503763,0.9039969401415184,0.9016650915145874,0.9677280550774526,0.8924943322205406,0.827151051625239,0.8216971755027771,0.9254302103250478
mot_huge_1d-bs.512-ep.300,mot_huge_1d,1.0,42,8,0.9524135262330098,0.2759077247138871,0.924077261426659,0.9229533672332764,0.9802543507362784,0.8415865072100842,0.8248565965583174,0.8241192698478699,0.9326959847036329
mot_huge_1d-bs.512-ep.300,mot_huge_1d,1.0,42,9,0.9381533400219317,0.29931041564693367,0.9208261617900172,0.9209199547767639,0.9791547140944731,0.8594772068993767,0.832887189292543,0.8305017352104187,0.92848948374761
mot_huge_1d-bs.512-ep.300,mot_huge_1d,1.0,42,10,0.9221639627510075,0.23530634235163952,0.9347389558232931,0.9330735206604004,0.9847007075922739,0.7749008339176214,0.8397705544933078,0.8359783291816711,0.9380497131931166
mot_huge_1d-bs.512-ep.300,mot_huge_1d,1.0,42,11,0.9045084971874737,0.23419959295728418,0.9318225282080703,0.9321392774581909,0.9858003442340791,0.8013979282707375,0.8416826003824092,0.8409827947616577,0.9342256214149139
mot_huge_1d-bs.512-ep.300,mot_huge_1d,1.0,42,12,0.8852566213878946,0.21683167943901577,0.9440141518454771,0.9444762468338013,0.9849397590361446,0.8273060144019628,0.8439770554493308,0.8443325757980347,0.930019120458891
mot_huge_1d-bs.512-ep.300,mot_huge_1d,1.0,42,13,0.8644843137107058,0.21685331487637402,0.9445400650219927,0.9435285925865173,0.9893383056033659,0.7955584196014113,0.847036328871893,0.844319224357605,0.939961759082218
mot_huge_1d-bs.512-ep.300,mot_huge_1d,1.0,42,14,0.8422735529643444,0.1698909197740013,0.9531937272901129,0.9511303901672363,0.9902467010900746,0.7926775770023265,0.8401529636711281,0.8398973345756531,0.9361376673040153
mot_huge_1d-bs.512-ep.300,mot_huge_1d,1.0,42,15,0.8187119948743449,0.1272879343093023,0.9664371772805508,0.9654684662818909,0.9934978007267163,0.7363464618048294,0.8520076481835565,0.8524596691131592,0.9403441682600382
mot_huge_1d-bs.512-ep.300,mot_huge_1d,1.0,42,16,0.7938926261462367,0.12788260484612632,0.9661025052591318,0.9668230414390564,0.9935456110154905,0.750740237263375,0.8527724665391969,0.8526362776756287,0.941491395793499
mot_huge_1d-bs.512-ep.300,mot_huge_1d,1.0,42,17,0.7679133974894983,0.14979471321839133,0.9614649072480398,0.9605108499526978,0.9942627653471027,0.7692131239415126,0.8516252390057362,0.8504179120063782,0.941491395793499
mot_huge_1d-bs.512-ep.300,mot_huge_1d,1.0,42,18,0.7408768370508576,0.11468581563771216,0.9702141900937081,0.971514880657196,0.9955536431440046,0.7427830603109035,0.8558317399617591,0.8563474416732788,0.9391969407265774
mot_huge_1d-bs.512-ep.300,mot_huge_1d,1.0,42,19,0.7128896457825363,0.10080650561077915,0.9737521514629949,0.9724917411804199,0.9960795563205201,0.7296891929086718,0.8523900573613766,0.8504065871238708,0.9426386233269598
mot_huge_1d-bs.512-ep.300,mot_huge_1d,1.0,42,20,0.6840622763423391,0.07880419216869118,0.9819277108433735,0.9814170598983765,0.9971791929623255,0.6925204136631457,0.860038240917782,0.8591659665107727,0.9483747609942639
mot_huge_1d-bs.512-ep.300,mot_huge_1d,1.0,42,21,0.6545084971874737,0.08272806174168283,0.9797284375597629,0.9786363840103149,0.9970835723847772,0.702940694688611,0.8573613766730401,0.8545442819595337,0.9453154875717017
mot_huge_1d-bs.512-ep.300,mot_huge_1d,1.0,42,22,0.6243449435824273,0.06696898888438216,0.9866609294320138,0.9861865043640137,0.9979919678714859,0.6859840393066406,0.8627151051625239,0.8603813648223877,0.947227533460803
mot_huge_1d-bs.512-ep.300,mot_huge_1d,1.0,42,23,0.5936906572928624,0.06685454467784198,0.985752533945305,0.985239565372467,0.9982310193153566,0.6839648478345707,0.8588910133843213,0.8552854657173157,0.945697896749522
mot_huge_1d-bs.512-ep.300,mot_huge_1d,1.0,42,24,0.5626666167821522,0.06332417379307415,0.9856569133677567,0.9858598113059998,0.9987091222030982,0.6807744465640124,0.8638623326959847,0.8620916604995728,0.9468451242829828
mot_huge_1d-bs.512-ep.300,mot_huge_1d,1.0,42,25,0.5313952597646567,0.05305250877716455,0.9915853891757507,0.9914534687995911,0.9989003633581947,0.6768838762097331,0.865774378585086,0.8655526041984558,0.9464627151051626
mot_huge_1d-bs.512-ep.300,mot_huge_1d,1.0,42,26,0.5,0.05460219397830288,0.9906291834002677,0.9900174736976624,0.9988525530694206,0.6853666404009321,0.8615678776290631,0.8601393699645996,0.9453154875717017
mot_huge_1d-bs.512-ep.300,mot_huge_1d,1.0,42,27,0.4686047402353433,0.053273286138262065,0.9901988908013004,0.98995041847229,0.9989481736469689,0.6815992906034335,0.864244741873805,0.8644824028015137,0.9445506692160612
mot_huge_1d-bs.512-ep.300,mot_huge_1d,1.0,42,28,0.4373333832178479,0.04784251706484833,0.9924459743736852,0.9923651218414307,0.9994740868234844,0.6710309876538599,0.865774378585086,0.8643752932548523,0.9468451242829828
mot_huge_1d-bs.512-ep.300,mot_huge_1d,1.0,42,29,0.4063093427071377,0.044209589395543133,0.9939280933256837,0.9937387704849243,0.9995218971122586,0.6641284176769949,0.8653919694072658,0.8639904856681824,0.9468451242829828
mot_huge_1d-bs.512-ep.300,mot_huge_1d,1.0,42,30,0.3756550564175726,0.04257794230361358,0.9954102122776821,0.995189368724823,0.9995697074010327,0.6671445974200451,0.8661567877629063,0.8643481731414795,0.9483747609942639
mot_huge_1d-bs.512-ep.300,mot_huge_1d,1.0,42,31,0.34549150281252644,0.047796286894751225,0.9915375788869765,0.9916212558746338,0.9995218971122586,0.6745719012521193,0.8619502868068833,0.8613744974136353,0.9483747609942639
mot_huge_1d-bs.512-ep.300,mot_huge_1d,1.0,42,32,0.31593772365766115,0.042843053658484134,0.994358385924651,0.9943420886993408,0.9998565691336776,0.6738414363241104,0.8650095602294455,0.863589882850647,0.9495219885277246
mot_huge_1d-bs.512-ep.300,mot_huge_1d,1.0,42,33,0.28711035421746367,0.038487677730094136,0.9962707974756168,0.996182382106781,0.9997131382673551,0.6650584306589276,0.8715105162523901,0.8693245053291321,0.9495219885277246
mot_huge_1d-bs.512-ep.300,mot_huge_1d,1.0,42,34,0.2591231629491423,0.036435082683054384,0.9973226238286479,0.9971959590911865,0.9998565691336776,0.6603866256217884,0.8692160611854685,0.8680332899093628,0.9487571701720842
mot_huge_1d-bs.512-ep.300,mot_huge_1d,1.0,42,35,0.23208660251050156,0.03618477347317059,0.9970357620960031,0.9969378709793091,0.9998565691336776,0.6604899054503578,0.865774378585086,0.8647043704986572,0.9491395793499044
mot_huge_1d-bs.512-ep.300,mot_huge_1d,1.0,42,36,0.2061073738537635,0.035534657924073586,0.9973704341174221,0.9972658753395081,0.9998565691336776,0.6572428672309132,0.8695984703632887,0.8691030144691467,0.9479923518164436
mot_huge_1d-bs.512-ep.300,mot_huge_1d,1.0,42,37,0.18128800512565513,0.03532169584016039,0.9973704341174221,0.9973306059837341,1.0,0.6616605558085396,0.8673040152963671,0.8658989667892456,0.9506692160611855
mot_huge_1d-bs.512-ep.300,mot_huge_1d,1.0,42,38,0.15772644703565564,0.034415686762020586,0.9975138649837445,0.9972795248031616,1.0,0.6625374642658416,0.8707456978967495,0.8691766858100891,0.9487571701720842
mot_huge_1d-bs.512-ep.300,mot_huge_1d,1.0,42,39,0.13551568628929433,0.03361971425289724,0.9981832090265825,0.9980272054672241,1.0,0.6582658231600292,0.8711281070745698,0.869475781917572,0.9502868068833652
mot_huge_1d-bs.512-ep.300,mot_huge_1d,1.0,42,40,0.11474337861210543,0.0326105716990385,0.9981832090265825,0.9981257915496826,1.0,0.6585425528240022,0.8707456978967495,0.8693111538887024,0.9499043977055449
mot_huge_1d-bs.512-ep.300,mot_huge_1d,1.0,42,41,0.09549150281252633,0.032688315243218545,0.9982788296041308,0.9981709122657776,1.0,0.6610188449545983,0.8711281070745698,0.8697845935821533,0.9491395793499044
mot_huge_1d-bs.512-ep.300,mot_huge_1d,1.0,42,42,0.07783603724899257,0.032264224422618615,0.9983266398929049,0.9983021020889282,1.0,0.6581708328217895,0.8692160611854685,0.8674755096435547,0.9525812619502868
mot_huge_1d-bs.512-ep.300,mot_huge_1d,1.0,42,43,0.06184665997806821,0.0320509848049344,0.9985656913367756,0.998487114906311,1.0,0.6585850068305692,0.8711281070745698,0.8703129291534424,0.9510516252390058
mot_huge_1d-bs.512-ep.300,mot_huge_1d,1.0,42,44,0.04758647376699032,0.03198083037740985,0.9986135016255498,0.9985417723655701,1.0,0.6586537946478587,0.869980879541109,0.8692162036895752,0.9499043977055449
mot_huge_1d-bs.512-ep.300,mot_huge_1d,1.0,42,45,0.035111757055874326,0.031715675028634815,0.9986135016255498,0.9985344409942627,1.0,0.6588902708677216,0.8707456978967495,0.8697149753570557,0.9514340344168261
mot_huge_1d-bs.512-ep.300,mot_huge_1d,1.0,42,46,0.024471741852423234,0.03170700402327308,0.9988047427806463,0.9987460970878601,1.0,0.6585403982129653,0.869980879541109,0.8691166639328003,0.9506692160611855
mot_huge_1d-bs.512-ep.300,mot_huge_1d,1.0,42,47,0.015708419435684517,0.03160990253418576,0.9986135016255498,0.9985442161560059,1.0,0.6580370901191668,0.8703632887189292,0.8695928454399109,0.9510516252390058
mot_huge_1d-bs.512-ep.300,mot_huge_1d,1.0,42,48,0.00885637463565564,0.03159012515108543,0.9987091222030982,0.9986332058906555,1.0,0.6579988074804127,0.8695984703632887,0.868537187576294,0.9506692160611855
mot_huge_1d-bs.512-ep.300,mot_huge_1d,1.0,42,49,0.0039426493427611176,0.03158238403631638,0.9987091222030982,0.9986355304718018,1.0,0.6581692040992284,0.869980879541109,0.8690372705459595,0.9506692160611855
mot_huge_1d-bs.512-ep.300,mot_huge_1d,1.0,42,50,0.0009866357858642205,0.03158014872535097,0.9987091222030982,0.9986355304718018,1.0,0.6581468768147164,0.869980879541109,0.8690372705459595,0.9506692160611855
mot_large-base_1d-bs.512-ep.300,mot_large_1d,0.1,42,1,0.1,20.851549458973356,0.08553260661694397,0.07854544371366501,0.20075540256263147,20.552680458666945,0.0791586998087954,0.07398813962936401,0.1961759082217973
mot_large-base_1d-bs.512-ep.300,mot_large_1d,0.1,42,2,0.09990133642141358,20.70413934179099,0.1774239816408491,0.1649155467748642,0.3354847963281698,20.39421066371706,0.17208413001912046,0.16284358501434326,0.3189292543021032
mot_large-base_1d-bs.512-ep.300,mot_large_1d,0.1,42,3,0.0996057350657239,16.42104959478796,0.17331229680627272,0.16166430711746216,0.39328743545611017,17.00025300997849,0.16596558317399618,0.1520831137895584,0.3824091778202677
mot_large-base_1d-bs.512-ep.300,mot_large_1d,0.1,42,4,0.09911436253643444,14.181322441750353,0.1579173838209983,0.14278066158294678,0.428045515394913,13.091256906425519,0.16137667304015296,0.14027148485183716,0.421414913957935
mot_large-base_1d-bs.512-ep.300,mot_large_1d,0.1,42,5,0.09842915805643154,8.662106267214506,0.3234366035570855,0.31197506189346313,0.5225186460126219,8.835019790328484,0.30478011472275335,0.30800557136535645,0.5024856596558317
mot_large-base_1d-bs.512-ep.300,mot_large_1d,0.1,42,6,0.09755282581475767,6.077073423874768,0.37014725568942436,0.36007195711135864,0.6019315356664754,5.787106381593198,0.35372848948374763,0.3528161942958832,0.5850860420650096
mot_large-base_1d-bs.512-ep.300,mot_large_1d,0.1,42,7,0.09648882429441256,3.094885376174994,0.31765155861541405,0.3070233464241028,0.6233983553260661,3.234837781858718,0.29980879541108985,0.2980855703353882,0.6030592734225622
mot_large-base_1d-bs.512-ep.300,mot_large_1d,0.1,42,8,0.09524135262330098,2.7406555280833156,0.38396442914515205,0.3650512993335724,0.6303786574870912,2.835170435130482,0.3644359464627151,0.35580453276634216,0.6149139579349905
mot_large-base_1d-bs.512-ep.300,mot_large_1d,0.1,42,9,0.09381533400219318,2.2885120666877423,0.4762382864792503,0.4603995382785797,0.7064926372155288,2.4154882135628286,0.45086042065009563,0.44707363843917847,0.6841300191204589
mot_large-base_1d-bs.512-ep.300,mot_large_1d,0.1,42,10,0.09221639627510075,2.3023045653479803,0.4734174794415758,0.45666053891181946,0.6965002868617326,2.4184240279188574,0.438623326959847,0.43313997983932495,0.6810707456978967
mot_large-base_1d-bs.512-ep.300,mot_large_1d,0.1,42,11,0.09045084971874737,2.199800880535722,0.4857047236565309,0.47391030192375183,0.7219353604895774,2.2765679441492144,0.47418738049713194,0.46251675486564636,0.7059273422562141
mot_large-base_1d-bs.512-ep.300,mot_large_1d,0.1,42,12,0.08852566213878946,2.1126936906882787,0.5078408873589596,0.4943384528160095,0.7454102122776821,2.2319496256899423,0.4860420650095602,0.47952479124069214,0.724282982791587
mot_large-base_1d-bs.512-ep.300,mot_large_1d,0.1,42,13,0.08644843137107057,2.1557650556070076,0.5073149741824441,0.4943152666091919,0.7406769936890418,2.259921725621415,0.4852772466539197,0.47303837537765503,0.7273422562141492
mot_large-base_1d-bs.512-ep.300,mot_large_1d,0.1,42,14,0.08422735529643442,1.9703704832525322,0.5365270606234461,0.5182216763496399,0.7679766685790782,2.057652419839717,0.5124282982791587,0.4914999008178711,0.7533460803059273
mot_large-base_1d-bs.512-ep.300,mot_large_1d,0.1,42,15,0.08187119948743447,1.89060269179046,0.5578026391279404,0.5473008751869202,0.7829412889653854,2.0107643783890268,0.5411089866156787,0.5318588018417358,0.7617590822179733
mot_large-base_1d-bs.512-ep.300,mot_large_1d,0.1,42,16,0.07938926261462366,1.9521796732975663,0.5432683113406005,0.5279989242553711,0.7694587875310767,2.0914712238494113,0.5124282982791587,0.5037620663642883,0.7464627151051625
mot_large-base_1d-bs.512-ep.300,mot_large_1d,0.1,42,17,0.07679133974894982,1.9905790940687975,0.5365270606234461,0.5251917839050293,0.7668770319372729,2.1634772452068147,0.5047801147227533,0.5031042098999023,0.749904397705545
mot_large-base_1d-bs.512-ep.300,mot_large_1d,0.1,42,18,0.07408768370508576,1.847046443576634,0.5665997322623829,0.5591142177581787,0.7849015108051253,2.0058250295956324,0.5391969407265774,0.5412759780883789,0.7567877629063098
mot_large-base_1d-bs.512-ep.300,mot_large_1d,0.1,42,19,0.07128896457825362,1.7512052586712876,0.5895964811627462,0.578482985496521,0.8112927902084529,1.8976245974947343,0.5579349904397706,0.5503504276275635,0.7858508604206501
mot_large-base_1d-bs.512-ep.300,mot_large_1d,0.1,42,20,0.06840622763423389,1.7877875665652636,0.5681296615031555,0.5583716630935669,0.8048384012239433,1.9640050884414586,0.5342256214149139,0.5355736017227173,0.7701720841300191
mot_large-base_1d-bs.512-ep.300,mot_large_1d,0.1,42,21,0.06545084971874736,1.7311255593080095,0.6020749665327979,0.5949512720108032,0.8087588449034232,1.9057208088570297,0.558699808795411,0.5624111294746399,0.7858508604206501
mot_large-base_1d-bs.512-ep.300,mot_large_1d,0.1,42,22,0.06243449435824272,1.7487841668332322,0.6069516159877606,0.5941352844238281,0.8165997322623829,1.904489596715165,0.5747609942638623,0.5735892653465271,0.7804971319311663
mot_large-base_1d-bs.512-ep.300,mot_large_1d,0.1,42,23,0.05936906572928623,1.6564811878711367,0.618378275004781,0.6101220846176147,0.8263052208835341,1.8123462480067296,0.5801147227533461,0.5734372138977051,0.7908221797323136
mot_large-base_1d-bs.512-ep.300,mot_large_1d,0.1,42,24,0.056266661678215216,1.64498159109828,0.608433734939759,0.5974353551864624,0.8232931726907631,1.8122831851528889,0.5789674952198853,0.5767946839332581,0.7980879541108986
mot_large-base_1d-bs.512-ep.300,mot_large_1d,0.1,42,25,0.053139525976465665,1.6449107642291403,0.6055651176133103,0.5940850377082825,0.8221457257601836,1.8182972224219123,0.5648183556405354,0.5587286949157715,0.7923518164435946
mot_large-base_1d-bs.512-ep.300,mot_large_1d,0.1,42,26,0.049999999999999996,1.6175223292345116,0.6151749856569134,0.6037481427192688,0.8273570472365653,1.7762651374189622,0.5801147227533461,0.5744079351425171,0.804206500956023
mot_large-base_1d-bs.512-ep.300,mot_large_1d,0.1,42,27,0.046860474023534326,1.5584694914709294,0.6399885255306942,0.6269580721855164,0.8341939185312679,1.7491290280285574,0.5992351816443595,0.5945535898208618,0.8076481835564053
mot_large-base_1d-bs.512-ep.300,mot_large_1d,0.1,42,28,0.04373333832178478,1.580856542829848,0.6253107668770319,0.6132633090019226,0.8293650793650794,1.7451429640585787,0.594263862332696,0.5868532061576843,0.8022944550669217
mot_large-base_1d-bs.512-ep.300,mot_large_1d,0.1,42,29,0.040630934270713764,1.5350945699417835,0.6440045897877223,0.6325169205665588,0.8398355326066169,1.7119140362420455,0.6038240917782027,0.6021130681037903,0.8122370936902485
mot_large-base_1d-bs.512-ep.300,mot_large_1d,0.1,42,30,0.03756550564175726,1.5153982859538742,0.6501243067508128,0.6391186714172363,0.8431344425320328,1.7049136262094997,0.5908221797323135,0.5891906023025513,0.8107074569789675
mot_large-base_1d-bs.512-ep.300,mot_large_1d,0.1,42,31,0.03454915028125265,1.488940307710567,0.6575349015108051,0.6487212181091309,0.8498278829604131,1.6727028549515266,0.6087954110898661,0.6074721217155457,0.8206500956022944
mot_large-base_1d-bs.512-ep.300,mot_large_1d,0.1,42,32,0.03159377236576612,1.4620449637381838,0.6717823675655001,0.663156270980835,0.8553738764582138,1.6645005176901588,0.6149139579349905,0.617904543876648,0.8107074569789675
mot_large-base_1d-bs.512-ep.300,mot_large_1d,0.1,42,33,0.028711035421746366,1.4368184305418288,0.6774239816408492,0.6704918146133423,0.8582424937846624,1.6179557610652187,0.6344168260038241,0.6303724050521851,0.8290630975143404
mot_large-base_1d-bs.512-ep.300,mot_large_1d,0.1,42,34,0.025912316294914226,1.4595530888026156,0.6698699560145344,0.6611731052398682,0.8540829986613119,1.62559868136054,0.6340344168260038,0.6273906230926514,0.8286806883365201
mot_large-base_1d-bs.512-ep.300,mot_large_1d,0.1,42,35,0.023208660251050155,1.432595118940116,0.6837349397590361,0.675784707069397,0.8584815452285331,1.6055664675185604,0.6512428298279158,0.6487415432929993,0.8317399617590823
mot_large-base_1d-bs.512-ep.300,mot_large_1d,0.1,42,36,0.020610737385376346,1.4024280592596856,0.6847867661120673,0.6760117411613464,0.8671830177854274,1.582867688385068,0.6367112810707457,0.6355460286140442,0.8325047801147227
mot_large-base_1d-bs.512-ep.300,mot_large_1d,0.1,42,37,0.01812880051256551,1.3960133895611393,0.6916236374067699,0.682843804359436,0.8663224325874929,1.582981367822359,0.6374760994263863,0.6356554627418518,0.8355640535372849
mot_large-base_1d-bs.512-ep.300,mot_large_1d,0.1,42,38,0.015772644703565562,1.3913623337810412,0.6924364123159303,0.6840966939926147,0.8678045515394913,1.5762179372871354,0.6351816443594647,0.635531485080719,0.8355640535372849
mot_large-base_1d-bs.512-ep.300,mot_large_1d,0.1,42,39,0.013551568628929433,1.381810186652021,0.7008032128514057,0.6944819688796997,0.8690954293363932,1.558321002792446,0.6458891013384321,0.6455004215240479,0.8390057361376673
mot_large-base_1d-bs.512-ep.300,mot_large_1d,0.1,42,40,0.011474337861210542,1.3651991187785228,0.7067316886593995,0.6979350447654724,0.8729680627270989,1.5462526573049862,0.654302103250478,0.6488946676254272,0.8390057361376673
mot_large-base_1d-bs.512-ep.300,mot_large_1d,0.1,42,41,0.009549150281252632,1.3661040161827323,0.7075922738573341,0.6991364359855652,0.8707687894434882,1.5471447304603474,0.6600382409177821,0.6561942100524902,0.8355640535372849
mot_large-base_1d-bs.512-ep.300,mot_large_1d,0.1,42,42,0.007783603724899257,1.361400507950468,0.7096003059858481,0.7017123699188232,0.8728724421495506,1.5440212971849605,0.6550669216061186,0.652341365814209,0.8390057361376673
mot_large-base_1d-bs.512-ep.300,mot_large_1d,0.1,42,43,0.0061846659978068205,1.3544052264092643,0.7110824249378467,0.7031151056289673,0.8754063874545802,1.5351903561652276,0.6577437858508605,0.6550290584564209,0.8439770554493308
mot_large-base_1d-bs.512-ep.300,mot_large_1d,0.1,42,44,0.004758647376699033,1.3483632810486506,0.7111302352266208,0.7027400135993958,0.8750239051443871,1.5328232686788585,0.6604206500956022,0.6573570370674133,0.8401529636711281
mot_large-base_1d-bs.512-ep.300,mot_large_1d,0.1,42,45,0.0035111757055874327,1.3433752619848582,0.7155765920826161,0.7082061171531677,0.8773666092943201,1.5224821510096125,0.6638623326959847,0.6587985157966614,0.8447418738049713
mot_large-base_1d-bs.512-ep.300,mot_large_1d,0.1,42,46,0.0024471741852423235,1.3423474421804826,0.7147638171734557,0.7068506479263306,0.8770797475616753,1.523544851270278,0.6634799235181644,0.65962815284729,0.8424474187380497
mot_large-base_1d-bs.512-ep.300,mot_large_1d,0.1,42,47,0.0015708419435684518,1.33902619978875,0.7165806081468732,0.7085476517677307,0.8768885064065787,1.5200038756740708,0.6634799235181644,0.6594410538673401,0.8413001912045889
mot_large-base_1d-bs.512-ep.300,mot_large_1d,0.1,42,48,0.000885637463565564,1.3377637817563734,0.7185886402753873,0.7110596299171448,0.8775578504494167,1.5180258114524827,0.664244741873805,0.6600745916366577,0.8439770554493308
mot_large-base_1d-bs.512-ep.300,mot_large_1d,0.1,42,49,0.00039426493427611173,1.3371723767424843,0.7188755020080321,0.7111785411834717,0.8775578504494167,1.5180938983282668,0.6611854684512428,0.6573775410652161,0.8432122370936902
mot_large-base_1d-bs.512-ep.300,mot_large_1d,0.1,42,50,9.866357858642205e-05,1.337086881636479,0.7188755020080321,0.7112650871276855,0.8776056607381909,1.5180269463796232,0.6619502868068834,0.6582016944885254,0.8420650095602294
mot_large-base_1d-bs.512-ep.300,mot_large_1d,0.3,42,1,0.3,587.1257804656125,0.03996940141518455,0.03463585302233696,0.06903805698986422,584.8275005975144,0.036328871892925434,0.03609088808298111,0.07036328871892926
mot_large-base_1d-bs.512-ep.300,mot_large_1d,0.3,42,2,0.29970400926424073,600.8244705944313,0.030263912794033277,0.02825033664703369,0.060240963855421686,605.062960832935,0.034034416826003826,0.030274439603090286,0.06347992351816444
mot_large-base_1d-bs.512-ep.300,mot_large_1d,0.3,42,3,0.2988172051971717,432.08131969843663,0.04441575827117996,0.043021149933338165,0.0836201950659782,428.01629720363286,0.04091778202676864,0.037384796887636185,0.08068833652007648
mot_large-base_1d-bs.512-ep.300,mot_large_1d,0.3,42,4,0.29734308760930334,237.69536023587702,0.0980110919869956,0.08423406630754471,0.18234844138458597,230.85758768522945,0.09866156787762906,0.07958198338747025,0.1965583173996176
mot_large-base_1d-bs.512-ep.300,mot_large_1d,0.3,42,5,0.2952874741692947,145.82814562081333,0.16092943201376936,0.1450609564781189,0.26788104800152995,146.91765990977532,0.1575525812619503,0.13981479406356812,0.2718929254302103
mot_large-base_1d-bs.512-ep.300,mot_large_1d,0.3,42,6,0.2926584774442731,115.37784951830668,0.17398164084911072,0.1606876701116562,0.29307707018550394,119.66745264698852,0.17437858508604206,0.1603899747133255,0.29904397705544933
mot_large-base_1d-bs.512-ep.300,mot_large_1d,0.3,42,7,0.28946647288323774,43.92690057220138,0.2849971313826736,0.269145667552948,0.46337731879900557,44.644823238453036,0.2887189292543021,0.27720925211906433,0.4604206500956023
mot_large-base_1d-bs.512-ep.300,mot_large_1d,0.3,42,8,0.28572405786990296,26.046263518400004,0.29637598011091987,0.28378623723983765,0.48187990055459934,25.65512426897855,0.29866156787762904,0.2889570891857147,0.469980879541109
mot_large-base_1d-bs.512-ep.300,mot_large_1d,0.3,42,9,0.28144600200657954,21.661237696612808,0.3493975903614458,0.3373391628265381,0.5361923886020271,22.5476800688822,0.33001912045889104,0.32308512926101685,0.5158699808795411
mot_large-base_1d-bs.512-ep.300,mot_large_1d,0.3,42,10,0.27664918882530226,26.66672321523118,0.33973991202906867,0.3324146270751953,0.5507745266781411,27.319934578014834,0.33116634799235184,0.32576805353164673,0.545697896749522
mot_large-base_1d-bs.512-ep.300,mot_large_1d,0.3,42,11,0.27135254915624213,20.675659198655204,0.39687320711417096,0.3931378126144409,0.5990629183400268,19.18843781742949,0.37820267686424475,0.37323424220085144,0.594263862332696
mot_large-base_1d-bs.512-ep.300,mot_large_1d,0.3,42,12,0.2655769864163684,15.01941978482312,0.44879518072289154,0.4380795657634735,0.6467775865366227,15.572094119711998,0.4409177820267686,0.4306868016719818,0.6294455066921606
mot_large-base_1d-bs.512-ep.300,mot_large_1d,0.3,42,13,0.2593452941132117,11.008174536583368,0.3984509466437177,0.3839130699634552,0.6166092943201377,11.250122502109972,0.3873804971319312,0.3781799376010895,0.5973231357552581
mot_large-base_1d-bs.512-ep.300,mot_large_1d,0.3,42,14,0.2526820658893033,10.667293667496903,0.35193153566647545,0.34327155351638794,0.6799579269458788,11.168116833192668,0.3407265774378585,0.32522594928741455,0.6722753346080306
mot_large-base_1d-bs.512-ep.300,mot_large_1d,0.3,42,15,0.24561359846230346,9.282833963854861,0.51592082616179,0.5119264125823975,0.7236087205966724,11.136419362638922,0.4933078393881453,0.49275168776512146,0.6963671128107075
mot_large-base_1d-bs.512-ep.300,mot_large_1d,0.3,42,16,0.23816778784387102,6.697209232554287,0.5154427232740486,0.5005618333816528,0.7442627653471027,7.297722385034507,0.5032504780114723,0.4850813150405884,0.7231357552581262
mot_large-base_1d-bs.512-ep.300,mot_large_1d,0.3,42,17,0.2303740192468495,6.180613850607975,0.5597150506789061,0.5477026104927063,0.7739051443870721,5.936105346679687,0.5208413001912046,0.5202147364616394,0.7449330783938815
mot_large-base_1d-bs.512-ep.300,mot_large_1d,0.3,42,18,0.22226305111525732,3.4584758544793477,0.5024383247274814,0.49377357959747314,0.7472748135398738,3.900004303386973,0.47571701720841303,0.4783187806606293,0.7212237093690248
mot_large-base_1d-bs.512-ep.300,mot_large_1d,0.3,42,19,0.21386689373476092,2.7144979556082403,0.5481927710843374,0.5399411916732788,0.7952763434691146,3.160767465157445,0.502868068833652,0.5027295351028442,0.7560229445506692
mot_large-base_1d-bs.512-ep.300,mot_large_1d,0.3,42,20,0.20521868290270173,2.5040052158241175,0.5863931918148786,0.5760789513587952,0.8052208835341366,2.9272892793323524,0.5518164435946463,0.5452322959899902,0.7736137667304015
mot_large-base_1d-bs.512-ep.300,mot_large_1d,0.3,42,21,0.19635254915624212,3.408294068579237,0.5786001147446931,0.5667538642883301,0.7828934786766112,3.9095696706388923,0.5349904397705545,0.5292963981628418,0.7537284894837476
mot_large-base_1d-bs.512-ep.300,mot_large_1d,0.3,42,22,0.18730348307472822,2.8532518863586787,0.5960986804360299,0.588472306728363,0.8093325683687129,3.5080548434138983,0.5606118546845125,0.5598617792129517,0.7724665391969407
mot_large-base_1d-bs.512-ep.300,mot_large_1d,0.3,42,23,0.17810719718785872,2.220913474658726,0.5951424746605469,0.5791051983833313,0.8134442532032894,2.6237899692746924,0.5590822179732313,0.5451589822769165,0.7904397705544933
mot_large-base_1d-bs.512-ep.300,mot_large_1d,0.3,42,24,0.1687999850346457,1.96587286179689,0.6388888888888888,0.6327200531959534,0.8279307707018551,2.4070491054089986,0.5923518164435947,0.5939674377441406,0.7984703632887189
mot_large-base_1d-bs.512-ep.300,mot_large_1d,0.3,42,25,0.15941857792939704,1.8024303850650696,0.6436699177663033,0.6352149844169617,0.8417001338688086,2.230741704353639,0.5946462715105163,0.5925344824790955,0.8068833652007649
mot_large-base_1d-bs.512-ep.300,mot_large_1d,0.3,42,26,0.15000000000000002,1.7449517395054548,0.6475903614457831,0.6348537802696228,0.8493019697838975,2.177318361475636,0.6049713193116635,0.5998582243919373,0.8137667304015297
mot_large-base_1d-bs.512-ep.300,mot_large_1d,0.3,42,27,0.140581422070603,1.6569702668590331,0.6645152036718301,0.6569272875785828,0.8479632816982214,2.067971364125239,0.6103250478011473,0.608931839466095,0.8179732313575526
mot_large-base_1d-bs.512-ep.300,mot_large_1d,0.3,42,28,0.13120001496535438,1.6629851423866504,0.6579651941097724,0.6491447687149048,0.8506884681583476,2.0889562719866603,0.6042065009560229,0.6022639274597168,0.8141491395793499
mot_large-base_1d-bs.512-ep.300,mot_large_1d,0.3,42,29,0.12189280281214132,1.6626604714524018,0.6544750430292599,0.645551323890686,0.8481067125645438,2.0877418649356176,0.5977055449330784,0.5958899855613708,0.8091778202676865
mot_large-base_1d-bs.512-ep.300,mot_large_1d,0.3,42,30,0.11269651692527179,1.6658114022747192,0.6534710269650029,0.647045373916626,0.8493975903614458,2.121632639080799,0.594263862332696,0.5948323607444763,0.8130019120458891
mot_large-base_1d-bs.512-ep.300,mot_large_1d,0.3,42,31,0.10364745084375795,1.4572851863502887,0.6854082998661312,0.6790513396263123,0.8655574679671065,1.8645444910111437,0.6282982791586998,0.6260944604873657,0.8336520076481836
mot_large-base_1d-bs.512-ep.300,mot_large_1d,0.3,42,32,0.09478131709729837,1.432606125315646,0.6902371390323198,0.6851184964179993,0.8686173264486517,1.8858474935673846,0.6279158699808796,0.632172167301178,0.8309751434034417
mot_large-base_1d-bs.512-ep.300,mot_large_1d,0.3,42,33,0.08613310626523911,1.343480468913414,0.702906865557468,0.6950233578681946,0.8764582138076114,1.7457328023235839,0.6424474187380497,0.6346752047538757,0.838623326959847
mot_large-base_1d-bs.512-ep.300,mot_large_1d,0.3,42,34,0.0777369488847427,1.3755398537100878,0.69497035762096,0.687737226486206,0.8732549244597437,1.7959462357296772,0.6336520076481835,0.6326857209205627,0.8340344168260039
mot_large-base_1d-bs.512-ep.300,mot_large_1d,0.3,42,35,0.06962598075315048,1.2864366561647445,0.7142379039969401,0.7080361247062683,0.8817173455727673,1.687403814195447,0.6562141491395793,0.6540897488594055,0.8432122370936902
mot_large-base_1d-bs.512-ep.300,mot_large_1d,0.3,42,36,0.06183221215612905,1.2835619250363386,0.7147160068846816,0.7104985117912292,0.8789443488238669,1.693477068986765,0.648565965583174,0.6486295461654663,0.8462715105162524
mot_large-base_1d-bs.512-ep.300,mot_large_1d,0.3,42,37,0.05438640153769654,1.2624404846675812,0.7173455727672595,0.7108356952667236,0.8844903423216677,1.6862542176109883,0.648565965583174,0.6478543877601624,0.8432122370936902
mot_large-base_1d-bs.512-ep.300,mot_large_1d,0.3,42,38,0.047317934110696694,1.2326916479248233,0.7248995983935743,0.7192807197570801,0.883295085102314,1.6486905274837924,0.6634799235181644,0.6642577648162842,0.8458891013384321
mot_large-base_1d-bs.512-ep.300,mot_large_1d,0.3,42,39,0.0406547058867883,1.1959545885451917,0.7335532606616944,0.7289077043533325,0.8864505641614076,1.5889179528785253,0.6707456978967495,0.6698608994483948,0.8531548757170172
mot_large-base_1d-bs.512-ep.300,mot_large_1d,0.3,42,40,0.03442301358363163,1.1603609702627709,0.7375693249187225,0.7312344908714294,0.8901797666857908,1.5615948066200855,0.6688336520076482,0.6654776930809021,0.8543021032504781
mot_large-base_1d-bs.512-ep.300,mot_large_1d,0.3,42,41,0.0286474508437579,1.1497559531921866,0.7423025435073628,0.7369272708892822,0.8911837827500478,1.5464476692972857,0.6711281070745698,0.6679370403289795,0.8565965583173997
mot_large-base_1d-bs.512-ep.300,mot_large_1d,0.3,42,42,0.023350811174697773,1.1577273175693146,0.7407726142665901,0.7353712320327759,0.8894148020654045,1.566612940946911,0.6726577437858509,0.6704745292663574,0.8535372848948375
mot_large-base_1d-bs.512-ep.300,mot_large_1d,0.3,42,43,0.018553997993420463,1.1289287814448363,0.7465098489194875,0.7408639788627625,0.8930005737234653,1.5386917085082308,0.675717017208413,0.6734592318534851,0.8592734225621415
mot_large-base_1d-bs.512-ep.300,mot_large_1d,0.3,42,44,0.014275942130097098,1.1227978250223036,0.7459839357429718,0.7394972443580627,0.8938611589213998,1.5358760913972873,0.6768642447418738,0.674452006816864,0.8569789674952198
mot_large-base_1d-bs.512-ep.300,mot_large_1d,0.3,42,45,0.010533527116762299,1.114377083981737,0.7484700707592273,0.7436667680740356,0.8938133486326257,1.5180244343686513,0.6741873804971319,0.6721471548080444,0.8581261950286807
mot_large-base_1d-bs.512-ep.300,mot_large_1d,0.3,42,46,0.00734152255572697,1.104352386031057,0.750334672021419,0.7448344230651855,0.8938611589213998,1.5138129910820985,0.6776290630975144,0.6765161156654358,0.8562141491395794
mot_large-base_1d-bs.512-ep.300,mot_large_1d,0.3,42,47,0.004712525830705355,1.0992251761125136,0.7547332185886403,0.7491687536239624,0.8944826926754638,1.5066195661205635,0.679923518164436,0.6761806607246399,0.858508604206501
mot_large-base_1d-bs.512-ep.300,mot_large_1d,0.3,42,48,0.0026569123906966916,1.0959359254908165,0.7536813922356091,0.7489212155342102,0.8951520367183018,1.502179704888601,0.681453154875717,0.6785526871681213,0.8592734225621415
mot_large-base_1d-bs.512-ep.300,mot_large_1d,0.3,42,49,0.001182794802828335,1.0939484714982979,0.7550678906100593,0.7502791881561279,0.8948173646968828,1.501495052067773,0.6791586998087954,0.6775678396224976,0.8577437858508604
mot_large-base_1d-bs.512-ep.300,mot_large_1d,0.3,42,50,0.0002959907357592661,1.0935058316529698,0.7560719066743163,0.7512663006782532,0.8953432778733984,1.5009872407347933,0.6791586998087954,0.6771711707115173,0.8573613766730401
mot_large-base_1d-bs.512-ep.300,mot_large_1d,0.5,42,1,0.5,1294.1366017455236,0.018311340600497227,0.01839773915708065,0.04981832090265825,1286.1594467017208,0.01988527724665392,0.01842387765645981,0.05430210325047801
mot_large-base_1d-bs.512-ep.300,mot_large_1d,0.5,42,2,0.4995066821070679,950.1153856497418,0.02199273283610633,0.016033321619033813,0.08213807611397973,934.711469287763,0.0248565965583174,0.01670769229531288,0.08680688336520076
mot_large-base_1d-bs.512-ep.300,mot_large_1d,0.5,42,3,0.4980286753286195,641.6107500827342,0.04819277108433735,0.04268456622958183,0.1284184356473513,630.715644419216,0.04780114722753346,0.04053101688623428,0.13690248565965582
mot_large-base_1d-bs.512-ep.300,mot_large_1d,0.5,42,4,0.4955718126821722,461.83452968776146,0.08711034614649073,0.0780162364244461,0.16451520367183017,453.94275215105165,0.09330783938814531,0.08056316524744034,0.16749521988527724
mot_large-base_1d-bs.512-ep.300,mot_large_1d,0.5,42,5,0.49214579028215777,271.69706479494056,0.13114362210747754,0.11805839836597443,0.27318799005545996,272.13506680957215,0.1372848948374761,0.11933688819408417,0.26577437858508607
mot_large-base_1d-bs.512-ep.300,mot_large_1d,0.5,42,6,0.4877641290737884,135.02487557010502,0.17637215528781794,0.16200971603393555,0.35929432013769363,127.91120796860062,0.1751434034416826,0.16123798489570618,0.35066921606118545
mot_large-base_1d-bs.512-ep.300,mot_large_1d,0.5,42,7,0.48244412147206284,114.9034993938972,0.23589596481162747,0.22103351354599,0.39295276343469115,120.07454644927103,0.2305927342256214,0.22194568812847137,0.37934990439770555
mot_large-base_1d-bs.512-ep.300,mot_large_1d,0.5,42,8,0.4762067631165049,76.731468911243,0.31200994454006503,0.3089018762111664,0.458883151654236,84.75764463581501,0.2956022944550669,0.301675021648407,0.44550669216061184
mot_large-base_1d-bs.512-ep.300,mot_large_1d,0.5,42,9,0.46907667001096587,40.191885349421774,0.3551826353031172,0.3483743369579315,0.5661216293746414,45.50633966216166,0.33575525812619506,0.34131142497062683,0.5445506692160612
mot_large-base_1d-bs.512-ep.300,mot_large_1d,0.5,42,10,0.46108198137550377,77.80922237183948,0.3525530694205393,0.3495773375034332,0.5353796136928667,80.1755252524498,0.33460803059273425,0.33687132596969604,0.5288718929254302
mot_large-base_1d-bs.512-ep.300,mot_large_1d,0.5,42,11,0.45225424859373686,56.58067910943439,0.3074201568177472,0.3077504634857178,0.4673455727672595,55.868596840269475,0.3173996175908222,0.3083639442920685,0.47189292543021033
mot_large-base_1d-bs.512-ep.300,mot_large_1d,0.5,42,12,0.4426283106939473,38.32870011248491,0.3465767833237713,0.33159786462783813,0.5380091795754446,40.43416843742531,0.33690248565965586,0.32672497630119324,0.5361376673040152
mot_large-base_1d-bs.512-ep.300,mot_large_1d,0.5,42,13,0.4322421568553529,22.024878142417606,0.4366513673742589,0.4230448007583618,0.6532319755211321,24.20833483489932,0.41835564053537283,0.40955838561058044,0.6489483747609943
mot_large-base_1d-bs.512-ep.300,mot_large_1d,0.5,42,14,0.4211367764821722,17.04018265386229,0.4820233314209218,0.47033581137657166,0.6821093899407152,18.09110263219071,0.4458891013384321,0.4436682462692261,0.6550669216061186
mot_large-base_1d-bs.512-ep.300,mot_large_1d,0.5,42,15,0.40935599743717244,17.321180095953476,0.4724134633773188,0.4691510498523712,0.6832568368712947,17.54886598313516,0.4581261950286807,0.4565870761871338,0.675717017208413
mot_large-base_1d-bs.512-ep.300,mot_large_1d,0.5,42,16,0.39694631307311834,12.614850713773995,0.4985656913367757,0.48281264305114746,0.7144291451520367,12.336425932962625,0.48336520076481837,0.46788349747657776,0.6998087954110899
mot_large-base_1d-bs.512-ep.300,mot_large_1d,0.5,42,17,0.38395669874474914,9.067552106561477,0.5026295658825779,0.48995208740234375,0.7286288009179576,9.860528307708682,0.49292543021032503,0.48265892267227173,0.7131931166347992
mot_large-base_1d-bs.512-ep.300,mot_large_1d,0.5,42,18,0.3704384185254288,10.508216563181204,0.5275387263339071,0.5221335887908936,0.7417766303308472,11.445812999951452,0.49980879541108986,0.5049324631690979,0.7112810707456979
mot_large-base_1d-bs.512-ep.300,mot_large_1d,0.5,42,19,0.35644482289126816,5.14032130151115,0.5610537387645821,0.554740846157074,0.7711799579269458,5.972325656518882,0.5239005736137667,0.525907576084137,0.7518164435946463
mot_large-base_1d-bs.512-ep.300,mot_large_1d,0.5,42,20,0.34203113817116954,4.355324698306106,0.5488143048384012,0.535458505153656,0.7895869191049913,5.065921849092152,0.5208413001912046,0.5090073943138123,0.7602294455066921
mot_large-base_1d-bs.512-ep.300,mot_large_1d,0.5,42,21,0.32725424859373686,5.018115337092417,0.5494836488812392,0.5422665476799011,0.7670204628035954,5.856624391749074,0.5097514340344168,0.5110542178153992,0.7369024856596559
mot_large-base_1d-bs.512-ep.300,mot_large_1d,0.5,42,22,0.31217247179121366,8.130287885346725,0.5773092369477911,0.5719197988510132,0.7864314400458978,9.646519767804994,0.5418738049713193,0.5408118963241577,0.7594646271510517
mot_large-base_1d-bs.512-ep.300,mot_large_1d,0.5,42,23,0.2968453286464312,3.564510648942263,0.5852457448842991,0.574455738067627,0.8053165041116849,4.234836626508724,0.5541108986615679,0.5473723411560059,0.7816443594646272
mot_large-base_1d-bs.512-ep.300,mot_large_1d,0.5,42,24,0.2813333083910761,3.70787403619547,0.6122585580416906,0.6074868440628052,0.8066073819085867,4.587003520433123,0.5648183556405354,0.5699328780174255,0.7739961759082218
mot_large-base_1d-bs.512-ep.300,mot_large_1d,0.5,42,25,0.26569762988232837,2.9703133401234214,0.6153662268120099,0.6062106490135193,0.8373015873015873,3.6903729178025664,0.5663479923518164,0.5656376481056213,0.8
mot_large-base_1d-bs.512-ep.300,mot_large_1d,0.5,42,26,0.25,3.0460201583690134,0.6232549244597437,0.6138375401496887,0.8278829604130808,3.7299790420678103,0.5831739961759083,0.5797871947288513,0.7965583173996176
mot_large-base_1d-bs.512-ep.300,mot_large_1d,0.5,42,27,0.23430237011767166,2.759202001837568,0.6466819659590743,0.6394457221031189,0.8317077835150124,3.438795999268045,0.5980879541108987,0.5969581007957458,0.8022944550669217
mot_large-base_1d-bs.512-ep.300,mot_large_1d,0.5,42,28,0.21866669160892396,2.5879710641183595,0.6396060432205011,0.6309549808502197,0.8439950277299675,3.294382198180569,0.5877629063097515,0.5844559073448181,0.805736137667304
mot_large-base_1d-bs.512-ep.300,mot_large_1d,0.5,42,29,0.20315467135356885,2.4924408180760618,0.6480684643335246,0.6403375864028931,0.8449034232166762,3.21885170581008,0.5904397705544933,0.5923593044281006,0.8022944550669217
mot_large-base_1d-bs.512-ep.300,mot_large_1d,0.5,42,30,0.1878275282087863,2.5466160543518006,0.6457735704723656,0.6390275955200195,0.8441862688850641,3.2856399215202257,0.5889101338432122,0.5907951593399048,0.8061185468451243
mot_large-base_1d-bs.512-ep.300,mot_large_1d,0.5,42,31,0.17274575140626322,2.2523918195627095,0.667766303308472,0.6621317863464355,0.8593421304264678,2.9276292789962506,0.6038240917782027,0.6052793264389038,0.8237093690248566
mot_large-base_1d-bs.512-ep.300,mot_large_1d,0.5,42,32,0.15796886182883058,2.1196742179084174,0.6791929623254924,0.6740533709526062,0.8644100210365271,2.8289808342607254,0.6217973231357553,0.6251140832901001,0.8267686424474188
mot_large-base_1d-bs.512-ep.300,mot_large_1d,0.5,42,33,0.14355517710873184,1.9156558349953712,0.6977433543698603,0.69048011302948,0.8731593038821954,2.5783913490193298,0.6359464627151051,0.6308839917182922,0.8367112810707457
mot_large-base_1d-bs.512-ep.300,mot_large_1d,0.5,42,34,0.12956158147457114,1.9555529194822912,0.6885159686364506,0.6828675270080566,0.8713903231975522,2.64936577120429,0.6267686424474187,0.6281688809394836,0.8298279158699808
mot_large-base_1d-bs.512-ep.300,mot_large_1d,0.5,42,35,0.11604330125525078,1.859899678087116,0.7009944540065022,0.6939037442207336,0.8753107668770319,2.4923324088977354,0.6481835564053537,0.6460159420967102,0.8390057361376673
mot_large-base_1d-bs.512-ep.300,mot_large_1d,0.5,42,36,0.10305368692688174,1.8037259672175494,0.7079269458787532,0.7035852074623108,0.877318799005546,2.47332590952886,0.6500956022944551,0.6501133441925049,0.8416826003824092
mot_large-base_1d-bs.512-ep.300,mot_large_1d,0.5,42,37,0.09064400256282756,1.7579940245834995,0.7127557850449416,0.7069241404533386,0.8824823101931536,2.4590768671856327,0.6493307839388145,0.6503010392189026,0.8432122370936902
mot_large-base_1d-bs.512-ep.300,mot_large_1d,0.5,42,38,0.07886322351782782,1.6958106459156006,0.7179671065213233,0.713030219078064,0.8816695352839932,2.3750656886492814,0.6550669216061186,0.6559518575668335,0.8474187380497132
mot_large-base_1d-bs.512-ep.300,mot_large_1d,0.5,42,39,0.06775784314464717,1.6303877495834809,0.7261426659017021,0.7213174700737,0.8853987378083764,2.2660215038642373,0.6646271510516253,0.6645812392234802,0.8493307839388146
mot_large-base_1d-bs.512-ep.300,mot_large_1d,0.5,42,40,0.057371689306052714,1.5791834592135283,0.7317364696882769,0.7256889343261719,0.8886976477337923,2.2376962519512578,0.6684512428298279,0.6658816337585449,0.8489483747609943
mot_large-base_1d-bs.512-ep.300,mot_large_1d,0.5,42,41,0.047745751406263165,1.5383132661727172,0.7377127557850449,0.7327251434326172,0.8908969210174029,2.182430227947053,0.6646271510516253,0.6625775098800659,0.8554493307839388
mot_large-base_1d-bs.512-ep.300,mot_large_1d,0.5,42,42,0.03891801862449629,1.5344749796479444,0.7377127557850449,0.732860267162323,0.8913750239051443,2.197412794999365,0.6692160611854685,0.6680545806884766,0.8520076481835565
mot_large-base_1d-bs.512-ep.300,mot_large_1d,0.5,42,43,0.030923329989034104,1.4956287632801948,0.7431631287052973,0.7372646331787109,0.8926659017020463,2.1662007144030833,0.6722753346080306,0.6694599986076355,0.8546845124282982
mot_large-base_1d-bs.512-ep.300,mot_large_1d,0.5,42,44,0.02379323688349516,1.4850834824428387,0.7434978007267163,0.7372355461120605,0.8933830560336584,2.157114651098306,0.6715105162523901,0.6690289974212646,0.8546845124282982
mot_large-base_1d-bs.512-ep.300,mot_large_1d,0.5,42,45,0.017555878527937163,1.4724728213507396,0.7455536431440046,0.7408491373062134,0.8931918148785619,2.1357499131736972,0.6741873804971319,0.6734076142311096,0.8527724665391969
mot_large-base_1d-bs.512-ep.300,mot_large_1d,0.5,42,46,0.012235870926211617,1.4488865773384647,0.748661311914324,0.7434768676757812,0.8938133486326257,2.115722697095707,0.6795411089866157,0.679470419883728,0.8546845124282982
mot_large-base_1d-bs.512-ep.300,mot_large_1d,0.5,42,47,0.007854209717842259,1.4388443145635228,0.7509083954867087,0.7454788684844971,0.8941002103652707,2.1072693863060916,0.675717017208413,0.6744568347930908,0.8543021032504781
mot_large-base_1d-bs.512-ep.300,mot_large_1d,0.5,42,48,0.00442818731782782,1.432942234870238,0.7520558424172882,0.7475540041923523,0.8952476572958501,2.09895180288282,0.6753346080305928,0.6744066476821899,0.8565965583173997
mot_large-base_1d-bs.512-ep.300,mot_large_1d,0.5,42,49,0.0019713246713805588,1.4289677777329557,0.7528208070376745,0.7480466365814209,0.8943392618091414,2.0959533399651202,0.6780114722753346,0.6769611239433289,0.8569789674952198
mot_large-base_1d-bs.512-ep.300,mot_large_1d,0.5,42,50,0.0004933178929321103,1.4281395397671415,0.7525339453050296,0.7478700876235962,0.8948173646968828,2.0950787779477995,0.6780114722753346,0.6770679950714111,0.8581261950286807
mot_large-base_1d-bs.512-ep.300,mot_large_1d,0.7,42,1,0.7,1991.2182076520367,0.008797093134442532,0.009999999776482582,0.043698603939567794,1951.8744622370937,0.008795411089866157,0.009999999776482582,0.0497131931166348
mot_large-base_1d-bs.512-ep.300,mot_large_1d,0.7,42,2,0.699309354949895,1284.1194274750603,0.03275004781028877,0.025806361809372902,0.07018550392044368,1286.8585250358508,0.03135755258126195,0.025038648396730423,0.07304015296367113
mot_large-base_1d-bs.512-ep.300,mot_large_1d,0.7,42,3,0.6972401454600672,933.7753952764649,0.08194683495888315,0.06377897411584854,0.11417096959265634,946.7166840941683,0.07304015296367113,0.06151070073246956,0.10478011472275335
mot_large-base_1d-bs.512-ep.300,mot_large_1d,0.7,42,4,0.6938005377550409,627.3771046331905,0.08017785427423982,0.07068033516407013,0.15667431631287054,609.1629205007171,0.08489483747609942,0.07493305206298828,0.16061185468451242
mot_large-base_1d-bs.512-ep.300,mot_large_1d,0.7,42,5,0.6890041063950206,308.12018659179125,0.11507936507936507,0.10320129245519638,0.23675655000956206,310.41380370160135,0.11625239005736138,0.10178415477275848,0.2367112810707457
mot_large-base_1d-bs.512-ep.300,mot_large_1d,0.7,42,6,0.6828697807033035,228.03098001952472,0.20367183017785429,0.18760927021503448,0.3318034040925607,228.22833884478072,0.20382409177820268,0.18820948898792267,0.32581261950286805
mot_large-base_1d-bs.512-ep.300,mot_large_1d,0.7,42,7,0.6754217700608878,163.31812292650886,0.24483648881239242,0.23942962288856506,0.38506406578695734,163.14752666407745,0.23479923518164436,0.23453618586063385,0.37361376673040153
mot_large-base_1d-bs.512-ep.300,mot_large_1d,0.7,42,8,0.6666894683631067,99.48428241425523,0.3097150506789061,0.30360153317451477,0.45558424172882006,101.50278591061185,0.30554493307839387,0.2992500066757202,0.45047801147227534
mot_large-base_1d-bs.512-ep.300,mot_large_1d,0.7,42,9,0.6567073380153521,118.11395284098634,0.24153757888697647,0.23187223076820374,0.46208644100210367,131.2718351345901,0.2390057361376673,0.22868481278419495,0.45009560229445505
mot_large-base_1d-bs.512-ep.300,mot_large_1d,0.7,42,10,0.6455147739257051,58.129075453600116,0.3449034232166762,0.32721537351608276,0.5481449607955632,60.595654950406306,0.33001912045889104,0.32086890935897827,0.5338432122370937
mot_large-base_1d-bs.512-ep.300,mot_large_1d,0.7,42,11,0.6331559480312314,40.51947704029941,0.40127175368139223,0.3860645592212677,0.5862497609485561,38.49805332862169,0.40764818355640536,0.3917507231235504,0.584321223709369
mot_large-base_1d-bs.512-ep.300,mot_large_1d,0.7,42,12,0.619679634971526,30.30331635671219,0.42489003633581945,0.4131040871143341,0.6234939759036144,31.130476032206023,0.4084130019120459,0.40673545002937317,0.6030592734225622
mot_large-base_1d-bs.512-ep.300,mot_large_1d,0.7,42,13,0.6051390195974938,32.461933715960384,0.3958213807611398,0.3943244218826294,0.6018837253777013,33.62784853291557,0.38049713193116635,0.3821053206920624,0.5992351816443595
mot_large-base_1d-bs.512-ep.300,mot_large_1d,0.7,42,14,0.5895914870750408,27.439553456863635,0.4345477146681966,0.42771145701408386,0.6427137119908204,30.397930546426863,0.4118546845124283,0.4079580307006836,0.6263862332695985
mot_large-base_1d-bs.512-ep.300,mot_large_1d,0.7,42,15,0.5730983964120412,22.98071468672075,0.35288774144195834,0.34137552976608276,0.6891375023905144,25.030821983672922,0.3254302103250478,0.3187640607357025,0.6703632887189293
mot_large-base_1d-bs.512-ep.300,mot_large_1d,0.7,42,16,0.5557248383023655,25.48965255670188,0.4164754255115701,0.4082787334918976,0.6713042646777586,28.394825012323732,0.39923518164435945,0.39791062474250793,0.6478011472275335
mot_large-base_1d-bs.512-ep.300,mot_large_1d,0.7,42,17,0.5375393782426486,23.01990346348657,0.48254924459743737,0.4730096459388733,0.7016159877605661,27.99633039835534,0.4646271510516252,0.45659422874450684,0.6787762906309751
mot_large-base_1d-bs.512-ep.300,mot_large_1d,0.7,42,18,0.5186137859356001,15.578612895330158,0.48890801300439857,0.4868874251842499,0.709552495697074,16.949884371638984,0.4646271510516252,0.46787238121032715,0.6936902485659656
mot_large-base_1d-bs.512-ep.300,mot_large_1d,0.7,42,19,0.49902275204777524,11.020161004795083,0.520893096194301,0.5067707300186157,0.7428284566838784,11.927478540832636,0.4852772466539197,0.48232346773147583,0.7208413001912046
mot_large-base_1d-bs.512-ep.300,mot_large_1d,0.7,42,20,0.47884359343963717,7.1346795386122706,0.5453719640466629,0.5344960689544678,0.7726620768789444,8.147218314001254,0.5070745697896749,0.503619909286499,0.7418738049713193
mot_large-base_1d-bs.512-ep.300,mot_large_1d,0.7,42,21,0.45815594803123144,7.16235075509441,0.5621533754063874,0.5522398948669434,0.7689328743545611,8.25171332569013,0.5181644359464627,0.5242758393287659,0.7403441682600382
mot_large-base_1d-bs.512-ep.300,mot_large_1d,0.7,42,22,0.437041460507699,5.633016142386464,0.5943775100401606,0.5877405405044556,0.7949894817364697,6.628713172343676,0.5518164435946463,0.5543099045753479,0.7621414913957935
mot_large-base_1d-bs.512-ep.300,mot_large_1d,0.7,42,23,0.4155834601050035,5.900197799312018,0.5736756550009562,0.5578162670135498,0.7880569898642188,6.841361786530533,0.5426386233269599,0.5271503329277039,0.7648183556405354
mot_large-base_1d-bs.512-ep.300,mot_large_1d,0.7,42,24,0.3938666317475064,5.543556345423314,0.582568368712947,0.5748353600502014,0.801396060432205,6.54771746312683,0.5376673040152964,0.5400211215019226,0.7678776290630975
mot_large-base_1d-bs.512-ep.300,mot_large_1d,0.7,42,25,0.37197668183525956,4.421294017010425,0.6152227959456875,0.6054341197013855,0.8281698221457258,5.391442188386935,0.5732313575525813,0.5662787556648254,0.7919694072657744
mot_large-base_1d-bs.512-ep.300,mot_large_1d,0.7,42,26,0.34999999999999987,4.438766492623675,0.6037483266398929,0.5945906639099121,0.8171734557276726,5.3005547897309695,0.5717017208413002,0.5666183233261108,0.7961759082217973
mot_large-base_1d-bs.512-ep.300,mot_large_1d,0.7,42,27,0.3280233181647402,3.810736239811366,0.6375502008032129,0.6277006268501282,0.8381621724995219,4.792358824399871,0.5889101338432122,0.5844316482543945,0.8099426386233269
mot_large-base_1d-bs.512-ep.300,mot_large_1d,0.7,42,28,0.3061333682524934,3.8342934953343413,0.6249282845668388,0.6155863404273987,0.835532606616944,4.840556933547069,0.5705544933078394,0.5678489208221436,0.7954110898661568
mot_large-base_1d-bs.512-ep.300,mot_large_1d,0.7,42,29,0.28441653989499627,3.6903426643994597,0.6369764773379232,0.6305176019668579,0.8313253012048193,4.679382826037434,0.5850860420650096,0.5867939591407776,0.7919694072657744
mot_large-base_1d-bs.512-ep.300,mot_large_1d,0.7,42,30,0.2629585394923007,3.6312619397325165,0.6380283036909543,0.630690336227417,0.835532606616944,4.721203729983269,0.5896749521988528,0.593307614326477,0.7965583173996176
mot_large-base_1d-bs.512-ep.300,mot_large_1d,0.7,42,31,0.2418440519687684,3.1941391300530433,0.6600688468158348,0.6531554460525513,0.8549435838592465,4.172817963988558,0.6042065009560229,0.6045133471488953,0.8187380497131931
mot_large-base_1d-bs.512-ep.300,mot_large_1d,0.7,42,32,0.2211564065603627,2.942021741081,0.6710174029451138,0.6652748584747314,0.8608720596672403,3.974424221410806,0.613001912045889,0.6170817017555237,0.8202676864244742
mot_large-base_1d-bs.512-ep.300,mot_large_1d,0.7,42,33,0.20097724795222446,2.6795081260624247,0.6842608529355517,0.6773457527160645,0.8706253585771658,3.644315835577124,0.6240917782026769,0.6175298690795898,0.8347992351816443
mot_large-base_1d-bs.512-ep.300,mot_large_1d,0.7,42,34,0.1813862140643995,2.633004836904818,0.6894721744119334,0.6842630505561829,0.8696213425129088,3.598672631229087,0.6267686424474187,0.6270757913589478,0.8325047801147227
mot_large-base_1d-bs.512-ep.300,mot_large_1d,0.7,42,35,0.16246062175735101,2.5544047732270228,0.698269267546376,0.6905880570411682,0.8724421495505833,3.4739403339918438,0.6455066921606119,0.642792820930481,0.8409177820267686
mot_large-base_1d-bs.512-ep.300,mot_large_1d,0.7,42,36,0.14427516169763435,2.475354958273617,0.7013291260279212,0.6958966255187988,0.8747848537005164,3.451579631856477,0.6481835564053537,0.6468483805656433,0.837093690248566
mot_large-base_1d-bs.512-ep.300,mot_large_1d,0.7,42,37,0.12690160358795852,2.381534900326053,0.7106521323388794,0.7051715850830078,0.881956397016638,3.4050379153191472,0.638623326959847,0.6385734677314758,0.8424474187380497
mot_large-base_1d-bs.512-ep.300,mot_large_1d,0.7,42,38,0.11040851292495889,2.2263655882306663,0.7196882769171926,0.7143036127090454,0.881956397016638,3.2021592966229235,0.6573613766730402,0.6589596271514893,0.8455066921606118
mot_large-base_1d-bs.512-ep.300,mot_large_1d,0.7,42,39,0.09486098040250598,2.1746382108722275,0.7226525148211895,0.7180769443511963,0.8849684452094091,3.0706703842484018,0.665774378585086,0.6632006764411926,0.8466539196940727
mot_large-base_1d-bs.512-ep.300,mot_large_1d,0.7,42,40,0.08032036502847376,2.100871930365855,0.7276247848537005,0.7213680744171143,0.8871199082042456,3.03620891388698,0.6630975143403441,0.659349262714386,0.8458891013384321
mot_large-base_1d-bs.512-ep.300,mot_large_1d,0.7,42,41,0.06684405196876839,2.038454354527485,0.7351310001912411,0.7299968004226685,0.8906100592847581,2.949567537325974,0.6695984703632887,0.6669463515281677,0.8527724665391969
mot_large-base_1d-bs.512-ep.300,mot_large_1d,0.7,42,42,0.05448522607429477,2.024227566189236,0.7388602027156244,0.733936607837677,0.8904666284184356,2.9568209996414914,0.665774378585086,0.6623053550720215,0.8554493307839388
mot_large-base_1d-bs.512-ep.300,mot_large_1d,0.7,42,43,0.04329266198464772,1.971261425532627,0.7426372155287818,0.7366695404052734,0.8923312296806273,2.925230999977593,0.6722753346080306,0.6688976883888245,0.8543021032504781
mot_large-base_1d-bs.512-ep.300,mot_large_1d,0.7,42,44,0.03331053163689321,1.9463305098533084,0.7422069229298145,0.7361828088760376,0.8935264868999808,2.8991308733792422,0.6711281070745698,0.6691989302635193,0.8531548757170172
mot_large-base_1d-bs.512-ep.300,mot_large_1d,0.7,42,45,0.024578229939112014,1.927043896556744,0.7444540065021993,0.739499568939209,0.8927615222795946,2.8733237738819013,0.6730401529636711,0.6714843511581421,0.8546845124282982
mot_large-base_1d-bs.512-ep.300,mot_large_1d,0.7,42,46,0.017130219296696253,1.890140149716005,0.7487091222030982,0.7433785200119019,0.893239625167336,2.8395752186529037,0.6760994263862332,0.6752054691314697,0.8543021032504781
mot_large-base_1d-bs.512-ep.300,mot_large_1d,0.7,42,47,0.010995893604979155,1.875791021140225,0.7512908777969018,0.7460958957672119,0.8944348823866897,2.8285825886188456,0.675717017208413,0.6743174195289612,0.8535372848948375
mot_large-base_1d-bs.512-ep.300,mot_large_1d,0.7,42,48,0.006199462244958943,1.8662643666065863,0.751338688085676,0.7469286918640137,0.8947217441193345,2.81532214658894,0.6753346080305928,0.6733860969543457,0.8527724665391969
mot_large-base_1d-bs.512-ep.300,mot_large_1d,0.7,42,49,0.0027598545399327803,1.8607853743377527,0.7523905144387072,0.74773108959198,0.8949607955632052,2.809775993974441,0.6749521988527725,0.6742619872093201,0.8546845124282982
mot_large-base_1d-bs.512-ep.300,mot_large_1d,0.7,42,50,0.0006906450501049539,1.8594585819211555,0.7526295658825779,0.7480102777481079,0.8952954675846242,2.808799828261308,0.675717017208413,0.6746439933776855,0.8531548757170172
mot_large-base_1d-bs.512-ep.300,mot_large_1d,1.0,42,1,1.0,2839.8137792987427,0.013578122011856951,0.014974619261920452,0.04522853318034041,2851.3758843212236,0.012237093690248566,0.016249999403953552,0.04244741873804971
mot_large-base_1d-bs.512-ep.300,mot_large_1d,1.0,42,2,0.9990133642141358,1756.3019935956625,0.02108433734939759,0.019057897850871086,0.05636833046471601,1755.3913987810708,0.021032504780114723,0.0184682197868824,0.06080305927342256
mot_large-base_1d-bs.512-ep.300,mot_large_1d,1.0,42,3,0.996057350657239,1332.2714389458877,0.06798623063683305,0.058396369218826294,0.1339166188563779,1322.537541826004,0.060420650095602296,0.05500742420554161,0.12963671128107074
mot_large-base_1d-bs.512-ep.300,mot_large_1d,1.0,42,4,0.9911436253643444,797.6352363975993,0.0927041499330656,0.08051078021526337,0.15896921017402946,801.254938456023,0.0910133843212237,0.0802503377199173,0.15525812619502868
mot_large-base_1d-bs.512-ep.300,mot_large_1d,1.0,42,5,0.9842915805643155,463.1436554381122,0.14792503346720215,0.13105304539203644,0.26066169439663417,477.07829939949806,0.1491395793499044,0.12774471938610077,0.26118546845124285
mot_large-base_1d-bs.512-ep.300,mot_large_1d,1.0,42,6,0.9755282581475768,286.4207897729777,0.15457066360680818,0.14348648488521576,0.32534901510805125,278.46569506789257,0.15411089866156788,0.14348480105400085,0.3277246653919694
mot_large-base_1d-bs.512-ep.300,mot_large_1d,1.0,42,7,0.9648882429441257,206.76159016063323,0.25157773952954676,0.24901089072227478,0.38755020080321284,203.33585076705904,0.25468451242829826,0.2504328787326813,0.3858508604206501
mot_large-base_1d-bs.512-ep.300,mot_large_1d,1.0,42,8,0.9524135262330098,128.1685630753109,0.24206349206349206,0.231612890958786,0.4156148403136355,136.57950675191205,0.23862332695984703,0.23940616846084595,0.40038240917782025
mot_large-base_1d-bs.512-ep.300,mot_large_1d,1.0,42,9,0.9381533400219317,147.12646018644892,0.2973799961751769,0.2860128581523895,0.4833142092178237,147.1554907833413,0.28565965583173997,0.287251353263855,0.45736137667304017
mot_large-base_1d-bs.512-ep.300,mot_large_1d,1.0,42,10,0.9221639627510075,103.74343458574346,0.3734461656148403,0.36504268646240234,0.5426467775865367,102.94210454820447,0.37437858508604205,0.36185356974601746,0.539961759082218
mot_large-base_1d-bs.512-ep.300,mot_large_1d,1.0,42,11,0.9045084971874737,93.58038005000844,0.3805698986421878,0.36979997158050537,0.5544559189137502,99.22325997288779,0.36022944550669217,0.3515303134918213,0.5460803059273422
mot_large-base_1d-bs.512-ep.300,mot_large_1d,1.0,42,12,0.8852566213878946,53.18337850448483,0.4059093516924842,0.3963088095188141,0.5949512335054504,56.50790212715105,0.3896749521988528,0.38414913415908813,0.5923518164435947
mot_large-base_1d-bs.512-ep.300,mot_large_1d,1.0,42,13,0.8644843137107058,60.428233044716066,0.3593421304264678,0.34987762570381165,0.6219640466628419,60.09208643605103,0.34722753346080304,0.33894556760787964,0.6026768642447419
mot_large-base_1d-bs.512-ep.300,mot_large_1d,1.0,42,14,0.8422735529643444,46.31233772107122,0.37641040351883726,0.3655746579170227,0.6085771658060815,48.11311529972813,0.35258126195028683,0.35147392749786377,0.5797323135755258
mot_large-base_1d-bs.512-ep.300,mot_large_1d,1.0,42,15,0.8187119948743449,44.64903606240438,0.4629948364888124,0.44994738698005676,0.658156435264869,46.430186424474186,0.4405353728489484,0.428638219833374,0.64282982791587
mot_large-base_1d-bs.512-ep.300,mot_large_1d,1.0,42,16,0.7938926261462367,26.68220484710419,0.44932109389940716,0.4401693344116211,0.6703002486135016,30.579164371526947,0.4378585086042065,0.4284478425979614,0.6435946462715105
mot_large-base_1d-bs.512-ep.300,mot_large_1d,1.0,42,17,0.7679133974894983,18.937529598373963,0.5088449034232166,0.49359938502311707,0.7235131000191242,22.64718654771152,0.47877629063097515,0.47477591037750244,0.7089866156787763
mot_large-base_1d-bs.512-ep.300,mot_large_1d,1.0,42,18,0.7408768370508576,21.051780632108045,0.46672403901319565,0.45911410450935364,0.7223178427997705,23.0910227671636,0.4405353728489484,0.44475075602531433,0.6875717017208413
mot_large-base_1d-bs.512-ep.300,mot_large_1d,1.0,42,19,0.7128896457825363,22.58652870001677,0.438994071524192,0.4286770224571228,0.6592082616179001,24.45364651798518,0.4168260038240918,0.41116297245025635,0.6359464627151051
mot_large-base_1d-bs.512-ep.300,mot_large_1d,1.0,42,20,0.6840622763423391,13.608404442237655,0.5206062344616561,0.5121605396270752,0.7586058519793459,15.840125246941474,0.47992351816443596,0.48047110438346863,0.7326959847036328
mot_large-base_1d-bs.512-ep.300,mot_large_1d,1.0,42,21,0.6545084971874737,9.001351020011967,0.5645438898450946,0.5518299341201782,0.780837636259323,10.36976056946851,0.5216061185468451,0.5192955136299133,0.7525812619502869
mot_large-base_1d-bs.512-ep.300,mot_large_1d,1.0,42,22,0.6243449435824273,9.942637321164307,0.5783132530120482,0.570242702960968,0.7906387454580226,12.231578096057898,0.539961759082218,0.542009711265564,0.7483747609942638
mot_large-base_1d-bs.512-ep.300,mot_large_1d,1.0,42,23,0.5936906572928624,7.923581247189278,0.5752055842417289,0.5643395781517029,0.7922642952763435,9.417858023123806,0.5426386233269599,0.5388738512992859,0.7663479923518165
mot_large-base_1d-bs.512-ep.300,mot_large_1d,1.0,42,24,0.5626666167821522,7.67168566145161,0.6078122011856951,0.6006839871406555,0.8021132147638171,9.012786223373267,0.5648183556405354,0.5624381303787231,0.7713193116634799
mot_large-base_1d-bs.512-ep.300,mot_large_1d,1.0,42,25,0.5313952597646567,7.072319185421466,0.6075731497418244,0.5974636673927307,0.8024478867852362,8.619940547323136,0.572848948374761,0.5673863291740417,0.7697896749521989
mot_large-base_1d-bs.512-ep.300,mot_large_1d,1.0,42,26,0.5,6.178805189484687,0.612401988908013,0.6032940149307251,0.8230063109581182,7.6090433095198975,0.5690248565965583,0.5668165683746338,0.7961759082217973
mot_large-base_1d-bs.512-ep.300,mot_large_1d,1.0,42,27,0.4686047402353433,5.360024191585912,0.6358290304073436,0.6273584961891174,0.8319468349588831,6.662044418655891,0.5854684512428299,0.5801088809967041,0.8034416826003824
mot_large-base_1d-bs.512-ep.300,mot_large_1d,1.0,42,28,0.4373333832178479,5.914359316859607,0.6157487091222031,0.6030009388923645,0.8236278447121821,7.43950778822598,0.5720841300191205,0.5672628283500671,0.7866156787762907
mot_large-base_1d-bs.512-ep.300,mot_large_1d,1.0,42,29,0.4063093427071377,4.9908928388754985,0.6441480206540448,0.6378846168518066,0.8370147255689424,6.545353100632618,0.5973231357552581,0.6028618812561035,0.7938814531548757
mot_large-base_1d-bs.512-ep.300,mot_large_1d,1.0,42,30,0.3756550564175726,5.206213387368765,0.6436699177663033,0.6367658376693726,0.832903040734366,6.852425219679882,0.5950286806883365,0.5983315110206604,0.7915869980879541
mot_large-base_1d-bs.512-ep.300,mot_large_1d,1.0,42,31,0.34549150281252644,4.398912121584366,0.6636546184738956,0.6575549840927124,0.8560432205010519,5.794614108433915,0.6076481835564054,0.6075863242149353,0.8183556405353728
mot_large-base_1d-bs.512-ep.300,mot_large_1d,1.0,42,32,0.31593772365766115,4.146646300837651,0.6776630330847199,0.6724059581756592,0.8613501625549819,5.613545673436006,0.6225621414913958,0.6271331310272217,0.8237093690248566
mot_large-base_1d-bs.512-ep.300,mot_large_1d,1.0,42,33,0.28711035421746367,3.7347448235557557,0.6870816599732262,0.6809702515602112,0.8676611206731689,5.118356574151529,0.6363288718929254,0.6319953203201294,0.834416826003824
mot_large-base_1d-bs.512-ep.300,mot_large_1d,1.0,42,34,0.2591231629491423,3.7832811654332175,0.6810097532989099,0.6744970679283142,0.8686651367374258,5.203713551625239,0.6233269598470363,0.6228370070457458,0.831357552581262
mot_large-base_1d-bs.512-ep.300,mot_large_1d,1.0,42,35,0.23208660251050156,3.6289745162289786,0.6928667049148977,0.6847808957099915,0.8721074775291643,4.905864457372954,0.6447418738049713,0.6404798030853271,0.8382409177820268
mot_large-base_1d-bs.512-ep.300,mot_large_1d,1.0,42,36,0.2061073738537635,3.5000694655715496,0.7004685408299867,0.6955071091651917,0.8726333907056799,4.925327279143762,0.6424474187380497,0.6426383852958679,0.8355640535372849
mot_large-base_1d-bs.512-ep.300,mot_large_1d,1.0,42,37,0.18128800512565513,3.428341624613222,0.7012335054503729,0.6954553127288818,0.8788965385350928,4.8958073282333,0.6336520076481835,0.633647620677948,0.837093690248566
mot_large-base_1d-bs.512-ep.300,mot_large_1d,1.0,42,38,0.15772644703565564,3.1329509153674313,0.7168674698795181,0.7118293642997742,0.8810958118187033,4.526966125604983,0.6592734225621415,0.6610981822013855,0.8458891013384321
mot_large-base_1d-bs.512-ep.300,mot_large_1d,1.0,42,39,0.13551568628929433,3.0582320971478922,0.7203576209600306,0.7158218622207642,0.8837731879900554,4.384694728523094,0.6634799235181644,0.6633290648460388,0.8447418738049713
mot_large-base_1d-bs.512-ep.300,mot_large_1d,1.0,42,40,0.11474337861210543,2.963753805855397,0.7246127366609294,0.718475878238678,0.8857334098297954,4.339760039641342,0.6565965583173996,0.6542966365814209,0.847036328871893
mot_large-base_1d-bs.512-ep.300,mot_large_1d,1.0,42,41,0.09549150281252633,2.8227174393782812,0.7334576400841462,0.7281354665756226,0.8899885255306942,4.132196027416572,0.6692160611854685,0.6671842336654663,0.8562141491395794
mot_large-base_1d-bs.512-ep.300,mot_large_1d,1.0,42,42,0.07783603724899257,2.8325051683202305,0.7357047236565308,0.7311122417449951,0.8889845094664371,4.184260760393015,0.6680688336520076,0.6669188141822815,0.8512428298279159
mot_large-base_1d-bs.512-ep.300,mot_large_1d,1.0,42,43,0.06184665997806821,2.747045565481326,0.7400076496462039,0.7343789935112,0.8916140753490152,4.12312767947837,0.6688336520076482,0.6668714284896851,0.8527724665391969
mot_large-base_1d-bs.512-ep.300,mot_large_1d,1.0,42,44,0.04758647376699032,2.7019116650988253,0.741059475999235,0.7354081869125366,0.8924746605469497,4.074987973856881,0.6707456978967495,0.6687292456626892,0.8539196940726578
mot_large-base_1d-bs.512-ep.300,mot_large_1d,1.0,42,45,0.035111757055874326,2.672563684536089,0.7431153184165232,0.7388281226158142,0.8910881621724995,4.030362679534387,0.6726577437858509,0.6714047193527222,0.8546845124282982
mot_large-base_1d-bs.512-ep.300,mot_large_1d,1.0,42,46,0.024471741852423234,2.623400238235541,0.7478485370051635,0.742722749710083,0.8931440045897877,3.9846246839709307,0.6738049713193117,0.6734458208084106,0.8554493307839388
mot_large-base_1d-bs.512-ep.300,mot_large_1d,1.0,42,47,0.015708419435684517,2.596638067978293,0.7491394148020654,0.7440617084503174,0.8938611589213998,3.971886005000448,0.6776290630975144,0.6760140061378479,0.8543021032504781
mot_large-base_1d-bs.512-ep.300,mot_large_1d,1.0,42,48,0.00885637463565564,2.582360278399685,0.7506215337540639,0.746452808380127,0.8937177280550774,3.9508142650013442,0.6730401529636711,0.6718782782554626,0.8558317399617591
mot_large-base_1d-bs.512-ep.300,mot_large_1d,1.0,42,49,0.0039426493427611176,2.5736726799893956,0.7505737234652897,0.746015191078186,0.8941958309428188,3.942443480044888,0.6745697896749522,0.6736617088317871,0.8543021032504781
mot_large-base_1d-bs.512-ep.300,mot_large_1d,1.0,42,50,0.0009866357858642205,2.5716134832064492,0.7508127749091604,0.7463539838790894,0.8944826926754638,3.940787455046382,0.675717017208413,0.6754688024520874,0.8543021032504781
mot_large-huge_1d-bs.512-ep.300,mot_large_1d,0.1,42,1,0.1,1.9976019218242016,0.5262956588257793,0.5132790803909302,0.7539204436794799,2.2349448734670023,0.4910133843212237,0.4867004454135895,0.7108986615678776
mot_large-huge_1d-bs.512-ep.300,mot_large_1d,0.1,42,2,0.09990133642141358,1.535357983214013,0.6231593038821954,0.6098795533180237,0.8326639892904953,1.8475709816693804,0.5564053537284895,0.5483325719833374,0.7869980879541109
mot_large-huge_1d-bs.512-ep.300,mot_large_1d,0.1,42,3,0.0996057350657239,1.2804723168039531,0.6916714476955441,0.6836386322975159,0.8654618473895582,1.6534251036197232,0.615678776290631,0.6100542545318604,0.8149139579349904
mot_large-huge_1d-bs.512-ep.300,mot_large_1d,0.1,42,4,0.09911436253643444,1.1367875593619128,0.718827691719258,0.7125840187072754,0.8891757506215338,1.5249839097090478,0.6382409177820267,0.6286114454269409,0.8325047801147227
mot_large-huge_1d-bs.512-ep.300,mot_large_1d,0.1,42,5,0.09842915805643154,1.1339247870066809,0.7180149168100975,0.7138184905052185,0.8887454580225664,1.5859874047011309,0.6172084130019121,0.612368643283844,0.8225621414913958
mot_large-huge_1d-bs.512-ep.300,mot_large_1d,0.1,42,6,0.09755282581475767,1.004182589763117,0.7519602218397399,0.7495759725570679,0.9046662841843565,1.4853628242448913,0.6478011472275335,0.6457626819610596,0.8363288718929255
mot_large-huge_1d-bs.512-ep.300,mot_large_1d,0.1,42,7,0.09648882429441256,0.9973143550036035,0.7531554790590935,0.7480558753013611,0.9020845285905527,1.5241837452292215,0.6504780114722754,0.645265519618988,0.8336520076481836
mot_large-huge_1d-bs.512-ep.300,mot_large_1d,0.1,42,8,0.09524135262330098,0.8671732167710673,0.7877223178427998,0.7809239029884338,0.9196309045706637,1.4079954829316295,0.6715105162523901,0.6663696765899658,0.8520076481835565
mot_large-huge_1d-bs.512-ep.300,mot_large_1d,0.1,42,9,0.09381533400219318,0.8957372068287333,0.7733314209217824,0.770087480545044,0.9174794415758272,1.4757586068906474,0.6585086042065009,0.6538426280021667,0.8405353728489484
mot_large-huge_1d-bs.512-ep.300,mot_large_1d,0.1,42,10,0.09221639627510075,0.808795689305422,0.7986708739720788,0.7941806316375732,0.9252725186460127,1.3970574198443848,0.6741873804971319,0.6677570939064026,0.8550669216061185
mot_large-huge_1d-bs.512-ep.300,mot_large_1d,0.1,42,11,0.09045084971874737,0.797452577009874,0.8017785427423981,0.7988742589950562,0.9307707018550392,1.3853267924963402,0.6795411089866157,0.6715643405914307,0.8558317399617591
mot_large-huge_1d-bs.512-ep.300,mot_large_1d,0.1,42,12,0.08852566213878946,0.773516625240032,0.8101453432778734,0.8082705736160278,0.9313444253203289,1.3961249969657474,0.6791586998087954,0.675611674785614,0.8531548757170172
mot_large-huge_1d-bs.512-ep.300,mot_large_1d,0.1,42,13,0.08644843137107057,0.7390575449059538,0.8116274622298719,0.8105170726776123,0.9344520940906483,1.3796627795946985,0.6783938814531548,0.6713411808013916,0.860038240917782
mot_large-huge_1d-bs.512-ep.300,mot_large_1d,0.1,42,14,0.08422735529643442,0.6919208281490219,0.8263530311723083,0.8224751353263855,0.9395199847007076,1.385183992987609,0.6795411089866157,0.6781120300292969,0.8504780114722753
mot_large-huge_1d-bs.512-ep.300,mot_large_1d,0.1,42,15,0.08187119948743447,0.6838344054004161,0.8315165423599159,0.8301694393157959,0.9419583094281889,1.356555520052208,0.6879541108986615,0.6839379668235779,0.8630975143403442
mot_large-huge_1d-bs.512-ep.300,mot_large_1d,0.1,42,16,0.07938926261462366,0.6431272555592183,0.8427519602218397,0.8427312970161438,0.9463090457066361,1.3319147522089358,0.6975143403441683,0.694957435131073,0.8634799235181644
mot_large-huge_1d-bs.512-ep.300,mot_large_1d,0.1,42,17,0.07679133974894982,0.634119266623816,0.846815834767642,0.8423194885253906,0.9481258366800536,1.3372423219407266,0.7047801147227534,0.6996982097625732,0.8565965583173997
mot_large-huge_1d-bs.512-ep.300,mot_large_1d,0.1,42,18,0.07408768370508576,0.6041754926680424,0.8545611015490534,0.850715696811676,0.9516159877605661,1.3355405920550198,0.7047801147227534,0.6984907388687134,0.8608030592734226
mot_large-huge_1d-bs.512-ep.300,mot_large_1d,0.1,42,19,0.07128896457825362,0.5862580175540214,0.8578600114744693,0.8554109334945679,0.9540065021992733,1.309059742623032,0.7097514340344169,0.7048044800758362,0.8695984703632887
mot_large-huge_1d-bs.512-ep.300,mot_large_1d,0.1,42,20,0.06840622763423389,0.5657430031623775,0.8640275387263339,0.8615288734436035,0.9571619812583668,1.3070232019369734,0.7040152963671128,0.7008731961250305,0.8722753346080306
mot_large-huge_1d-bs.512-ep.300,mot_large_1d,0.1,42,21,0.06545084971874736,0.5418086671127054,0.8725377701281316,0.8696765899658203,0.9581181870338497,1.2941673001641296,0.708604206500956,0.7060407400131226,0.8665391969407266
mot_large-huge_1d-bs.512-ep.300,mot_large_1d,0.1,42,22,0.06243449435824272,0.5199117069605501,0.8813348632625742,0.8782321214675903,0.9627079747561675,1.2865318852674437,0.7009560229445506,0.6962493658065796,0.8711281070745698
mot_large-huge_1d-bs.512-ep.300,mot_large_1d,0.1,42,23,0.05936906572928623,0.5344291753763449,0.8737330273474851,0.8715894222259521,0.9619908204245554,1.296824730605058,0.702868068833652,0.6990718841552734,0.865774378585086
mot_large-huge_1d-bs.512-ep.300,mot_large_1d,0.1,42,24,0.056266661678215216,0.5081947857026367,0.8853509275196022,0.8835381269454956,0.9639032319755211,1.2930592582512996,0.7040152963671128,0.7015474438667297,0.8753346080305927
mot_large-huge_1d-bs.512-ep.300,mot_large_1d,0.1,42,25,0.053139525976465665,0.49533557636511216,0.8903710078408874,0.8877893090248108,0.9667240390131956,1.2757983701862752,0.707074569789675,0.7022032141685486,0.875717017208413
mot_large-huge_1d-bs.512-ep.300,mot_large_1d,0.1,42,26,0.049999999999999996,0.4930588750862943,0.8876458213807611,0.8843120336532593,0.9654809715050678,1.278590766512869,0.7151051625239006,0.7118015289306641,0.8688336520076482
mot_large-huge_1d-bs.512-ep.300,mot_large_1d,0.1,42,27,0.046860474023534326,0.4878650113760707,0.8897016637980494,0.8863138556480408,0.9668196595907439,1.2775145842513893,0.7135755258126195,0.7106053829193115,0.8734225621414914
mot_large-huge_1d-bs.512-ep.300,mot_large_1d,0.1,42,28,0.04373333832178478,0.49464847991835387,0.8853987378083764,0.8822782635688782,0.9653375406387454,1.294143382085213,0.7001912045889102,0.6963092088699341,0.8780114722753346
mot_large-huge_1d-bs.512-ep.300,mot_large_1d,0.1,42,29,0.040630934270713764,0.47908811556447145,0.892904953145917,0.8907153606414795,0.9664371772805508,1.2757211367897048,0.7135755258126195,0.7085092663764954,0.8745697896749522
mot_large-huge_1d-bs.512-ep.300,mot_large_1d,0.1,42,30,0.03756550564175726,0.455367362620065,0.902849493210939,0.9006991386413574,0.9704532415375788,1.2579368124500516,0.7177820267686424,0.7113227844238281,0.877246653919694
mot_large-huge_1d-bs.512-ep.300,mot_large_1d,0.1,42,31,0.03454915028125265,0.44878058115276515,0.9042838018741634,0.9022311568260193,0.9715528781793842,1.2603474020730012,0.7204588910133843,0.7165418863296509,0.874187380497132
mot_large-huge_1d-bs.512-ep.300,mot_large_1d,0.1,42,32,0.03159377236576612,0.4459263625941055,0.906817747179193,0.9049949049949646,0.9707401032702238,1.257458061378727,0.7189292543021033,0.7158447504043579,0.8730401529636711
mot_large-huge_1d-bs.512-ep.300,mot_large_1d,0.1,42,33,0.028711035421746366,0.4329313702053494,0.9107381908586728,0.9091000556945801,0.9717919296232549,1.2446016140239418,0.720076481835564,0.71620774269104,0.875717017208413
mot_large-huge_1d-bs.512-ep.300,mot_large_1d,0.1,42,34,0.025912316294914226,0.4395461413481423,0.9099254159495124,0.9084162712097168,0.9734174794415759,1.27023919946149,0.7128107074569789,0.709303617477417,0.8760994263862333
mot_large-huge_1d-bs.512-ep.300,mot_large_1d,0.1,42,35,0.023208660251050155,0.4296338305142305,0.9140371007840887,0.9122211933135986,0.9727481353987378,1.2526065089734517,0.7193116634799235,0.71590256690979,0.8768642447418739
mot_large-huge_1d-bs.512-ep.300,mot_large_1d,0.1,42,36,0.020610737385376346,0.4287838494488148,0.9133677567412507,0.9115576148033142,0.9735131000191242,1.249516643575227,0.7212237093690248,0.7183089256286621,0.8764818355640536
mot_large-huge_1d-bs.512-ep.300,mot_large_1d,0.1,42,37,0.01812880051256551,0.4227974762718681,0.9157582711799579,0.9142256379127502,0.973130617708931,1.2476186077635785,0.7254302103250478,0.7200442552566528,0.8776290630975143
mot_large-huge_1d-bs.512-ep.300,mot_large_1d,0.1,42,38,0.015772644703565562,0.4190916452427899,0.9167144769554408,0.9148712158203125,0.973799961751769,1.246333270683799,0.7162523900573614,0.7134467959403992,0.8753346080305927
mot_large-huge_1d-bs.512-ep.300,mot_large_1d,0.1,42,39,0.013551568628929433,0.4158722234971438,0.9195352839931153,0.9179941415786743,0.9747083572384777,1.2385490052786658,0.7269598470363289,0.7218244671821594,0.8780114722753346
mot_large-huge_1d-bs.512-ep.300,mot_large_1d,0.1,42,40,0.011474337861210542,0.4121503968566206,0.9201090074584051,0.9181481003761292,0.9749474086823484,1.2394243900452244,0.7231357552581262,0.7187910676002502,0.8783938814531549
mot_large-huge_1d-bs.512-ep.300,mot_large_1d,0.1,42,41,0.009549150281252632,0.4122120273069935,0.9190093708165997,0.916914701461792,0.9748517881048001,1.2386704366476085,0.7235181644359464,0.7190224528312683,0.8745697896749522
mot_large-huge_1d-bs.512-ep.300,mot_large_1d,0.1,42,42,0.007783603724899257,0.40874030763776015,0.9208261617900172,0.919218122959137,0.9758558041690572,1.2370494616419134,0.7250478011472276,0.7206215858459473,0.8791586998087955
mot_large-huge_1d-bs.512-ep.300,mot_large_1d,0.1,42,43,0.0061846659978068205,0.40828970691901956,0.9210652132338879,0.9193609356880188,0.9751864601262191,1.2371484234957577,0.7231357552581262,0.7177654504776001,0.8768642447418739
mot_large-huge_1d-bs.512-ep.300,mot_large_1d,0.1,42,44,0.004758647376699033,0.4063498734470352,0.922403901319564,0.9206596612930298,0.9758558041690572,1.236135158210594,0.7235181644359464,0.7190502882003784,0.877246653919694
mot_large-huge_1d-bs.512-ep.300,mot_large_1d,0.1,42,45,0.0035111757055874327,0.4053935041662885,0.923073245362402,0.921214759349823,0.9755211321476381,1.2355396394747848,0.722753346080306,0.7178568840026855,0.8760994263862333
mot_large-huge_1d-bs.512-ep.300,mot_large_1d,0.1,42,46,0.0024471741852423235,0.40494786003712463,0.923073245362402,0.9213051795959473,0.9759036144578314,1.2346751342540034,0.725812619502868,0.7213655114173889,0.8764818355640536
mot_large-huge_1d-bs.512-ep.300,mot_large_1d,0.1,42,47,0.0015708419435684518,0.4041952210508585,0.9235513482501434,0.9217344522476196,0.9762382864792504,1.2343281893611637,0.722753346080306,0.718353807926178,0.875717017208413
mot_large-huge_1d-bs.512-ep.300,mot_large_1d,0.1,42,48,0.000885637463565564,0.40398285005488843,0.9231688659399503,0.9212515950202942,0.9759036144578314,1.2341994116000874,0.7223709369024857,0.7179742455482483,0.8764818355640536
mot_large-huge_1d-bs.512-ep.300,mot_large_1d,0.1,42,49,0.00039426493427611173,0.40391256522439273,0.9231688659399503,0.9212973713874817,0.9759514247466055,1.234152319417629,0.722753346080306,0.7184237837791443,0.8760994263862333
mot_large-huge_1d-bs.512-ep.300,mot_large_1d,0.1,42,50,9.866357858642205e-05,0.403898105449899,0.9231210556511761,0.921235203742981,0.9759514247466055,1.2342105405964314,0.722753346080306,0.7184237837791443,0.8760994263862333
mot_large-huge_1d-bs.512-ep.300,mot_large_1d,0.3,42,1,0.3,19.44631269407172,0.3691432396251673,0.3579031229019165,0.5461847389558233,19.812709993614064,0.3437858508604206,0.3386576175689697,0.5246653919694073
mot_large-huge_1d-bs.512-ep.300,mot_large_1d,0.3,42,2,0.29970400926424073,3.1525104093743135,0.5781220118569517,0.5640575885772705,0.7759609868043603,3.8885314387071657,0.5261950286806883,0.518343985080719,0.7361376673040153
mot_large-huge_1d-bs.512-ep.300,mot_large_1d,0.3,42,3,0.2988172051971717,1.9065014037969212,0.6657104608911838,0.6604530811309814,0.8483935742971888,2.63296571224643,0.6038240917782027,0.5912925601005554,0.8003824091778202
mot_large-huge_1d-bs.512-ep.300,mot_large_1d,0.3,42,4,0.29734308760930334,1.8717044181772664,0.6709217823675655,0.6659687757492065,0.8574775291642761,2.82804723269169,0.5835564053537284,0.5765758752822876,0.7915869980879541
mot_large-huge_1d-bs.512-ep.300,mot_large_1d,0.3,42,5,0.2952874741692947,1.8922417573751922,0.6618378275004781,0.6549047827720642,0.8682826544272327,3.0772164397668202,0.5606118546845125,0.5611135959625244,0.7965583173996176
mot_large-huge_1d-bs.512-ep.300,mot_large_1d,0.3,42,6,0.2926584774442731,1.8167983518546844,0.6854082998661312,0.6831953525543213,0.8692866704914898,2.9562710647145374,0.5946462715105163,0.5913583636283875,0.8049713193116634
mot_large-huge_1d-bs.512-ep.300,mot_large_1d,0.3,42,7,0.28946647288323774,1.7142435992327172,0.7005163511187608,0.6974582672119141,0.8758366800535475,2.8673371936805387,0.6080305927342257,0.6005775332450867,0.8045889101338433
mot_large-huge_1d-bs.512-ep.300,mot_large_1d,0.3,42,8,0.28572405786990296,1.2869252970716105,0.7374258940524001,0.7301982641220093,0.9085867278638363,2.5070736011629124,0.6137667304015296,0.6093802452087402,0.8317399617590823
mot_large-huge_1d-bs.512-ep.300,mot_large_1d,0.3,42,9,0.28144600200657954,1.3201806148121247,0.7355612927902084,0.7280169725418091,0.9042838018741634,2.653612464335863,0.6172084130019121,0.6135975122451782,0.8195028680688337
mot_large-huge_1d-bs.512-ep.300,mot_large_1d,0.3,42,10,0.27664918882530226,1.052316632091167,0.7768215720022948,0.770081639289856,0.9178619238860203,2.275683272819446,0.6569789674952199,0.6489006280899048,0.834416826003824
mot_large-huge_1d-bs.512-ep.300,mot_large_1d,0.3,42,11,0.27135254915624213,1.16175706538399,0.7626697265251482,0.7607966661453247,0.9117900172117039,2.444442603145913,0.6397705544933079,0.6336207389831543,0.8267686424474188
mot_large-huge_1d-bs.512-ep.300,mot_large_1d,0.3,42,12,0.2655769864163684,1.0540269059053364,0.7729489386115892,0.7696617245674133,0.922738573340983,2.317582244581292,0.652772466539197,0.6454014778137207,0.8378585086042065
mot_large-huge_1d-bs.512-ep.300,mot_large_1d,0.3,42,13,0.2593452941132117,1.0236516249615277,0.7777777777777778,0.774604856967926,0.9282367565500096,2.391499284850024,0.6432122370936902,0.6376906037330627,0.8351816443594646
mot_large-huge_1d-bs.512-ep.300,mot_large_1d,0.3,42,14,0.2526820658893033,0.8746375749434447,0.7979059093516925,0.7952825427055359,0.9372250908395486,2.3128610322853804,0.6470363288718929,0.6443740129470825,0.8309751434034417
mot_large-huge_1d-bs.512-ep.300,mot_large_1d,0.3,42,15,0.24561359846230346,0.7265837097240921,0.8194683495888315,0.8178321123123169,0.9481736469688277,2.0974385511350904,0.681453154875717,0.6772946119308472,0.8504780114722753
mot_large-huge_1d-bs.512-ep.300,mot_large_1d,0.3,42,16,0.23816778784387102,0.8023113759851155,0.8138267355134825,0.8124241828918457,0.9431535666475426,2.2406405213686065,0.6615678776290631,0.655488133430481,0.8474187380497132
mot_large-huge_1d-bs.512-ep.300,mot_large_1d,0.3,42,17,0.2303740192468495,0.8672443766693331,0.8039778160260088,0.7999998331069946,0.9438229106903806,2.317872628381558,0.6516252390057361,0.6447991728782654,0.8443594646271511
mot_large-huge_1d-bs.512-ep.300,mot_large_1d,0.3,42,18,0.22226305111525732,0.6983861705271549,0.8292216484987569,0.8282043933868408,0.949607955632052,2.2024309030682363,0.6661567877629063,0.6634528636932373,0.8481835564053537
mot_large-huge_1d-bs.512-ep.300,mot_large_1d,0.3,42,19,0.21386689373476092,0.716369466312895,0.8329508510231401,0.8315927982330322,0.9459743736852171,2.213546006036762,0.6688336520076482,0.6679394245147705,0.8451242829827916
mot_large-huge_1d-bs.512-ep.300,mot_large_1d,0.3,42,20,0.20521868290270173,0.5102295622494599,0.8649359342130426,0.861469566822052,0.9652897303499713,2.0040872723377,0.6837476099426386,0.6785503625869751,0.8638623326959847
mot_large-huge_1d-bs.512-ep.300,mot_large_1d,0.3,42,21,0.19635254915624212,0.5750624998095935,0.8519793459552496,0.8507475852966309,0.9618951998470071,2.0658896276645407,0.6780114722753346,0.6757916212081909,0.8523900573613766
mot_large-huge_1d-bs.512-ep.300,mot_large_1d,0.3,42,22,0.18730348307472822,0.4536092990806669,0.8811914323962516,0.878938615322113,0.9670587110346146,2.0155634426022124,0.679923518164436,0.6744986176490784,0.8535372848948375
mot_large-huge_1d-bs.512-ep.300,mot_large_1d,0.3,42,23,0.17810719718785872,0.42262387102433113,0.8844425320328935,0.8847802877426147,0.9725090839548671,1.9485419483075406,0.6822179732313576,0.6778998374938965,0.8577437858508604
mot_large-huge_1d-bs.512-ep.300,mot_large_1d,0.3,42,24,0.1687999850346457,0.40869901512658124,0.8894626123541787,0.889944314956665,0.9735131000191242,1.9550335856742203,0.6776290630975144,0.6756370067596436,0.860038240917782
mot_large-huge_1d-bs.512-ep.300,mot_large_1d,0.3,42,25,0.15941857792939704,0.38415105079779277,0.8964907248039778,0.893868625164032,0.9756645630139607,1.9278761679538121,0.6833652007648183,0.6789411902427673,0.8638623326959847
mot_large-huge_1d-bs.512-ep.300,mot_large_1d,0.3,42,26,0.15000000000000002,0.4038374428084303,0.8906100592847581,0.8887734413146973,0.9760470453241538,1.973849192632088,0.6883365200764818,0.6857900023460388,0.8623326959847036
mot_large-huge_1d-bs.512-ep.300,mot_large_1d,0.3,42,27,0.140581422070603,0.3374593331084741,0.9073914706444827,0.9044101238250732,0.979441575827118,1.8815638058955992,0.697131931166348,0.6912928819656372,0.8623326959847036
mot_large-huge_1d-bs.512-ep.300,mot_large_1d,0.3,42,28,0.13120001496535438,0.3287885729818368,0.9136068081851214,0.9129144549369812,0.9790112832281507,1.8928390707158222,0.6875717017208413,0.6836985945701599,0.869980879541109
mot_large-huge_1d-bs.512-ep.300,mot_large_1d,0.3,42,29,0.12189280281214132,0.3304408028376994,0.9090170204628036,0.906819224357605,0.9786288009179576,1.8943381956840792,0.6879541108986615,0.6836007833480835,0.8650095602294455
mot_large-huge_1d-bs.512-ep.300,mot_large_1d,0.3,42,30,0.11269651692527179,0.27898975776472473,0.9277586536622682,0.9272497296333313,0.9829317269076305,1.8512731023317996,0.6940726577437859,0.690650463104248,0.8661567877629063
mot_large-huge_1d-bs.512-ep.300,mot_large_1d,0.3,42,31,0.10364745084375795,0.25969799489586504,0.9320137693631669,0.9300859570503235,0.9846050870147256,1.8296720428175042,0.7009560229445506,0.6953402757644653,0.8718929254302104
mot_large-huge_1d-bs.512-ep.300,mot_large_1d,0.3,42,32,0.09478131709729837,0.23790781228714222,0.9420539300057372,0.9418308734893799,0.9858959648116274,1.8179743400267387,0.6978967495219885,0.6957609057426453,0.8673040152963671
mot_large-huge_1d-bs.512-ep.300,mot_large_1d,0.3,42,33,0.08613310626523911,0.23273270753447198,0.9448269267546376,0.9452673196792603,0.9864696882769172,1.7982024183692713,0.7043977055449331,0.7014434933662415,0.8684512428298279
mot_large-huge_1d-bs.512-ep.300,mot_large_1d,0.3,42,34,0.0777369488847427,0.22485379528465863,0.9461656148403136,0.9459673166275024,0.9870912220309811,1.812224591986399,0.6998087954110899,0.6958209872245789,0.8715105162523901
mot_large-huge_1d-bs.512-ep.300,mot_large_1d,0.3,42,35,0.06962598075315048,0.21891937396749298,0.9498948173646968,0.94999098777771,0.9885255306942053,1.7981510723981986,0.6982791586998088,0.6964102983474731,0.8711281070745698
mot_large-huge_1d-bs.512-ep.300,mot_large_1d,0.3,42,36,0.06183221215612905,0.2078882391308252,0.9541499330655957,0.9537578821182251,0.9883342895391088,1.7809762404024259,0.7047801147227534,0.7017204165458679,0.8711281070745698
mot_large-huge_1d-bs.512-ep.300,mot_large_1d,0.3,42,37,0.05438640153769654,0.19847672613475492,0.9586441002103653,0.9583820104598999,0.9885255306942053,1.7680538024318833,0.7024856596558318,0.6977013945579529,0.874187380497132
mot_large-huge_1d-bs.512-ep.300,mot_large_1d,0.3,42,38,0.047317934110696694,0.19283868389253658,0.9599827882960413,0.9600416421890259,0.9894339261809141,1.7690608066536957,0.7063097514340344,0.7011430263519287,0.869980879541109
mot_large-huge_1d-bs.512-ep.300,mot_large_1d,0.3,42,39,0.0406547058867883,0.20072422961838549,0.9576400841461082,0.9576698541641235,0.9898164084911073,1.7788288590557033,0.708604206500956,0.7047144174575806,0.8703632887189292
mot_large-huge_1d-bs.512-ep.300,mot_large_1d,0.3,42,40,0.03442301358363163,0.18630651810766977,0.9639988525530694,0.9641551971435547,0.9895773570472366,1.7687114620755782,0.7032504780114722,0.6987794637680054,0.8711281070745698
mot_large-huge_1d-bs.512-ep.300,mot_large_1d,0.3,42,41,0.0286474508437579,0.18611548486779994,0.9638076113979729,0.9634172320365906,0.9899120290686556,1.76817859190144,0.7047801147227534,0.7006500959396362,0.8711281070745698
mot_large-huge_1d-bs.512-ep.300,mot_large_1d,0.3,42,42,0.023350811174697773,0.1840496876427174,0.9651462994836488,0.9651817083358765,0.990055459934978,1.7643643147630856,0.7055449330783938,0.701157808303833,0.8715105162523901
mot_large-huge_1d-bs.512-ep.300,mot_large_1d,0.3,42,43,0.018553997993420463,0.1816938172154546,0.9662459361254542,0.9663004875183105,0.9900076496462039,1.7610016861107791,0.7032504780114722,0.6981300115585327,0.8703632887189292
mot_large-huge_1d-bs.512-ep.300,mot_large_1d,0.3,42,44,0.014275942130097098,0.17771431204693156,0.9672499521897112,0.9669076800346375,0.990390131956397,1.7635004805789167,0.7059273422562141,0.7006492018699646,0.8722753346080306
mot_large-huge_1d-bs.512-ep.300,mot_large_1d,0.3,42,45,0.010533527116762299,0.17715857603007829,0.9677758653662268,0.9675987362861633,0.9904379422451711,1.7589976381845274,0.7063097514340344,0.7016971707344055,0.8715105162523901
mot_large-huge_1d-bs.512-ep.300,mot_large_1d,0.3,42,46,0.00734152255572697,0.1761443826294602,0.9679671065213233,0.9679485559463501,0.9901510805125263,1.7602214280779458,0.7040152963671128,0.7005389332771301,0.8707456978967495
mot_large-huge_1d-bs.512-ep.300,mot_large_1d,0.3,42,47,0.004712525830705355,0.1751564983474431,0.9687798814304839,0.9685848355293274,0.9903423216676229,1.757136182620922,0.7043977055449331,0.6999018788337708,0.8726577437858508
mot_large-huge_1d-bs.512-ep.300,mot_large_1d,0.3,42,48,0.0026569123906966916,0.17468730271215943,0.9687798814304839,0.9685665965080261,0.9903423216676229,1.7572497891194505,0.7047801147227534,0.700400710105896,0.8715105162523901
mot_large-huge_1d-bs.512-ep.300,mot_large_1d,0.3,42,49,0.001182794802828335,0.17453517000085653,0.9687320711417097,0.9685503244400024,0.990390131956397,1.7571726928477533,0.7055449330783938,0.7007893919944763,0.8711281070745698
mot_large-huge_1d-bs.512-ep.300,mot_large_1d,0.3,42,50,0.0002959907357592661,0.17451491661841428,0.9687798814304839,0.9686172604560852,0.990390131956397,1.7573184420000298,0.7051625239005737,0.7003018856048584,0.8711281070745698
mot_large-huge_1d-bs.512-ep.300,mot_large_1d,0.5,42,1,0.5,34.90363210217404,0.30182635303117233,0.29210013151168823,0.4991394148020654,35.01192041108987,0.2875717017208413,0.28262418508529663,0.4875717017208413
mot_large-huge_1d-bs.512-ep.300,mot_large_1d,0.5,42,2,0.4995066821070679,6.522877962918919,0.5320328934786767,0.5188767910003662,0.7476094855612928,7.942376043782863,0.481453154875717,0.4790879189968109,0.7032504780114722
mot_large-huge_1d-bs.512-ep.300,mot_large_1d,0.5,42,3,0.4980286753286195,3.940143480882701,0.6257888697647733,0.6189631223678589,0.8226716389366991,5.383259707974203,0.5701720841300191,0.5629523992538452,0.7762906309751434
mot_large-huge_1d-bs.512-ep.300,mot_large_1d,0.5,42,4,0.4955718126821722,3.4630044151797854,0.6461082424937846,0.6376333236694336,0.8407917383820999,4.98467505839769,0.5724665391969407,0.5620712041854858,0.7881453154875717
mot_large-huge_1d-bs.512-ep.300,mot_large_1d,0.5,42,5,0.49214579028215777,4.908264788279093,0.6246414228341939,0.6187020540237427,0.8242015681774718,7.174696376355611,0.5388145315487571,0.5421813726425171,0.7560229445506692
mot_large-huge_1d-bs.512-ep.300,mot_large_1d,0.5,42,6,0.4877641290737884,3.2501335435853815,0.6748422260470454,0.6707061529159546,0.856760374832664,5.071255755743606,0.5820267686424474,0.5800483822822571,0.7954110898661568
mot_large-huge_1d-bs.512-ep.300,mot_large_1d,0.5,42,7,0.48244412147206284,2.8958255510116815,0.6874641422834193,0.6829357743263245,0.8638841078600115,4.993134869489797,0.5908221797323135,0.5917423367500305,0.7927342256214149
mot_large-huge_1d-bs.512-ep.300,mot_large_1d,0.5,42,8,0.4762067631165049,2.8602654035243233,0.7006597819850832,0.693839430809021,0.8788009179575444,5.102312217114305,0.5934990439770554,0.5952646732330322,0.8045889101338433
mot_large-huge_1d-bs.512-ep.300,mot_large_1d,0.5,42,9,0.46907667001096587,2.3604821281557125,0.7209791547140945,0.7159767746925354,0.8933830560336584,4.682158536892776,0.6045889101338432,0.6029666066169739,0.7996175908221798
mot_large-huge_1d-bs.512-ep.300,mot_large_1d,0.5,42,10,0.46108198137550377,2.025319950237263,0.7470835723847772,0.7430612444877625,0.8986899980875884,4.185960326915033,0.6279158699808796,0.6203449368476868,0.8179732313575526
mot_large-huge_1d-bs.512-ep.300,mot_large_1d,0.5,42,11,0.45225424859373686,1.9189388643922438,0.7581277490916045,0.7520022392272949,0.9097341747944158,4.120159281918469,0.6305927342256215,0.6228781342506409,0.8256214149139579
mot_large-huge_1d-bs.512-ep.300,mot_large_1d,0.5,42,12,0.4426283106939473,1.6735574410781962,0.7703193727290113,0.7648980021476746,0.9202046280359534,3.9856954950219587,0.64282982791587,0.6355841755867004,0.8267686424474188
mot_large-huge_1d-bs.512-ep.300,mot_large_1d,0.5,42,13,0.4322421568553529,2.1979957377393107,0.7507171543316121,0.7474315166473389,0.901845477146682,4.493845234683094,0.6321223709369025,0.6233903169631958,0.8198852772466539
mot_large-huge_1d-bs.512-ep.300,mot_large_1d,0.5,42,14,0.4211367764821722,1.5364236113080834,0.7824631860776439,0.7833608984947205,0.9271849301969783,4.044706915715,0.6359464627151051,0.6428831219673157,0.8248565965583174
mot_large-huge_1d-bs.512-ep.300,mot_large_1d,0.5,42,15,0.40935599743717244,1.5050267763770682,0.7804551539491299,0.7794306874275208,0.9298144960795564,3.8634737733217315,0.6535372848948374,0.6514265537261963,0.8336520076481836
mot_large-huge_1d-bs.512-ep.300,mot_large_1d,0.5,42,16,0.39694631307311834,1.2857794446137238,0.800392044367948,0.7981683611869812,0.9390418818129661,3.6817595268526677,0.6611854684512428,0.6531725525856018,0.8424474187380497
mot_large-huge_1d-bs.512-ep.300,mot_large_1d,0.5,42,17,0.38395669874474914,1.277091953535111,0.8059380378657487,0.8020403385162354,0.9374641422834193,3.6808117051425446,0.654302103250478,0.6495655179023743,0.8443594646271511
mot_large-huge_1d-bs.512-ep.300,mot_large_1d,0.5,42,18,0.3704384185254288,0.955434549194514,0.8331899024670109,0.8303637504577637,0.9527156244023713,3.471958996278606,0.6627151051625239,0.659269392490387,0.8546845124282982
mot_large-huge_1d-bs.512-ep.300,mot_large_1d,0.5,42,19,0.35644482289126816,1.2834138963253965,0.8094281889462612,0.8088696002960205,0.938324727481354,3.8540920921311095,0.6535372848948374,0.6496803164482117,0.8374760994263862
mot_large-huge_1d-bs.512-ep.300,mot_large_1d,0.5,42,20,0.34203113817116954,0.8612175246775093,0.8401223943392618,0.8363186717033386,0.9596959265633964,3.400299679116127,0.6749521988527725,0.6672513484954834,0.8493307839388146
mot_large-huge_1d-bs.512-ep.300,mot_large_1d,0.5,42,21,0.32725424859373686,0.8907749012246554,0.8411264104035189,0.8377636671066284,0.9556320520175942,3.4269519579798042,0.6695984703632887,0.6673483848571777,0.8497131931166348
mot_large-huge_1d-bs.512-ep.300,mot_large_1d,0.5,42,22,0.31217247179121366,0.6767134056147847,0.8603461464907248,0.8599929809570312,0.964524765729585,3.333322522836251,0.6760994263862332,0.6724932193756104,0.8493307839388146
mot_large-huge_1d-bs.512-ep.300,mot_large_1d,0.5,42,23,0.2968453286464312,0.6394362277067239,0.8654140371007841,0.8629975914955139,0.9660068846815835,3.203313304543723,0.6669216061185469,0.6627317667007446,0.8554493307839388
mot_large-huge_1d-bs.512-ep.300,mot_large_1d,0.5,42,24,0.2813333083910761,0.5777303582966772,0.8744501816790974,0.8741247653961182,0.9721744119334481,3.16709681086057,0.6726577437858509,0.6696078777313232,0.8638623326959847
mot_large-huge_1d-bs.512-ep.300,mot_large_1d,0.5,42,25,0.26569762988232837,0.553465447158653,0.8821954484605087,0.8805063366889954,0.9703098106712564,3.1494098145464866,0.6760994263862332,0.6732478141784668,0.8562141491395794
mot_large-huge_1d-bs.512-ep.300,mot_large_1d,0.5,42,26,0.25,0.527667954219279,0.8812392426850258,0.8782879114151001,0.9749952189711226,3.14581477382215,0.6810707456978967,0.6765573620796204,0.8577437858508604
mot_large-huge_1d-bs.512-ep.300,mot_large_1d,0.5,42,27,0.23430237011767166,0.40020177266148177,0.9033275960986804,0.898963451385498,0.9791547140944731,2.9735394771422756,0.692925430210325,0.6861738562583923,0.8646271510516252
mot_large-huge_1d-bs.512-ep.300,mot_large_1d,0.5,42,28,0.21866669160892396,0.3978816250994229,0.9059571619812584,0.9046193957328796,0.9783897494740869,3.005873034971394,0.6848948374760995,0.6839540004730225,0.8688336520076482
mot_large-huge_1d-bs.512-ep.300,mot_large_1d,0.5,42,29,0.20315467135356885,0.40308079329246455,0.9041403710078408,0.9003951549530029,0.9778160260087971,3.019257181142074,0.6871892925430211,0.6820561289787292,0.8638623326959847
mot_large-huge_1d-bs.512-ep.300,mot_large_1d,0.5,42,30,0.1878275282087863,0.31955326196225886,0.9197265251482118,0.9188047051429749,0.9844616561484031,2.917003600957517,0.6959847036328872,0.693209171295166,0.8653919694072658
mot_large-huge_1d-bs.512-ep.300,mot_large_1d,0.5,42,31,0.17274575140626322,0.28694201496049127,0.9265155861541404,0.9251539707183838,0.985083189902467,2.881237749205493,0.7005736137667304,0.6929190158843994,0.8676864244741874
mot_large-huge_1d-bs.512-ep.300,mot_large_1d,0.5,42,32,0.15796886182883058,0.24672075802861768,0.9383725377701281,0.9386341571807861,0.9858003442340791,2.8660387553402846,0.6921606118546845,0.6913884878158569,0.8646271510516252
mot_large-huge_1d-bs.512-ep.300,mot_large_1d,0.5,42,33,0.14355517710873184,0.22360350200427287,0.9432491872250909,0.9435218572616577,0.9872346528973035,2.792452746185244,0.6990439770554493,0.6958292126655579,0.8688336520076482
mot_large-huge_1d-bs.512-ep.300,mot_large_1d,0.5,42,34,0.12956158147457114,0.20430915606799283,0.9490342321667623,0.9496151208877563,0.9881430483840122,2.82159739507088,0.6948374760994264,0.6918852925300598,0.8661567877629063
mot_large-huge_1d-bs.512-ep.300,mot_large_1d,0.5,42,35,0.11604330125525078,0.20561270035345938,0.9476477337923122,0.9484426975250244,0.9881908586727863,2.8172963304683765,0.6936902485659656,0.6935125589370728,0.8669216061185469
mot_large-huge_1d-bs.512-ep.300,mot_large_1d,0.5,42,36,0.10305368692688174,0.17711019436199182,0.9572097915471409,0.957069993019104,0.9901510805125263,2.774234501855095,0.6933078393881453,0.6902422904968262,0.8726577437858508
mot_large-huge_1d-bs.512-ep.300,mot_large_1d,0.5,42,37,0.09064400256282756,0.16166465759254545,0.9624211130235226,0.9625388979911804,0.9899120290686556,2.746370724738214,0.7009560229445506,0.69804847240448,0.8661567877629063
mot_large-huge_1d-bs.512-ep.300,mot_large_1d,0.5,42,38,0.07886322351782782,0.14990670797496117,0.9659112641040352,0.9662472605705261,0.9908204245553643,2.7433186139021046,0.6998087954110899,0.6956318020820618,0.8688336520076482
mot_large-huge_1d-bs.512-ep.300,mot_large_1d,0.5,42,39,0.06775784314464717,0.1608931019283841,0.9617517689806846,0.9624460339546204,0.9913463377318799,2.7574722144161536,0.6959847036328872,0.6925886273384094,0.8707456978967495
mot_large-huge_1d-bs.512-ep.300,mot_large_1d,0.5,42,40,0.057371689306052714,0.1429732901504241,0.9685886402753873,0.9691398739814758,0.9912985274431058,2.752197318140909,0.6963671128107075,0.6928411722183228,0.8684512428298279
mot_large-huge_1d-bs.512-ep.300,mot_large_1d,0.5,42,41,0.047745751406263165,0.14140002958677447,0.9696404666284184,0.9695669412612915,0.9918244406196214,2.745041722139027,0.7017208413001912,0.6981647610664368,0.865774378585086
mot_large-huge_1d-bs.512-ep.300,mot_large_1d,0.5,42,42,0.03891801862449629,0.13889559342542462,0.9697360872059667,0.9701343774795532,0.9917766303308472,2.743568650896645,0.6994263862332696,0.6955679059028625,0.8665391969407266
mot_large-huge_1d-bs.512-ep.300,mot_large_1d,0.5,42,43,0.030923329989034104,0.13368452928973146,0.9720309810671256,0.9722493886947632,0.9917288200420731,2.731461236490574,0.7009560229445506,0.6967321634292603,0.8684512428298279
mot_large-huge_1d-bs.512-ep.300,mot_large_1d,0.5,42,44,0.02379323688349516,0.12711283008303143,0.9741824440619621,0.9741690754890442,0.9925894052400076,2.7344147487078754,0.7043977055449331,0.7009516954421997,0.8676864244741874
mot_large-huge_1d-bs.512-ep.300,mot_large_1d,0.5,42,45,0.017555878527937163,0.12681432869402895,0.9749474086823484,0.9751158356666565,0.9920634920634921,2.7298713932073824,0.7024856596558318,0.6987149715423584,0.8688336520076482
mot_large-huge_1d-bs.512-ep.300,mot_large_1d,0.5,42,46,0.012235870926211617,0.12498399179281343,0.9750908395486709,0.9752236008644104,0.9924459743736852,2.7316282983491798,0.7009560229445506,0.6976462006568909,0.8684512428298279
mot_large-huge_1d-bs.512-ep.300,mot_large_1d,0.5,42,47,0.007854209717842259,0.1239082543850857,0.9757601835915088,0.9759101867675781,0.9927806463951042,2.7289078896633754,0.7024856596558318,0.6986839175224304,0.8695984703632887
mot_large-huge_1d-bs.512-ep.300,mot_large_1d,0.5,42,48,0.00442818731782782,0.12330567930232136,0.9762860967680245,0.9763510227203369,0.9926850258175559,2.728258775525066,0.702868068833652,0.6996766924858093,0.869980879541109
mot_large-huge_1d-bs.512-ep.300,mot_large_1d,0.5,42,49,0.0019713246713805588,0.12312705868128085,0.9762382864792504,0.9763105511665344,0.9926372155287818,2.7284668406382573,0.7017208413001912,0.6985383033752441,0.8695984703632887
mot_large-huge_1d-bs.512-ep.300,mot_large_1d,0.5,42,50,0.0004933178929321103,0.12309601300531921,0.9762860967680245,0.9763650298118591,0.9926850258175559,2.728677525711789,0.7017208413001912,0.6985383033752441,0.8692160611854685
mot_large-huge_1d-bs.512-ep.300,mot_large_1d,0.7,42,1,0.7,54.93248041575715,0.33280742015681775,0.31955623626708984,0.5170204628035954,56.26679015296367,0.3154875717017208,0.2974913716316223,0.5086042065009561
mot_large-huge_1d-bs.512-ep.300,mot_large_1d,0.7,42,2,0.699309354949895,9.357035416767049,0.5254350736278447,0.5149219036102295,0.7521036527060624,11.579290759814173,0.4684512428298279,0.46304839849472046,0.7013384321223709
mot_large-huge_1d-bs.512-ep.300,mot_large_1d,0.7,42,3,0.6972401454600672,6.418482697472834,0.5968636450564161,0.5874571204185486,0.810001912411551,8.673260206291825,0.5307839388145316,0.517855167388916,0.7583173996175908
mot_large-huge_1d-bs.512-ep.300,mot_large_1d,0.7,42,4,0.6938005377550409,6.527411442820669,0.6323388793268311,0.6331230401992798,0.8236756550009562,8.686913595691921,0.5697896749521989,0.56449294090271,0.7621414913957935
mot_large-huge_1d-bs.512-ep.300,mot_large_1d,0.7,42,5,0.6890041063950206,5.538471131462466,0.6473513100019124,0.6395798325538635,0.8364888123924269,8.163667697067698,0.5701720841300191,0.5660427212715149,0.7736137667304015
mot_large-huge_1d-bs.512-ep.300,mot_large_1d,0.7,42,6,0.6828697807033035,4.644993635226126,0.6610728628800918,0.6599414348602295,0.8615892139988526,7.607853544100292,0.5847036328871893,0.5901161432266235,0.7908221797323136
mot_large-huge_1d-bs.512-ep.300,mot_large_1d,0.7,42,7,0.6754217700608878,4.355772815988132,0.6872250908395486,0.6824561953544617,0.8585771658060815,7.1446983381165605,0.6026768642447419,0.6017553210258484,0.7862332695984704
mot_large-huge_1d-bs.512-ep.300,mot_large_1d,0.7,42,8,0.6666894683631067,4.3707063342627155,0.6884681583476764,0.6815869212150574,0.8679957926945878,7.126114025808885,0.6022944550669216,0.5929811596870422,0.7980879541108986
mot_large-huge_1d-bs.512-ep.300,mot_large_1d,0.7,42,9,0.6567073380153521,3.8887983545743614,0.6991776630330847,0.6971604824066162,0.8808567603748326,7.244827002093167,0.5931166347992352,0.5923231244087219,0.7954110898661568
mot_large-huge_1d-bs.512-ep.300,mot_large_1d,0.7,42,10,0.6455147739257051,3.6372643031406455,0.7266207687894435,0.7233609557151794,0.877318799005546,6.889663923858,0.6191204588910134,0.6113131642341614,0.8
mot_large-huge_1d-bs.512-ep.300,mot_large_1d,0.7,42,11,0.6331559480312314,2.7760382284053904,0.7328361063300822,0.7268264293670654,0.9117900172117039,5.936430157575735,0.6225621414913958,0.6129034161567688,0.8206500956022944
mot_large-huge_1d-bs.512-ep.300,mot_large_1d,0.7,42,12,0.619679634971526,2.513742213085975,0.755641614075349,0.753058910369873,0.914132721361637,5.886807746960145,0.6351816443594647,0.6292244791984558,0.8275334608030592
mot_large-huge_1d-bs.512-ep.300,mot_large_1d,0.7,42,13,0.6051390195974938,2.702923164652191,0.7479441575827118,0.7459748983383179,0.9168579078217632,6.0278748025401825,0.62868068833652,0.6215371489524841,0.8279158699808795
mot_large-huge_1d-bs.512-ep.300,mot_large_1d,0.7,42,14,0.5895914870750408,1.8712107865754313,0.7918818129661503,0.7910541296005249,0.9303404092560719,5.424916785624926,0.648565965583174,0.6500858068466187,0.8298279158699808
mot_large-huge_1d-bs.512-ep.300,mot_large_1d,0.7,42,15,0.5730983964120412,2.1925457717128047,0.7623828647925034,0.759013831615448,0.9268980684643335,5.602400012043648,0.6420650095602295,0.6401872038841248,0.821414913957935
mot_large-huge_1d-bs.512-ep.300,mot_large_1d,0.7,42,16,0.5557248383023655,1.9596503460742383,0.7931726907630522,0.7935078144073486,0.9338305603365844,5.559503080466509,0.6447418738049713,0.6422970294952393,0.8390057361376673
mot_large-huge_1d-bs.512-ep.300,mot_large_1d,0.7,42,17,0.5375393782426486,2.109467996833292,0.7888697647733792,0.7843515872955322,0.9301491681009754,5.731636674636636,0.6458891013384321,0.6412051916122437,0.8340344168260039
mot_large-huge_1d-bs.512-ep.300,mot_large_1d,0.7,42,18,0.5186137859356001,2.022676423394354,0.8013004398546567,0.8044742345809937,0.9301491681009754,5.651551249925311,0.6481835564053537,0.6469390392303467,0.8397705544933078
mot_large-huge_1d-bs.512-ep.300,mot_large_1d,0.7,42,19,0.49902275204777524,1.7034304743402204,0.8167909734174794,0.8145740032196045,0.9390896921017403,5.382453221162464,0.6634799235181644,0.6588315367698669,0.8413001912045889
mot_large-huge_1d-bs.512-ep.300,mot_large_1d,0.7,42,20,0.47884359343963717,1.2026432171495314,0.8417957544463569,0.8360347747802734,0.9554408108624977,4.941626840157445,0.6764818355640535,0.6697535514831543,0.848565965583174
mot_large-huge_1d-bs.512-ep.300,mot_large_1d,0.7,42,21,0.45815594803123144,1.1152608568341447,0.8439950277299675,0.840830385684967,0.9577357047236565,4.736169812875314,0.6734225621414914,0.6691335439682007,0.8581261950286807
mot_large-huge_1d-bs.512-ep.300,mot_large_1d,0.7,42,22,0.437041460507699,0.9340248076677277,0.8608720596672403,0.8578658103942871,0.9638076113979729,4.68719720493995,0.681453154875717,0.6767212152481079,0.8573613766730401
mot_large-huge_1d-bs.512-ep.300,mot_large_1d,0.7,42,23,0.4155834601050035,0.9183265017058795,0.8556607381908586,0.8543009757995605,0.9654809715050678,4.684359099349829,0.669980879541109,0.6674569845199585,0.8520076481835565
mot_large-huge_1d-bs.512-ep.300,mot_large_1d,0.7,42,24,0.3938666317475064,0.8812543876536103,0.8593421304264678,0.8594000339508057,0.9688755020080321,4.759667291878286,0.6630975143403441,0.665424108505249,0.8451242829827916
mot_large-huge_1d-bs.512-ep.300,mot_large_1d,0.7,42,25,0.37197668183525956,0.7121626974223654,0.8801396060432205,0.8782390356063843,0.9725090839548671,4.382611994260128,0.6718929254302103,0.6689929366111755,0.8630975143403442
mot_large-huge_1d-bs.512-ep.300,mot_large_1d,0.7,42,26,0.34999999999999987,0.8909692666252021,0.8588162172499522,0.8552355170249939,0.96815834767642,4.621559221840269,0.6726577437858509,0.6689526438713074,0.8535372848948375
mot_large-huge_1d-bs.512-ep.300,mot_large_1d,0.7,42,27,0.3280233181647402,0.6374768475474899,0.8843947217441194,0.8785859942436218,0.9749474086823484,4.305975271775663,0.6891013384321224,0.6803653836250305,0.8608030592734226
mot_large-huge_1d-bs.512-ep.300,mot_large_1d,0.7,42,28,0.3061333682524934,0.571434714012653,0.898211895199847,0.8961066603660583,0.9765251482118952,4.373926884084085,0.6738049713193117,0.6710646152496338,0.8630975143403442
mot_large-huge_1d-bs.512-ep.300,mot_large_1d,0.7,42,29,0.28441653989499627,0.5296413631734668,0.8994071524192007,0.8975584506988525,0.9775769745649264,4.261361618479625,0.6848948374760995,0.6800620555877686,0.8630975143403442
mot_large-huge_1d-bs.512-ep.300,mot_large_1d,0.7,42,30,0.2629585394923007,0.44079193790320526,0.9130330847198317,0.911325216293335,0.9813539873780838,4.205403040927865,0.6883365200764818,0.6869354248046875,0.8630975143403442
mot_large-huge_1d-bs.512-ep.300,mot_large_1d,0.7,42,31,0.2418440519687684,0.37925461096502805,0.9208261617900172,0.9185716509819031,0.9829795371964046,4.1102984689161834,0.7013384321223709,0.6971242427825928,0.8650095602294455
mot_large-huge_1d-bs.512-ep.300,mot_large_1d,0.7,42,32,0.2211564065603627,0.31182328199685977,0.933687129470262,0.9349944591522217,0.9847963281698221,4.057087932170919,0.6871892925430211,0.6884172558784485,0.8627151051625239
mot_large-huge_1d-bs.512-ep.300,mot_large_1d,0.7,42,33,0.20097724795222446,0.29683561952808524,0.9355995410212278,0.9354445934295654,0.9851788104800153,3.985865144747849,0.6921606118546845,0.6886239647865295,0.8688336520076482
mot_large-huge_1d-bs.512-ep.300,mot_large_1d,0.7,42,34,0.1813862140643995,0.27497097545496296,0.93966341556703,0.9406885504722595,0.9871868426085294,4.044248031703737,0.6921606118546845,0.6905114650726318,0.8627151051625239
mot_large-huge_1d-bs.512-ep.300,mot_large_1d,0.7,42,35,0.16246062175735101,0.26662896780147904,0.9407152419200612,0.9416812658309937,0.9872824631860776,4.019152791185543,0.6833652007648183,0.6843571662902832,0.8615678776290631
mot_large-huge_1d-bs.512-ep.300,mot_large_1d,0.7,42,36,0.14427516169763435,0.20722120561433763,0.9543889845094664,0.9540302753448486,0.9892426850258176,3.928674934926954,0.6959847036328872,0.6936051249504089,0.8661567877629063
mot_large-huge_1d-bs.512-ep.300,mot_large_1d,0.7,42,37,0.12690160358795852,0.19030122107279918,0.9594090648307516,0.9599227905273438,0.9892426850258176,3.8847791624342736,0.697131931166348,0.6948239803314209,0.865774378585086
mot_large-huge_1d-bs.512-ep.300,mot_large_1d,0.7,42,38,0.11040851292495889,0.17149273031561296,0.9642857142857143,0.9649774432182312,0.990390131956397,3.8849832392559454,0.6952198852772467,0.6931825280189514,0.8650095602294455
mot_large-huge_1d-bs.512-ep.300,mot_large_1d,0.7,42,39,0.09486098040250598,0.1806463874088553,0.9616083381143622,0.962063193321228,0.9908682348441384,3.8743063698763147,0.6952198852772467,0.6936158537864685,0.8676864244741874
mot_large-huge_1d-bs.512-ep.300,mot_large_1d,0.7,42,40,0.08032036502847376,0.1600940458392477,0.9661025052591318,0.9666526317596436,0.9906291834002677,3.8931371335089775,0.698661567877629,0.6971107721328735,0.8665391969407266
mot_large-huge_1d-bs.512-ep.300,mot_large_1d,0.7,42,41,0.06684405196876839,0.1533620002609887,0.9680149168100975,0.9677739143371582,0.991059475999235,3.875349942675968,0.6990439770554493,0.6973535418510437,0.865774378585086
mot_large-huge_1d-bs.512-ep.300,mot_large_1d,0.7,42,42,0.05448522607429477,0.14735757080643236,0.970166379804934,0.9705368280410767,0.9917288200420731,3.8671575951074777,0.6940726577437859,0.6908522844314575,0.8669216061185469
mot_large-huge_1d-bs.512-ep.300,mot_large_1d,0.7,42,43,0.04329266198464772,0.1401504619365145,0.9727481353987378,0.9729541540145874,0.9913941480206541,3.852376543267507,0.6975143403441683,0.6954858303070068,0.8669216061185469
mot_large-huge_1d-bs.512-ep.300,mot_large_1d,0.7,42,44,0.03331053163689321,0.13169729123438811,0.974469305794607,0.9744905829429626,0.9920156817747179,3.8576864968294395,0.697131931166348,0.6941531300544739,0.8673040152963671
mot_large-huge_1d-bs.512-ep.300,mot_large_1d,0.7,42,45,0.024578229939112014,0.13112306042003868,0.975473321858864,0.9754876494407654,0.9920156817747179,3.8486992509597573,0.6978967495219885,0.6954176425933838,0.8653919694072658
mot_large-huge_1d-bs.512-ep.300,mot_large_1d,0.7,42,46,0.017130219296696253,0.12860788608126258,0.9758558041690572,0.9758732318878174,0.9920156817747179,3.851990335438949,0.6990439770554493,0.6966185569763184,0.8661567877629063
mot_large-huge_1d-bs.512-ep.300,mot_large_1d,0.7,42,47,0.010995893604979155,0.1270157104669052,0.9768120099445401,0.9769627451896667,0.9922547332185886,3.8490680176714864,0.6998087954110899,0.6974985003471375,0.8665391969407266
mot_large-huge_1d-bs.512-ep.300,mot_large_1d,0.7,42,48,0.006199462244958943,0.1261839704289904,0.9772423025435074,0.9772964715957642,0.9919678714859438,3.8481615639097604,0.7013384321223709,0.6992058753967285,0.8661567877629063
mot_large-huge_1d-bs.512-ep.300,mot_large_1d,0.7,42,49,0.0027598545399327803,0.12591928741767316,0.9770510613884108,0.9770662188529968,0.9920634920634921,3.8485972183840222,0.7005736137667304,0.6982656717300415,0.865774378585086
mot_large-huge_1d-bs.512-ep.300,mot_large_1d,0.7,42,50,0.0006906450501049539,0.12587077137411246,0.9770988716771849,0.9771491885185242,0.9920634920634921,3.848843623028203,0.7009560229445506,0.6985781788825989,0.865774378585086
mot_large-huge_1d-bs.512-ep.300,mot_large_1d,1.0,42,1,1.0,87.40191181158787,0.31994645247657294,0.30443671345710754,0.5135781220118569,93.4775765005079,0.30095602294455065,0.2887588441371918,0.4852772466539197
mot_large-huge_1d-bs.512-ep.300,mot_large_1d,1.0,42,2,0.9990133642141358,17.006049033081265,0.5052113214763817,0.4895869195461273,0.7211225855804169,20.387681424959666,0.4565965583173996,0.4483746588230133,0.6734225621414914
mot_large-huge_1d-bs.512-ep.300,mot_large_1d,1.0,42,3,0.996057350657239,8.87703152581961,0.6096768024478868,0.600700855255127,0.8084719831707784,12.370431862825646,0.5567877629063097,0.5473400354385376,0.7518164435946463
mot_large-huge_1d-bs.512-ep.300,mot_large_1d,1.0,42,4,0.9911436253643444,8.458284014382492,0.6272231784279977,0.622039794921875,0.8325205584241728,11.423433415429313,0.5640535372848948,0.5532605051994324,0.772848948374761
mot_large-huge_1d-bs.512-ep.300,mot_large_1d,1.0,42,5,0.9842915805643155,7.672366117651409,0.6437655383438516,0.6388964653015137,0.8407917383820999,12.061296755497132,0.5468451242829828,0.5538300275802612,0.7590822179732314
mot_large-huge_1d-bs.512-ep.300,mot_large_1d,1.0,42,6,0.9755282581475768,7.065207641333097,0.6657104608911838,0.6570571660995483,0.8525052591317651,10.67931617751404,0.5885277246653919,0.5786836743354797,0.7934990439770554
mot_large-huge_1d-bs.512-ep.300,mot_large_1d,1.0,42,7,0.9648882429441257,7.138778653694717,0.6723082807420157,0.6631195545196533,0.8515968636450564,11.46260664230551,0.5915869980879541,0.5882015824317932,0.7778202676864244
mot_large-huge_1d-bs.512-ep.300,mot_large_1d,1.0,42,8,0.9524135262330098,7.02947720242951,0.6957831325301205,0.6859447360038757,0.8622107477529164,11.127154949472693,0.6091778202676864,0.6007396578788757,0.7862332695984704
mot_large-huge_1d-bs.512-ep.300,mot_large_1d,1.0,42,9,0.9381533400219317,5.601582067740946,0.6967393383056034,0.6948794722557068,0.878322815069803,10.46339027302671,0.5996175908221797,0.5987968444824219,0.7927342256214149
mot_large-huge_1d-bs.512-ep.300,mot_large_1d,1.0,42,10,0.9221639627510075,4.5301282054312395,0.7353222413463377,0.7309703230857849,0.8913750239051443,9.05745772586042,0.6336520076481835,0.6268884539604187,0.8137667304015297
mot_large-huge_1d-bs.512-ep.300,mot_large_1d,1.0,42,11,0.9045084971874737,4.526171543648786,0.7333142092178236,0.7236585021018982,0.9003155479059094,9.034061620066772,0.6160611854684512,0.6058647632598877,0.817208413001912
mot_large-huge_1d-bs.512-ep.300,mot_large_1d,1.0,42,12,0.8852566213878946,4.592563777973921,0.7163893669917766,0.712337851524353,0.9065786957353222,9.491119979945925,0.6152963671128107,0.6140366196632385,0.8198852772466539
mot_large-huge_1d-bs.512-ep.300,mot_large_1d,1.0,42,13,0.8644843137107058,3.9686635977270317,0.7472270032510996,0.7438040375709534,0.9098776056607382,8.99964338196851,0.6313575525812619,0.6218584179878235,0.827151051625239
mot_large-huge_1d-bs.512-ep.300,mot_large_1d,1.0,42,14,0.8422735529643444,3.9868818233108447,0.7509562057754828,0.7513323426246643,0.9095907439280934,9.129255749208294,0.6279158699808796,0.624285101890564,0.8114722753346081
mot_large-huge_1d-bs.512-ep.300,mot_large_1d,1.0,42,15,0.8187119948743449,3.2869715123405463,0.7705106138841079,0.7711993455886841,0.9214955058328552,8.305426865645167,0.6481835564053537,0.650860071182251,0.8248565965583174
mot_large-huge_1d-bs.512-ep.300,mot_large_1d,1.0,42,16,0.7938926261462367,3.3270172758206376,0.7632434499904379,0.7607083916664124,0.9264199655765921,8.544409798208203,0.6355640535372848,0.6309378147125244,0.8336520076481836
mot_large-huge_1d-bs.512-ep.300,mot_large_1d,1.0,42,17,0.7679133974894983,2.613947395431218,0.7898259705488622,0.7840061783790588,0.9392331229680627,7.810152725599008,0.6405353728489483,0.6346006989479065,0.8378585086042065
mot_large-huge_1d-bs.512-ep.300,mot_large_1d,1.0,42,18,0.7408768370508576,3.153201247109672,0.7841365461847389,0.7801058292388916,0.9296232549244597,8.54757932002868,0.6432122370936902,0.6363131999969482,0.8286806883365201
mot_large-huge_1d-bs.512-ep.300,mot_large_1d,1.0,42,19,0.7128896457825363,2.6841479148434324,0.8060814687320711,0.8037416338920593,0.9344999043794224,7.96120789857941,0.6669216061185469,0.6621376872062683,0.8405353728489484
mot_large-huge_1d-bs.512-ep.300,mot_large_1d,1.0,42,20,0.6840622763423391,1.951108501709358,0.8267355134825014,0.8246577978134155,0.9498948173646968,7.188009935309736,0.6638623326959847,0.6606695652008057,0.8493307839388146
mot_large-huge_1d-bs.512-ep.300,mot_large_1d,1.0,42,21,0.6545084971874737,2.0716115422995696,0.8251099636641805,0.8246920704841614,0.9477433543698603,7.529184619327348,0.6581261950286806,0.6581886410713196,0.8435946462715105
mot_large-huge_1d-bs.512-ep.300,mot_large_1d,1.0,42,22,0.6243449435824273,1.4541677288535813,0.8525052591317651,0.8493883013725281,0.9586919104991394,6.889394313017223,0.6745697896749522,0.6684668064117432,0.8539196940726578
mot_large-huge_1d-bs.512-ep.300,mot_large_1d,1.0,42,23,0.5936906572928624,1.5863874532634292,0.8388793268311341,0.839188814163208,0.9609868043602984,6.996417388040751,0.6653919694072657,0.663805365562439,0.8516252390057362
mot_large-huge_1d-bs.512-ep.300,mot_large_1d,1.0,42,24,0.5626666167821522,1.2360303501345091,0.86340600497227,0.8601049184799194,0.9650506789061006,6.638339215893135,0.6745697896749522,0.6695814728736877,0.8527724665391969
mot_large-huge_1d-bs.512-ep.300,mot_large_1d,1.0,42,25,0.5313952597646567,1.2352656596253857,0.8631191432396251,0.859853982925415,0.9663415567030025,6.587993550346185,0.6738049713193117,0.6709725260734558,0.8539196940726578
mot_large-huge_1d-bs.512-ep.300,mot_large_1d,1.0,42,26,0.5,1.2000737021087482,0.8647446930579461,0.8634189367294312,0.9672977624784854,6.642348793861287,0.6787762906309751,0.6736711263656616,0.8539196940726578
mot_large-huge_1d-bs.512-ep.300,mot_large_1d,1.0,42,27,0.4686047402353433,0.9239090080584046,0.8842512908777969,0.8790947198867798,0.9729871868426085,6.253661187429045,0.6860420650095602,0.6801959872245789,0.8604206500956023
mot_large-huge_1d-bs.512-ep.300,mot_large_1d,1.0,42,28,0.4373333832178479,0.8777304421558186,0.8862593230063109,0.8848586082458496,0.9745649263721553,6.312682562804359,0.681453154875717,0.6744695901870728,0.8684512428298279
mot_large-huge_1d-bs.512-ep.300,mot_large_1d,1.0,42,29,0.4063093427071377,0.9139044419783072,0.8877414419583094,0.8831576704978943,0.9718875502008032,6.277367615563008,0.6776290630975144,0.6721638441085815,0.8604206500956023
mot_large-huge_1d-bs.512-ep.300,mot_large_1d,1.0,42,30,0.3756550564175726,0.6753946660148138,0.9036144578313253,0.902712881565094,0.9802543507362784,6.091067627419933,0.6883365200764818,0.6831062436103821,0.8611854684512428
mot_large-huge_1d-bs.512-ep.300,mot_large_1d,1.0,42,31,0.34549150281252644,0.614928441012104,0.9081086249760949,0.9049580097198486,0.9815452285331804,6.04231540541348,0.6822179732313576,0.6751937866210938,0.8634799235181644
mot_large-huge_1d-bs.512-ep.300,mot_large_1d,1.0,42,32,0.31593772365766115,0.45555521697689366,0.9291929623254924,0.929811954498291,0.98407917383821,5.91261105364185,0.691395793499044,0.6914743781089783,0.8581261950286807
mot_large-huge_1d-bs.512-ep.300,mot_large_1d,1.0,42,33,0.28711035421746367,0.4344220176413242,0.9294320137693631,0.9277080297470093,0.9862306368330465,5.752281384440726,0.697131931166348,0.6919274926185608,0.8688336520076482
mot_large-huge_1d-bs.512-ep.300,mot_large_1d,1.0,42,34,0.2591231629491423,0.3687907210651833,0.9381334863262574,0.9373252987861633,0.9871390323197552,5.805530637080993,0.6879541108986615,0.6835026741027832,0.8634799235181644
mot_large-huge_1d-bs.512-ep.300,mot_large_1d,1.0,42,35,0.23208660251050156,0.4110778509561727,0.9316790973417479,0.9331198334693909,0.9861350162554982,5.83364310911919,0.6803059273422563,0.6799433827400208,0.8619502868068833
mot_large-huge_1d-bs.512-ep.300,mot_large_1d,1.0,42,36,0.2061073738537635,0.316407440656639,0.9453528399311532,0.9446738362312317,0.9881430483840122,5.720851809208069,0.6833652007648183,0.6795437335968018,0.8692160611854685
mot_large-huge_1d-bs.512-ep.300,mot_large_1d,1.0,42,37,0.18128800512565513,0.26960634648925286,0.9526678141135972,0.9531046152114868,0.9882864792503346,5.648938455089328,0.6887189292543021,0.684349000453949,0.8634799235181644
mot_large-huge_1d-bs.512-ep.300,mot_large_1d,1.0,42,38,0.15772644703565564,0.2331206661332552,0.9590743928093326,0.9589710831642151,0.9899598393574297,5.608387899307631,0.6921606118546845,0.6883195638656616,0.8619502868068833
mot_large-huge_1d-bs.512-ep.300,mot_large_1d,1.0,42,39,0.13551568628929433,0.2576646944673596,0.9546280359533371,0.9551087021827698,0.9896729776247849,5.626028926696194,0.6936902485659656,0.6888689994812012,0.8661567877629063
mot_large-huge_1d-bs.512-ep.300,mot_large_1d,1.0,42,40,0.11474337861210543,0.21621265109763088,0.9632338879326832,0.963782787322998,0.9901510805125263,5.646626354677044,0.6852772466539196,0.6823109984397888,0.8646271510516252
mot_large-huge_1d-bs.512-ep.300,mot_large_1d,1.0,42,41,0.09549150281252633,0.20260635817693828,0.964524765729585,0.9642970561981201,0.9903423216676229,5.617921065554792,0.6891013384321224,0.6858817338943481,0.8661567877629063
mot_large-huge_1d-bs.512-ep.300,mot_large_1d,1.0,42,42,0.07783603724899257,0.189860289319737,0.9675368139223561,0.9676491618156433,0.9912985274431058,5.606900251983001,0.6856596558317399,0.6813302636146545,0.8623326959847036
mot_large-huge_1d-bs.512-ep.300,mot_large_1d,1.0,42,43,0.06184665997806821,0.1766049848606913,0.9718397399120291,0.9718453288078308,0.9912507171543317,5.5631487932077555,0.6868068833652008,0.681746244430542,0.8646271510516252
mot_large-huge_1d-bs.512-ep.300,mot_large_1d,1.0,42,44,0.04758647376699032,0.16520159807591223,0.9720309810671256,0.9718000292778015,0.9908682348441384,5.577669121065742,0.6902485659655831,0.6859912872314453,0.8650095602294455
mot_large-huge_1d-bs.512-ep.300,mot_large_1d,1.0,42,45,0.035111757055874326,0.16211582572878172,0.9736087205966724,0.9738104343414307,0.9914419583094282,5.56787401130049,0.6887189292543021,0.6842765808105469,0.8646271510516252
mot_large-huge_1d-bs.512-ep.300,mot_large_1d,1.0,42,46,0.024471741852423234,0.15764221464183847,0.9753298909925416,0.9754927158355713,0.9913941480206541,5.567966019172742,0.6906309751434034,0.685923159122467,0.8650095602294455
mot_large-huge_1d-bs.512-ep.300,mot_large_1d,1.0,42,47,0.015708419435684517,0.15579531121080706,0.9761904761904762,0.9764087200164795,0.9915375788869765,5.568280822870609,0.691395793499044,0.6866971850395203,0.864244741873805
mot_large-huge_1d-bs.512-ep.300,mot_large_1d,1.0,42,48,0.00885637463565564,0.15443876067945528,0.9764773379231211,0.9765782356262207,0.9914897685982024,5.564598033897735,0.691395793499044,0.6860942840576172,0.8650095602294455
mot_large-huge_1d-bs.512-ep.300,mot_large_1d,1.0,42,49,0.0039426493427611176,0.1539715289931369,0.9763817173455728,0.9764676690101624,0.9914419583094282,5.565399088230461,0.6921606118546845,0.6869439482688904,0.8638623326959847
mot_large-huge_1d-bs.512-ep.300,mot_large_1d,1.0,42,50,0.0009866357858642205,0.15389561332971696,0.9762860967680245,0.9763733744621277,0.9914419583094282,5.565594447411269,0.6921606118546845,0.6869439482688904,0.8638623326959847
mot_large_1d-bs.512-ep.300,mot_large_1d,0.1,42,1,0.1,1.552012794627403,0.6665232358003442,0.6575253009796143,0.8423694779116466,1.640457876872834,0.6355640535372848,0.6296610832214355,0.8217973231357553
mot_large_1d-bs.512-ep.300,mot_large_1d,0.1,42,2,0.09990133642141358,1.182621236740232,0.7508605851979346,0.7433632612228394,0.8907534901510805,1.3189620169353302,0.7047801147227534,0.6966683864593506,0.8722753346080306
mot_large_1d-bs.512-ep.300,mot_large_1d,0.1,42,3,0.0996057350657239,1.017439402136891,0.780502964237904,0.7753614187240601,0.9095907439280934,1.1742320511126838,0.7388145315487572,0.7358279228210449,0.8917782026768643
mot_large_1d-bs.512-ep.300,mot_large_1d,0.1,42,4,0.09911436253643444,0.9186467316438373,0.8041690571811054,0.7990680932998657,0.9217823675655001,1.0977064697965837,0.7464627151051625,0.7437756061553955,0.8978967495219885
mot_large_1d-bs.512-ep.300,mot_large_1d,0.1,42,5,0.09842915805643154,0.8419983605395587,0.8190858672786384,0.8161593079566956,0.9285714285714286,1.0344614543148938,0.7621414913957935,0.7611140608787537,0.9066921606118546
mot_large_1d-bs.512-ep.300,mot_large_1d,0.1,42,6,0.09755282581475767,0.7879949351938306,0.8327596098680436,0.8300744891166687,0.9349301969783897,0.9847387543599875,0.7717017208413002,0.7707242369651794,0.9055449330783939
mot_large_1d-bs.512-ep.300,mot_large_1d,0.1,42,7,0.09648882429441256,0.745372052903065,0.8407439280933257,0.8361900448799133,0.9380378657487092,0.960181450342357,0.7808795411089866,0.7751666903495789,0.9147227533460803
mot_large_1d-bs.512-ep.300,mot_large_1d,0.1,42,8,0.09524135262330098,0.7098760716111283,0.8471026965002869,0.8445832133293152,0.9421973608720596,0.9458575203131535,0.7873804971319311,0.7845699191093445,0.9116634799235181
mot_large_1d-bs.512-ep.300,mot_large_1d,0.1,42,9,0.09381533400219318,0.6870151776204171,0.851788104800153,0.8496698141098022,0.9435360489577357,0.9158652675767246,0.788527724665392,0.7852851748466492,0.9173996175908222
mot_large_1d-bs.512-ep.300,mot_large_1d,0.1,42,10,0.09221639627510075,0.6526067065882578,0.8582424937846624,0.8540886044502258,0.9451137884872824,0.8937073986571332,0.7915869980879541,0.7861080765724182,0.9173996175908222
mot_large_1d-bs.512-ep.300,mot_large_1d,0.1,42,11,0.09045084971874737,0.6246840977992489,0.8708165997322623,0.8683992028236389,0.9512335054503729,0.8776447318024206,0.8019120458891014,0.7994083166122437,0.9208413001912046
mot_large_1d-bs.512-ep.300,mot_large_1d,0.1,42,12,0.08852566213878946,0.6074539668064406,0.8728724421495506,0.8698714375495911,0.9525721935360489,0.869924649590516,0.7992351816443595,0.7941202521324158,0.9189292543021033
mot_large_1d-bs.512-ep.300,mot_large_1d,0.1,42,13,0.08644843137107057,0.5894898314119457,0.8773666092943201,0.8739185929298401,0.954580225664563,0.8568810377248615,0.8065009560229446,0.8020234107971191,0.9193116634799235
mot_large_1d-bs.512-ep.300,mot_large_1d,0.1,42,14,0.08422735529643442,0.576436602332939,0.8785140562248996,0.8755864500999451,0.954580225664563,0.8545536982169799,0.805736137667304,0.8017749190330505,0.920076481835564
mot_large_1d-bs.512-ep.300,mot_large_1d,0.1,42,15,0.08187119948743447,0.5629627882898549,0.8807133295085102,0.877737820148468,0.9553451902849494,0.8390215383205085,0.8114722753346081,0.8078627586364746,0.9227533460803059
mot_large_1d-bs.512-ep.300,mot_large_1d,0.1,42,16,0.07938926261462366,0.546231623474693,0.8846337731879901,0.8816534280776978,0.9578313253012049,0.8433870377549706,0.8118546845124283,0.8073346614837646,0.920076481835564
mot_large_1d-bs.512-ep.300,mot_large_1d,0.1,42,17,0.07679133974894982,0.5305340109055665,0.8928093325683687,0.889711320400238,0.9591222030981067,0.8251868238868495,0.8110898661567878,0.8063997030258179,0.9250478011472275
mot_large_1d-bs.512-ep.300,mot_large_1d,0.1,42,18,0.07408768370508576,0.5221446056077803,0.8918053165041117,0.8878821730613708,0.9618951998470071,0.8188185784830418,0.8103250478011472,0.8051044940948486,0.9254302103250478
mot_large_1d-bs.512-ep.300,mot_large_1d,0.1,42,19,0.07128896457825362,0.5112530474317167,0.8958213807611398,0.8932686448097229,0.9614170969592656,0.8160968321003376,0.8195028680688337,0.8146405816078186,0.9250478011472275
mot_large_1d-bs.512-ep.300,mot_large_1d,0.1,42,20,0.06840622763423389,0.5013967620913807,0.8963472939376553,0.8941972255706787,0.9628035953337158,0.808463336951874,0.817208413001912,0.8127833008766174,0.9246653919694072
mot_large_1d-bs.512-ep.300,mot_large_1d,0.1,42,21,0.06545084971874736,0.4928751006411831,0.9010327022375215,0.8994570970535278,0.9633773187990056,0.8077931128769942,0.8202676864244742,0.8161177039146423,0.9250478011472275
mot_large_1d-bs.512-ep.300,mot_large_1d,0.1,42,22,0.06243449435824272,0.4878419833056533,0.9033754063874546,0.9012519717216492,0.9633773187990056,0.806143691754022,0.8137667304015297,0.8117635846138,0.92848948374761
mot_large_1d-bs.512-ep.300,mot_large_1d,0.1,42,23,0.05936906572928623,0.47845947612515144,0.9046184738955824,0.902022123336792,0.9653375406387454,0.7965344051558019,0.8160611854684512,0.8111230731010437,0.9281070745697897
mot_large_1d-bs.512-ep.300,mot_large_1d,0.1,42,24,0.056266661678215216,0.4687837890512653,0.9077261426659017,0.9048060774803162,0.9659112641040352,0.7969067750423862,0.821414913957935,0.815948486328125,0.9273422562141491
mot_large_1d-bs.512-ep.300,mot_large_1d,0.1,42,25,0.053139525976465665,0.4654923841360081,0.9089692101740294,0.906546950340271,0.9658156435264869,0.7951250342520427,0.8237093690248566,0.8184441328048706,0.9277246653919694
mot_large_1d-bs.512-ep.300,mot_large_1d,0.1,42,26,0.049999999999999996,0.45975967063619294,0.9105947599923504,0.9082450866699219,0.9660068846815835,0.7938745166785859,0.8202676864244742,0.8154295086860657,0.9250478011472275
mot_large_1d-bs.512-ep.300,mot_large_1d,0.1,42,27,0.046860474023534326,0.4547173504073434,0.9119334480780263,0.9094652533531189,0.9676324344999043,0.7911965948217914,0.8191204588910134,0.8146724104881287,0.9277246653919694
mot_large_1d-bs.512-ep.300,mot_large_1d,0.1,42,28,0.04373333832178478,0.44911397887270227,0.9135589978963473,0.9111164212226868,0.9680627270988716,0.7867717144822072,0.8237093690248566,0.819161057472229,0.9277246653919694
mot_large_1d-bs.512-ep.300,mot_large_1d,0.1,42,29,0.040630934270713764,0.44647794427322735,0.9121724995218972,0.9101463556289673,0.9676802447886785,0.7887214558530264,0.822944550669216,0.8193036913871765,0.92848948374761
mot_large_1d-bs.512-ep.300,mot_large_1d,0.1,42,30,0.03756550564175726,0.4419009282908583,0.914132721361637,0.9119203686714172,0.9687320711417097,0.7854150192231567,0.8263862332695985,0.8246088624000549,0.9288718929254303
mot_large_1d-bs.512-ep.300,mot_large_1d,0.1,42,31,0.03454915028125265,0.43764933748258006,0.9159495123350545,0.9136806726455688,0.9692101740294511,0.7833140079651463,0.8198852772466539,0.8161394596099854,0.9334608030592734
mot_large_1d-bs.512-ep.300,mot_large_1d,0.1,42,32,0.03159377236576612,0.43579991056668776,0.9159973226238286,0.9137848615646362,0.9704532415375788,0.7802379805088955,0.8256214149139579,0.821668267250061,0.9281070745697897
mot_large_1d-bs.512-ep.300,mot_large_1d,0.1,42,33,0.028711035421746366,0.4321281990646564,0.9189137502390514,0.916931688785553,0.9700229489386116,0.7774521661762069,0.8267686424474188,0.8228288292884827,0.9304015296367113
mot_large_1d-bs.512-ep.300,mot_large_1d,0.1,42,34,0.025912316294914226,0.4298579633110544,0.9175750621533754,0.9155455827713013,0.9706922929814497,0.7808071129180734,0.8252390057361376,0.8221873641014099,0.9292543021032504
mot_large_1d-bs.512-ep.300,mot_large_1d,0.1,42,35,0.023208660251050155,0.4273360932299639,0.9182922164849876,0.9163678884506226,0.9712660164467394,0.7785449638877271,0.821414913957935,0.8172794580459595,0.9307839388145316
mot_large_1d-bs.512-ep.300,mot_large_1d,0.1,42,36,0.020610737385376346,0.42501764394147695,0.9192962325492446,0.9171335101127625,0.9710747752916428,0.7738698941115896,0.8267686424474188,0.824038565158844,0.931548757170172
mot_large_1d-bs.512-ep.300,mot_large_1d,0.1,42,37,0.01812880051256551,0.42333082843633885,0.9212564543889845,0.9191608428955078,0.9716963090457066,0.7763858306476309,0.827151051625239,0.8234924077987671,0.930019120458891
mot_large_1d-bs.512-ep.300,mot_large_1d,0.1,42,38,0.015772644703565562,0.4217447739391579,0.9218779881430483,0.9196723699569702,0.9716006884681584,0.7734096789679153,0.8248565965583174,0.8212061524391174,0.9323135755258126
mot_large_1d-bs.512-ep.300,mot_large_1d,0.1,42,39,0.013551568628929433,0.4203490329121604,0.9220214190093708,0.9200853109359741,0.9717919296232549,0.7738297150650171,0.8240917782026769,0.82069993019104,0.931548757170172
mot_large_1d-bs.512-ep.300,mot_large_1d,0.1,42,40,0.011474337861210542,0.41914136114756995,0.9222126601644673,0.9200685620307922,0.9718397399120291,0.7724818329966091,0.827151051625239,0.8234225511550903,0.9311663479923518
mot_large_1d-bs.512-ep.300,mot_large_1d,0.1,42,41,0.009549150281252632,0.41830530511327535,0.9235035379613693,0.9214509725570679,0.9721266016446739,0.7713695496947542,0.8263862332695985,0.8224242925643921,0.931548757170172
mot_large_1d-bs.512-ep.300,mot_large_1d,0.1,42,42,0.007783603724899257,0.41765177420891364,0.9225473321858864,0.920684278011322,0.9722222222222222,0.7717553147850256,0.8252390057361376,0.8218302130699158,0.9304015296367113
mot_large_1d-bs.512-ep.300,mot_large_1d,0.1,42,43,0.0061846659978068205,0.4170769810744968,0.9226907630522089,0.9207655191421509,0.9721744119334481,0.771646231219144,0.8260038240917782,0.8223225474357605,0.9304015296367113
mot_large_1d-bs.512-ep.300,mot_large_1d,0.1,42,44,0.004758647376699033,0.4166953319754558,0.9227863836297572,0.9209333658218384,0.9723656530885446,0.7718071917502876,0.8263862332695985,0.8227740526199341,0.9304015296367113
mot_large_1d-bs.512-ep.300,mot_large_1d,0.1,42,45,0.0035111757055874327,0.41642366519825114,0.9225473321858864,0.9206295609474182,0.9724134633773188,0.7718377589267709,0.8279158699808795,0.8241565227508545,0.930019120458891
mot_large_1d-bs.512-ep.300,mot_large_1d,0.1,42,46,0.0024471741852423235,0.4162451708879907,0.9225951424746606,0.9206461906433105,0.9722700325109964,0.7715989384550893,0.8279158699808795,0.8241296410560608,0.930019120458891
mot_large_1d-bs.512-ep.300,mot_large_1d,0.1,42,47,0.0015708419435684518,0.4161238795280639,0.9226429527634347,0.9206715226173401,0.9725568942436412,0.7715943666534716,0.827151051625239,0.8236019015312195,0.9304015296367113
mot_large_1d-bs.512-ep.300,mot_large_1d,0.1,42,48,0.000885637463565564,0.41606048681376245,0.9224995218971123,0.9205211400985718,0.9725090839548671,0.7716043621814501,0.827151051625239,0.8236019015312195,0.930019120458891
mot_large_1d-bs.512-ep.300,mot_large_1d,0.1,42,49,0.00039426493427611173,0.416032019662775,0.9225473321858864,0.9206074476242065,0.9725090839548671,0.7715750218349479,0.827151051625239,0.8236019015312195,0.930019120458891
mot_large_1d-bs.512-ep.300,mot_large_1d,0.1,42,50,9.866357858642205e-05,0.4160248988398313,0.9226429527634347,0.9207062721252441,0.9725090839548671,0.7715736812204977,0.827151051625239,0.8236019015312195,0.930019120458891
mot_large_1d-bs.512-ep.300,mot_large_1d,0.3,42,1,0.3,1.3055109460669827,0.6862688850640658,0.6834844350814819,0.8615892139988526,1.4778865894441622,0.6455066921606119,0.6476297974586487,0.8397705544933078
mot_large_1d-bs.512-ep.300,mot_large_1d,0.3,42,2,0.29970400926424073,0.9944567509831924,0.7591317651558616,0.7529853582382202,0.9018932874354562,1.2318716774935021,0.6982791586998088,0.6910375952720642,0.8692160611854685
mot_large_1d-bs.512-ep.300,mot_large_1d,0.3,42,3,0.2988172051971717,0.8751292036285955,0.7834193918531268,0.7801473140716553,0.9204914897685982,1.1234159290904524,0.7296367112810708,0.7234440445899963,0.8944550669216061
mot_large_1d-bs.512-ep.300,mot_large_1d,0.3,42,4,0.29734308760930334,0.8171912294702608,0.7974756167527252,0.7948257327079773,0.9231210556511761,1.1358170744565887,0.7376673040152963,0.7367754578590393,0.8875717017208413
mot_large_1d-bs.512-ep.300,mot_large_1d,0.3,42,5,0.2952874741692947,0.6952033388521184,0.8278351501243068,0.8254896402359009,0.9364123159303882,1.0101774088055409,0.762906309751434,0.7600863575935364,0.9024856596558317
mot_large_1d-bs.512-ep.300,mot_large_1d,0.3,42,6,0.2926584774442731,0.6323988947865612,0.8423216676228724,0.8393257856369019,0.9456397016637981,0.9538710504827262,0.7747609942638624,0.7728092670440674,0.9051625239005736
mot_large_1d-bs.512-ep.300,mot_large_1d,0.3,42,7,0.28946647288323774,0.6447038313106406,0.8372537770128131,0.8321714997291565,0.943631669535284,0.9877858090810976,0.7709369024856596,0.7652046084403992,0.9116634799235181
mot_large_1d-bs.512-ep.300,mot_large_1d,0.3,42,8,0.28572405786990296,0.5538844600829962,0.86340600497227,0.8622957468032837,0.9533371581564353,0.9278062080106133,0.7877629063097514,0.7831941246986389,0.9108986615678776
mot_large_1d-bs.512-ep.300,mot_large_1d,0.3,42,9,0.28144600200657954,0.5469364183403653,0.8598202333142092,0.8583425879478455,0.9538630713329509,0.9201002686247087,0.7827915869980879,0.7815521955490112,0.9108986615678776
mot_large_1d-bs.512-ep.300,mot_large_1d,0.3,42,10,0.27664918882530226,0.5201541715882024,0.8706731688659399,0.8672704100608826,0.9557276725951425,0.899609106585355,0.7927342256214149,0.7873610854148865,0.9135755258126195
mot_large_1d-bs.512-ep.300,mot_large_1d,0.3,42,11,0.27135254915624213,0.47491387833963505,0.8806177089309619,0.8792018890380859,0.9622298718684261,0.8963547949125389,0.7950286806883365,0.7911191582679749,0.9154875717017208
mot_large_1d-bs.512-ep.300,mot_large_1d,0.3,42,12,0.2655769864163684,0.49174766500403355,0.8745458022566456,0.8731812834739685,0.9610824249378467,0.9396344091878567,0.7797323135755259,0.7751690745353699,0.9112810707456979
mot_large_1d-bs.512-ep.300,mot_large_1d,0.3,42,13,0.2593452941132117,0.4489806729307775,0.8864983744501816,0.884306788444519,0.965528781793842,0.8812738225291381,0.795793499043977,0.7918948531150818,0.9269598470363288
mot_large_1d-bs.512-ep.300,mot_large_1d,0.3,42,14,0.2526820658893033,0.43559312109145637,0.8899885255306942,0.8885917663574219,0.964524765729585,0.8852245483981948,0.795793499043977,0.789469301700592,0.9204588910133843
mot_large_1d-bs.512-ep.300,mot_large_1d,0.3,42,15,0.24561359846230346,0.41711042432991124,0.8964907248039778,0.8949859738349915,0.9678714859437751,0.8610940615943923,0.8022944550669217,0.7984747886657715,0.9219885277246654
mot_large_1d-bs.512-ep.300,mot_large_1d,0.3,42,16,0.23816778784387102,0.41558923090272526,0.8964907248039778,0.8955468535423279,0.9676802447886785,0.8917631072706291,0.795793499043977,0.7939497232437134,0.9189292543021033
mot_large_1d-bs.512-ep.300,mot_large_1d,0.3,42,17,0.2303740192468495,0.3930772047103033,0.9025626314782941,0.9002324938774109,0.9699273283610633,0.8526278917009926,0.8030592734225621,0.7980507612228394,0.9265774378585087
mot_large_1d-bs.512-ep.300,mot_large_1d,0.3,42,18,0.22226305111525732,0.37100329556869127,0.9077261426659017,0.9061105847358704,0.9726047045324153,0.8510707753110343,0.8065009560229446,0.8006504774093628,0.9269598470363288
mot_large_1d-bs.512-ep.300,mot_large_1d,0.3,42,19,0.21386689373476092,0.3698092326764099,0.9087301587301587,0.9062703847885132,0.9732740485752533,0.8344233802809998,0.8091778202676865,0.8040503859519958,0.9235181644359465
mot_large_1d-bs.512-ep.300,mot_large_1d,0.3,42,20,0.20521868290270173,0.3412130347263017,0.9203480589022758,0.9190902709960938,0.9746127366609294,0.8263354576796464,0.8149139579349904,0.8096574544906616,0.9277246653919694
mot_large_1d-bs.512-ep.300,mot_large_1d,0.3,42,21,0.19635254915624212,0.33587146329706496,0.9192484222604704,0.9181833863258362,0.9755689424364123,0.840524949899823,0.8084130019120459,0.8054115176200867,0.9277246653919694
mot_large_1d-bs.512-ep.300,mot_large_1d,0.3,42,22,0.18730348307472822,0.3418206792872639,0.9182444061962134,0.9174215197563171,0.9749952189711226,0.8410685624948651,0.8110898661567878,0.805664598941803,0.9304015296367113
mot_large_1d-bs.512-ep.300,mot_large_1d,0.3,42,23,0.17810719718785872,0.3233161997580806,0.9238860202715624,0.9224482774734497,0.9766685790782176,0.8187896378409566,0.8133843212237094,0.8072642683982849,0.9311663479923518
mot_large_1d-bs.512-ep.300,mot_large_1d,0.3,42,24,0.1687999850346457,0.312454643156497,0.9278542742398164,0.9261464476585388,0.9785809906291834,0.8276222695811984,0.8095602294455067,0.8035714626312256,0.9265774378585087
mot_large_1d-bs.512-ep.300,mot_large_1d,0.3,42,25,0.15941857792939704,0.3039330493243435,0.9307228915662651,0.9293242692947388,0.9793459552495697,0.8267847320089833,0.8110898661567878,0.8051347136497498,0.9288718929254303
mot_large_1d-bs.512-ep.300,mot_large_1d,0.3,42,26,0.15000000000000002,0.29270006489129063,0.9367469879518072,0.9358288049697876,0.9802543507362784,0.8134538727098396,0.815678776290631,0.8124076128005981,0.9311663479923518
mot_large_1d-bs.512-ep.300,mot_large_1d,0.3,42,27,0.140581422070603,0.28895178514175285,0.9362210747752916,0.9347547888755798,0.979776247848537,0.8195110459628571,0.8164435946462715,0.8099907636642456,0.9323135755258126
mot_large_1d-bs.512-ep.300,mot_large_1d,0.3,42,28,0.13120001496535438,0.28225785656854424,0.9390418818129661,0.9381184577941895,0.9812105565117614,0.8068416442287584,0.8160611854684512,0.810838520526886,0.9323135755258126
mot_large_1d-bs.512-ep.300,mot_large_1d,0.3,42,29,0.12189280281214132,0.2719256598399095,0.9417192579843182,0.9410573840141296,0.9823101931535666,0.8095282224578566,0.817208413001912,0.8124867081642151,0.9292543021032504
mot_large_1d-bs.512-ep.300,mot_large_1d,0.3,42,30,0.11269651692527179,0.2726125005874152,0.9423886020271562,0.9411610960960388,0.9821189519984701,0.8081280615316067,0.8198852772466539,0.8146888017654419,0.9311663479923518
mot_large_1d-bs.512-ep.300,mot_large_1d,0.3,42,31,0.10364745084375795,0.266433250746779,0.9455918913750239,0.944527804851532,0.9824058137311149,0.7956803542478135,0.8260038240917782,0.8193903565406799,0.9319311663479923
mot_large_1d-bs.512-ep.300,mot_large_1d,0.3,42,32,0.09478131709729837,0.2682181230168608,0.9448747370434117,0.9437738060951233,0.9829795371964046,0.799307841051149,0.8183556405353728,0.8121139407157898,0.9326959847036329
mot_large_1d-bs.512-ep.300,mot_large_1d,0.3,42,33,0.08613310626523911,0.25830861974523955,0.9493689041881813,0.9484054446220398,0.9836010709504686,0.7960744095578021,0.8248565965583174,0.8182742595672607,0.930019120458891
mot_large_1d-bs.512-ep.300,mot_large_1d,0.3,42,34,0.0777369488847427,0.2558462576009867,0.949273283610633,0.9484527111053467,0.9839357429718876,0.7986627122868087,0.8210325047801147,0.815321683883667,0.931548757170172
mot_large_1d-bs.512-ep.300,mot_large_1d,0.3,42,35,0.06962598075315048,0.25296045931832334,0.9506597819850832,0.9498255848884583,0.9840313635494359,0.7963499751191294,0.8260038240917782,0.8200580477714539,0.9307839388145316
mot_large_1d-bs.512-ep.300,mot_large_1d,0.3,42,36,0.06183221215612905,0.2513300558193438,0.9498948173646968,0.9490162134170532,0.983744501816791,0.7900747404955542,0.8221797323135756,0.8183621764183044,0.9334608030592734
mot_large_1d-bs.512-ep.300,mot_large_1d,0.3,42,37,0.05438640153769654,0.2471730200686722,0.9538152610441767,0.9531031847000122,0.9845572767259514,0.7956158581472947,0.8240917782026769,0.8194135427474976,0.931548757170172
mot_large_1d-bs.512-ep.300,mot_large_1d,0.3,42,38,0.047317934110696694,0.2442978175745614,0.9541977433543699,0.9532676935195923,0.9845094664371773,0.7911879924241717,0.8240917782026769,0.8187745809555054,0.9323135755258126
mot_large_1d-bs.512-ep.300,mot_large_1d,0.3,42,39,0.0406547058867883,0.2428425205531278,0.9546758462421113,0.9537140727043152,0.9849875693249187,0.7875481104075794,0.8240917782026769,0.8181702494621277,0.9326959847036329
mot_large_1d-bs.512-ep.300,mot_large_1d,0.3,42,40,0.03442301358363163,0.241067948818298,0.9556798623063684,0.9546977281570435,0.9847963281698221,0.7882103039247356,0.8240917782026769,0.8190574049949646,0.9311663479923518
mot_large_1d-bs.512-ep.300,mot_large_1d,0.3,42,41,0.0286474508437579,0.2404278931915931,0.9563013960604322,0.9555100798606873,0.9848441384585963,0.7861756246358897,0.8244741873804972,0.8199501037597656,0.9326959847036329
mot_large_1d-bs.512-ep.300,mot_large_1d,0.3,42,42,0.023350811174697773,0.2395880425676239,0.9566360680818512,0.955904483795166,0.9853222413463377,0.787359029795426,0.8252390057361376,0.8195548057556152,0.9323135755258126
mot_large_1d-bs.512-ep.300,mot_large_1d,0.3,42,43,0.018553997993420463,0.23864142154730808,0.9572576018359151,0.9564023613929749,0.9849397590361446,0.7880984406626247,0.8237093690248566,0.8185582160949707,0.9326959847036329
mot_large_1d-bs.512-ep.300,mot_large_1d,0.3,42,44,0.014275942130097098,0.23810602137225836,0.9574966532797858,0.9567825794219971,0.9852266207687894,0.7878104623827378,0.8240917782026769,0.8187441825866699,0.9326959847036329
mot_large_1d-bs.512-ep.300,mot_large_1d,0.3,42,45,0.010533527116762299,0.23773492994397838,0.9575444635685599,0.95676589012146,0.985417861923886,0.7869720196404831,0.8237093690248566,0.8184340000152588,0.9330783938814532
mot_large_1d-bs.512-ep.300,mot_large_1d,0.3,42,46,0.00734152255572697,0.2376009213762544,0.9571619812583668,0.9564573764801025,0.985417861923886,0.7870925815793798,0.8225621414913958,0.8174291849136353,0.9326959847036329
mot_large_1d-bs.512-ep.300,mot_large_1d,0.3,42,47,0.004712525830705355,0.23742516995114654,0.9575444635685599,0.9568217992782593,0.9853222413463377,0.7871208468085266,0.822944550669216,0.8178650736808777,0.9330783938814532
mot_large_1d-bs.512-ep.300,mot_large_1d,0.3,42,48,0.0026569123906966916,0.23736495323312468,0.9574966532797858,0.9567787051200867,0.9852744310575636,0.7872175161970733,0.822944550669216,0.8177233934402466,0.9330783938814532
mot_large_1d-bs.512-ep.300,mot_large_1d,0.3,42,49,0.001182794802828335,0.2373397282374067,0.9575444635685599,0.9568255543708801,0.9852266207687894,0.7872134527786284,0.822944550669216,0.8178650736808777,0.9330783938814532
mot_large_1d-bs.512-ep.300,mot_large_1d,0.3,42,50,0.0002959907357592661,0.23733363996889834,0.9575444635685599,0.9568255543708801,0.9852266207687894,0.7872276816723679,0.8225621414913958,0.8173387050628662,0.9330783938814532
mot_large_1d-bs.512-ep.300,mot_large_1d,0.5,42,1,0.5,1.6064696177900077,0.6484987569324919,0.645143985748291,0.8398833428953911,1.8565373816408117,0.6103250478011473,0.6107243895530701,0.8130019120458891
mot_large_1d-bs.512-ep.300,mot_large_1d,0.5,42,2,0.4995066821070679,1.2015787694759226,0.7300631095811819,0.7240900993347168,0.8877892522470836,1.5280757284073254,0.6676864244741874,0.6618161201477051,0.8581261950286807
mot_large_1d-bs.512-ep.300,mot_large_1d,0.5,42,3,0.4980286753286195,0.9973703195816656,0.7641040351883726,0.7601364254951477,0.9135589978963473,1.3406964362237468,0.707074569789675,0.7019866108894348,0.8837476099426386
mot_large_1d-bs.512-ep.300,mot_large_1d,0.5,42,4,0.4955718126821722,0.9645621465163925,0.7803595333715816,0.7777035236358643,0.9156626506024096,1.3959979442063983,0.708604206500956,0.7090696692466736,0.8791586998087955
mot_large_1d-bs.512-ep.300,mot_large_1d,0.5,42,5,0.49214579028215777,0.832982745583688,0.8025913176515587,0.7984251976013184,0.9261331038439472,1.2441584016351352,0.7449330783938815,0.7412559390068054,0.891395793499044
mot_large_1d-bs.512-ep.300,mot_large_1d,0.5,42,6,0.4877641290737884,0.746607285381207,0.8170778351501243,0.813575804233551,0.938659399502773,1.2140045414007417,0.7460803059273422,0.7434248328208923,0.8956022944550669
mot_large_1d-bs.512-ep.300,mot_large_1d,0.5,42,7,0.48244412147206284,0.739959630621485,0.8227672595142475,0.819449782371521,0.9384203480589023,1.1937339972355625,0.749904397705545,0.7436360120773315,0.8998087954110898
mot_large_1d-bs.512-ep.300,mot_large_1d,0.5,42,8,0.4762067631165049,0.605115907464435,0.8473895582329317,0.8477634191513062,0.9507075922738574,1.1069682061102377,0.7793499043977056,0.7765769958496094,0.9066921606118546
mot_large_1d-bs.512-ep.300,mot_large_1d,0.5,42,9,0.46907667001096587,0.5992892198385712,0.8444731306177089,0.8425224423408508,0.9511856951615988,1.1072086560338679,0.7663479923518165,0.761970579624176,0.9047801147227533
mot_large_1d-bs.512-ep.300,mot_large_1d,0.5,42,10,0.46108198137550377,0.584226372000774,0.8530311723082807,0.8499312400817871,0.952906865557468,1.0864877266820028,0.7736137667304015,0.7666825652122498,0.9112810707456979
mot_large_1d-bs.512-ep.300,mot_large_1d,0.5,42,11,0.45225424859373686,0.5085702962869895,0.8668005354752343,0.8653802275657654,0.9610824249378467,1.0663746748098224,0.7873804971319311,0.7805776000022888,0.91434034416826
mot_large_1d-bs.512-ep.300,mot_large_1d,0.5,42,12,0.4426283106939473,0.5299972045670096,0.8609676802447886,0.8597362637519836,0.9584050487664946,1.153448563643213,0.767112810707457,0.7625686526298523,0.9082217973231358
mot_large_1d-bs.512-ep.300,mot_large_1d,0.5,42,13,0.4322421568553529,0.46697192612467636,0.8758844903423216,0.8740271925926208,0.964524765729585,1.053204757077744,0.7759082217973231,0.771583080291748,0.9189292543021033
mot_large_1d-bs.512-ep.300,mot_large_1d,0.5,42,14,0.4211367764821722,0.4462964486884305,0.8831994645247657,0.8817571997642517,0.9646203863071333,1.0567231727147877,0.7824091778202676,0.7765941619873047,0.912810707456979
mot_large_1d-bs.512-ep.300,mot_large_1d,0.5,42,15,0.40935599743717244,0.43809690838403603,0.8837253777012813,0.882533848285675,0.9665806081468732,1.0228171798968635,0.7892925430210325,0.7864861488342285,0.9151051625239006
mot_large_1d-bs.512-ep.300,mot_large_1d,0.5,42,16,0.39694631307311834,0.4472183042239176,0.8852553069420539,0.8848081231117249,0.9643335245744884,1.073152659545665,0.7873804971319311,0.7872812747955322,0.9166347992351817
mot_large_1d-bs.512-ep.300,mot_large_1d,0.5,42,17,0.38395669874474914,0.41625859582827685,0.8885542168674698,0.8857389688491821,0.9685408299866132,1.023667741414466,0.7950286806883365,0.7895054817199707,0.9181644359464627
mot_large_1d-bs.512-ep.300,mot_large_1d,0.5,42,18,0.3704384185254288,0.37248839226797675,0.9011283228150698,0.9003320336341858,0.9720787913558998,1.0195658609014624,0.7869980879541109,0.7825568318367004,0.9227533460803059
mot_large_1d-bs.512-ep.300,mot_large_1d,0.5,42,19,0.35644482289126816,0.3720653801671997,0.9010327022375215,0.8990305066108704,0.9727003251099636,0.9904656623563165,0.7938814531548757,0.7879560589790344,0.9212237093690249
mot_large_1d-bs.512-ep.300,mot_large_1d,0.5,42,20,0.34203113817116954,0.31404019022197655,0.9159495123350545,0.9147749543190002,0.9781506980302161,0.9569095772037542,0.807265774378585,0.8022950887680054,0.9250478011472275
mot_large_1d-bs.512-ep.300,mot_large_1d,0.5,42,21,0.32725424859373686,0.31571104531535277,0.9182922164849876,0.9176325798034668,0.9778160260087971,0.959502899578379,0.7996175908221798,0.7966625690460205,0.9261950286806884
mot_large_1d-bs.512-ep.300,mot_large_1d,0.5,42,22,0.31217247179121366,0.3124874526808289,0.9156626506024096,0.915505051612854,0.9776725951424746,0.965758110323554,0.8015296367112811,0.7962290048599243,0.9277246653919694
mot_large_1d-bs.512-ep.300,mot_large_1d,0.5,42,23,0.2968453286464312,0.28597073838596343,0.9258462421113024,0.925381064414978,0.9792025243832473,0.9408297799513399,0.8022944550669217,0.7965042591094971,0.931548757170172
mot_large_1d-bs.512-ep.300,mot_large_1d,0.5,42,24,0.2813333083910761,0.27902536064836625,0.9276152227959457,0.9258155226707458,0.9817364696882769,0.9507801121553089,0.805736137667304,0.7988908886909485,0.9258126195028681
mot_large_1d-bs.512-ep.300,mot_large_1d,0.5,42,25,0.26569762988232837,0.25601894236769085,0.9348823866896157,0.9333882927894592,0.9832663989290495,0.9530263751232373,0.8019120458891014,0.7947272658348083,0.9292543021032504
mot_large_1d-bs.512-ep.300,mot_large_1d,0.5,42,26,0.25,0.2435062162779011,0.9397590361445783,0.9399795532226562,0.9835532606616944,0.9247252447883212,0.8080305927342256,0.8057883977890015,0.9311663479923518
mot_large_1d-bs.512-ep.300,mot_large_1d,0.5,42,27,0.23430237011767166,0.240983492832472,0.939998087588449,0.9394176602363586,0.9829795371964046,0.9387693656790097,0.8103250478011472,0.8057597279548645,0.9288718929254303
mot_large_1d-bs.512-ep.300,mot_large_1d,0.5,42,28,0.21866669160892396,0.22835399393689726,0.944301013578122,0.9435685873031616,0.9856569133677567,0.917278183304329,0.8118546845124283,0.8068561553955078,0.9334608030592734
mot_large_1d-bs.512-ep.300,mot_large_1d,0.5,42,29,0.20315467135356885,0.21088878103961314,0.9513769363166954,0.9512763023376465,0.9866131191432396,0.9198776894272171,0.8103250478011472,0.8042468428611755,0.930019120458891
mot_large_1d-bs.512-ep.300,mot_large_1d,0.5,42,30,0.1878275282087863,0.21427693230674016,0.9481258366800536,0.9471582174301147,0.9861828265442724,0.9152125560986608,0.8126195028680688,0.8075634837150574,0.9323135755258126
mot_large_1d-bs.512-ep.300,mot_large_1d,0.5,42,31,0.17274575140626322,0.20641664584158576,0.9527156244023713,0.951866090297699,0.9871390323197552,0.8945717084020319,0.8168260038240918,0.8110094666481018,0.9326959847036329
mot_large_1d-bs.512-ep.300,mot_large_1d,0.5,42,32,0.15796886182883058,0.2054549786893604,0.9535283993115319,0.9530748128890991,0.9875215146299484,0.8990953011448934,0.8130019120458891,0.8071037530899048,0.931548757170172
mot_large_1d-bs.512-ep.300,mot_large_1d,0.5,42,33,0.14355517710873184,0.19172264294451977,0.9589309619430101,0.9582776427268982,0.9879518072289156,0.8942274571376823,0.8175908221797323,0.8108112215995789,0.9304015296367113
mot_large_1d-bs.512-ep.300,mot_large_1d,0.5,42,34,0.12956158147457114,0.18859968761751222,0.9595046854082999,0.9593105316162109,0.9882386689615605,0.8959866693325298,0.8179732313575526,0.8134181499481201,0.9323135755258126
mot_large_1d-bs.512-ep.300,mot_large_1d,0.5,42,35,0.11604330125525078,0.18670889163568977,0.9603652706062344,0.9602013230323792,0.9882386689615605,0.89444237703575,0.8168260038240918,0.8114508986473083,0.9326959847036329
mot_large_1d-bs.512-ep.300,mot_large_1d,0.5,42,36,0.10305368692688174,0.1844450647321662,0.9612258558041691,0.9609428644180298,0.9883820998278829,0.8872432584744339,0.8195028680688337,0.815275251865387,0.9319311663479923
mot_large_1d-bs.512-ep.300,mot_large_1d,0.5,42,37,0.09064400256282756,0.17774619999613991,0.9647638171734557,0.9644143581390381,0.9890036335819469,0.8909224508369402,0.8145315487571702,0.8093932867050171,0.9346080305927342
mot_large_1d-bs.512-ep.300,mot_large_1d,0.5,42,38,0.07886322351782782,0.1743776325423532,0.9660068846815835,0.9652813076972961,0.9890992541594952,0.888087467755232,0.8179732313575526,0.8128955364227295,0.931548757170172
mot_large_1d-bs.512-ep.300,mot_large_1d,0.5,42,39,0.06775784314464717,0.1728314214191375,0.9666284184356474,0.9661279916763306,0.9896729776247849,0.8828213365310464,0.8198852772466539,0.8137357831001282,0.9319311663479923
mot_large_1d-bs.512-ep.300,mot_large_1d,0.5,42,40,0.057371689306052714,0.17015373640704232,0.9682539682539683,0.9678723216056824,0.989720787913559,0.8818169705042648,0.8160611854684512,0.810890257358551,0.9323135755258126
mot_large_1d-bs.512-ep.300,mot_large_1d,0.5,42,41,0.047745751406263165,0.16967927331244154,0.9685886402753873,0.9682837724685669,0.9899598393574297,0.8800012555678534,0.8210325047801147,0.8159593939781189,0.9330783938814532
mot_large_1d-bs.512-ep.300,mot_large_1d,0.5,42,42,0.03891801862449629,0.16869200012336888,0.9686364505641614,0.9683186411857605,0.9901510805125263,0.881542599679863,0.8191204588910134,0.8138697743415833,0.9334608030592734
mot_large_1d-bs.512-ep.300,mot_large_1d,0.5,42,43,0.030923329989034104,0.16725244980784898,0.9699751386498374,0.9695620536804199,0.9903423216676229,0.8829835705729789,0.8179732313575526,0.8128002882003784,0.9338432122370937
mot_large_1d-bs.512-ep.300,mot_large_1d,0.5,42,44,0.02379323688349516,0.1665502081730781,0.9697838974947409,0.9694527983665466,0.9902945113788487,0.8821386129404801,0.8202676864244742,0.8152158856391907,0.9342256214149139
mot_large_1d-bs.512-ep.300,mot_large_1d,0.5,42,45,0.017555878527937163,0.16604771352356856,0.9699751386498374,0.9696285724639893,0.9905813731114936,0.8804259393228856,0.8183556405353728,0.8131167888641357,0.9342256214149139
mot_large_1d-bs.512-ep.300,mot_large_1d,0.5,42,46,0.012235870926211617,0.16589404119089243,0.970166379804934,0.9697730541229248,0.9906769936890418,0.8809032374540661,0.8160611854684512,0.8111503720283508,0.9338432122370937
mot_large_1d-bs.512-ep.300,mot_large_1d,0.5,42,47,0.007854209717842259,0.16566775599271943,0.970501051826353,0.9700807929039001,0.990724803977816,0.8808432132290609,0.8183556405353728,0.8134047985076904,0.9342256214149139
mot_large_1d-bs.512-ep.300,mot_large_1d,0.5,42,48,0.00442818731782782,0.16558220450794703,0.9705966724039014,0.9702142477035522,0.9908204245553643,0.8810561914972775,0.817208413001912,0.8123171329498291,0.9338432122370937
mot_large_1d-bs.512-ep.300,mot_large_1d,0.5,42,49,0.0019713246713805588,0.16555630697942322,0.9704532415375788,0.9700295925140381,0.9907726142665901,0.8810682059701952,0.8175908221797323,0.8126296401023865,0.9334608030592734
mot_large_1d-bs.512-ep.300,mot_large_1d,0.5,42,50,0.0004933178929321103,0.165549510887235,0.970501051826353,0.9700808525085449,0.9907726142665901,0.8810831649809449,0.8175908221797323,0.8126296401023865,0.9334608030592734
mot_large_1d-bs.512-ep.300,mot_large_1d,0.7,42,1,0.7,2.208101192699789,0.6142665901702046,0.6121172904968262,0.8132052017594186,2.5292310200503407,0.5751434034416826,0.5779697299003601,0.7812619502868069
mot_large_1d-bs.512-ep.300,mot_large_1d,0.7,42,2,0.699309354949895,1.6001403324917276,0.699607955632052,0.6915523409843445,0.8743067508127749,2.0149799354217706,0.654302103250478,0.648712158203125,0.8393881453154876
mot_large_1d-bs.512-ep.300,mot_large_1d,0.7,42,3,0.6972401454600672,1.308672617352198,0.7415853891757507,0.7379962801933289,0.8999330655957162,1.7228878393227922,0.6948374760994264,0.6896988153457642,0.8707456978967495
mot_large_1d-bs.512-ep.300,mot_large_1d,0.7,42,4,0.6938005377550409,1.2793717981638701,0.7547332185886403,0.7528135776519775,0.9061005928475808,1.8540217995871549,0.6822179732313576,0.6860852241516113,0.8680688336520076
mot_large_1d-bs.512-ep.300,mot_large_1d,0.7,42,5,0.6890041063950206,1.1522691120812305,0.7772996748900364,0.772102415561676,0.9140849110728628,1.7304553190563194,0.7151051625239006,0.7111309766769409,0.8745697896749522
mot_large_1d-bs.512-ep.300,mot_large_1d,0.7,42,6,0.6828697807033035,0.9714433933038469,0.7965672212660164,0.7928726077079773,0.9302447886785237,1.6275735960863744,0.7216061185468451,0.7165824770927429,0.8822179732313575
mot_large_1d-bs.512-ep.300,mot_large_1d,0.7,42,7,0.6754217700608878,0.9654922797224402,0.8035475234270415,0.7990373969078064,0.9310575635876841,1.5738126926166833,0.7311663479923518,0.7252488732337952,0.8940726577437859
mot_large_1d-bs.512-ep.300,mot_large_1d,0.7,42,8,0.6666894683631067,0.7624085032933071,0.8293650793650794,0.8289169073104858,0.9449225473321858,1.4324310302734375,0.7575525812619502,0.7541430592536926,0.8959847036328872
mot_large_1d-bs.512-ep.300,mot_large_1d,0.7,42,9,0.6567073380153521,0.7349304514556844,0.8341939185312679,0.8323242664337158,0.9486517498565691,1.398352354206501,0.7502868068833652,0.7448655962944031,0.9032504780114723
mot_large_1d-bs.512-ep.300,mot_large_1d,0.7,42,10,0.6455147739257051,0.7160344520520698,0.840504876649455,0.836316704750061,0.9493689041881813,1.3734506494000582,0.7652007648183556,0.7608696222305298,0.904397705544933
mot_large_1d-bs.512-ep.300,mot_large_1d,0.7,42,11,0.6331559480312314,0.6675061716315714,0.8443775100401606,0.8431240320205688,0.9553451902849494,1.391734315423619,0.7655831739961759,0.7584413886070251,0.9089866156787763
mot_large_1d-bs.512-ep.300,mot_large_1d,0.7,42,12,0.619679634971526,0.6678060593443633,0.848154522853318,0.8461682200431824,0.9539586919104991,1.4973307884901932,0.7537284894837476,0.7490999102592468,0.8998087954110898
mot_large_1d-bs.512-ep.300,mot_large_1d,0.7,42,13,0.6051390195974938,0.5690194026624571,0.8624976094855613,0.8608245253562927,0.9623733027347485,1.3295965205642963,0.7705544933078394,0.7653928995132446,0.9131931166347992
mot_large_1d-bs.512-ep.300,mot_large_1d,0.7,42,14,0.5895914870750408,0.5573863778886705,0.8689998087588449,0.8671348094940186,0.9606521323388794,1.3412416257548287,0.7705544933078394,0.7657638788223267,0.9101338432122371
mot_large_1d-bs.512-ep.300,mot_large_1d,0.7,42,15,0.5730983964120412,0.5248924614845578,0.8729680627270989,0.8716810345649719,0.9629470262000382,1.3028674153023423,0.7766730401529637,0.7714851498603821,0.9101338432122371
mot_large_1d-bs.512-ep.300,mot_large_1d,0.7,42,16,0.5557248383023655,0.535595148647919,0.8722987186842609,0.8722363114356995,0.9600784088735896,1.3449105344812455,0.7759082217973231,0.7741691470146179,0.9120458891013384
mot_large_1d-bs.512-ep.300,mot_large_1d,0.7,42,17,0.5375393782426486,0.5145222347355819,0.8753107668770319,0.8736152052879333,0.9647638171734557,1.293443829334033,0.7854684512428298,0.7798816561698914,0.91434034416826
mot_large_1d-bs.512-ep.300,mot_large_1d,0.7,42,18,0.5186137859356001,0.4451498250747917,0.8879804934021801,0.8867392539978027,0.970501051826353,1.2845634460449218,0.7755258126195028,0.7696574330329895,0.9166347992351817
mot_large_1d-bs.512-ep.300,mot_large_1d,0.7,42,19,0.49902275204777524,0.4233856415470464,0.8926659017020463,0.8907579779624939,0.9699273283610633,1.2339397612766827,0.7862332695984704,0.7805832028388977,0.9151051625239006
mot_large_1d-bs.512-ep.300,mot_large_1d,0.7,42,20,0.47884359343963717,0.34851882926910277,0.9069133677567413,0.9052743315696716,0.9768598202333142,1.1806004671931951,0.8011472275334608,0.795316219329834,0.9204588910133843
mot_large_1d-bs.512-ep.300,mot_large_1d,0.7,42,21,0.45815594803123144,0.3423188445809285,0.9110250525913176,0.9099940657615662,0.9768598202333142,1.1587066840031406,0.7931166347992352,0.788983166217804,0.9231357552581262
mot_large_1d-bs.512-ep.300,mot_large_1d,0.7,42,22,0.437041460507699,0.33613729376618734,0.9112641040351884,0.911283552646637,0.9766685790782176,1.1735393166769987,0.7915869980879541,0.7845829129219055,0.9261950286806884
mot_large_1d-bs.512-ep.300,mot_large_1d,0.7,42,23,0.4155834601050035,0.3001779589376707,0.9207783515012431,0.9199614524841309,0.9785331803404093,1.14230686136687,0.7908221797323136,0.7863425612449646,0.9292543021032504
mot_large_1d-bs.512-ep.300,mot_large_1d,0.7,42,24,0.3938666317475064,0.2896049203688475,0.9228820042073054,0.9209480881690979,0.9819277108433735,1.1524123634936476,0.7984703632887189,0.7934445738792419,0.9239005736137668
mot_large_1d-bs.512-ep.300,mot_large_1d,0.7,42,25,0.37197668183525956,0.25654539206580146,0.9311531841652324,0.9293559193611145,0.9844616561484031,1.1565651333810723,0.795793499043977,0.7911913990974426,0.9273422562141491
mot_large_1d-bs.512-ep.300,mot_large_1d,0.7,42,26,0.34999999999999987,0.23592272587227398,0.9369860393956779,0.9380790591239929,0.9839835532606617,1.1007287596197475,0.8015296367112811,0.7986422777175903,0.92848948374761
mot_large_1d-bs.512-ep.300,mot_large_1d,0.7,42,27,0.3280233181647402,0.23310076180460074,0.9379422451711609,0.9372134208679199,0.9837923121055652,1.125998029836505,0.7992351816443595,0.7937646508216858,0.9281070745697897
mot_large_1d-bs.512-ep.300,mot_large_1d,0.7,42,28,0.3061333682524934,0.20578673561163308,0.9456397016637981,0.9449388384819031,0.9869477911646586,1.0871163216877167,0.8053537284894837,0.799662709236145,0.9326959847036329
mot_large_1d-bs.512-ep.300,mot_large_1d,0.7,42,29,0.28441653989499627,0.1843351119561778,0.9536240198890801,0.953590989112854,0.9874258940524001,1.0927083323608164,0.8045889101338433,0.7980180978775024,0.9288718929254303
mot_large_1d-bs.512-ep.300,mot_large_1d,0.7,42,30,0.2629585394923007,0.1871492256737959,0.9518550392044368,0.9509569406509399,0.9874258940524001,1.0815977078322927,0.8045889101338433,0.7989898920059204,0.9296367112810707
mot_large_1d-bs.512-ep.300,mot_large_1d,0.7,42,31,0.2418440519687684,0.17837970916571502,0.9549627079747561,0.9545263648033142,0.9889558232931727,1.0588280730676012,0.8107074569789675,0.8048727512359619,0.930019120458891
mot_large_1d-bs.512-ep.300,mot_large_1d,0.7,42,32,0.2211564065603627,0.17367649351941808,0.9561101549053356,0.955481767654419,0.9888123924268503,1.0622185818323897,0.8076481835564053,0.8023509383201599,0.931548757170172
mot_large_1d-bs.512-ep.300,mot_large_1d,0.7,42,33,0.20097724795222446,0.15567263241000237,0.9635685599541022,0.9629254341125488,0.9897685982023331,1.0528506539747775,0.815678776290631,0.8089324235916138,0.9288718929254303
mot_large_1d-bs.512-ep.300,mot_large_1d,0.7,42,34,0.1813862140643995,0.1526921682728023,0.9643813348632626,0.9645395874977112,0.9899120290686556,1.0560574095746071,0.8130019120458891,0.8089834451675415,0.9326959847036329
mot_large_1d-bs.512-ep.300,mot_large_1d,0.7,42,35,0.16246062175735101,0.1508073266912633,0.964190093708166,0.9644208550453186,0.9902945113788487,1.054197176464657,0.8122370936902485,0.8070850968360901,0.931548757170172
mot_large_1d-bs.512-ep.300,mot_large_1d,0.7,42,36,0.14427516169763435,0.1462782779143905,0.9668674698795181,0.9668018817901611,0.9904379422451711,1.0462767139675513,0.8122370936902485,0.8071954250335693,0.9342256214149139
mot_large_1d-bs.512-ep.300,mot_large_1d,0.7,42,37,0.12690160358795852,0.13858100478383317,0.9713616370242876,0.971392810344696,0.9910116657104608,1.046819931234502,0.8091778202676865,0.8052895069122314,0.9323135755258126
mot_large_1d-bs.512-ep.300,mot_large_1d,0.7,42,38,0.11040851292495889,0.13505079676029352,0.9718875502008032,0.9714792370796204,0.9912985274431058,1.0472297755983546,0.8095602294455067,0.804042637348175,0.9319311663479923
mot_large_1d-bs.512-ep.300,mot_large_1d,0.7,42,39,0.09486098040250598,0.13298723095346532,0.9723656530885446,0.9721851348876953,0.9922069229298145,1.0411291935703721,0.8107074569789675,0.8054847121238708,0.9330783938814532
mot_large_1d-bs.512-ep.300,mot_large_1d,0.7,42,40,0.08032036502847376,0.12951188293554788,0.974469305794607,0.9743630886077881,0.9920156817747179,1.0368479157952917,0.8103250478011472,0.8053616285324097,0.9326959847036329
mot_large_1d-bs.512-ep.300,mot_large_1d,0.7,42,41,0.06684405196876839,0.1288062022187829,0.9737043411742207,0.973652720451355,0.9923025435073628,1.0352050547845961,0.8137667304015297,0.8082235455513,0.9342256214149139
mot_large_1d-bs.512-ep.300,mot_large_1d,0.7,42,42,0.05448522607429477,0.1277807077592772,0.974803977816026,0.9746930003166199,0.9922547332185886,1.0374434053555956,0.8107074569789675,0.8049619197845459,0.9342256214149139
mot_large_1d-bs.512-ep.300,mot_large_1d,0.7,42,43,0.04329266198464772,0.1259004905589066,0.9762382864792504,0.9759864807128906,0.9925415949512335,1.0389828829646794,0.8099426386233269,0.8059360980987549,0.9338432122370937
mot_large_1d-bs.512-ep.300,mot_large_1d,0.7,42,44,0.03331053163689321,0.12500097444304137,0.9757601835915088,0.9758111834526062,0.9928762669726525,1.037782077534021,0.8107074569789675,0.8059642910957336,0.9346080305927342
mot_large_1d-bs.512-ep.300,mot_large_1d,0.7,42,45,0.024578229939112014,0.12440412079633639,0.9760948556129279,0.9758808016777039,0.9929718875502008,1.035769049387361,0.8133843212237094,0.8090149164199829,0.9346080305927342
mot_large_1d-bs.512-ep.300,mot_large_1d,0.7,42,46,0.017130219296696253,0.12418472329159953,0.9757123733027347,0.9755565524101257,0.9929718875502008,1.0362511220899184,0.8118546845124283,0.8074275255203247,0.9346080305927342
mot_large_1d-bs.512-ep.300,mot_large_1d,0.7,42,47,0.010995893604979155,0.12393548461715631,0.9760470453241538,0.975913405418396,0.9929718875502008,1.0360924131783655,0.8118546845124283,0.8065931797027588,0.9349904397705545
mot_large_1d-bs.512-ep.300,mot_large_1d,0.7,42,48,0.006199462244958943,0.12382103065889044,0.9761904761904762,0.9760709404945374,0.9929240772614266,1.0364529844907684,0.8118546845124283,0.8070133924484253,0.9349904397705545
mot_large_1d-bs.512-ep.300,mot_large_1d,0.7,42,49,0.0027598545399327803,0.12379170982439629,0.9762382864792504,0.9761120080947876,0.9929718875502008,1.0364634118162195,0.8118546845124283,0.8070133924484253,0.9346080305927342
mot_large_1d-bs.512-ep.300,mot_large_1d,0.7,42,50,0.0006906450501049539,0.12378368185728726,0.9761904761904762,0.9760701656341553,0.9929718875502008,1.036475699080108,0.8118546845124283,0.8070133924484253,0.9346080305927342
mot_large_1d-bs.512-ep.300,mot_large_1d,1.0,42,1,1.0,3.205423025721048,0.5983935742971888,0.5931131839752197,0.7959456875119526,3.63801936483292,0.567112810707457,0.5610920786857605,0.7636711281070746
mot_large_1d-bs.512-ep.300,mot_large_1d,1.0,42,2,0.9990133642141358,2.251540887467513,0.6864123159303882,0.6782168745994568,0.8618760757314974,2.7837558505639977,0.6451242829827916,0.6387073397636414,0.8340344168260039
mot_large_1d-bs.512-ep.300,mot_large_1d,1.0,42,3,0.996057350657239,1.9708687761678456,0.7194492254733219,0.7166527509689331,0.888602027156244,2.6633375587244563,0.6646271510516253,0.6624298095703125,0.8554493307839388
mot_large_1d-bs.512-ep.300,mot_large_1d,1.0,42,4,0.9911436253643444,1.8564013462719577,0.7445974373685217,0.7416207790374756,0.8982597054886211,2.693004646082453,0.6745697896749522,0.672329843044281,0.8562141491395794
mot_large_1d-bs.512-ep.300,mot_large_1d,1.0,42,5,0.9842915805643155,1.5181531869651574,0.775530694205393,0.770103931427002,0.9138458596289921,2.335614896230898,0.7131931166347992,0.70688796043396,0.874187380497132
mot_large_1d-bs.512-ep.300,mot_large_1d,1.0,42,6,0.9755282581475768,1.5298233293032504,0.7674507554025626,0.7643094062805176,0.917431631287053,2.369906435322807,0.7089866156787763,0.7048131823539734,0.8753346080305927
mot_large_1d-bs.512-ep.300,mot_large_1d,1.0,42,7,0.9648882429441257,1.392712271539539,0.7834672021419009,0.7799556851387024,0.9262287244214955,2.263357278448218,0.7204588910133843,0.7147068977355957,0.8829827915869981
mot_large_1d-bs.512-ep.300,mot_large_1d,1.0,42,8,0.9524135262330098,1.1821175788825409,0.8054121246892332,0.8050616383552551,0.9371772805507745,2.0941714605911286,0.7361376673040153,0.7310667634010315,0.8967495219885278
mot_large_1d-bs.512-ep.300,mot_large_1d,1.0,42,9,0.9381533400219317,1.1963707699924337,0.8078504494167145,0.8037812113761902,0.9357907821763244,2.1971305890931228,0.7376673040152963,0.7331054210662842,0.8921606118546845
mot_large_1d-bs.512-ep.300,mot_large_1d,1.0,42,10,0.9221639627510075,1.0792907881540694,0.8197552113214763,0.8155755400657654,0.9436794798240581,1.9932175266127286,0.7525812619502869,0.7475507259368896,0.897131931166348
mot_large_1d-bs.512-ep.300,mot_large_1d,1.0,42,11,0.9045084971874737,1.008582138882971,0.8240581373111494,0.8225236535072327,0.9504207305412125,2.077113922877704,0.749904397705545,0.7428951263427734,0.8967495219885278
mot_large_1d-bs.512-ep.300,mot_large_1d,1.0,42,12,0.8852566213878946,0.9765536869477305,0.8342895391088162,0.8323888182640076,0.9497035762096003,2.1460128419485875,0.7434034416826004,0.7382974028587341,0.8952198852772466
mot_large_1d-bs.512-ep.300,mot_large_1d,1.0,42,13,0.8644843137107058,0.8324730776080804,0.8494454006502199,0.8473296165466309,0.9540543124880474,1.9906320400493323,0.7541108986615679,0.7487771511077881,0.904397705544933
mot_large_1d-bs.512-ep.300,mot_large_1d,1.0,42,14,0.8422735529643444,0.7300350813319428,0.8649359342130426,0.8623709678649902,0.9594568751195257,1.8768839688419612,0.7606118546845124,0.7548078298568726,0.9082217973231358
mot_large_1d-bs.512-ep.300,mot_large_1d,1.0,42,15,0.8187119948743449,0.7366080968962229,0.8632625741059476,0.8613283038139343,0.9590743928093326,1.8403133268338088,0.7697896749521989,0.7642819881439209,0.9066921606118546
mot_large_1d-bs.512-ep.300,mot_large_1d,1.0,42,16,0.7938926261462367,0.8111640535683996,0.8528877414419583,0.8531564474105835,0.9565882577930771,2.01405618642074,0.7606118546845124,0.7585495114326477,0.904397705544933
mot_large_1d-bs.512-ep.300,mot_large_1d,1.0,42,17,0.7679133974894983,0.7508237384249726,0.8594377510040161,0.8580849170684814,0.959552495697074,1.8546390132284074,0.7674952198852772,0.761417031288147,0.9082217973231358
mot_large_1d-bs.512-ep.300,mot_large_1d,1.0,42,18,0.7408768370508576,0.6267638252989287,0.8768406961178046,0.8750706315040588,0.9672977624784854,1.8569719099405846,0.7648183556405354,0.7606936693191528,0.9093690248565965
mot_large_1d-bs.512-ep.300,mot_large_1d,1.0,42,19,0.7128896457825363,0.6174330224405399,0.8785140562248996,0.8755131363868713,0.9678236756550009,1.792558599293346,0.772848948374761,0.7651811242103577,0.9101338432122371
mot_large_1d-bs.512-ep.300,mot_large_1d,1.0,42,20,0.6840622763423391,0.4738309113011348,0.8956301396060432,0.8933489918708801,0.9733696691528017,1.6734765528720834,0.7847036328871893,0.7799167037010193,0.9154875717017208
mot_large_1d-bs.512-ep.300,mot_large_1d,1.0,42,21,0.6545084971874737,0.4325712887090441,0.9060527825588066,0.9049758315086365,0.9746127366609294,1.6001707846530309,0.7892925430210325,0.7856758236885071,0.920076481835564
mot_large_1d-bs.512-ep.300,mot_large_1d,1.0,42,22,0.6243449435824273,0.4464912342509979,0.9006502199273284,0.900034487247467,0.9753777012813157,1.6514619407872624,0.7835564053537285,0.7780443429946899,0.9181644359464627
mot_large_1d-bs.512-ep.300,mot_large_1d,1.0,42,23,0.5936906572928624,0.38933855925538297,0.9117422069229298,0.9103543758392334,0.9767641996557659,1.576133313735174,0.788527724665392,0.7850319743156433,0.9258126195028681
mot_large_1d-bs.512-ep.300,mot_large_1d,1.0,42,24,0.5626666167821522,0.3660548420430233,0.9160929432013769,0.9142782092094421,0.9803499713138267,1.5721035346474292,0.7866156787762907,0.7818684577941895,0.9223709369024856
mot_large_1d-bs.512-ep.300,mot_large_1d,1.0,42,25,0.5313952597646567,0.3127154812892141,0.9248422260470454,0.9222080111503601,0.9832663989290495,1.592317107804191,0.7881453154875717,0.7831228375434875,0.9216061185468452
mot_large_1d-bs.512-ep.300,mot_large_1d,1.0,42,26,0.5,0.27256311559157337,0.9322050105182635,0.9329910278320312,0.9835532606616944,1.4997395210922562,0.794263862332696,0.7921187877655029,0.9261950286806884
mot_large_1d-bs.512-ep.300,mot_large_1d,1.0,42,27,0.4686047402353433,0.2706266758341159,0.9322528208070376,0.9315510392189026,0.9839357429718876,1.518826010942915,0.795793499043977,0.791187047958374,0.9258126195028681
mot_large_1d-bs.512-ep.300,mot_large_1d,1.0,42,28,0.4373333832178479,0.21961460452755496,0.9430101357812202,0.9424309730529785,0.9867087397207879,1.4547242815590269,0.8022944550669217,0.7982720136642456,0.930019120458891
mot_large_1d-bs.512-ep.300,mot_large_1d,1.0,42,29,0.4063093427071377,0.19171750007475463,0.9520940906483075,0.9522138833999634,0.9875215146299484,1.4758418621114289,0.794263862332696,0.7886819243431091,0.9250478011472275
mot_large_1d-bs.512-ep.300,mot_large_1d,1.0,42,30,0.3756550564175726,0.1890446704531473,0.9505163511187608,0.9495328664779663,0.9881430483840122,1.443445073669317,0.7984703632887189,0.7916489243507385,0.9269598470363288
mot_large_1d-bs.512-ep.300,mot_large_1d,1.0,42,31,0.34549150281252644,0.18000999320463004,0.9531459170013387,0.9528315663337708,0.9892904953145917,1.4173576034049915,0.805736137667304,0.7995526790618896,0.9277246653919694
mot_large_1d-bs.512-ep.300,mot_large_1d,1.0,42,32,0.31593772365766115,0.17035651184172493,0.9554886211512718,0.9551027417182922,0.9895295467584624,1.4214416649783774,0.8015296367112811,0.7960455417633057,0.9281070745697897
mot_large_1d-bs.512-ep.300,mot_large_1d,1.0,42,33,0.28711035421746367,0.14052125276400315,0.9640944731306177,0.9634309411048889,0.990055459934978,1.4080967948723933,0.8084130019120459,0.8011533617973328,0.9265774378585087
mot_large_1d-bs.512-ep.300,mot_large_1d,1.0,42,34,0.2591231629491423,0.13654099919185467,0.9660546949703577,0.9662714600563049,0.9903423216676229,1.4073689360463597,0.8019120458891014,0.7985812425613403,0.9307839388145316
mot_large_1d-bs.512-ep.300,mot_large_1d,1.0,42,35,0.23208660251050156,0.13114946506109582,0.9665806081468732,0.9671965837478638,0.9912507171543317,1.402137797193363,0.804206500956023,0.7978023290634155,0.9304015296367113
mot_large_1d-bs.512-ep.300,mot_large_1d,1.0,42,36,0.2061073738537635,0.12316932470079452,0.9694492254733219,0.969412624835968,0.9917766303308472,1.393322164561051,0.8015296367112811,0.7977654337882996,0.9307839388145316
mot_large_1d-bs.512-ep.300,mot_large_1d,1.0,42,37,0.18128800512565513,0.11469806443210952,0.97346528973035,0.9736344814300537,0.9926372155287818,1.3918610275589485,0.7996175908221798,0.795094907283783,0.9307839388145316
mot_large_1d-bs.512-ep.300,mot_large_1d,1.0,42,38,0.15772644703565564,0.10972809723171775,0.9746605469497036,0.974321186542511,0.9923503537961369,1.3942725507980551,0.8022944550669217,0.7968019843101501,0.9292543021032504
mot_large_1d-bs.512-ep.300,mot_large_1d,1.0,42,39,0.13551568628929433,0.10658391958487652,0.9758558041690572,0.9756592512130737,0.9929240772614266,1.3893553170373745,0.8019120458891014,0.7964766025543213,0.9292543021032504
mot_large_1d-bs.512-ep.300,mot_large_1d,1.0,42,40,0.11474337861210543,0.10167850000859675,0.9780550774526678,0.9780088663101196,0.9937368521705872,1.3787584512685043,0.8026768642447418,0.7966079711914062,0.9307839388145316
mot_large_1d-bs.512-ep.300,mot_large_1d,1.0,42,41,0.09549150281252633,0.10055455490790036,0.9776247848537005,0.9777188301086426,0.9935934213042646,1.3793086312696994,0.8061185468451243,0.799970269203186,0.931548757170172
mot_large_1d-bs.512-ep.300,mot_large_1d,1.0,42,42,0.07783603724899257,0.09907098695547455,0.9788678523618283,0.9788633584976196,0.9937846624593613,1.381819748012331,0.8045889101338433,0.7992735505104065,0.931548757170172
mot_large_1d-bs.512-ep.300,mot_large_1d,1.0,42,43,0.06184665997806821,0.09642886840765963,0.9795371964046663,0.9793964624404907,0.9937846624593613,1.3841224655822404,0.8034416826003824,0.7986418008804321,0.931548757170172
mot_large_1d-bs.512-ep.300,mot_large_1d,1.0,42,44,0.04758647376699032,0.09519224969121963,0.9795850066934404,0.9797106385231018,0.9942627653471027,1.3814467785691211,0.8022944550669217,0.7970953583717346,0.9311663479923518
mot_large_1d-bs.512-ep.300,mot_large_1d,1.0,42,45,0.035111757055874326,0.09451054327573209,0.979776247848537,0.979682445526123,0.9944061962134251,1.3797744984380602,0.8038240917782027,0.7983682155609131,0.9319311663479923
mot_large_1d-bs.512-ep.300,mot_large_1d,1.0,42,46,0.024471741852423234,0.09415747674114733,0.9801587301587301,0.9802115559577942,0.9942149550583286,1.3800997382140296,0.8038240917782027,0.7983943223953247,0.9307839388145316
mot_large_1d-bs.512-ep.300,mot_large_1d,1.0,42,47,0.015708419435684517,0.09383974774751501,0.9800631095811819,0.9800360798835754,0.9944061962134251,1.3798694369897788,0.8030592734225621,0.7978178262710571,0.9311663479923518
mot_large_1d-bs.512-ep.300,mot_large_1d,1.0,42,48,0.00885637463565564,0.09368081099901766,0.9799674890036336,0.9799609184265137,0.9945018167909734,1.3806089237132901,0.8026768642447418,0.79726243019104,0.9307839388145316
mot_large_1d-bs.512-ep.300,mot_large_1d,1.0,42,49,0.0039426493427611176,0.09364034821093938,0.9800631095811819,0.9800625443458557,0.9944540065021993,1.3806162876107269,0.8026768642447418,0.7975401282310486,0.9304015296367113
mot_large_1d-bs.512-ep.300,mot_large_1d,1.0,42,50,0.0009866357858642205,0.09362936440515436,0.980110919869956,0.9801017642021179,0.9944540065021993,1.3806389190498776,0.8026768642447418,0.7975401282310486,0.9304015296367113
mot_small-base_1d-bs.512-ep.300,mot_small_1d,0.1,42,1,0.1,1.8301355686942804,0.6093421304264678,0.5965761542320251,0.8086154140371008,1.924901176729804,0.5789674952198853,0.5678224563598633,0.7804971319311663
mot_small-base_1d-bs.512-ep.300,mot_small_1d,0.1,42,2,0.09990133642141358,1.4617578911722038,0.6917670682730924,0.6826416254043579,0.8544176706827309,1.576459300404069,0.6573613766730402,0.6508821845054626,0.8321223709369024
mot_small-base_1d-bs.512-ep.300,mot_small_1d,0.1,42,3,0.0996057350657239,1.3038395188419694,0.7202141900937081,0.7128580212593079,0.8722509083954867,1.4650108176937067,0.6734225621414914,0.6714352369308472,0.8451242829827916
mot_small-base_1d-bs.512-ep.300,mot_small_1d,0.1,42,4,0.09911436253643444,1.2018589181000883,0.7386689615605279,0.730593204498291,0.8823866896156053,1.3701616407580404,0.692925430210325,0.6875318884849548,0.8573613766730401
mot_small-base_1d-bs.512-ep.300,mot_small_1d,0.1,42,5,0.09842915805643154,1.1166615135060096,0.7628131573914706,0.7574928402900696,0.8923790399694014,1.2990485094701354,0.7021032504780115,0.6997556090354919,0.8703632887189292
mot_small-base_1d-bs.512-ep.300,mot_small_1d,0.1,42,6,0.09755282581475767,1.0699400683848208,0.7718014916810098,0.7668837904930115,0.8966819659590743,1.2682611658741823,0.7089866156787763,0.7098608613014221,0.8726577437858508
mot_small-base_1d-bs.512-ep.300,mot_small_1d,0.1,42,7,0.09648882429441256,1.0256468247081518,0.7777777777777778,0.7719926238059998,0.901845477146682,1.2315039640174996,0.7154875717017208,0.7110356688499451,0.8787762906309752
mot_small-base_1d-bs.512-ep.300,mot_small_1d,0.1,42,8,0.09524135262330098,0.9824314774006041,0.7890131956397016,0.7847082018852234,0.9080130043985466,1.2072239119053798,0.7254302103250478,0.7254220843315125,0.8783938814531549
mot_small-base_1d-bs.512-ep.300,mot_small_1d,0.1,42,9,0.09381533400219318,0.9578176484916834,0.7894912985274432,0.784486711025238,0.9098297953719641,1.182916008856283,0.7204588910133843,0.7203488349914551,0.8841300191204589
mot_small-base_1d-bs.512-ep.300,mot_small_1d,0.1,42,10,0.09221639627510075,0.9227506904215401,0.8011570089883343,0.7951363921165466,0.9116465863453815,1.1678799820675676,0.7338432122370937,0.7329155802726746,0.8833652007648184
mot_small-base_1d-bs.512-ep.300,mot_small_1d,0.1,42,11,0.09045084971874737,0.9064489057493109,0.8021610250525913,0.7978507876396179,0.9143239625167336,1.1522170509936476,0.7361376673040153,0.734811007976532,0.8848948374760994
mot_small-base_1d-bs.512-ep.300,mot_small_1d,0.1,42,12,0.08852566213878946,0.880694598535161,0.81033658443297,0.8052789568901062,0.9165710460891183,1.1366326414148393,0.7369024856596559,0.7368866801261902,0.8891013384321224
mot_small-base_1d-bs.512-ep.300,mot_small_1d,0.1,42,13,0.08644843137107057,0.862119555769698,0.8132530120481928,0.8088122606277466,0.9192006119716963,1.1265167177977116,0.7376673040152963,0.7379190325737,0.8887189292543021
mot_small-base_1d-bs.512-ep.300,mot_small_1d,0.1,42,14,0.08422735529643442,0.8449290768551676,0.816982214572576,0.8120864629745483,0.9217823675655001,1.1219328871192713,0.7391969407265775,0.7363181114196777,0.8868068833652007
mot_small-base_1d-bs.512-ep.300,mot_small_1d,0.1,42,15,0.08187119948743447,0.829847382322783,0.8207114170969593,0.8156053423881531,0.9233122968062727,1.104934801790956,0.7453154875717017,0.7439117431640625,0.8864244741873805
mot_small-base_1d-bs.512-ep.300,mot_small_1d,0.1,42,16,0.07938926261462366,0.8157309154452865,0.8235322241346338,0.8184535503387451,0.9245075540256263,1.1014919332062993,0.7422562141491396,0.7409814596176147,0.8887189292543021
mot_small-base_1d-bs.512-ep.300,mot_small_1d,0.1,42,17,0.07679133974894982,0.8008461954215672,0.8285523044559189,0.8236740827560425,0.9241728820042073,1.0902388476049012,0.751434034416826,0.7499753832817078,0.8887189292543021
mot_small-base_1d-bs.512-ep.300,mot_small_1d,0.1,42,18,0.07408768370508576,0.7945348273091436,0.8276439089692101,0.821910560131073,0.9257506215337541,1.0801426933098934,0.7502868068833652,0.7482736110687256,0.8891013384321224
mot_small-base_1d-bs.512-ep.300,mot_small_1d,0.1,42,19,0.07128896457825362,0.784824349634459,0.8313253012048193,0.8277024030685425,0.9269458787531076,1.0856139407331127,0.7479923518164436,0.748363196849823,0.8879541108986616
mot_small-base_1d-bs.512-ep.300,mot_small_1d,0.1,42,20,0.06840622763423389,0.776774713928783,0.8299866131191432,0.826270341873169,0.9279498948173647,1.0777678188812665,0.7495219885277247,0.7488923072814941,0.8921606118546845
mot_small-base_1d-bs.512-ep.300,mot_small_1d,0.1,42,21,0.06545084971874736,0.7652116869621692,0.8352457448842991,0.8308481574058533,0.9295754446356856,1.0685249868360123,0.7548757170172085,0.7550247311592102,0.892925430210325
mot_small-base_1d-bs.512-ep.300,mot_small_1d,0.1,42,22,0.06243449435824272,0.75849581430464,0.8362497609485561,0.8320193290710449,0.9295754446356856,1.0682197891731335,0.749904397705545,0.748710572719574,0.891395793499044
mot_small-base_1d-bs.512-ep.300,mot_small_1d,0.1,42,23,0.05936906572928623,0.74768014190347,0.8398355326066169,0.8355151414871216,0.9311531841652324,1.057479855480887,0.7552581261950286,0.7544165849685669,0.892925430210325
mot_small-base_1d-bs.512-ep.300,mot_small_1d,0.1,42,24,0.056266661678215216,0.7410925492932131,0.8404092560719066,0.8355622887611389,0.9311531841652324,1.0568791639280593,0.7567877629063098,0.7554369568824768,0.892925430210325
mot_small-base_1d-bs.512-ep.300,mot_small_1d,0.1,42,25,0.053139525976465665,0.7375005673532345,0.8424172882004207,0.8383032083511353,0.9322050105182635,1.0529913761875598,0.7560229445506692,0.7542111277580261,0.8936902485659656
mot_small-base_1d-bs.512-ep.300,mot_small_1d,0.1,42,26,0.049999999999999996,0.7313714413142245,0.8417001338688086,0.837689220905304,0.9330655957161981,1.0494398682340838,0.7560229445506692,0.7543985247612,0.891395793499044
mot_small-base_1d-bs.512-ep.300,mot_small_1d,0.1,42,27,0.046860474023534326,0.7256659786613203,0.8449990437942245,0.8404785394668579,0.9335915088927137,1.0476699143477197,0.7544933078393882,0.7539586424827576,0.8952198852772466
mot_small-base_1d-bs.512-ep.300,mot_small_1d,0.1,42,28,0.04373333832178478,0.7205163821090724,0.8444731306177089,0.8402283191680908,0.9338783706253586,1.0433741567695574,0.7609942638623327,0.7606185078620911,0.8940726577437859
mot_small-base_1d-bs.512-ep.300,mot_small_1d,0.1,42,29,0.040630934270713764,0.7156530034817936,0.8461943010135782,0.8417781591415405,0.9351692484222605,1.0402206683477981,0.7667304015296367,0.7651249766349792,0.8956022944550669
mot_small-base_1d-bs.512-ep.300,mot_small_1d,0.1,42,30,0.03756550564175726,0.7132822949746344,0.8465289730349971,0.8424528241157532,0.9343564735131,1.0453624980627465,0.7575525812619502,0.7569806575775146,0.8944550669216061
mot_small-base_1d-bs.512-ep.300,mot_small_1d,0.1,42,31,0.03454915028125265,0.7081243880142968,0.8489194874737044,0.8446254730224609,0.9351214381334864,1.039767024257215,0.7575525812619502,0.7570255398750305,0.8959847036328872
mot_small-base_1d-bs.512-ep.300,mot_small_1d,0.1,42,32,0.03159377236576612,0.7062177275079321,0.8483935742971888,0.8440985679626465,0.9363645056416141,1.0398604631879818,0.7575525812619502,0.7569817304611206,0.8952198852772466
mot_small-base_1d-bs.512-ep.300,mot_small_1d,0.1,42,33,0.028711035421746366,0.7026336011158894,0.8490629183400268,0.8447821140289307,0.9353604895773571,1.0359276124213894,0.7632887189292543,0.763333261013031,0.8982791586998088
mot_small-base_1d-bs.512-ep.300,mot_small_1d,0.1,42,34,0.025912316294914226,0.7005257295545416,0.8492063492063492,0.8452349901199341,0.9359820233314209,1.0392779363045046,0.761376673040153,0.7623956203460693,0.8975143403441682
mot_small-base_1d-bs.512-ep.300,mot_small_1d,0.1,42,35,0.023208660251050155,0.6980175759510092,0.8510709504685409,0.8470145463943481,0.9367469879518072,1.0339060343930189,0.7621414913957935,0.762656033039093,0.8967495219885278
mot_small-base_1d-bs.512-ep.300,mot_small_1d,0.1,42,36,0.020610737385376346,0.6958186769148067,0.8506406578695735,0.8466175198554993,0.9374163319946452,1.0310502644934572,0.7625239005736137,0.7616743445396423,0.8967495219885278
mot_small-base_1d-bs.512-ep.300,mot_small_1d,0.1,42,37,0.01812880051256551,0.6941270020295794,0.8505928475807993,0.8462404608726501,0.9368426085293555,1.0312684797648035,0.7617590822179733,0.7617904543876648,0.8959847036328872
mot_small-base_1d-bs.512-ep.300,mot_small_1d,0.1,42,38,0.015772644703565562,0.6928048266076886,0.8515968636450564,0.8476949334144592,0.9375597628609676,1.031474168533121,0.7636711281070746,0.7630917429924011,0.8956022944550669
mot_small-base_1d-bs.512-ep.300,mot_small_1d,0.1,42,39,0.013551568628929433,0.6910920523393448,0.8519315356664754,0.8480531573295593,0.9379422451711609,1.0286523034878032,0.7621414913957935,0.762907862663269,0.8952198852772466
mot_small-base_1d-bs.512-ep.300,mot_small_1d,0.1,42,40,0.011474337861210542,0.689862204774385,0.8530789825970548,0.8488959670066833,0.9378944348823867,1.0281894209735936,0.7640535372848949,0.7636038064956665,0.8967495219885278
mot_small-base_1d-bs.512-ep.300,mot_small_1d,0.1,42,41,0.009549150281252632,0.6890081455612256,0.8533180340409257,0.8494781255722046,0.9381334863262574,1.026937982912957,0.7632887189292543,0.7634809613227844,0.8967495219885278
mot_small-base_1d-bs.512-ep.300,mot_small_1d,0.1,42,42,0.007783603724899257,0.688305845131129,0.8530789825970548,0.8490840792655945,0.9385637789252247,1.0273248326026232,0.7636711281070746,0.7634357213973999,0.8956022944550669
mot_small-base_1d-bs.512-ep.300,mot_small_1d,0.1,42,43,0.0061846659978068205,0.6877968496883273,0.8528399311531841,0.8487064838409424,0.9385637789252247,1.0271858419560564,0.7632887189292543,0.7633283734321594,0.8967495219885278
mot_small-base_1d-bs.512-ep.300,mot_small_1d,0.1,42,44,0.004758647376699033,0.68735467053937,0.85279212086441,0.8488267660140991,0.9383725377701281,1.027303687655447,0.7640535372848949,0.7645214200019836,0.8956022944550669
mot_small-base_1d-bs.512-ep.300,mot_small_1d,0.1,42,45,0.0035111757055874327,0.6870556009000427,0.8533180340409257,0.8492705821990967,0.9382769171925799,1.0271238133738647,0.7644359464627151,0.7646625638008118,0.8956022944550669
mot_small-base_1d-bs.512-ep.300,mot_small_1d,0.1,42,46,0.0024471741852423235,0.6868580303677274,0.8533180340409257,0.849445641040802,0.9383725377701281,1.027140142903957,0.7659655831739962,0.7660546898841858,0.8959847036328872
mot_small-base_1d-bs.512-ep.300,mot_small_1d,0.1,42,47,0.0015708419435684518,0.6867315059274486,0.8532702237521514,0.8492922782897949,0.9382769171925799,1.027028106047592,0.7648183556405354,0.7650625705718994,0.8963671128107075
mot_small-base_1d-bs.512-ep.300,mot_small_1d,0.1,42,48,0.000885637463565564,0.6866623071804401,0.8533658443296998,0.8494317531585693,0.9382291069038057,1.0270366763521563,0.7644359464627151,0.76424241065979,0.8959847036328872
mot_small-base_1d-bs.512-ep.300,mot_small_1d,0.1,42,49,0.00039426493427611173,0.6866327531252474,0.8533180340409257,0.8493936657905579,0.9382769171925799,1.0270204460187806,0.7644359464627151,0.76424241065979,0.8959847036328872
mot_small-base_1d-bs.512-ep.300,mot_small_1d,0.1,42,50,9.866357858642205e-05,0.6866250250621744,0.8533658443296998,0.8494361639022827,0.9382291069038057,1.0270096408705411,0.7644359464627151,0.76424241065979,0.8959847036328872
mot_small-base_1d-bs.512-ep.300,mot_small_1d,0.3,42,1,0.3,1.4670010218544611,0.6560049722700325,0.646636962890625,0.8383056033658444,1.6478705003202303,0.6137667304015296,0.607846736907959,0.8007648183556405
mot_small-base_1d-bs.512-ep.300,mot_small_1d,0.3,42,2,0.29970400926424073,1.1884542448066073,0.723130617708931,0.7142289876937866,0.8742589405240008,1.3755945384388444,0.6822179732313576,0.6724759936332703,0.8516252390057362
mot_small-base_1d-bs.512-ep.300,mot_small_1d,0.3,42,3,0.2988172051971717,1.0580685510305265,0.7484700707592273,0.7427643537521362,0.8931440045897877,1.3054461900408363,0.6959847036328872,0.6923858523368835,0.8623326959847036
mot_small-base_1d-bs.512-ep.300,mot_small_1d,0.3,42,4,0.29734308760930334,0.9876790031189443,0.7667336010709505,0.7603400945663452,0.8985943775100401,1.278764261570305,0.7017208413001912,0.699367880821228,0.8627151051625239
mot_small-base_1d-bs.512-ep.300,mot_small_1d,0.3,42,5,0.2952874741692947,0.9303989921069369,0.7784471218206158,0.7742130756378174,0.9064830751577739,1.2243445810350815,0.7208413001912046,0.722873330116272,0.8703632887189292
mot_small-base_1d-bs.512-ep.300,mot_small_1d,0.3,42,6,0.2926584774442731,0.8959943410611149,0.7845190284949322,0.7805032134056091,0.9095429336393192,1.2086350698088142,0.7181644359464627,0.7184758186340332,0.8703632887189292
mot_small-base_1d-bs.512-ep.300,mot_small_1d,0.3,42,7,0.28946647288323774,0.8480231428629674,0.7949894817364697,0.7905304431915283,0.9164754255115701,1.181769090583174,0.7235181644359464,0.7230104207992554,0.877246653919694
mot_small-base_1d-bs.512-ep.300,mot_small_1d,0.3,42,8,0.28572405786990296,0.7941961797297309,0.8090457066360681,0.8066721558570862,0.9218779881430483,1.1444999300954903,0.7315487571701721,0.7326375842094421,0.8799235181644359
mot_small-base_1d-bs.512-ep.300,mot_small_1d,0.3,42,9,0.28144600200657954,0.8115871427254778,0.8015394912985274,0.797190248966217,0.9203480589022758,1.1687280702317422,0.7281070745697896,0.729820728302002,0.8780114722753346
mot_small-base_1d-bs.512-ep.300,mot_small_1d,0.3,42,10,0.27664918882530226,0.7677229687779554,0.8124402371390324,0.8059102892875671,0.9251290877796902,1.1489641732968974,0.7346080305927343,0.733156144618988,0.8814531548757171
mot_small-base_1d-bs.512-ep.300,mot_small_1d,0.3,42,11,0.27135254915624213,0.7482425164802509,0.8196595907439281,0.8153917193412781,0.92904953145917,1.12980314003122,0.7361376673040153,0.7346508502960205,0.8860420650095602
mot_small-base_1d-bs.512-ep.300,mot_small_1d,0.3,42,12,0.2655769864163684,0.7225652600957915,0.8232931726907631,0.8213680386543274,0.9325396825396826,1.1237839066047741,0.7434034416826004,0.7473925948143005,0.88565965583174
mot_small-base_1d-bs.512-ep.300,mot_small_1d,0.3,42,13,0.2593452941132117,0.7171038891895708,0.8233409829795372,0.8199913501739502,0.933352457448843,1.121227169583906,0.7380497131931166,0.7351077795028687,0.8879541108986616
mot_small-base_1d-bs.512-ep.300,mot_small_1d,0.3,42,14,0.2526820658893033,0.7072150842663343,0.8261617900172117,0.8216646313667297,0.9339739912029069,1.1372932113151477,0.7346080305927343,0.7320954203605652,0.8894837476099426
mot_small-base_1d-bs.512-ep.300,mot_small_1d,0.3,42,15,0.24561359846230346,0.6668357808997103,0.8385924650984892,0.8347595930099487,0.9372250908395486,1.0903147826915034,0.7472275334608031,0.7476580142974854,0.8875717017208413
mot_small-base_1d-bs.512-ep.300,mot_small_1d,0.3,42,16,0.23816778784387102,0.6654380335819655,0.8397877223178428,0.8363687992095947,0.9372250908395486,1.1044045034375747,0.7430210325047801,0.7454136610031128,0.8898661567877629
mot_small-base_1d-bs.512-ep.300,mot_small_1d,0.3,42,17,0.2303740192468495,0.6399381766699541,0.8466724039013196,0.8432056903839111,0.9401893287435457,1.082821806986063,0.7533460803059273,0.7529202103614807,0.8948374760994264
mot_small-base_1d-bs.512-ep.300,mot_small_1d,0.3,42,18,0.22226305111525732,0.6360749275512462,0.8475329890992541,0.8431159853935242,0.9410977242302544,1.074068163549011,0.7483747609942638,0.7460466623306274,0.8975143403441682
mot_small-base_1d-bs.512-ep.300,mot_small_1d,0.3,42,19,0.21386689373476092,0.6288925850452942,0.8471983170778351,0.8444707989692688,0.9424842226047045,1.0838301941268076,0.7460803059273422,0.7468892931938171,0.8944550669216061
mot_small-base_1d-bs.512-ep.300,mot_small_1d,0.3,42,20,0.20521868290270173,0.6168607278452888,0.851788104800153,0.8495627641677856,0.9435360489577357,1.0785361878958533,0.7525812619502869,0.7528672218322754,0.8933078393881453
mot_small-base_1d-bs.512-ep.300,mot_small_1d,0.3,42,21,0.19635254915624212,0.6120978069250705,0.8509275196022184,0.8486045598983765,0.9462134251290878,1.080922691680733,0.7556405353728489,0.7559835910797119,0.8959847036328872
mot_small-base_1d-bs.512-ep.300,mot_small_1d,0.3,42,22,0.18730348307472822,0.6109996590657178,0.8511665710460892,0.850038468837738,0.9447791164658634,1.0755617028668552,0.7583173996175908,0.7610560655593872,0.8944550669216061
mot_small-base_1d-bs.512-ep.300,mot_small_1d,0.3,42,23,0.17810719718785872,0.5823299552405352,0.8625932300631096,0.8588041663169861,0.9479824058137312,1.048831430584705,0.7606118546845124,0.7583606839179993,0.8959847036328872
mot_small-base_1d-bs.512-ep.300,mot_small_1d,0.3,42,24,0.1687999850346457,0.5767656175099451,0.8638362975712374,0.859854519367218,0.9494167144769554,1.0633062636191257,0.7556405353728489,0.7552280426025391,0.8990439770554494
mot_small-base_1d-bs.512-ep.300,mot_small_1d,0.3,42,25,0.15941857792939704,0.5663021551443346,0.866704914897686,0.8638087511062622,0.9506597819850832,1.0579657166227556,0.7533460803059273,0.752068042755127,0.8998087954110898
mot_small-base_1d-bs.512-ep.300,mot_small_1d,0.3,42,26,0.15000000000000002,0.5631342601721409,0.8669917766303309,0.864260196685791,0.9502294893861158,1.0444910169787434,0.7621414913957935,0.7614135146141052,0.8998087954110898
mot_small-base_1d-bs.512-ep.300,mot_small_1d,0.3,42,27,0.140581422070603,0.5573762042683382,0.8692866704914898,0.865680992603302,0.9519028494932109,1.0491173592853729,0.7590822179732314,0.7606574892997742,0.9021032504780114
mot_small-base_1d-bs.512-ep.300,mot_small_1d,0.3,42,28,0.13120001496535438,0.5559098272347318,0.8679001721170396,0.865099310874939,0.9510900745840505,1.0482201702052274,0.7659655831739962,0.7652806043624878,0.8986615678776291
mot_small-base_1d-bs.512-ep.300,mot_small_1d,0.3,42,29,0.12189280281214132,0.5425694820005001,0.8746892331229681,0.8719014525413513,0.9532893478676612,1.0370984400207637,0.7690248565965583,0.7695217728614807,0.9032504780114723
mot_small-base_1d-bs.512-ep.300,mot_small_1d,0.3,42,30,0.11269651692527179,0.5413374534230497,0.8739242685025818,0.8705379962921143,0.9538152610441767,1.0451405862549294,0.7586998087954111,0.7580961585044861,0.8998087954110898
mot_small-base_1d-bs.512-ep.300,mot_small_1d,0.3,42,31,0.10364745084375795,0.53263915941578,0.8773666092943201,0.8747713565826416,0.9542933639319181,1.0395557615086863,0.7678776290630975,0.7690938711166382,0.8994263862332696
mot_small-base_1d-bs.512-ep.300,mot_small_1d,0.3,42,32,0.09478131709729837,0.5328344136995165,0.8752151462994836,0.8721179962158203,0.9547236565308854,1.0398044243369458,0.7652007648183556,0.765381395816803,0.8990439770554494
mot_small-base_1d-bs.512-ep.300,mot_small_1d,0.3,42,33,0.08613310626523911,0.5255846857773823,0.8795658825779308,0.8771312236785889,0.9554886211512718,1.0349432338036268,0.768642447418738,0.7702662944793701,0.904397705544933
mot_small-base_1d-bs.512-ep.300,mot_small_1d,0.3,42,34,0.0777369488847427,0.5242886711065161,0.8806655192197361,0.8785551190376282,0.954580225664563,1.0382409469575318,0.768642447418738,0.7703063488006592,0.9036328871892926
mot_small-base_1d-bs.512-ep.300,mot_small_1d,0.3,42,35,0.06962598075315048,0.5170785380859725,0.882960413080895,0.8802752494812012,0.9566360680818512,1.02687029574159,0.768642447418738,0.7686151266098022,0.9040152963671129
mot_small-base_1d-bs.512-ep.300,mot_small_1d,0.3,42,36,0.06183221215612905,0.516860277617632,0.8817651558615414,0.8789235949516296,0.9573054121246892,1.0230577501694513,0.7682600382409178,0.7690208554267883,0.9036328871892926
mot_small-base_1d-bs.512-ep.300,mot_small_1d,0.3,42,37,0.05438640153769654,0.5127357819222155,0.8830082233696691,0.8805124163627625,0.9570185503920444,1.0271196616995175,0.7701720841300191,0.7707034349441528,0.9009560229445507
mot_small-base_1d-bs.512-ep.300,mot_small_1d,0.3,42,38,0.047317934110696694,0.5114698749264287,0.8835341365461847,0.8808027505874634,0.9570185503920444,1.0266699767249492,0.7682600382409178,0.7684808373451233,0.9032504780114723
mot_small-base_1d-bs.512-ep.300,mot_small_1d,0.3,42,39,0.0406547058867883,0.5087712036763123,0.8853987378083764,0.8833143711090088,0.9578313253012049,1.0150850460132723,0.7743785850860421,0.7740833163261414,0.9059273422562142
mot_small-base_1d-bs.512-ep.300,mot_small_1d,0.3,42,40,0.03442301358363163,0.5060350658287621,0.8859724612736661,0.8832294344902039,0.958213807611398,1.0198773488031974,0.7701720841300191,0.76964271068573,0.9066921606118546
mot_small-base_1d-bs.512-ep.300,mot_small_1d,0.3,42,41,0.0286474508437579,0.5048598519108405,0.887263339070568,0.8849485516548157,0.9579269458787532,1.0171852505685723,0.772848948374761,0.7738462686538696,0.9082217973231358
mot_small-base_1d-bs.512-ep.300,mot_small_1d,0.3,42,42,0.023350811174697773,0.503861114431189,0.8872155287817939,0.8852276802062988,0.958548479632817,1.0178084247654757,0.7743785850860421,0.7754316926002502,0.9055449330783939
mot_small-base_1d-bs.512-ep.300,mot_small_1d,0.3,42,43,0.018553997993420463,0.5033288750691358,0.8881717345572767,0.8859989643096924,0.9583572384777204,1.0173677068823381,0.7732313575525812,0.7735892534255981,0.9066921606118546
mot_small-base_1d-bs.512-ep.300,mot_small_1d,0.3,42,44,0.014275942130097098,0.5022076903850404,0.8881717345572767,0.8860539793968201,0.9587397207879136,1.0166836492418103,0.772848948374761,0.7737447619438171,0.9070745697896749
mot_small-base_1d-bs.512-ep.300,mot_small_1d,0.3,42,45,0.010533527116762299,0.5017367042166527,0.8886976477337923,0.8864324688911438,0.9589309619430101,1.0166131043297384,0.7747609942638624,0.7752702236175537,0.9066921606118546
mot_small-base_1d-bs.512-ep.300,mot_small_1d,0.3,42,46,0.00734152255572697,0.5015200435100766,0.8886976477337923,0.8866373300552368,0.9590265825205584,1.016922125442534,0.7755258126195028,0.7763001918792725,0.9066921606118546
mot_small-base_1d-bs.512-ep.300,mot_small_1d,0.3,42,47,0.004712525830705355,0.5013178343708142,0.888936699177663,0.8868103623390198,0.9589787722317843,1.0166892407273243,0.7751434034416826,0.7758344411849976,0.9066921606118546
mot_small-base_1d-bs.512-ep.300,mot_small_1d,0.3,42,48,0.0026569123906966916,0.5012438017771654,0.8886498374450181,0.8865139484405518,0.9589787722317843,1.0167054783545761,0.7751434034416826,0.7758693099021912,0.9066921606118546
mot_small-base_1d-bs.512-ep.300,mot_small_1d,0.3,42,49,0.001182794802828335,0.5012115688984197,0.8885542168674698,0.8864266872406006,0.958883151654236,1.016720620441619,0.7759082217973231,0.7767040133476257,0.9066921606118546
mot_small-base_1d-bs.512-ep.300,mot_small_1d,0.3,42,50,0.0002959907357592661,0.5012039351267258,0.8886498374450181,0.8865104913711548,0.9589309619430101,1.016703166195813,0.7759082217973231,0.7767040133476257,0.9066921606118546
mot_small-base_1d-bs.512-ep.300,mot_small_1d,0.5,42,1,0.5,1.51160995525711,0.6486899980875884,0.6410142779350281,0.8302734748517882,1.7558887664036358,0.6068833652007648,0.6085865497589111,0.8003824091778202
mot_small-base_1d-bs.512-ep.300,mot_small_1d,0.5,42,2,0.4995066821070679,1.1986799256526666,0.7173455727672595,0.7090592980384827,0.8700516351118761,1.4422461252595453,0.6730401529636711,0.6640519499778748,0.8458891013384321
mot_small-base_1d-bs.512-ep.300,mot_small_1d,0.5,42,3,0.4980286753286195,1.0579150552434113,0.7389080130043986,0.7336569428443909,0.893239625167336,1.3683750393285805,0.679923518164436,0.6760963201522827,0.8573613766730401
mot_small-base_1d-bs.512-ep.300,mot_small_1d,0.5,42,4,0.4955718126821722,1.035212028183885,0.7471791929623255,0.7429491281509399,0.8923790399694014,1.3992068128421704,0.6875717017208413,0.6872395277023315,0.8527724665391969
mot_small-base_1d-bs.512-ep.300,mot_small_1d,0.5,42,5,0.49214579028215777,0.9751843541638303,0.7584146108242493,0.7525282502174377,0.9013195639701663,1.3540536067225966,0.7036328871892925,0.701615571975708,0.8627151051625239
mot_small-base_1d-bs.512-ep.300,mot_small_1d,0.5,42,6,0.4877641290737884,0.9140933580849042,0.7756741250717154,0.7717265486717224,0.9091126410403518,1.3154394496239394,0.708604206500956,0.707062304019928,0.8627151051625239
mot_small-base_1d-bs.512-ep.300,mot_small_1d,0.5,42,7,0.48244412147206284,0.8817307345838432,0.7828934786766112,0.7769659161567688,0.9128418435647351,1.3038440390709025,0.7135755258126195,0.7098729014396667,0.8680688336520076
mot_small-base_1d-bs.512-ep.300,mot_small_1d,0.5,42,8,0.4762067631165049,0.8140228539220825,0.7961369286670491,0.7941370606422424,0.9205393000573724,1.2630864451537853,0.7254302103250478,0.7285006046295166,0.8760994263862333
mot_small-base_1d-bs.512-ep.300,mot_small_1d,0.5,42,9,0.46907667001096587,0.8025978429068067,0.7984796328169822,0.7946069836616516,0.9231688659399503,1.2577804156972618,0.722753346080306,0.7245213389396667,0.8760994263862333
mot_small-base_1d-bs.512-ep.300,mot_small_1d,0.5,42,10,0.46108198137550377,0.779365148159486,0.8070854847963281,0.8012828826904297,0.9244597437368521,1.2667603326801131,0.7250478011472276,0.7238922715187073,0.8692160611854685
mot_small-base_1d-bs.512-ep.300,mot_small_1d,0.5,42,11,0.45225424859373686,0.7455928772944387,0.8141135972461274,0.8092918395996094,0.9300057372346529,1.224316490858964,0.7292543021032505,0.725968599319458,0.8837476099426386
mot_small-base_1d-bs.512-ep.300,mot_small_1d,0.5,42,12,0.4426283106939473,0.7459018756153707,0.8058902275769746,0.8056827783584595,0.9290973417479441,1.2599532424605828,0.7319311663479924,0.7360891699790955,0.8814531548757171
mot_small-base_1d-bs.512-ep.300,mot_small_1d,0.5,42,13,0.4322421568553529,0.711547805602292,0.8222413463377318,0.8203041553497314,0.935025817555938,1.2372588965450602,0.7304015296367112,0.7299699187278748,0.8837476099426386
mot_small-base_1d-bs.512-ep.300,mot_small_1d,0.5,42,14,0.4211367764821722,0.711443910728246,0.8175559380378657,0.8135251402854919,0.9324918722509083,1.2530248025635233,0.7273422562141492,0.7259929776191711,0.8829827915869981
mot_small-base_1d-bs.512-ep.300,mot_small_1d,0.5,42,15,0.40935599743717244,0.6683150315334884,0.8319946452476573,0.8279621005058289,0.9385159686364506,1.1993849540987616,0.7372848948374761,0.7329022288322449,0.8833652007648184
mot_small-base_1d-bs.512-ep.300,mot_small_1d,0.5,42,16,0.39694631307311834,0.6686645508906791,0.8299866131191432,0.8261885046958923,0.9384203480589023,1.2212026446544872,0.7376673040152963,0.7399681210517883,0.8837476099426386
mot_small-base_1d-bs.512-ep.300,mot_small_1d,0.5,42,17,0.38395669874474914,0.6156961625610399,0.8460986804360299,0.8417032361030579,0.9431535666475426,1.1861758624162546,0.7449330783938815,0.7424593567848206,0.8891013384321224
mot_small-base_1d-bs.512-ep.300,mot_small_1d,0.5,42,18,0.3704384185254288,0.6332706915395259,0.842847580799388,0.8395693898200989,0.9427232740485753,1.1901843185862437,0.739961759082218,0.7366341352462769,0.8906309751434034
mot_small-base_1d-bs.512-ep.300,mot_small_1d,0.5,42,19,0.35644482289126816,0.6304550511040453,0.835532606616944,0.8335742354393005,0.9438229106903806,1.208576933238976,0.7281070745697896,0.7282872796058655,0.8887189292543021
mot_small-base_1d-bs.512-ep.300,mot_small_1d,0.5,42,20,0.34203113817116954,0.5953128469630942,0.851453432778734,0.8485720157623291,0.9455918913750239,1.188574087460228,0.7483747609942638,0.7482016682624817,0.8906309751434034
mot_small-base_1d-bs.512-ep.300,mot_small_1d,0.5,42,21,0.32725424859373686,0.5813135259989047,0.8537483266398929,0.8507938385009766,0.9495601453432779,1.178122700970214,0.7487571701720841,0.7492964267730713,0.8925430210325048
mot_small-base_1d-bs.512-ep.300,mot_small_1d,0.5,42,22,0.31217247179121366,0.5879212664153521,0.8496844520940906,0.8493996262550354,0.9496557659208261,1.1833449777635972,0.7518164435946463,0.7537912130355835,0.8933078393881453
mot_small-base_1d-bs.512-ep.300,mot_small_1d,0.5,42,23,0.2968453286464312,0.5516959639210207,0.86340600497227,0.8609257340431213,0.9510422642952764,1.13092767485697,0.7537284894837476,0.7502537369728088,0.8967495219885278
mot_small-base_1d-bs.512-ep.300,mot_small_1d,0.5,42,24,0.2813333083910761,0.5409662373824201,0.8643622107477529,0.860969066619873,0.9527156244023713,1.1541049935393761,0.749904397705545,0.7498124837875366,0.8959847036328872
mot_small-base_1d-bs.512-ep.300,mot_small_1d,0.5,42,25,0.26569762988232837,0.5284251070633562,0.8671830177854274,0.8644188642501831,0.9547714668196596,1.1452364627991307,0.7491395793499044,0.7471373081207275,0.8982791586998088
mot_small-base_1d-bs.512-ep.300,mot_small_1d,0.5,42,26,0.25,0.5296675159908841,0.8701950659781985,0.8679189085960388,0.953241537578887,1.1320665509021532,0.7594646271510517,0.7602459788322449,0.8940726577437859
mot_small-base_1d-bs.512-ep.300,mot_small_1d,0.5,42,27,0.23430237011767166,0.5076429906368347,0.8744501816790974,0.8716843128204346,0.9572097915471409,1.125427924424239,0.7525812619502869,0.7535266876220703,0.8990439770554494
mot_small-base_1d-bs.512-ep.300,mot_small_1d,0.5,42,28,0.21866669160892396,0.5067465997923171,0.8727290112832281,0.870317816734314,0.9568751195257219,1.126933326502375,0.7575525812619502,0.7580621242523193,0.8959847036328872
mot_small-base_1d-bs.512-ep.300,mot_small_1d,0.5,42,29,0.20315467135356885,0.493577665160094,0.8800917957544464,0.8781797289848328,0.9572097915471409,1.1169368138504758,0.7655831739961759,0.7657459378242493,0.9009560229445507
mot_small-base_1d-bs.512-ep.300,mot_small_1d,0.5,42,30,0.1878275282087863,0.4835605007623208,0.8842512908777969,0.8814794421195984,0.9587397207879136,1.1157029905009224,0.7556405353728489,0.7540285587310791,0.8994263862332696
mot_small-base_1d-bs.512-ep.300,mot_small_1d,0.5,42,31,0.17274575140626322,0.4774717243206982,0.8843469114553452,0.8820948600769043,0.9594568751195257,1.1127058273519659,0.7667304015296367,0.7658147215843201,0.8986615678776291
mot_small-base_1d-bs.512-ep.300,mot_small_1d,0.5,42,32,0.15796886182883058,0.47311860814243184,0.8853031172308281,0.8828179836273193,0.960556511761331,1.106334747547857,0.7606118546845124,0.7594969272613525,0.8998087954110898
mot_small-base_1d-bs.512-ep.300,mot_small_1d,0.5,42,33,0.14355517710873184,0.4649635086234657,0.8893191814878562,0.8875159621238708,0.9616561484031364,1.1064959174132485,0.7659655831739962,0.765511155128479,0.8994263862332696
mot_small-base_1d-bs.512-ep.300,mot_small_1d,0.5,42,34,0.12956158147457114,0.465598104195696,0.8882195448460509,0.8868839740753174,0.9597915471409447,1.1095130964173414,0.7617590822179733,0.7618821859359741,0.8994263862332696
mot_small-base_1d-bs.512-ep.300,mot_small_1d,0.5,42,35,0.11604330125525078,0.450886560959122,0.8933830560336584,0.8917462825775146,0.9625167336010709,1.0859232944466644,0.7636711281070746,0.7647820115089417,0.902868068833652
mot_small-base_1d-bs.512-ep.300,mot_small_1d,0.5,42,36,0.10305368692688174,0.4515009972351098,0.8942914515203672,0.8922365307807922,0.9630904570663607,1.0863492247251434,0.7667304015296367,0.7671653032302856,0.9001912045889101
mot_small-base_1d-bs.512-ep.300,mot_small_1d,0.5,42,37,0.09064400256282756,0.44534804839708536,0.8947695544081087,0.8931353688240051,0.9624689233122968,1.0898550350852951,0.7678776290630975,0.7666988968849182,0.8990439770554494
mot_small-base_1d-bs.512-ep.300,mot_small_1d,0.5,42,38,0.07886322351782782,0.44325364609479584,0.8959648116274622,0.8934652209281921,0.9637119908204246,1.089794784750127,0.7659655831739962,0.765512228012085,0.9017208413001913
mot_small-base_1d-bs.512-ep.300,mot_small_1d,0.5,42,39,0.06775784314464717,0.44010173296422295,0.8976859820233314,0.8961261510848999,0.9643335245744884,1.071942978926416,0.7713193116634799,0.7689584493637085,0.9078393881453155
mot_small-base_1d-bs.512-ep.300,mot_small_1d,0.5,42,40,0.057371689306052714,0.4346816324097952,0.9006980302161025,0.8988248705863953,0.964859437751004,1.0781271414820597,0.7690248565965583,0.7677067518234253,0.904397705544933
mot_small-base_1d-bs.512-ep.300,mot_small_1d,0.5,42,41,0.047745751406263165,0.4337466724699965,0.9008892713711991,0.8991195559501648,0.9647160068846816,1.0756850729480985,0.7694072657743786,0.7685849070549011,0.9051625239005736
mot_small-base_1d-bs.512-ep.300,mot_small_1d,0.5,42,42,0.03891801862449629,0.4317938811374591,0.9017976668579079,0.9004614353179932,0.9645725760183591,1.075108308226839,0.7701720841300191,0.7690539360046387,0.9040152963671129
mot_small-base_1d-bs.512-ep.300,mot_small_1d,0.5,42,43,0.030923329989034104,0.43132575033818543,0.902849493210939,0.9013954401016235,0.965194109772423,1.0738763010524655,0.7694072657743786,0.7681388258934021,0.9063097514340345
mot_small-base_1d-bs.512-ep.300,mot_small_1d,0.5,42,44,0.02379323688349516,0.4293311681362611,0.9040447504302926,0.902539074420929,0.965194109772423,1.0721166709185102,0.7678776290630975,0.7668061852455139,0.9063097514340345
mot_small-base_1d-bs.512-ep.300,mot_small_1d,0.5,42,45,0.017555878527937163,0.4285697979871437,0.9032797858099063,0.9016454815864563,0.9654809715050678,1.0721186767344721,0.7682600382409178,0.7670042514801025,0.9059273422562142
mot_small-base_1d-bs.512-ep.300,mot_small_1d,0.5,42,46,0.012235870926211617,0.4283364694098894,0.9041403710078408,0.9025892019271851,0.9654809715050678,1.0728192068650664,0.7690248565965583,0.767497718334198,0.9063097514340345
mot_small-base_1d-bs.512-ep.300,mot_small_1d,0.5,42,47,0.007854209717842259,0.427926510737717,0.9038056989864218,0.9021723866462708,0.9654331612162937,1.0723282764792215,0.7690248565965583,0.7674447894096375,0.9055449330783939
mot_small-base_1d-bs.512-ep.300,mot_small_1d,0.5,42,48,0.00442818731782782,0.4277878912850761,0.9039969401415184,0.9024734497070312,0.965528781793842,1.0722815489905742,0.7694072657743786,0.7679292559623718,0.9047801147227533
mot_small-base_1d-bs.512-ep.300,mot_small_1d,0.5,42,49,0.0019713246713805588,0.4277460897463552,0.9042359915853891,0.9026331901550293,0.9654809715050678,1.07231076242363,0.7697896749521989,0.7682524919509888,0.9055449330783939
mot_small-base_1d-bs.512-ep.300,mot_small_1d,0.5,42,50,0.0004933178929321103,0.42773553257714403,0.9043316121629374,0.9027417898178101,0.9654809715050678,1.0722838626081128,0.7701720841300191,0.7685465812683105,0.9055449330783939
mot_small-base_1d-bs.512-ep.300,mot_small_1d,0.7,42,1,0.7,1.7036541486292547,0.6320042073054122,0.6265482902526855,0.815978198508319,2.009739413726398,0.5892925430210325,0.5917788743972778,0.7866156787762907
mot_small-base_1d-bs.512-ep.300,mot_small_1d,0.7,42,2,0.699309354949895,1.3135646955760403,0.7003251099636641,0.6912955641746521,0.8655574679671065,1.6143224727127339,0.6500956022944551,0.6449206471443176,0.8401529636711281
mot_small-base_1d-bs.512-ep.300,mot_small_1d,0.7,42,3,0.6972401454600672,1.188717308270587,0.7208357238477721,0.7156665325164795,0.8837253777012813,1.550391631554919,0.6722753346080306,0.6698724627494812,0.8497131931166348
mot_small-base_1d-bs.512-ep.300,mot_small_1d,0.7,42,4,0.6938005377550409,1.1911197099888113,0.7278638362975712,0.7239696383476257,0.8830560336584433,1.6353976612565166,0.6707456978967495,0.6688913106918335,0.8489483747609943
mot_small-base_1d-bs.512-ep.300,mot_small_1d,0.7,42,5,0.6890041063950206,1.1193345962279293,0.7378561866513674,0.7317628264427185,0.8941002103652707,1.5844129339914705,0.6783938814531548,0.6760199666023254,0.8573613766730401
mot_small-base_1d-bs.512-ep.300,mot_small_1d,0.7,42,6,0.6828697807033035,1.0676831803328222,0.7521514629948365,0.747427225112915,0.9003155479059094,1.5535045470607896,0.6760994263862332,0.6732877492904663,0.8562141491395794
mot_small-base_1d-bs.512-ep.300,mot_small_1d,0.7,42,7,0.6754217700608878,1.0030967802134179,0.7610919869956014,0.7554722428321838,0.9056224899598394,1.5109340310324675,0.6975143403441683,0.692747950553894,0.860038240917782
mot_small-base_1d-bs.512-ep.300,mot_small_1d,0.7,42,8,0.6666894683631067,0.9518797154589806,0.776869382291069,0.7746992707252502,0.9124115509657679,1.4957854349344228,0.7013384321223709,0.705518364906311,0.8680688336520076
mot_small-base_1d-bs.512-ep.300,mot_small_1d,0.7,42,9,0.6567073380153521,0.8930527462196022,0.7839453050296423,0.7797157168388367,0.9166666666666666,1.4659972502670142,0.6990439770554493,0.7000195384025574,0.864244741873805
mot_small-base_1d-bs.512-ep.300,mot_small_1d,0.7,42,10,0.6455147739257051,0.8784974423392277,0.7909256071906674,0.7854167819023132,0.917096959265634,1.4765950102651098,0.7181644359464627,0.7149548530578613,0.8592734225621415
mot_small-base_1d-bs.512-ep.300,mot_small_1d,0.7,42,11,0.6331559480312314,0.8136926636592816,0.8019219736087206,0.7964956760406494,0.9274717919296233,1.384628882326086,0.7231357552581262,0.717994749546051,0.8829827915869981
mot_small-base_1d-bs.512-ep.300,mot_small_1d,0.7,42,12,0.619679634971526,0.8394446499741175,0.7889653853509275,0.7895624041557312,0.9249378466245937,1.4794415125655398,0.7105162523900573,0.7141693830490112,0.874187380497132
mot_small-base_1d-bs.512-ep.300,mot_small_1d,0.7,42,13,0.6051390195974938,0.7579947796440599,0.815308854465481,0.8130719065666199,0.9342130426467776,1.387280713987624,0.7135755258126195,0.7147481441497803,0.8833652007648184
mot_small-base_1d-bs.512-ep.300,mot_small_1d,0.7,42,14,0.5895914870750408,0.7821910316115653,0.8084719831707784,0.8051578998565674,0.9282845668387837,1.4405245910411126,0.7124282982791587,0.7118610143661499,0.8707456978967495
mot_small-base_1d-bs.512-ep.300,mot_small_1d,0.7,42,15,0.5730983964120412,0.739565136009066,0.8187033849684452,0.8143045902252197,0.9345955249569707,1.3784502952094289,0.7223709369024857,0.718170702457428,0.8829827915869981
mot_small-base_1d-bs.512-ep.300,mot_small_1d,0.7,42,16,0.5557248383023655,0.7159238820049544,0.8199464524765729,0.8159961700439453,0.9382769171925799,1.384564912114043,0.7239005736137667,0.724261462688446,0.8776290630975143
mot_small-base_1d-bs.512-ep.300,mot_small_1d,0.7,42,17,0.5375393782426486,0.6625870667992142,0.8347676419965576,0.8287269473075867,0.9424364123159303,1.3553716043213357,0.7296367112810708,0.7246843576431274,0.8852772466539197
mot_small-base_1d-bs.512-ep.300,mot_small_1d,0.7,42,18,0.5186137859356001,0.6723912084597341,0.831229680627271,0.8276106119155884,0.9412889653853509,1.3453502676910924,0.7300191204588911,0.7255038619041443,0.88565965583174
mot_small-base_1d-bs.512-ep.300,mot_small_1d,0.7,42,19,0.49902275204777524,0.6743455392768584,0.8249665327978581,0.8224057555198669,0.9415758271179958,1.373547255331882,0.7204588910133843,0.7198920249938965,0.8845124282982791
mot_small-base_1d-bs.512-ep.300,mot_small_1d,0.7,42,20,0.47884359343963717,0.6127821423852847,0.846146490724804,0.8424766659736633,0.9452572193536048,1.3429134580418896,0.7407265774378585,0.7391602993011475,0.8837476099426386
mot_small-base_1d-bs.512-ep.300,mot_small_1d,0.7,42,21,0.45815594803123144,0.5847377551858114,0.8542742398164085,0.851610541343689,0.9484126984126984,1.3024096691357703,0.7414913957934991,0.7410737872123718,0.8887189292543021
mot_small-base_1d-bs.512-ep.300,mot_small_1d,0.7,42,22,0.437041460507699,0.5976804604514832,0.8481067125645438,0.8480413556098938,0.9497513864983744,1.3249060198636173,0.7426386233269598,0.7461793422698975,0.8906309751434034
mot_small-base_1d-bs.512-ep.300,mot_small_1d,0.7,42,23,0.4155834601050035,0.5704230169740182,0.8548479632816982,0.8527400493621826,0.9504207305412125,1.2640995922781542,0.7468451242829828,0.7431520819664001,0.892925430210325
mot_small-base_1d-bs.512-ep.300,mot_small_1d,0.7,42,24,0.3938666317475064,0.5474325970861099,0.8581468732071141,0.8550306558609009,0.9522853318034041,1.2944646875443468,0.7407265774378585,0.7409098744392395,0.8917782026768643
mot_small-base_1d-bs.512-ep.300,mot_small_1d,0.7,42,25,0.37197668183525956,0.5246321430487166,0.8644578313253012,0.8621698617935181,0.9558711034614649,1.2668034088543223,0.7414913957934991,0.7368267774581909,0.8990439770554494
mot_small-base_1d-bs.512-ep.300,mot_small_1d,0.7,42,26,0.34999999999999987,0.5306931625339948,0.8654140371007841,0.863208532333374,0.9531459170013387,1.2601522967190861,0.7518164435946463,0.7520768642425537,0.8887189292543021
mot_small-base_1d-bs.512-ep.300,mot_small_1d,0.7,42,27,0.3280233181647402,0.4922087472947384,0.8743545611015491,0.8715847730636597,0.958883151654236,1.2334712099618712,0.7464627151051625,0.7467283010482788,0.8910133843212237
mot_small-base_1d-bs.512-ep.300,mot_small_1d,0.7,42,28,0.3061333682524934,0.49268542003576876,0.8719162363740677,0.8696820735931396,0.9585006693440429,1.2394016871260867,0.7521988527724666,0.7521378397941589,0.891395793499044
mot_small-base_1d-bs.512-ep.300,mot_small_1d,0.7,42,29,0.28441653989499627,0.4812906799272635,0.8780359533371581,0.8768718838691711,0.9597915471409447,1.2344163095973875,0.7560229445506692,0.755530595779419,0.8994263862332696
mot_small-base_1d-bs.512-ep.300,mot_small_1d,0.7,42,30,0.2629585394923007,0.45703764229893207,0.8874067699368904,0.8849714398384094,0.9616561484031364,1.2160432760847686,0.7487571701720841,0.7462160587310791,0.8975143403441682
mot_small-base_1d-bs.512-ep.300,mot_small_1d,0.7,42,31,0.2418440519687684,0.45541865776865953,0.8877892522470836,0.8859025835990906,0.9609389940715242,1.217248034796341,0.7655831739961759,0.7644994258880615,0.897131931166348
mot_small-base_1d-bs.512-ep.300,mot_small_1d,0.7,42,32,0.2211564065603627,0.4454038708085516,0.8878370625358577,0.8858323693275452,0.9628514056224899,1.2012627041818535,0.7564053537284895,0.7556926608085632,0.8990439770554494
mot_small-base_1d-bs.512-ep.300,mot_small_1d,0.7,42,33,0.20097724795222446,0.4358202185040793,0.8917096959265634,0.8901585340499878,0.9639988525530694,1.2063358197476621,0.7560229445506692,0.7550515532493591,0.897131931166348
mot_small-base_1d-bs.512-ep.300,mot_small_1d,0.7,42,34,0.1813862140643995,0.4326424291380552,0.8931918148785619,0.8923367857933044,0.9633773187990056,1.2024955472344423,0.7560229445506692,0.7538789510726929,0.9001912045889101
mot_small-base_1d-bs.512-ep.300,mot_small_1d,0.7,42,35,0.16246062175735101,0.4158080177248767,0.898881239242685,0.8978986144065857,0.9657200229489387,1.1741173563678224,0.7598470363288718,0.7590677738189697,0.8986615678776291
mot_small-base_1d-bs.512-ep.300,mot_small_1d,0.7,42,36,0.14427516169763435,0.41351619991478306,0.9005545993497801,0.8993988037109375,0.9660546949703577,1.1748906764655906,0.762906309751434,0.763230562210083,0.8998087954110898
mot_small-base_1d-bs.512-ep.300,mot_small_1d,0.7,42,37,0.12690160358795852,0.407624772958761,0.9026104417670683,0.9017258286476135,0.9654331612162937,1.1784204428328156,0.7594646271510517,0.7586095929145813,0.8975143403441682
mot_small-base_1d-bs.512-ep.300,mot_small_1d,0.7,42,38,0.11040851292495889,0.40394532035335934,0.9036622681200994,0.9016996026039124,0.9670109007458405,1.1788056266011517,0.7617590822179733,0.7607414722442627,0.9021032504780114
mot_small-base_1d-bs.512-ep.300,mot_small_1d,0.7,42,39,0.09486098040250598,0.40002464568735785,0.9057181105373876,0.9045170545578003,0.9674411933448078,1.1569268717136711,0.7652007648183556,0.7624097466468811,0.9063097514340345
mot_small-base_1d-bs.512-ep.300,mot_small_1d,0.7,42,40,0.08032036502847376,0.39188304451734346,0.9089213998852553,0.9076959490776062,0.9680627270988716,1.1616443145343496,0.7648183556405354,0.7629755139350891,0.9040152963671129
mot_small-base_1d-bs.512-ep.300,mot_small_1d,0.7,42,41,0.06684405196876839,0.3914099594082653,0.9083954867087397,0.9070711731910706,0.9680149168100975,1.1607719406798966,0.7644359464627151,0.7624967694282532,0.9036328871892926
mot_small-base_1d-bs.512-ep.300,mot_small_1d,0.7,42,42,0.05448522607429477,0.3882332539371469,0.9097819850831899,0.9089042544364929,0.9678714859437751,1.1577880057048615,0.7659655831739962,0.7648576498031616,0.902868068833652
mot_small-base_1d-bs.512-ep.300,mot_small_1d,0.7,42,43,0.04329266198464772,0.38742064645445856,0.9119812583668006,0.910865306854248,0.9683973991202907,1.1557577567164345,0.7678776290630975,0.7664797306060791,0.9066921606118546
mot_small-base_1d-bs.512-ep.300,mot_small_1d,0.7,42,44,0.03331053163689321,0.3847089450294143,0.9126506024096386,0.911635160446167,0.9684452094090649,1.1531581477498918,0.7655831739961759,0.7636831402778625,0.9055449330783939
mot_small-base_1d-bs.512-ep.300,mot_small_1d,0.7,42,45,0.024578229939112014,0.3835952172978792,0.9134155670300249,0.9120702147483826,0.9690189328743546,1.1531285652466987,0.7640535372848949,0.7619866728782654,0.9032504780114723
mot_small-base_1d-bs.512-ep.300,mot_small_1d,0.7,42,46,0.017130219296696253,0.38335408879913135,0.9132243258749283,0.9121601581573486,0.9688755020080321,1.154263279406108,0.7655831739961759,0.7639323472976685,0.904397705544933
mot_small-base_1d-bs.512-ep.300,mot_small_1d,0.7,42,47,0.010995893604979155,0.38267314947000264,0.9135589978963473,0.9123578667640686,0.968493019697839,1.1533564697032221,0.7640535372848949,0.762291431427002,0.904397705544933
mot_small-base_1d-bs.512-ep.300,mot_small_1d,0.7,42,48,0.006199462244958943,0.382453651814872,0.9135111876075731,0.9123561382293701,0.9689711225855804,1.1532459237151576,0.7644359464627151,0.7626933455467224,0.904397705544933
mot_small-base_1d-bs.512-ep.300,mot_small_1d,0.7,42,49,0.0027598545399327803,0.382400176474505,0.9141805316504111,0.9129959344863892,0.9688755020080321,1.1532895469300835,0.7644359464627151,0.7626933455467224,0.904397705544933
mot_small-base_1d-bs.512-ep.300,mot_small_1d,0.7,42,50,0.0006906450501049539,0.3823851594324891,0.9140849110728628,0.9129536151885986,0.9689233122968063,1.153253488923578,0.7644359464627151,0.7626933455467224,0.904397705544933
mot_small-base_1d-bs.512-ep.300,mot_small_1d,1.0,42,1,1.0,2.16168749822579,0.6022183973991203,0.595684289932251,0.801061388410786,2.5399019376269716,0.5579349904397706,0.5611239671707153,0.7724665391969407
mot_small-base_1d-bs.512-ep.300,mot_small_1d,1.0,42,2,0.9990133642141358,1.6379253812765477,0.6735035379613693,0.6647251844406128,0.8524096385542169,2.001340623202789,0.6367112810707457,0.6306601166725159,0.8252390057361376
mot_small-base_1d-bs.512-ep.300,mot_small_1d,1.0,42,3,0.996057350657239,1.5699705793972019,0.6869860393956779,0.6826867461204529,0.8699560145343278,2.0382884155040033,0.64282982791587,0.6420878767967224,0.8298279158699808
mot_small-base_1d-bs.512-ep.300,mot_small_1d,1.0,42,4,0.9911436253643444,1.5295801624145624,0.7105087014725568,0.7058966159820557,0.8698603939567795,2.115948133304516,0.6523900573613767,0.6490849256515503,0.832887189292543
mot_small-base_1d-bs.512-ep.300,mot_small_1d,1.0,42,5,0.9842915805643155,1.4049209872676391,0.7217919296232549,0.715162456035614,0.8845859628992159,2.054004615214769,0.6565965583173996,0.6519119739532471,0.84282982791587
mot_small-base_1d-bs.512-ep.300,mot_small_1d,1.0,42,6,0.9755282581475768,1.4382590820785233,0.7257123733027347,0.7202410697937012,0.8837731879900554,2.0613769502074497,0.6588910133843212,0.6524426937103271,0.8443594646271511
mot_small-base_1d-bs.512-ep.300,mot_small_1d,1.0,42,7,0.9648882429441257,1.2650177507515412,0.7406291834002677,0.7343440055847168,0.8975903614457831,1.913840182652665,0.6875717017208413,0.6795068979263306,0.8504780114722753
mot_small-base_1d-bs.512-ep.300,mot_small_1d,1.0,42,8,0.9524135262330098,1.228191946222623,0.755976286096768,0.753624439239502,0.9048097150506789,1.9464315848414346,0.6898661567877629,0.6914191246032715,0.8558317399617591
mot_small-base_1d-bs.512-ep.300,mot_small_1d,1.0,42,9,0.9381533400219317,1.1311683797042944,0.7671160833811437,0.761054277420044,0.9059093516924842,1.8890143254063096,0.6848948374760995,0.6837825775146484,0.8558317399617591
mot_small-base_1d-bs.512-ep.300,mot_small_1d,1.0,42,10,0.9221639627510075,1.1306486339499786,0.7760087970931344,0.7702059745788574,0.9072480397781603,1.9457793693469543,0.7017208413001912,0.698555588722229,0.8455066921606118
mot_small-base_1d-bs.512-ep.300,mot_small_1d,1.0,42,11,0.9045084971874737,1.0400817276164391,0.7793555173073246,0.7743589878082275,0.9197743354369861,1.7735349680679935,0.7055449330783938,0.7009714245796204,0.8707456978967495
mot_small-base_1d-bs.512-ep.300,mot_small_1d,1.0,42,12,0.8852566213878946,1.037051067089665,0.7720405431248805,0.7726263999938965,0.9199177663033085,1.8806241153986913,0.6898661567877629,0.6931771636009216,0.8695984703632887
mot_small-base_1d-bs.512-ep.300,mot_small_1d,1.0,42,13,0.8644843137107058,0.9214993780715718,0.8004876649454963,0.7982204556465149,0.9298144960795564,1.7413365001204364,0.7021032504780115,0.7023985385894775,0.875717017208413
mot_small-base_1d-bs.512-ep.300,mot_small_1d,1.0,42,14,0.8422735529643444,0.9757607599179269,0.7945113788487282,0.791024923324585,0.9224995218971123,1.8340868043626015,0.6998087954110899,0.6983323097229004,0.8688336520076482
mot_small-base_1d-bs.512-ep.300,mot_small_1d,1.0,42,15,0.8187119948743449,0.9079479849299775,0.8048384012239433,0.7998632192611694,0.9281889462612354,1.7439914273030444,0.707074569789675,0.7033554315567017,0.875717017208413
mot_small-base_1d-bs.512-ep.300,mot_small_1d,1.0,42,16,0.7938926261462367,0.9047169936138714,0.8002486135016256,0.7965280413627625,0.9325396825396826,1.7811792785761233,0.7116634799235182,0.7115612626075745,0.8669216061185469
mot_small-base_1d-bs.512-ep.300,mot_small_1d,1.0,42,17,0.7679133974894983,0.7921847344174351,0.8155000956205776,0.80873703956604,0.9378944348823867,1.6870722433349143,0.7139579349904398,0.7088035345077515,0.8806883365200765
mot_small-base_1d-bs.512-ep.300,mot_small_1d,1.0,42,18,0.7408768370508576,0.7869713669822694,0.8181296615031555,0.8135697245597839,0.9391853126792886,1.674812477359808,0.7189292543021033,0.7145273685455322,0.8799235181644359
mot_small-base_1d-bs.512-ep.300,mot_small_1d,1.0,42,19,0.7128896457825363,0.806345866136374,0.8125358577165807,0.8087060451507568,0.937655383438516,1.7112264571180762,0.7143403441682601,0.7122902870178223,0.8795411089866156
mot_small-base_1d-bs.512-ep.300,mot_small_1d,1.0,42,20,0.6840622763423391,0.6967852912183519,0.8384490342321668,0.8345080614089966,0.9428188946261236,1.6732206603537099,0.7292543021032505,0.7265336513519287,0.8810707456978968
mot_small-base_1d-bs.512-ep.300,mot_small_1d,1.0,42,21,0.6545084971874737,0.6633152594231675,0.8446165614840314,0.8419212102890015,0.9468349588831516,1.5966629086671322,0.7311663479923518,0.7316815257072449,0.8860420650095602
mot_small-base_1d-bs.512-ep.300,mot_small_1d,1.0,42,22,0.6243449435824273,0.6701530382495967,0.841174220692293,0.8412548899650574,0.9480780263912794,1.6148849837410746,0.7338432122370937,0.7397804260253906,0.8887189292543021
mot_small-base_1d-bs.512-ep.300,mot_small_1d,1.0,42,23,0.5936906572928624,0.6564483020656262,0.8432778733983554,0.8421327471733093,0.9481258366800536,1.5645937917793231,0.7311663479923518,0.7275074124336243,0.8887189292543021
mot_small-base_1d-bs.512-ep.300,mot_small_1d,1.0,42,24,0.5626666167821522,0.6035462873892566,0.8526008797093134,0.84999680519104,0.9515203671830178,1.5795061363088925,0.725812619502868,0.7265067100524902,0.8852772466539197
mot_small-base_1d-bs.512-ep.300,mot_small_1d,1.0,42,25,0.5313952597646567,0.5653028182669702,0.8578600114744693,0.8545549511909485,0.9552017594186268,1.5307276840647595,0.7418738049713193,0.7398586869239807,0.8933078393881453
mot_small-base_1d-bs.512-ep.300,mot_small_1d,1.0,42,26,0.5,0.5588495256705183,0.8607286288009179,0.858242928981781,0.9542933639319181,1.5040744380330948,0.7376673040152963,0.7374276518821716,0.8868068833652007
mot_small-base_1d-bs.512-ep.300,mot_small_1d,1.0,42,27,0.4686047402353433,0.5179876059687007,0.8676133103843947,0.8648515343666077,0.9589309619430101,1.4697847501269719,0.7411089866156788,0.7409085035324097,0.8883365200764818
mot_small-base_1d-bs.512-ep.300,mot_small_1d,1.0,42,28,0.4373333832178479,0.5200862219283949,0.8678045515394913,0.8660295605659485,0.958548479632817,1.482203852286986,0.7422562141491396,0.7412319779396057,0.8891013384321224
mot_small-base_1d-bs.512-ep.300,mot_small_1d,1.0,42,29,0.4063093427071377,0.4998709932525337,0.8718684260852936,0.8711324334144592,0.9605087014725568,1.4711583183098933,0.7479923518164436,0.7463109493255615,0.8933078393881453
mot_small-base_1d-bs.512-ep.300,mot_small_1d,1.0,42,30,0.3756550564175726,0.45262185696047247,0.8873589596481163,0.8849494457244873,0.9625645438898451,1.4250021881628674,0.7460803059273422,0.7434467077255249,0.8921606118546845
mot_small-base_1d-bs.512-ep.300,mot_small_1d,1.0,42,31,0.34549150281252644,0.45272361099161457,0.8874545802256646,0.8856208920478821,0.9623733027347485,1.4258716605133581,0.7560229445506692,0.7547796368598938,0.891395793499044
mot_small-base_1d-bs.512-ep.300,mot_small_1d,1.0,42,32,0.31593772365766115,0.43382891739593404,0.8901319563970166,0.8883674740791321,0.9640466628418436,1.3985261176785821,0.7518164435946463,0.7532917857170105,0.8963671128107075
mot_small-base_1d-bs.512-ep.300,mot_small_1d,1.0,42,33,0.28711035421746367,0.42176376881893973,0.8950564161407535,0.8936945199966431,0.9661503155479059,1.4103827802902427,0.7487571701720841,0.7495424747467041,0.8963671128107075
mot_small-base_1d-bs.512-ep.300,mot_small_1d,1.0,42,34,0.2591231629491423,0.41093767448464685,0.8963951042264295,0.8954072594642639,0.9664371772805508,1.3933897364891739,0.7502868068833652,0.7484193444252014,0.8978967495219885
mot_small-base_1d-bs.512-ep.300,mot_small_1d,1.0,42,35,0.23208660251050156,0.3935599931682996,0.9020845285905527,0.9015597701072693,0.9675368139223561,1.3620879339214493,0.7518164435946463,0.7520958185195923,0.8990439770554494
mot_small-base_1d-bs.512-ep.300,mot_small_1d,1.0,42,36,0.2061073738537635,0.3829826656639929,0.9055746796710652,0.9046733975410461,0.968827691719258,1.3593841202628316,0.7548757170172085,0.7554707527160645,0.897131931166348
mot_small-base_1d-bs.512-ep.300,mot_small_1d,1.0,42,37,0.18128800512565513,0.3771661480108259,0.9080608146873207,0.9078060388565063,0.9682539682539683,1.3634566443828051,0.749904397705545,0.7495277523994446,0.8978967495219885
mot_small-base_1d-bs.512-ep.300,mot_small_1d,1.0,42,38,0.15772644703565564,0.37239486183119813,0.9069133677567413,0.9051159620285034,0.9699751386498374,1.3656561098408744,0.7537284894837476,0.753054141998291,0.8975143403441682
mot_small-base_1d-bs.512-ep.300,mot_small_1d,1.0,42,39,0.13551568628929433,0.36660106589265706,0.9116943966341556,0.9107996225357056,0.9697838974947409,1.338693234387137,0.7579349904397705,0.7559939622879028,0.904397705544933
mot_small-base_1d-bs.512-ep.300,mot_small_1d,1.0,42,40,0.11474337861210543,0.3545908683069944,0.9159973226238286,0.9152946472167969,0.9710269650028687,1.338948302697497,0.7567877629063098,0.7561514377593994,0.9040152963671129
mot_small-base_1d-bs.512-ep.300,mot_small_1d,1.0,42,41,0.09549150281252633,0.3537483627970804,0.9154235991585389,0.9143238663673401,0.970501051826353,1.3405637693678671,0.7556405353728489,0.7541983723640442,0.901338432122371
mot_small-base_1d-bs.512-ep.300,mot_small_1d,1.0,42,42,0.07783603724899257,0.34914094317960204,0.9179575444635686,0.9174367785453796,0.9711225855804169,1.3330597157232165,0.7602294455066921,0.7564113140106201,0.9024856596558317
mot_small-base_1d-bs.512-ep.300,mot_small_1d,1.0,42,43,0.06184665997806821,0.34699522762732654,0.9196787148594378,0.9189603328704834,0.9719831707783515,1.3301490375234337,0.7583173996175908,0.756643533706665,0.9024856596558317
mot_small-base_1d-bs.512-ep.300,mot_small_1d,1.0,42,44,0.04758647376699032,0.3434454138590378,0.9206827309236948,0.9200330376625061,0.9719831707783515,1.326761759945813,0.7586998087954111,0.7569658160209656,0.9036328871892926
mot_small-base_1d-bs.512-ep.300,mot_small_1d,1.0,42,45,0.035111757055874326,0.34172253805675934,0.9218779881430483,0.9209825396537781,0.9722222222222222,1.3263986416118323,0.7560229445506692,0.7546765208244324,0.9032504780114723
mot_small-base_1d-bs.512-ep.300,mot_small_1d,1.0,42,46,0.024471741852423234,0.34139452073605525,0.9204914897685982,0.9197635650634766,0.9721744119334481,1.3281373806255041,0.7579349904397705,0.7562136650085449,0.9032504780114723
mot_small-base_1d-bs.512-ep.300,mot_small_1d,1.0,42,47,0.015708419435684517,0.3402765914755037,0.9219257984318225,0.9210719466209412,0.9724134633773188,1.3263986182714285,0.7579349904397705,0.7561405897140503,0.902868068833652
mot_small-base_1d-bs.512-ep.300,mot_small_1d,1.0,42,48,0.00885637463565564,0.33994442355589466,0.9220214190093708,0.9212393760681152,0.9723178427997705,1.3263609964578602,0.7567877629063098,0.7548561096191406,0.902868068833652
mot_small-base_1d-bs.512-ep.300,mot_small_1d,1.0,42,49,0.0039426493427611176,0.339865071524122,0.9218779881430483,0.9210874438285828,0.9725090839548671,1.32639958106309,0.7571701720841301,0.7552133202552795,0.9032504780114723
mot_small-base_1d-bs.512-ep.300,mot_small_1d,1.0,42,50,0.0009866357858642205,0.3398415071600868,0.9218779881430483,0.921050488948822,0.9724612736660929,1.3263517886685139,0.7567877629063098,0.7548561096191406,0.9032504780114723
mot_small-tiny_1d-bs.512-ep.300,mot_small_1d,0.1,42,1,0.1,3.5141732760655717,0.234748517881048,0.21361595392227173,0.4858003442340792,3.5488564835907623,0.22409177820267687,0.21295654773712158,0.4707456978967495
mot_small-tiny_1d-bs.512-ep.300,mot_small_1d,0.1,42,2,0.09990133642141358,2.95396895052074,0.37239433926180915,0.3524795174598694,0.6244501816790974,2.9756473811133186,0.35793499043977056,0.34069862961769104,0.6152963671128107
mot_small-tiny_1d-bs.512-ep.300,mot_small_1d,0.1,42,3,0.0996057350657239,2.633684020809335,0.4578313253012048,0.44401007890701294,0.69497035762096,2.654637093480185,0.4596558317399618,0.444557785987854,0.6948374760994264
mot_small-tiny_1d-bs.512-ep.300,mot_small_1d,0.1,42,4,0.09911436253643444,2.462686487994155,0.4674411933448078,0.4528577923774719,0.7068751195257219,2.5055204052314246,0.4565965583173996,0.4509054124355316,0.6906309751434034
mot_small-tiny_1d-bs.512-ep.300,mot_small_1d,0.1,42,5,0.09842915805643154,2.2867351086241356,0.5128609676802448,0.5014230012893677,0.7520080321285141,2.318362479273721,0.5017208413001912,0.4894444942474365,0.7422562141491396
mot_small-tiny_1d-bs.512-ep.300,mot_small_1d,0.1,42,6,0.09755282581475767,2.152610094512163,0.5455153949129853,0.5340343713760376,0.7729489386115892,2.188032989793708,0.5391969407265774,0.5269981622695923,0.752963671128107
mot_small-tiny_1d-bs.512-ep.300,mot_small_1d,0.1,42,7,0.09648882429441256,2.0789424628503785,0.5571332950851023,0.5451310873031616,0.775196022183974,2.109625439616508,0.5430210325047801,0.525100588798523,0.7667304015296367
mot_small-tiny_1d-bs.512-ep.300,mot_small_1d,0.1,42,8,0.09524135262330098,1.9989879365221768,0.5723369669152801,0.5624911189079285,0.7860489577357047,2.052867564097417,0.5583173996175909,0.5537412762641907,0.7644359464627151
mot_small-tiny_1d-bs.512-ep.300,mot_small_1d,0.1,42,9,0.09381533400219318,1.9518757497496029,0.5843851596863645,0.5743667483329773,0.7919774335436987,2.0253218349945477,0.5548757170172084,0.5514464378356934,0.7625239005736137
mot_small-tiny_1d-bs.512-ep.300,mot_small_1d,0.1,42,10,0.09221639627510075,1.8755750490160512,0.6011665710460892,0.5900168418884277,0.8067508127749091,1.9329901904950406,0.5782026768642448,0.5698360204696655,0.7862332695984704
mot_small-tiny_1d-bs.512-ep.300,mot_small_1d,0.1,42,11,0.09045084971874737,1.8344309849318685,0.6093421304264678,0.6011595726013184,0.8167909734174794,1.8899022177118188,0.5954110898661568,0.590162456035614,0.7961759082217973
mot_small-tiny_1d-bs.512-ep.300,mot_small_1d,0.1,42,12,0.08852566213878946,1.8050792028033544,0.6091986995601454,0.6034618616104126,0.8172212660164467,1.8741701319386352,0.5862332695984703,0.5817427635192871,0.7961759082217973
mot_small-tiny_1d-bs.512-ep.300,mot_small_1d,0.1,42,13,0.08644843137107057,1.756965006895607,0.6230636833046471,0.6130883097648621,0.825922738573341,1.8328846189305614,0.6034416826003824,0.5977818965911865,0.8065009560229446
mot_small-tiny_1d-bs.512-ep.300,mot_small_1d,0.1,42,14,0.08422735529643442,1.7211230481006055,0.6266016446739339,0.6170257329940796,0.8262096003059859,1.795737703808407,0.6072657743785851,0.598048210144043,0.8045889101338433
mot_small-tiny_1d-bs.512-ep.300,mot_small_1d,0.1,42,15,0.08187119948743447,1.6745716816473015,0.6440524000764964,0.6362578868865967,0.8352457448842991,1.7513744667884725,0.6263862332695985,0.6219866871833801,0.8183556405353728
mot_small-tiny_1d-bs.512-ep.300,mot_small_1d,0.1,42,16,0.07938926261462366,1.6506735020555623,0.648546567221266,0.6427966356277466,0.836201950659782,1.7461199904491067,0.6195028680688337,0.6200116276741028,0.8145315487571702
mot_small-tiny_1d-bs.512-ep.300,mot_small_1d,0.1,42,17,0.07679133974894982,1.629565386499495,0.6531363549435839,0.6441320180892944,0.8382099827882961,1.7168665417293745,0.6290630975143403,0.6227346658706665,0.8137667304015297
mot_small-tiny_1d-bs.512-ep.300,mot_small_1d,0.1,42,18,0.07408768370508576,1.603998871053877,0.6602600879709314,0.6499205231666565,0.8417001338688086,1.6926069883269972,0.6328871892925431,0.6246076226234436,0.8260038240917782
mot_small-tiny_1d-bs.512-ep.300,mot_small_1d,0.1,42,19,0.07128896457825362,1.5824309323708992,0.6651367374258941,0.6561551690101624,0.8471026965002869,1.6766726389897713,0.6305927342256215,0.6246759295463562,0.8240917782026769
mot_small-tiny_1d-bs.512-ep.300,mot_small_1d,0.1,42,20,0.06840622763423389,1.5672851404922143,0.6729298144960796,0.6660629510879517,0.8515490533562823,1.665290021440495,0.6351816443594647,0.6290262341499329,0.827151051625239
mot_small-tiny_1d-bs.512-ep.300,mot_small_1d,0.1,42,21,0.06545084971874736,1.5426333717963372,0.6782845668387837,0.6716077923774719,0.8556607381908586,1.6391528944668305,0.6512428298279158,0.6465238332748413,0.8305927342256214
mot_small-tiny_1d-bs.512-ep.300,mot_small_1d,0.1,42,22,0.06243449435824272,1.5318841749998506,0.6815834767641996,0.6744864583015442,0.8517402945113789,1.6300650762554336,0.6504780114722754,0.6445133090019226,0.822944550669216
mot_small-tiny_1d-bs.512-ep.300,mot_small_1d,0.1,42,23,0.05936906572928623,1.5145520352341517,0.6824918722509083,0.6748016476631165,0.85809906291834,1.6107767021222963,0.6523900573613767,0.6456653475761414,0.8321223709369024
mot_small-tiny_1d-bs.512-ep.300,mot_small_1d,0.1,42,24,0.056266661678215216,1.5031460794670264,0.6865557467967106,0.678646445274353,0.856760374832664,1.6143855195200465,0.6512428298279158,0.6495643854141235,0.8332695984703633
mot_small-tiny_1d-bs.512-ep.300,mot_small_1d,0.1,42,25,0.053139525976465665,1.4913033492525487,0.688324727481354,0.6810100078582764,0.8577165806081469,1.5949357421174788,0.6550669216061186,0.6481167078018188,0.8298279158699808
mot_small-tiny_1d-bs.512-ep.300,mot_small_1d,0.1,42,26,0.049999999999999996,1.4851135626694605,0.6853126792885829,0.6784324645996094,0.8558519793459552,1.5890766384496744,0.6512428298279158,0.6474597454071045,0.8355640535372849
mot_small-tiny_1d-bs.512-ep.300,mot_small_1d,0.1,42,27,0.046860474023534326,1.4669508106919633,0.6951137884872824,0.6874315142631531,0.8619238860202716,1.5747054907833413,0.6630975143403441,0.6589025259017944,0.8367112810707457
mot_small-tiny_1d-bs.512-ep.300,mot_small_1d,0.1,42,28,0.04373333832178478,1.46017643324297,0.6908108624976095,0.6813139319419861,0.8611111111111112,1.5712999624686306,0.6554493307839389,0.6488385200500488,0.8325047801147227
mot_small-tiny_1d-bs.512-ep.300,mot_small_1d,0.1,42,29,0.040630934270713764,1.448965410038125,0.6965002868617326,0.6899986863136292,0.861063300822337,1.5563662118711161,0.6692160611854685,0.6663976311683655,0.8359464627151052
mot_small-tiny_1d-bs.512-ep.300,mot_small_1d,0.1,42,30,0.03756550564175726,1.443791168600999,0.6944444444444444,0.6856539249420166,0.8658443296997513,1.5566452055542692,0.6592734225621415,0.6542103290557861,0.8409177820267686
mot_small-tiny_1d-bs.512-ep.300,mot_small_1d,0.1,42,31,0.03454915028125265,1.4310525035876394,0.7026678141135972,0.6956286430358887,0.8662268120099446,1.5456408790602967,0.6676864244741874,0.6651932001113892,0.8432122370936902
mot_small-tiny_1d-bs.512-ep.300,mot_small_1d,0.1,42,32,0.03159377236576612,1.4280523875403026,0.7030024861350163,0.6954745650291443,0.8660833811436222,1.5472300731885045,0.6695984703632887,0.6649178266525269,0.8355640535372849
mot_small-tiny_1d-bs.512-ep.300,mot_small_1d,0.1,42,33,0.028711035421746366,1.4201482881161924,0.7046758462421113,0.698276698589325,0.8675655000956206,1.5328641202208189,0.6711281070745698,0.6682573556900024,0.8390057361376673
mot_small-tiny_1d-bs.512-ep.300,mot_small_1d,0.1,42,34,0.025912316294914226,1.4199582711075889,0.7038152610441767,0.6968847513198853,0.866370242876267,1.5398256976563434,0.6669216061185469,0.6647130846977234,0.8374760994263862
mot_small-tiny_1d-bs.512-ep.300,mot_small_1d,0.1,42,35,0.023208660251050155,1.4085402121209214,0.7094090648307516,0.7019068002700806,0.8691432396251674,1.5230396511449869,0.6726577437858509,0.6675513386726379,0.8413001912045889
mot_small-tiny_1d-bs.512-ep.300,mot_small_1d,0.1,42,36,0.020610737385376346,1.4077361153015149,0.7075444635685599,0.7001955509185791,0.8698125836680054,1.5279421133475368,0.6749521988527725,0.6705013513565063,0.8405353728489484
mot_small-tiny_1d-bs.512-ep.300,mot_small_1d,0.1,42,37,0.01812880051256551,1.4004005691840558,0.7098393574297188,0.7028480768203735,0.8709600305985848,1.5175613374144807,0.6764818355640535,0.6720240712165833,0.8435946462715105
mot_small-tiny_1d-bs.512-ep.300,mot_small_1d,0.1,42,38,0.015772644703565562,1.3967407031049235,0.713855421686747,0.7073231339454651,0.8699082042455536,1.5151988013068758,0.6826003824091779,0.6798111796379089,0.8435946462715105
mot_small-tiny_1d-bs.512-ep.300,mot_small_1d,0.1,42,39,0.013551568628929433,1.3927140767543762,0.7162937464142284,0.7095353603363037,0.871342512908778,1.5055525770606777,0.6833652007648183,0.678886353969574,0.850095602294455
mot_small-tiny_1d-bs.512-ep.300,mot_small_1d,0.1,42,40,0.011474337861210542,1.3902682787511653,0.7153375406387454,0.7078313231468201,0.8713903231975522,1.5090274934786911,0.6803059273422563,0.6762768626213074,0.8409177820267686
mot_small-tiny_1d-bs.512-ep.300,mot_small_1d,0.1,42,41,0.009549150281252632,1.3886519749594546,0.7157200229489387,0.7083857655525208,0.8719640466628419,1.5055296859595333,0.6787762906309751,0.673926591873169,0.8458891013384321
mot_small-tiny_1d-bs.512-ep.300,mot_small_1d,0.1,42,42,0.007783603724899257,1.3864112805855118,0.7149072480397781,0.7078559398651123,0.871677184930197,1.5053430852652965,0.679923518164436,0.6762970685958862,0.8455066921606118
mot_small-tiny_1d-bs.512-ep.300,mot_small_1d,0.1,42,43,0.0061846659978068205,1.3845792541678992,0.7153853509275196,0.7079758644104004,0.872346528973035,1.5021203954634657,0.6837476099426386,0.6810160875320435,0.8478011472275334
mot_small-tiny_1d-bs.512-ep.300,mot_small_1d,0.1,42,44,0.004758647376699033,1.3829744331329223,0.7171065213233888,0.7096636891365051,0.8729680627270989,1.5009329217797711,0.6845124282982792,0.6811225414276123,0.8455066921606118
mot_small-tiny_1d-bs.512-ep.300,mot_small_1d,0.1,42,45,0.0035111757055874327,1.3821967236738995,0.7182061579651942,0.7108149528503418,0.8728724421495506,1.5016988984029562,0.6856596558317399,0.6829278469085693,0.8474187380497132
mot_small-tiny_1d-bs.512-ep.300,mot_small_1d,0.1,42,46,0.0024471741852423235,1.3815958917106763,0.718827691719258,0.711536169052124,0.8727768215720023,1.5001022338867187,0.6860420650095602,0.6829104423522949,0.8474187380497132
mot_small-tiny_1d-bs.512-ep.300,mot_small_1d,0.1,42,47,0.0015708419435684518,1.3811543994114945,0.7182539682539683,0.7107992768287659,0.8725377701281316,1.4996404191959884,0.6856596558317399,0.6831507086753845,0.8466539196940727
mot_small-tiny_1d-bs.512-ep.300,mot_small_1d,0.1,42,48,0.000885637463565564,1.3810060588277122,0.7178236756550009,0.7104347348213196,0.8729202524383247,1.4994010896117465,0.6848948374760995,0.6818588972091675,0.847036328871893
mot_small-tiny_1d-bs.512-ep.300,mot_small_1d,0.1,42,49,0.00039426493427611173,1.3809295197612903,0.7183495888315166,0.7109949588775635,0.8729202524383247,1.499350782288648,0.6848948374760995,0.6819310188293457,0.8462715105162524
mot_small-tiny_1d-bs.512-ep.300,mot_small_1d,0.1,42,50,9.866357858642205e-05,1.3809119432645949,0.7182539682539683,0.7109134197235107,0.8731114935934213,1.499316925573987,0.6852772466539196,0.6824314594268799,0.8458891013384321
mot_small-tiny_1d-bs.512-ep.300,mot_small_1d,0.3,42,1,0.3,2.9279850084162917,0.32855230445591893,0.31543707847595215,0.5828552304455918,2.976830144411747,0.3162523900573614,0.3161362111568451,0.5705544933078394
mot_small-tiny_1d-bs.512-ep.300,mot_small_1d,0.3,42,2,0.29970400926424073,2.3955156323011075,0.43005354752342706,0.417163610458374,0.6915758271179958,2.442661578614215,0.4210325047801147,0.4167903959751129,0.6703632887189293
mot_small-tiny_1d-bs.512-ep.300,mot_small_1d,0.3,42,3,0.2988172051971717,2.0977056411740245,0.516255498183209,0.5066173076629639,0.753968253968254,2.16082531434856,0.497131931166348,0.4886713922023773,0.7411089866156788
mot_small-tiny_1d-bs.512-ep.300,mot_small_1d,0.3,42,4,0.29734308760930334,1.9224295748376692,0.5529737999617518,0.542576789855957,0.7838496844520941,1.9891308888422599,0.5357552581261951,0.5271694660186768,0.7636711281070746
mot_small-tiny_1d-bs.512-ep.300,mot_small_1d,0.3,42,5,0.2952874741692947,1.8045019072085635,0.5869669152801683,0.5765217542648315,0.7962803595333716,1.8787650989072957,0.5609942638623326,0.5553447604179382,0.7793499043977056
mot_small-tiny_1d-bs.512-ep.300,mot_small_1d,0.3,42,6,0.2926584774442731,1.7501169008833886,0.5905526869382292,0.5875890851020813,0.8015394912985274,1.83183057795975,0.572848948374761,0.5708985924720764,0.7881453154875717
mot_small-tiny_1d-bs.512-ep.300,mot_small_1d,0.3,42,7,0.28946647288323774,1.7259426200838976,0.5955727672595142,0.5905351042747498,0.8059858481545229,1.8198267818181055,0.5759082217973231,0.5716093182563782,0.7797323135755259
mot_small-tiny_1d-bs.512-ep.300,mot_small_1d,0.3,42,8,0.28572405786990296,1.6126618884129105,0.6253585771658061,0.6181985139846802,0.8256358768406962,1.7233127630463523,0.5984703632887189,0.5890729427337646,0.8053537284894837
mot_small-tiny_1d-bs.512-ep.300,mot_small_1d,0.3,42,9,0.28144600200657954,1.5736411629591283,0.6357334098297954,0.6323314905166626,0.8244406196213425,1.7131017404122288,0.6080305927342257,0.610970675945282,0.8
mot_small-tiny_1d-bs.512-ep.300,mot_small_1d,0.3,42,10,0.27664918882530226,1.5078948650699338,0.6457257601835915,0.6368610262870789,0.842512908777969,1.6280227267263496,0.6202676864244742,0.6121803522109985,0.815678776290631
mot_small-tiny_1d-bs.512-ep.300,mot_small_1d,0.3,42,11,0.27135254915624213,1.5341083827906026,0.6436699177663033,0.640836775302887,0.8343373493975904,1.6363668511064284,0.627151051625239,0.6199716925621033,0.8191204588910134
mot_small-tiny_1d-bs.512-ep.300,mot_small_1d,0.3,42,12,0.2655769864163684,1.4797578148870127,0.651845477146682,0.6464542150497437,0.8413654618473896,1.6121166280305181,0.6137667304015296,0.6071880459785461,0.8179732313575526
mot_small-tiny_1d-bs.512-ep.300,mot_small_1d,0.3,42,13,0.2593452941132117,1.443154273924077,0.6625071715433162,0.6578326225280762,0.8456205775482883,1.5532844849799832,0.6432122370936902,0.630937397480011,0.827151051625239
mot_small-tiny_1d-bs.512-ep.300,mot_small_1d,0.3,42,14,0.2526820658893033,1.347514662648688,0.6947313061770893,0.6902651190757751,0.8620195065978199,1.5193694484849276,0.6489483747609943,0.6459450721740723,0.8298279158699808
mot_small-tiny_1d-bs.512-ep.300,mot_small_1d,0.3,42,15,0.24561359846230346,1.3392871098710784,0.6891375023905144,0.6860288977622986,0.8662746222987187,1.4777377243479626,0.6516252390057361,0.6472467184066772,0.8374760994263862
mot_small-tiny_1d-bs.512-ep.300,mot_small_1d,0.3,42,16,0.23816778784387102,1.3177694571271275,0.6948747370434117,0.6903789639472961,0.8681392235609103,1.4742969432706814,0.654302103250478,0.6515603065490723,0.8390057361376673
mot_small-tiny_1d-bs.512-ep.300,mot_small_1d,0.3,42,17,0.2303740192468495,1.3272257932720233,0.6946834958883151,0.6860916018486023,0.8612067316886594,1.4874816923706755,0.6600382409177821,0.6541950106620789,0.8290630975143404
mot_small-tiny_1d-bs.512-ep.300,mot_small_1d,0.3,42,18,0.22226305111525732,1.2727547468840905,0.7050105182635303,0.6994944214820862,0.8709122203098106,1.4491684718524065,0.6707456978967495,0.6666204333305359,0.8439770554493308
mot_small-tiny_1d-bs.512-ep.300,mot_small_1d,0.3,42,19,0.21386689373476092,1.2533153815533011,0.7085006693440429,0.7025973796844482,0.8739242685025818,1.4078657576960314,0.6665391969407266,0.6589849591255188,0.8497131931166348
mot_small-tiny_1d-bs.512-ep.300,mot_small_1d,0.3,42,20,0.20521868290270173,1.225178558982839,0.7170109007458405,0.7107577323913574,0.8803786574870912,1.3970742271233698,0.6738049713193117,0.6684994697570801,0.8554493307839388
mot_small-tiny_1d-bs.512-ep.300,mot_small_1d,0.3,42,21,0.19635254915624212,1.203747772491099,0.7296328169822146,0.7255735993385315,0.8846815834767642,1.3798198634306287,0.6860420650095602,0.6836043000221252,0.8523900573613766
mot_small-tiny_1d-bs.512-ep.300,mot_small_1d,0.3,42,22,0.18730348307472822,1.1942060944408914,0.7259514247466055,0.7189813852310181,0.8826735513482501,1.3698755545096462,0.6776290630975144,0.6735537648200989,0.8447418738049713
mot_small-tiny_1d-bs.512-ep.300,mot_small_1d,0.3,42,23,0.17810719718785872,1.2125897461334363,0.7175846242111302,0.71180260181427,0.8833428953910881,1.3835516205709248,0.6695984703632887,0.6625128388404846,0.8516252390057362
mot_small-tiny_1d-bs.512-ep.300,mot_small_1d,0.3,42,24,0.1687999850346457,1.1713040954274687,0.7375693249187225,0.7326117753982544,0.88659399502773,1.3712101413004714,0.6833652007648183,0.6828539371490479,0.8554493307839388
mot_small-tiny_1d-bs.512-ep.300,mot_small_1d,0.3,42,25,0.15941857792939704,1.1576165494555883,0.739051443870721,0.7349583506584167,0.8903231975521132,1.349910972405574,0.6837476099426386,0.682323157787323,0.8573613766730401
mot_small-tiny_1d-bs.512-ep.300,mot_small_1d,0.3,42,26,0.15000000000000002,1.1619618551342181,0.7327882960413081,0.7255897521972656,0.8871677184930197,1.353613346894886,0.6753346080305928,0.6706093549728394,0.8615678776290631
mot_small-tiny_1d-bs.512-ep.300,mot_small_1d,0.3,42,27,0.140581422070603,1.138946315621664,0.7398642187798814,0.7349017262458801,0.8898929049531459,1.3233421675789652,0.6978967495219885,0.6931644678115845,0.8608030592734226
mot_small-tiny_1d-bs.512-ep.300,mot_small_1d,0.3,42,28,0.13120001496535438,1.1396899464983492,0.7372346528973035,0.7293333411216736,0.888602027156244,1.326548405313583,0.681453154875717,0.6748174428939819,0.8596558317399617
mot_small-tiny_1d-bs.512-ep.300,mot_small_1d,0.3,42,29,0.12189280281214132,1.132186814507145,0.7423025435073628,0.7370444536209106,0.8908969210174029,1.3215774186026754,0.6956022944550669,0.6907239556312561,0.8535372848948375
mot_small-tiny_1d-bs.512-ep.300,mot_small_1d,0.3,42,30,0.11269651692527179,1.1034040580540867,0.7525339453050296,0.7479345798492432,0.8969688276917193,1.2954783539927028,0.6998087954110899,0.6952416896820068,0.8676864244741874
mot_small-tiny_1d-bs.512-ep.300,mot_small_1d,0.3,42,31,0.10364745084375795,1.1016791367945742,0.7528208070376745,0.7481081485748291,0.8947217441193345,1.3033982898719452,0.6967495219885277,0.6957533359527588,0.8596558317399617
mot_small-tiny_1d-bs.512-ep.300,mot_small_1d,0.3,42,32,0.09478131709729837,1.0876337676231573,0.7588449034232166,0.7530426979064941,0.8983553260661694,1.291298446509396,0.6998087954110899,0.699666440486908,0.858508604206501
mot_small-tiny_1d-bs.512-ep.300,mot_small_1d,0.3,42,33,0.08613310626523911,1.0762101332255407,0.7649646203863071,0.7608926296234131,0.8994071524192007,1.2782816286980536,0.7013384321223709,0.6991002559661865,0.8684512428298279
mot_small-tiny_1d-bs.512-ep.300,mot_small_1d,0.3,42,34,0.0777369488847427,1.0796149478721946,0.7594664371772806,0.7539811134338379,0.8983553260661694,1.2740836644947642,0.702868068833652,0.6964338421821594,0.8650095602294455
mot_small-tiny_1d-bs.512-ep.300,mot_small_1d,0.3,42,35,0.06962598075315048,1.0687792138402241,0.7652036718301779,0.7598174214363098,0.9001243067508128,1.2676127563243158,0.7089866156787763,0.704433262348175,0.8669216061185469
mot_small-tiny_1d-bs.512-ep.300,mot_small_1d,0.3,42,36,0.06183221215612905,1.0646329935569567,0.7647255689424364,0.7597009539604187,0.8994071524192007,1.2645836824668752,0.7066921606118547,0.702695369720459,0.8669216061185469
mot_small-tiny_1d-bs.512-ep.300,mot_small_1d,0.3,42,37,0.05438640153769654,1.0541648850155552,0.7690284949321093,0.7638664245605469,0.9004589787722318,1.2525809687364626,0.7093690248565966,0.7054914832115173,0.8646271510516252
mot_small-tiny_1d-bs.512-ep.300,mot_small_1d,0.3,42,38,0.047317934110696694,1.052387322173973,0.7726142665901702,0.767996609210968,0.9017020462803595,1.2571948458086237,0.7112810707456979,0.7085272073745728,0.8673040152963671
mot_small-tiny_1d-bs.512-ep.300,mot_small_1d,0.3,42,39,0.0406547058867883,1.0495760537032803,0.7727576974564926,0.7683249115943909,0.9011761331038439,1.2451620754730632,0.7147227533460803,0.7108228802680969,0.8669216061185469
mot_small-tiny_1d-bs.512-ep.300,mot_small_1d,0.3,42,40,0.03442301358363163,1.0416328625689046,0.7772996748900364,0.771864652633667,0.9045228533180341,1.2463211438851876,0.7139579349904398,0.7088786363601685,0.8726577437858508
mot_small-tiny_1d-bs.512-ep.300,mot_small_1d,0.3,42,41,0.0286474508437579,1.0390145168133005,0.7778255880665519,0.7721051573753357,0.9036144578313253,1.2393944326367934,0.7139579349904398,0.70888352394104,0.8646271510516252
mot_small-tiny_1d-bs.512-ep.300,mot_small_1d,0.3,42,42,0.023350811174697773,1.0359683727119229,0.7780646395104226,0.7732059359550476,0.9049531459170014,1.238053371801431,0.718546845124283,0.71551513671875,0.8711281070745698
mot_small-tiny_1d-bs.512-ep.300,mot_small_1d,0.3,42,43,0.018553997993420463,1.0346646472130616,0.7793555173073246,0.7741129398345947,0.9050009562057755,1.2345809907347933,0.7177820267686424,0.7149920463562012,0.8715105162523901
mot_small-tiny_1d-bs.512-ep.300,mot_small_1d,0.3,42,44,0.014275942130097098,1.03210304881811,0.7807898259705489,0.7757011651992798,0.9048575253394531,1.2325595717129243,0.7219885277246654,0.7170037627220154,0.8703632887189292
mot_small-tiny_1d-bs.512-ep.300,mot_small_1d,0.3,42,45,0.010533527116762299,1.0299040275861164,0.7821763243449991,0.7772955298423767,0.9052400076496462,1.2313917521081053,0.7181644359464627,0.7151047587394714,0.8722753346080306
mot_small-tiny_1d-bs.512-ep.300,mot_small_1d,0.3,42,46,0.00734152255572697,1.0295696845814246,0.7802639127940333,0.7750768065452576,0.9049053356282272,1.230487358137025,0.718546845124283,0.7147241234779358,0.8715105162523901
mot_small-tiny_1d-bs.512-ep.300,mot_small_1d,0.3,42,47,0.004712525830705355,1.0278017212223383,0.7822241346337732,0.7770634293556213,0.9053834385159686,1.2284318883833876,0.7196940726577438,0.7152122259140015,0.8718929254302104
mot_small-tiny_1d-bs.512-ep.300,mot_small_1d,0.3,42,48,0.0026569123906966916,1.027440846046131,0.7828934786766112,0.7777209281921387,0.9054312488047428,1.2281299116962499,0.7189292543021033,0.7151100039482117,0.8726577437858508
mot_small-tiny_1d-bs.512-ep.300,mot_small_1d,0.3,42,49,0.001182794802828335,1.0272900031843566,0.7827978580990629,0.777596652507782,0.9054790590935169,1.2281746012758799,0.7189292543021033,0.7151238918304443,0.8722753346080306
mot_small-tiny_1d-bs.512-ep.300,mot_small_1d,0.3,42,50,0.0002959907357592661,1.0272664387291306,0.7829412889653854,0.7777579426765442,0.9053834385159686,1.2281608333551177,0.7193116634799235,0.715523898601532,0.8722753346080306
mot_small-tiny_1d-bs.512-ep.300,mot_small_1d,0.5,42,1,0.5,5.022422065377395,0.33328552304455916,0.3303060829639435,0.5291642761522279,5.420142173402396,0.3227533460803059,0.3221263587474823,0.5193116634799235
mot_small-tiny_1d-bs.512-ep.300,mot_small_1d,0.5,42,2,0.4995066821070679,3.1722871886541704,0.4367469879518072,0.434908002614975,0.6576305220883534,3.102950040332218,0.4175908221797323,0.41975724697113037,0.6474187380497132
mot_small-tiny_1d-bs.512-ep.300,mot_small_1d,0.5,42,3,0.4980286753286195,2.06421060319566,0.5198412698412699,0.5108301043510437,0.7519602218397399,2.1695061240551805,0.49751434034416825,0.4906185269355774,0.7292543021032505
mot_small-tiny_1d-bs.512-ep.300,mot_small_1d,0.5,42,4,0.4955718126821722,1.8371631690160475,0.5625836680053548,0.5571621060371399,0.7900172117039587,1.9186796184707553,0.5472275334608031,0.5410730242729187,0.7709369024856596
mot_small-tiny_1d-bs.512-ep.300,mot_small_1d,0.5,42,5,0.49214579028215777,1.6524414555660327,0.6102505259131765,0.599717378616333,0.8117708930961943,1.7682860336157833,0.5831739961759083,0.5755118727684021,0.7873804971319311
mot_small-tiny_1d-bs.512-ep.300,mot_small_1d,0.5,42,6,0.4877641290737884,1.736195750117051,0.575253394530503,0.5738356113433838,0.8067986230636833,1.8365342295192624,0.5609942638623326,0.5585041046142578,0.7912045889101338
mot_small-tiny_1d-bs.512-ep.300,mot_small_1d,0.5,42,7,0.48244412147206284,1.8814490616127784,0.5728150698030217,0.5664676427841187,0.7768215720022948,2.0079976915173505,0.5464627151051625,0.5373241901397705,0.7586998087954111
mot_small-tiny_1d-bs.512-ep.300,mot_small_1d,0.5,42,8,0.4762067631165049,1.66361983535075,0.5984413845859629,0.5953854322433472,0.8090935169248422,1.8086756850291847,0.5717017208413002,0.5698387026786804,0.7843212237093691
mot_small-tiny_1d-bs.512-ep.300,mot_small_1d,0.5,42,9,0.46907667001096587,1.4370534892838187,0.6667144769554408,0.6589644551277161,0.8444253203289348,1.6102959423174594,0.6275334608030593,0.6242599487304688,0.8149139579349904
mot_small-tiny_1d-bs.512-ep.300,mot_small_1d,0.5,42,10,0.46108198137550377,1.564498950975031,0.6165136737425894,0.6031335592269897,0.8281698221457258,1.7599637981582554,0.5762906309751434,0.5683118104934692,0.7988527724665392
mot_small-tiny_1d-bs.512-ep.300,mot_small_1d,0.5,42,11,0.45225424859373686,1.4170011829340474,0.659160451329126,0.6533310413360596,0.8438515968636451,1.56853231353468,0.6317399617590822,0.6201216578483582,0.8164435946462715
mot_small-tiny_1d-bs.512-ep.300,mot_small_1d,0.5,42,12,0.4426283106939473,1.4425347817516345,0.6559571619812584,0.6496179103851318,0.8409829795371964,1.6245537606525604,0.6198852772466539,0.6135937571525574,0.8103250478011472
mot_small-tiny_1d-bs.512-ep.300,mot_small_1d,0.5,42,13,0.4322421568553529,1.4061905916892086,0.668770319372729,0.666145920753479,0.8518837253777013,1.5721317371492405,0.6355640535372848,0.631403386592865,0.8325047801147227
mot_small-tiny_1d-bs.512-ep.300,mot_small_1d,0.5,42,14,0.4211367764821722,1.234965474137295,0.7051539491298527,0.6989944577217102,0.8725377701281316,1.422683552437485,0.6585086042065009,0.6493123769760132,0.8382409177820268
mot_small-tiny_1d-bs.512-ep.300,mot_small_1d,0.5,42,15,0.40935599743717244,1.310793949783042,0.6831612162937464,0.6792607307434082,0.861732644865175,1.5092762584212178,0.6328871892925431,0.6289379596710205,0.831357552581262
mot_small-tiny_1d-bs.512-ep.300,mot_small_1d,0.5,42,16,0.39694631307311834,1.2666601615828432,0.7006597819850832,0.6949180364608765,0.8647925033467202,1.483188102532527,0.6546845124282983,0.6524814367294312,0.8298279158699808
mot_small-tiny_1d-bs.512-ep.300,mot_small_1d,0.5,42,17,0.38395669874474914,1.2390863794650326,0.7102696500286861,0.7033187747001648,0.8656052782558806,1.4472603413160627,0.6646271510516253,0.6617192029953003,0.8347992351816443
mot_small-tiny_1d-bs.512-ep.300,mot_small_1d,0.5,42,18,0.3704384185254288,1.19839771702632,0.7104130808950087,0.7079266309738159,0.8742111302352267,1.4178495884853386,0.6592734225621415,0.65740567445755,0.8390057361376673
mot_small-tiny_1d-bs.512-ep.300,mot_small_1d,0.5,42,19,0.35644482289126816,1.157022544407074,0.7196882769171926,0.717667818069458,0.8864983744501816,1.3594619692625554,0.6688336520076482,0.6620457172393799,0.8596558317399617
mot_small-tiny_1d-bs.512-ep.300,mot_small_1d,0.5,42,20,0.34203113817116954,1.1567184537974022,0.7215528781793842,0.7161993384361267,0.883629757123733,1.3922278373236865,0.6695984703632887,0.6674379706382751,0.8497131931166348
mot_small-tiny_1d-bs.512-ep.300,mot_small_1d,0.5,42,21,0.32725424859373686,1.1756533146542878,0.7136163702428763,0.7120130658149719,0.8819085867278639,1.4199162674679584,0.6669216061185469,0.6714736819267273,0.8451242829827916
mot_small-tiny_1d-bs.512-ep.300,mot_small_1d,0.5,42,22,0.31217247179121366,1.1398001215065339,0.735417861923886,0.7309910655021667,0.8856377892522471,1.355519962493138,0.6818355640535373,0.6787545084953308,0.8527724665391969
mot_small-tiny_1d-bs.512-ep.300,mot_small_1d,0.5,42,23,0.2968453286464312,1.0585732382509716,0.7524861350162555,0.747556746006012,0.8983075157773953,1.2870119929997461,0.6948374760994264,0.6908391714096069,0.8634799235181644
mot_small-tiny_1d-bs.512-ep.300,mot_small_1d,0.5,42,24,0.2813333083910761,1.1504043846108485,0.7210269650028687,0.7193098664283752,0.8823388793268311,1.3994935540806495,0.6646271510516253,0.6653485298156738,0.848565965583174
mot_small-tiny_1d-bs.512-ep.300,mot_small_1d,0.5,42,25,0.26569762988232837,1.0742220080680795,0.7397685982023331,0.7357175946235657,0.8984987569324919,1.3179136885283782,0.675717017208413,0.6740669012069702,0.8608030592734226
mot_small-tiny_1d-bs.512-ep.300,mot_small_1d,0.5,42,26,0.25,1.0565562745220325,0.7478007267163894,0.7407364845275879,0.8961082424937846,1.3022674297967332,0.6783938814531548,0.6755568981170654,0.8619502868068833
mot_small-tiny_1d-bs.512-ep.300,mot_small_1d,0.5,42,27,0.23430237011767166,1.0397307588712599,0.755976286096768,0.7504029273986816,0.8957257601835915,1.2664362387720987,0.7078393881453154,0.7019762396812439,0.8581261950286807
mot_small-tiny_1d-bs.512-ep.300,mot_small_1d,0.5,42,28,0.21866669160892396,1.0509600481583024,0.7463664180531651,0.7372030019760132,0.8977816026008797,1.283573271713111,0.6917782026768643,0.6823645234107971,0.8581261950286807
mot_small-tiny_1d-bs.512-ep.300,mot_small_1d,0.5,42,29,0.20315467135356885,1.0218699993834621,0.759944540065022,0.7545205950737,0.8976381717345573,1.2676256475211558,0.7017208413001912,0.6972073316574097,0.8623326959847036
mot_small-tiny_1d-bs.512-ep.300,mot_small_1d,0.5,42,30,0.1878275282087863,0.9906845902548531,0.770558424172882,0.7654656767845154,0.9064352648689998,1.2360976151708891,0.7143403441682601,0.7112606167793274,0.8692160611854685
mot_small-tiny_1d-bs.512-ep.300,mot_small_1d,0.5,42,31,0.17274575140626322,1.006648373161545,0.7643430866322433,0.7603558897972107,0.9013195639701663,1.2574795856074668,0.6994263862332696,0.6991890668869019,0.8665391969407266
mot_small-tiny_1d-bs.512-ep.300,mot_small_1d,0.5,42,32,0.15796886182883058,0.9704984404840576,0.7779690189328744,0.7732884287834167,0.9074392809332569,1.2241362810590755,0.7093690248565966,0.7095456719398499,0.8650095602294455
mot_small-tiny_1d-bs.512-ep.300,mot_small_1d,0.5,42,33,0.14355517710873184,0.967374106396405,0.779498948173647,0.7776530385017395,0.90782176324345,1.2184835284435498,0.7089866156787763,0.7073960900306702,0.8703632887189292
mot_small-tiny_1d-bs.512-ep.300,mot_small_1d,0.5,42,34,0.12956158147457114,0.9624315481793244,0.7766781411359724,0.7715074419975281,0.9084432969975139,1.2084197181132739,0.7097514340344169,0.7042754888534546,0.8707456978967495
mot_small-tiny_1d-bs.512-ep.300,mot_small_1d,0.5,42,35,0.11604330125525078,0.9626202726482684,0.7800726716389367,0.7749783992767334,0.9073436603557086,1.2122095884830044,0.7154875717017208,0.7099777460098267,0.8692160611854685
mot_small-tiny_1d-bs.512-ep.300,mot_small_1d,0.5,42,36,0.10305368692688174,0.9508072378348611,0.7823197552113215,0.7776487469673157,0.9102122776821572,1.202658197756707,0.7158699808795411,0.7124108076095581,0.869980879541109
mot_small-tiny_1d-bs.512-ep.300,mot_small_1d,0.5,42,37,0.09064400256282756,0.9311931618861747,0.7895869191049913,0.7840352058410645,0.9119812583668006,1.1785472541648616,0.7223709369024857,0.7180015444755554,0.8730401529636711
mot_small-tiny_1d-bs.512-ep.300,mot_small_1d,0.5,42,38,0.07886322351782782,0.9281450725007545,0.7922164849875694,0.788597822189331,0.912124689233123,1.1791802284138608,0.7250478011472276,0.7226722240447998,0.8760994263862333
mot_small-tiny_1d-bs.512-ep.300,mot_small_1d,0.5,42,39,0.06775784314464717,0.9324098858055455,0.790112832281507,0.7869117856025696,0.9103557085484796,1.177296052425815,0.7250478011472276,0.7221202254295349,0.8711281070745698
mot_small-tiny_1d-bs.512-ep.300,mot_small_1d,0.5,42,40,0.057371689306052714,0.9142853499233985,0.7995314591700133,0.7951136231422424,0.9147542551157009,1.1708265694787807,0.7250478011472276,0.7193586826324463,0.8799235181644359
mot_small-tiny_1d-bs.512-ep.300,mot_small_1d,0.5,42,41,0.047745751406263165,0.9163511527567207,0.7960413080895009,0.7916361093521118,0.9130808950086059,1.1671588671594915,0.7246653919694073,0.7205079793930054,0.8753346080305927
mot_small-tiny_1d-bs.512-ep.300,mot_small_1d,0.5,42,42,0.03891801862449629,0.9158676677827148,0.7966150315547906,0.7923282384872437,0.914132721361637,1.1692779686893149,0.7273422562141492,0.7247722744941711,0.877246653919694
mot_small-tiny_1d-bs.512-ep.300,mot_small_1d,0.5,42,43,0.030923329989034104,0.9088056684338265,0.801396060432205,0.7969234585762024,0.9152323580034424,1.1579409524541968,0.7288718929254302,0.7249974012374878,0.8791586998087955
mot_small-tiny_1d-bs.512-ep.300,mot_small_1d,0.5,42,44,0.02379323688349516,0.905061713412196,0.8024478867852362,0.7979264855384827,0.9148498756932492,1.1555263336940205,0.7361376673040153,0.7309255003929138,0.8780114722753346
mot_small-tiny_1d-bs.512-ep.300,mot_small_1d,0.5,42,45,0.017555878527937163,0.9024846762173672,0.8034040925607191,0.7995619773864746,0.9154714094473131,1.1508532872391477,0.7323135755258127,0.7290753722190857,0.8803059273422562
mot_small-tiny_1d-bs.512-ep.300,mot_small_1d,0.5,42,46,0.012235870926211617,0.9016217747708538,0.8027347485178811,0.7980242967605591,0.9154714094473131,1.1523159807544365,0.7319311663479924,0.727803647518158,0.8803059273422562
mot_small-tiny_1d-bs.512-ep.300,mot_small_1d,0.5,42,47,0.007854209717842259,0.8989716845549048,0.8057946069994263,0.8010469675064087,0.9161885637789252,1.149010673945994,0.7349904397705544,0.7305289506912231,0.8780114722753346
mot_small-tiny_1d-bs.512-ep.300,mot_small_1d,0.5,42,48,0.00442818731782782,0.8982727731430045,0.8054121246892332,0.8008946180343628,0.9160451329126028,1.148421490671074,0.7346080305927343,0.7302851676940918,0.8803059273422562
mot_small-tiny_1d-bs.512-ep.300,mot_small_1d,0.5,42,49,0.0019713246713805588,0.897965669221599,0.805364314400459,0.8008366227149963,0.9163319946452476,1.1482676365635363,0.7365200764818356,0.7324752807617188,0.8803059273422562
mot_small-tiny_1d-bs.512-ep.300,mot_small_1d,0.5,42,50,0.0004933178929321103,0.8979201677037507,0.8056511761331039,0.8011136054992676,0.9164276152227959,1.1482482297470646,0.7365200764818356,0.7324752807617188,0.8803059273422562
mot_small-tiny_1d-bs.512-ep.300,mot_small_1d,0.7,42,1,0.7,40.231090710527425,0.16934404283801874,0.16615505516529083,0.35121438133486327,39.834503045455904,0.16481835564053537,0.16786184906959534,0.3430210325047801
mot_small-tiny_1d-bs.512-ep.300,mot_small_1d,0.7,42,2,0.699309354949895,16.633797239039865,0.34605087014725566,0.33691978454589844,0.5203193727290113,15.990745903292304,0.339961759082218,0.3337864577770233,0.5078393881453155
mot_small-tiny_1d-bs.512-ep.300,mot_small_1d,0.7,42,3,0.6972401454600672,10.391488242135674,0.36613119143239625,0.35616618394851685,0.6521323388793269,10.61025551090277,0.35717017208413004,0.3527989089488983,0.648565965583174
mot_small-tiny_1d-bs.512-ep.300,mot_small_1d,0.7,42,4,0.6938005377550409,5.842213896771283,0.4925415949512335,0.49057283997535706,0.7316408491107286,6.744567903186805,0.4673040152963671,0.4706822633743286,0.6994263862332696
mot_small-tiny_1d-bs.512-ep.300,mot_small_1d,0.7,42,5,0.6890041063950206,3.591390829693635,0.5955249569707401,0.5878238677978516,0.7806463951042264,3.677982536009575,0.5567877629063097,0.5595645904541016,0.7556405353728489
mot_small-tiny_1d-bs.512-ep.300,mot_small_1d,0.7,42,6,0.6828697807033035,1.8739530173422252,0.5822815069803021,0.5765038132667542,0.7995314591700133,2.0268111453229567,0.5564053537284895,0.5462468862533569,0.7831739961759082
mot_small-tiny_1d-bs.512-ep.300,mot_small_1d,0.7,42,7,0.6754217700608878,2.056646394100397,0.5574679671065214,0.5492235422134399,0.7895391088162172,2.2834984730124246,0.5418738049713193,0.5355686545372009,0.7659655831739962
mot_small-tiny_1d-bs.512-ep.300,mot_small_1d,0.7,42,8,0.6666894683631067,2.1709932585158342,0.5637789252247084,0.5643010139465332,0.7734270414993306,2.3721368939197314,0.5449330783938815,0.5442294478416443,0.7560229445506692
mot_small-tiny_1d-bs.512-ep.300,mot_small_1d,0.7,42,9,0.6567073380153521,1.5466022549817247,0.6549053356282272,0.6460124850273132,0.8424650984891949,1.7702857956603655,0.6183556405353728,0.6131125092506409,0.8168260038240918
mot_small-tiny_1d-bs.512-ep.300,mot_small_1d,0.7,42,10,0.6455147739257051,1.6832528244721818,0.6160833811436222,0.6047986745834351,0.8187033849684452,1.9342153341318864,0.5812619502868069,0.5794835090637207,0.7934990439770554
mot_small-tiny_1d-bs.512-ep.300,mot_small_1d,0.7,42,11,0.6331559480312314,1.4740506068404944,0.6511283228150698,0.6471255421638489,0.8406483075157773,1.6645128895630117,0.6340344168260038,0.6225743889808655,0.8137667304015297
mot_small-tiny_1d-bs.512-ep.300,mot_small_1d,0.7,42,12,0.619679634971526,1.4429414143273243,0.6567699368904188,0.6504431366920471,0.8515012430675081,1.6653336008921635,0.6164435946462715,0.6102204322814941,0.8175908221797323
mot_small-tiny_1d-bs.512-ep.300,mot_small_1d,0.7,42,13,0.6051390195974938,1.4082590784527735,0.6667144769554408,0.6637985706329346,0.8519315356664754,1.612225680232732,0.6344168260038241,0.628466784954071,0.8260038240917782
mot_small-tiny_1d-bs.512-ep.300,mot_small_1d,0.7,42,14,0.5895914870750408,1.2659350023326192,0.6937751004016064,0.687781572341919,0.8695735322241346,1.4860836430215927,0.6439770554493308,0.6352670192718506,0.8355640535372849
mot_small-tiny_1d-bs.512-ep.300,mot_small_1d,0.7,42,15,0.5730983964120412,1.308759383659195,0.6771371199082042,0.6706197261810303,0.8640753490151081,1.5737542365750665,0.6282982791586998,0.6243789792060852,0.832887189292543
mot_small-tiny_1d-bs.512-ep.300,mot_small_1d,0.7,42,16,0.5557248383023655,1.3517935766182523,0.6795276343469114,0.675150454044342,0.8534136546184738,1.6083561899101302,0.6439770554493308,0.6438596844673157,0.8152963671128107
mot_small-tiny_1d-bs.512-ep.300,mot_small_1d,0.7,42,17,0.5375393782426486,1.2522677888284794,0.7019984700707592,0.6952819228172302,0.8638362975712374,1.5106754164394867,0.6523900573613767,0.6496369242668152,0.8332695984703633
mot_small-tiny_1d-bs.512-ep.300,mot_small_1d,0.7,42,18,0.5186137859356001,1.243752214005354,0.6947791164658634,0.6917868256568909,0.8679957926945878,1.531133461363229,0.6439770554493308,0.6444514393806458,0.831357552581262
mot_small-tiny_1d-bs.512-ep.300,mot_small_1d,0.7,42,19,0.49902275204777524,1.1883732975726147,0.7116083381143622,0.7115139961242676,0.8790877796901894,1.4358687202059743,0.6638623326959847,0.6610780954360962,0.8512428298279159
mot_small-tiny_1d-bs.512-ep.300,mot_small_1d,0.7,42,20,0.47884359343963717,1.194524217869315,0.7060145343277874,0.6994152665138245,0.8814782941288966,1.4818681180819042,0.6443594646271511,0.6424174308776855,0.8481835564053537
mot_small-tiny_1d-bs.512-ep.300,mot_small_1d,0.7,42,21,0.45815594803123144,1.1409107696305592,0.7245171160833811,0.7211142182350159,0.8828647925033467,1.4157465684938157,0.6715105162523901,0.667115330696106,0.8481835564053537
mot_small-tiny_1d-bs.512-ep.300,mot_small_1d,0.7,42,22,0.437041460507699,1.1824585985193565,0.7228915662650602,0.7188954949378967,0.8813348632625742,1.453180335721368,0.6615678776290631,0.6614108085632324,0.8424474187380497
mot_small-tiny_1d-bs.512-ep.300,mot_small_1d,0.7,42,23,0.4155834601050035,1.0129451711584994,0.7524861350162555,0.7471909523010254,0.9006502199273284,1.2946183213768223,0.6822179732313576,0.6805201768875122,0.8627151051625239
mot_small-tiny_1d-bs.512-ep.300,mot_small_1d,0.7,42,24,0.3938666317475064,1.0872853294251457,0.7376171352074966,0.7338404059410095,0.8890323197552114,1.391680366997509,0.6810707456978967,0.6793079376220703,0.8504780114722753
mot_small-tiny_1d-bs.512-ep.300,mot_small_1d,0.7,42,25,0.37197668183525956,1.0822820705399958,0.7386689615605279,0.7320001125335693,0.8950086058519794,1.377996832006976,0.6695984703632887,0.6650323271751404,0.8565965583173997
mot_small-tiny_1d-bs.512-ep.300,mot_small_1d,0.7,42,26,0.34999999999999987,1.0390956347566371,0.7467489003633582,0.7398841381072998,0.8937177280550774,1.328079678770689,0.6791586998087954,0.6761150360107422,0.8627151051625239
mot_small-tiny_1d-bs.512-ep.300,mot_small_1d,0.7,42,27,0.3280233181647402,0.9931040016272074,0.7585580416905718,0.7536464929580688,0.8997896347293938,1.274130688844174,0.6963671128107075,0.6922939419746399,0.8573613766730401
mot_small-tiny_1d-bs.512-ep.300,mot_small_1d,0.7,42,28,0.3061333682524934,0.9853445048723424,0.7628131573914706,0.7564466595649719,0.9026582520558424,1.2665291226388848,0.697131931166348,0.6909464001655579,0.8546845124282982
mot_small-tiny_1d-bs.512-ep.300,mot_small_1d,0.7,42,29,0.28441653989499627,0.9814119311631991,0.7683113406004972,0.7630414366722107,0.8983075157773953,1.2650687719166394,0.7066921606118547,0.7053967118263245,0.8680688336520076
mot_small-tiny_1d-bs.512-ep.300,mot_small_1d,0.7,42,30,0.2629585394923007,0.9385926187733752,0.7753872633390706,0.7697383165359497,0.9092560719066743,1.2278435584919858,0.7120458891013385,0.7089592814445496,0.869980879541109
mot_small-tiny_1d-bs.512-ep.300,mot_small_1d,0.7,42,31,0.2418440519687684,0.9566642123259009,0.7681679097341748,0.765164315700531,0.9051443870720979,1.2538419325994488,0.7078393881453154,0.7080371975898743,0.8718929254302104
mot_small-tiny_1d-bs.512-ep.300,mot_small_1d,0.7,42,32,0.2211564065603627,0.8969841875202866,0.7893000573723465,0.7854588031768799,0.9130808950086059,1.2022646194662236,0.7128107074569789,0.7138369083404541,0.865774378585086
mot_small-tiny_1d-bs.512-ep.300,mot_small_1d,0.7,42,33,0.20097724795222446,0.9182437963115483,0.7845190284949322,0.7834411859512329,0.9086823484413846,1.2142731500629258,0.7131931166347992,0.7137755751609802,0.8707456978967495
mot_small-tiny_1d-bs.512-ep.300,mot_small_1d,0.7,42,34,0.1813862140643995,0.9003655261668768,0.7851883725377701,0.7799606323242188,0.9138458596289921,1.1919374250773034,0.7139579349904398,0.7102437019348145,0.8715105162523901
mot_small-tiny_1d-bs.512-ep.300,mot_small_1d,0.7,42,35,0.16246062175735101,0.9011097142198934,0.786479250334672,0.7820289731025696,0.9123159303882196,1.1978064090298421,0.7162523900573614,0.7131712436676025,0.8688336520076482
mot_small-tiny_1d-bs.512-ep.300,mot_small_1d,0.7,42,36,0.14427516169763435,0.8909631562429031,0.7883438515968636,0.7842006683349609,0.9159973226238286,1.1908434194998805,0.7162523900573614,0.7137941122055054,0.8730401529636711
mot_small-tiny_1d-bs.512-ep.300,mot_small_1d,0.7,42,37,0.12690160358795852,0.8664175528918244,0.7974756167527252,0.7923162579536438,0.9168100975329891,1.155866204985697,0.7292543021032505,0.7241036891937256,0.8753346080305927
mot_small-tiny_1d-bs.512-ep.300,mot_small_1d,0.7,42,38,0.11040851292495889,0.8647860222278624,0.7973321858864028,0.7941796183586121,0.9174794415758272,1.1590745039697359,0.7208413001912046,0.7193873524665833,0.8753346080305927
mot_small-tiny_1d-bs.512-ep.300,mot_small_1d,0.7,42,39,0.09486098040250598,0.8638820267015443,0.7981927710843374,0.7956509590148926,0.9166666666666666,1.1544361413550879,0.725812619502868,0.7229287028312683,0.8749521988527724
mot_small-tiny_1d-bs.512-ep.300,mot_small_1d,0.7,42,40,0.08032036502847376,0.8405452711127597,0.8100497227003252,0.8062891960144043,0.9199177663033085,1.1418444040856444,0.7250478011472276,0.7214422821998596,0.8845124282982791
mot_small-tiny_1d-bs.512-ep.300,mot_small_1d,0.7,42,41,0.06684405196876839,0.8422047164021133,0.8064639510422643,0.8025098443031311,0.9179575444635686,1.1368405781558093,0.7307839388145315,0.7281928062438965,0.8806883365200765
mot_small-tiny_1d-bs.512-ep.300,mot_small_1d,0.7,42,42,0.05448522607429477,0.8470499478601137,0.8040256263147829,0.800011157989502,0.9201568177471792,1.145818579766764,0.7311663479923518,0.7282450795173645,0.8818355640535372
mot_small-tiny_1d-bs.512-ep.300,mot_small_1d,0.7,42,43,0.04329266198464772,0.8323988849744215,0.8131573914706445,0.8092077374458313,0.9205393000573724,1.1263849903930898,0.7326959847036328,0.7295881509780884,0.8845124282982791
mot_small-tiny_1d-bs.512-ep.300,mot_small_1d,0.7,42,44,0.03331053163689321,0.8282398443464614,0.8148785618665136,0.8104907870292664,0.9209695926563396,1.1231955942186753,0.7384321223709369,0.7338809370994568,0.8826003824091778
mot_small-tiny_1d-bs.512-ep.300,mot_small_1d,0.7,42,45,0.024578229939112014,0.8257620625980134,0.815308854465481,0.8121857643127441,0.9209217823675655,1.115411697883679,0.7346080305927343,0.7312783002853394,0.8818355640535372
mot_small-tiny_1d-bs.512-ep.300,mot_small_1d,0.7,42,46,0.017130219296696253,0.8240053257492629,0.8155000956205776,0.8108718991279602,0.9219257984318225,1.118831600240266,0.7365200764818356,0.7349838018417358,0.8829827915869981
mot_small-tiny_1d-bs.512-ep.300,mot_small_1d,0.7,42,47,0.010995893604979155,0.8205449049047403,0.8182252820807038,0.8138607740402222,0.9219257984318225,1.1144859189968948,0.7384321223709369,0.7355638146400452,0.8852772466539197
mot_small-tiny_1d-bs.512-ep.300,mot_small_1d,0.7,42,48,0.006199462244958943,0.8194971677335504,0.8176993689041882,0.813709557056427,0.9219257984318225,1.1134851131110985,0.7388145315487572,0.7362885475158691,0.8841300191204589
mot_small-tiny_1d-bs.512-ep.300,mot_small_1d,0.7,42,49,0.0027598545399327803,0.8190046245861655,0.8176037483266398,0.8136516809463501,0.9221170395869192,1.1129262555853587,0.7369024856596559,0.7352769374847412,0.8822179732313575
mot_small-tiny_1d-bs.512-ep.300,mot_small_1d,0.7,42,50,0.0006906450501049539,0.8189177369952862,0.8177471791929624,0.8137544989585876,0.9221648498756932,1.1128946329849856,0.7365200764818356,0.7346851229667664,0.8822179732313575
mot_small-tiny_1d-bs.512-ep.300,mot_small_1d,1.0,42,1,1.0,127.34110804382897,0.13061770893096195,0.12729047238826752,0.2249952189711226,126.95181457636234,0.12963671128107074,0.12529566884040833,0.2317399617590822
mot_small-tiny_1d-bs.512-ep.300,mot_small_1d,1.0,42,2,0.9990133642141358,37.73601835903416,0.29589787722317845,0.28414157032966614,0.4725568942436412,39.43961205418662,0.2921606118546845,0.2788964509963989,0.47189292543021033
mot_small-tiny_1d-bs.512-ep.300,mot_small_1d,1.0,42,3,0.996057350657239,11.44950104197482,0.37239433926180915,0.36994606256484985,0.6307611397972843,12.337733106449047,0.34952198852772465,0.34736692905426025,0.6191204588910134
mot_small-tiny_1d-bs.512-ep.300,mot_small_1d,1.0,42,4,0.9911436253643444,6.707598300116038,0.5197456492637216,0.5219972729682922,0.7076400841461082,6.462085990103436,0.5047801147227533,0.4991919994354248,0.6978967495219885
mot_small-tiny_1d-bs.512-ep.300,mot_small_1d,1.0,42,5,0.9842915805643155,5.261401769375796,0.5339453050296423,0.5241965651512146,0.75530694205393,5.073265971371594,0.5105162523900574,0.5025588274002075,0.7369024856596559
mot_small-tiny_1d-bs.512-ep.300,mot_small_1d,1.0,42,6,0.9755282581475768,4.805228601201448,0.5552686938229107,0.5471940040588379,0.7676419965576592,5.490140663278263,0.5330783938814532,0.5262991786003113,0.7472275334608031
mot_small-tiny_1d-bs.512-ep.300,mot_small_1d,1.0,42,7,0.9648882429441257,3.682712601621376,0.5600497227003252,0.5528739094734192,0.7742876266972653,4.039142624689106,0.5177820267686425,0.5203010439872742,0.7445506692160612
mot_small-tiny_1d-bs.512-ep.300,mot_small_1d,1.0,42,8,0.9524135262330098,5.523464659564831,0.5578982597054887,0.5510388016700745,0.7532510996366418,6.217063544949884,0.5426386233269599,0.5320246815681458,0.7338432122370937
mot_small-tiny_1d-bs.512-ep.300,mot_small_1d,1.0,42,9,0.9381533400219317,2.11272291736818,0.6262669726525149,0.613027811050415,0.8172212660164467,2.4268754364655534,0.5797323135755258,0.5731714367866516,0.7820267686424475
mot_small-tiny_1d-bs.512-ep.300,mot_small_1d,1.0,42,10,0.9221639627510075,2.238282907485597,0.6174698795180723,0.606528103351593,0.8167431631287053,2.5124885048510697,0.5881453154875717,0.5798919796943665,0.7938814531548757
mot_small-tiny_1d-bs.512-ep.300,mot_small_1d,1.0,42,11,0.9045084971874737,3.2730180474443813,0.6056607381908586,0.6046609878540039,0.7986708739720788,3.408453417280208,0.5835564053537284,0.5768764019012451,0.7812619502868069
mot_small-tiny_1d-bs.512-ep.300,mot_small_1d,1.0,42,12,0.8852566213878946,2.3514545347294358,0.611397972843756,0.6072995066642761,0.7854274239816409,2.598852139358083,0.582791586998088,0.5739713907241821,0.7705544933078394
mot_small-tiny_1d-bs.512-ep.300,mot_small_1d,1.0,42,13,0.8644843137107058,2.091696219226329,0.6481162746222987,0.6430893540382385,0.8352935551730732,2.323061731167095,0.6164435946462715,0.6070449948310852,0.8103250478011472
mot_small-tiny_1d-bs.512-ep.300,mot_small_1d,1.0,42,14,0.8422735529643444,1.4153053847615864,0.6775196022183974,0.6697807312011719,0.8719162363740677,1.7298362483941803,0.615678776290631,0.603942334651947,0.8355640535372849
mot_small-tiny_1d-bs.512-ep.300,mot_small_1d,1.0,42,15,0.8187119948743449,1.419701831749781,0.6722604704532416,0.6656495928764343,0.8664658634538153,1.765364751578745,0.6183556405353728,0.6156688928604126,0.8317399617590823
mot_small-tiny_1d-bs.512-ep.300,mot_small_1d,1.0,42,16,0.7938926261462367,1.9470545622285225,0.6822050105182635,0.675585925579071,0.8591508892713712,2.471459928115057,0.6409177820267686,0.6328357458114624,0.8252390057361376
mot_small-tiny_1d-bs.512-ep.300,mot_small_1d,1.0,42,17,0.7679133974894983,1.6447881412998535,0.6560527825588066,0.6526535749435425,0.842847580799388,1.9848225522451601,0.6133843212237093,0.6102604866027832,0.817208413001912
mot_small-tiny_1d-bs.512-ep.300,mot_small_1d,1.0,42,18,0.7408768370508576,1.2849237135979978,0.6989864218779881,0.6972321271896362,0.8753107668770319,1.6742028172567742,0.64282982791587,0.649977445602417,0.8351816443594646
mot_small-tiny_1d-bs.512-ep.300,mot_small_1d,1.0,42,19,0.7128896457825363,1.442384528347766,0.6790973417479441,0.6799120903015137,0.8642187798814305,1.763104968681846,0.6390057361376673,0.6356924772262573,0.8355640535372849
mot_small-tiny_1d-bs.512-ep.300,mot_small_1d,1.0,42,20,0.6840622763423391,1.2805442596671914,0.7053451902849494,0.6965312361717224,0.8765538343851597,1.6642173942142873,0.6466539196940727,0.6443446278572083,0.8405353728489484
mot_small-tiny_1d-bs.512-ep.300,mot_small_1d,1.0,42,21,0.6545084971874737,1.2038457027514822,0.7117039586919105,0.7105409502983093,0.88659399502773,1.560391678819237,0.6531548757170172,0.6485226154327393,0.8562141491395794
mot_small-tiny_1d-bs.512-ep.300,mot_small_1d,1.0,42,22,0.6243449435824273,1.201854495524357,0.7310193153566648,0.7260211110115051,0.8888410786001147,1.5598244778284835,0.6627151051625239,0.6628883481025696,0.8516252390057362
mot_small-tiny_1d-bs.512-ep.300,mot_small_1d,1.0,42,23,0.5936906572928624,0.994624738826376,0.7609007458405048,0.7559738159179688,0.9032797858099063,1.3618083713159506,0.6917782026768643,0.6887272000312805,0.8646271510516252
mot_small-tiny_1d-bs.512-ep.300,mot_small_1d,1.0,42,24,0.5626666167821522,1.0558729866627503,0.7439759036144579,0.7399746179580688,0.8970644482692676,1.4448663510966255,0.681453154875717,0.6823348999023438,0.8554493307839388
mot_small-tiny_1d-bs.512-ep.300,mot_small_1d,1.0,42,25,0.5313952597646567,1.116939509660433,0.7298718684260853,0.7244706749916077,0.8901797666857908,1.5036920638658804,0.6627151051625239,0.6632239818572998,0.8474187380497132
mot_small-tiny_1d-bs.512-ep.300,mot_small_1d,1.0,42,26,0.5,1.1175614552325512,0.7363262574105948,0.7292196750640869,0.888602027156244,1.5094807830868897,0.6623326959847037,0.6609048247337341,0.8489483747609943
mot_small-tiny_1d-bs.512-ep.300,mot_small_1d,1.0,42,27,0.4686047402353433,0.9973015950272794,0.7611876075731497,0.7578384280204773,0.9009370816599732,1.3701926645311753,0.6936902485659656,0.6914812326431274,0.8611854684512428
mot_small-tiny_1d-bs.512-ep.300,mot_small_1d,1.0,42,28,0.4373333832178479,0.992599191299062,0.7600401606425703,0.7545520067214966,0.9014151845477146,1.3512574934366783,0.6956022944550669,0.6901378631591797,0.8550669216061185
mot_small-tiny_1d-bs.512-ep.300,mot_small_1d,1.0,42,29,0.4063093427071377,0.9711412490725084,0.7679288582903041,0.7632632255554199,0.9006024096385542,1.3229441174129684,0.6994263862332696,0.6967089772224426,0.8630975143403442
mot_small-tiny_1d-bs.512-ep.300,mot_small_1d,1.0,42,30,0.3756550564175726,0.9196320422681938,0.7747179192962326,0.7694383263587952,0.9107381908586728,1.292071021173014,0.7059273422562141,0.7034053206443787,0.8734225621414914
mot_small-tiny_1d-bs.512-ep.300,mot_small_1d,1.0,42,31,0.34549150281252644,0.9335084865188525,0.7717058711034614,0.7690896391868591,0.9106903805698986,1.3053596817512585,0.7040152963671128,0.7046326398849487,0.8730401529636711
mot_small-tiny_1d-bs.512-ep.300,mot_small_1d,1.0,42,32,0.31593772365766115,0.8489792736795396,0.7974278064639511,0.7947872877120972,0.9172882004207306,1.2359244169742154,0.7151051625239006,0.7173799276351929,0.8684512428298279
mot_small-tiny_1d-bs.512-ep.300,mot_small_1d,1.0,42,33,0.28711035421746367,0.8706296895972445,0.7877223178427998,0.7853631377220154,0.9154235991585389,1.2471495648415094,0.7170172084130019,0.7155476212501526,0.8722753346080306
mot_small-tiny_1d-bs.512-ep.300,mot_small_1d,1.0,42,34,0.2591231629491423,0.868994987678929,0.786813922356091,0.7816278338432312,0.9163798049340218,1.2420578557264281,0.7120458891013385,0.7089946269989014,0.8764818355640536
mot_small-tiny_1d-bs.512-ep.300,mot_small_1d,1.0,42,35,0.23208660251050156,0.842600020698435,0.7943679479824058,0.7904925346374512,0.9197743354369861,1.222399086888388,0.7128107074569789,0.7120208144187927,0.8749521988527724
mot_small-tiny_1d-bs.512-ep.300,mot_small_1d,1.0,42,36,0.2061073738537635,0.8662806839394875,0.7882960413080895,0.7852952480316162,0.9190093708165997,1.24708817666165,0.7082217973231357,0.7084606289863586,0.8764818355640536
mot_small-tiny_1d-bs.512-ep.300,mot_small_1d,1.0,42,37,0.18128800512565513,0.8132905589847998,0.80502964237904,0.800771176815033,0.9210174029451138,1.1751480569347141,0.7307839388145315,0.7275962829589844,0.877246653919694
mot_small-tiny_1d-bs.512-ep.300,mot_small_1d,1.0,42,38,0.15772644703565564,0.8294788739220273,0.7973799961751769,0.7949711084365845,0.9214476955440811,1.1995398570657005,0.7166347992351817,0.7158025503158569,0.877246653919694
mot_small-tiny_1d-bs.512-ep.300,mot_small_1d,1.0,42,39,0.13551568628929433,0.8012220642037318,0.8083763625932301,0.8057563304901123,0.9232166762287244,1.1709700939988088,0.7250478011472276,0.7205502390861511,0.8810707456978968
mot_small-tiny_1d-bs.512-ep.300,mot_small_1d,1.0,42,40,0.11474337861210543,0.7873083790530893,0.8137311149359342,0.8108541965484619,0.9249378466245937,1.1640511616694085,0.7208413001912046,0.7172767519950867,0.8837476099426386
mot_small-tiny_1d-bs.512-ep.300,mot_small_1d,1.0,42,41,0.09549150281252633,0.7781018654551007,0.8156913367756741,0.812299907207489,0.9248900363358195,1.1475857386397585,0.7319311663479924,0.7300503253936768,0.8837476099426386
mot_small-tiny_1d-bs.512-ep.300,mot_small_1d,1.0,42,42,0.07783603724899257,0.7843922352239128,0.8136833046471601,0.8098711371421814,0.9254637598011092,1.1585773212731911,0.7330783938814531,0.7295235991477966,0.8818355640535372
mot_small-tiny_1d-bs.512-ep.300,mot_small_1d,1.0,42,43,0.06184665997806821,0.7686821373454197,0.820615796519411,0.8171007037162781,0.9254637598011092,1.1396714861488706,0.7304015296367112,0.727759599685669,0.8891013384321224
mot_small-tiny_1d-bs.512-ep.300,mot_small_1d,1.0,42,44,0.04758647376699032,0.7628288083013556,0.8221935360489577,0.8179821968078613,0.9257984318225282,1.13413288415504,0.7388145315487572,0.7354062795639038,0.8829827915869981
mot_small-tiny_1d-bs.512-ep.300,mot_small_1d,1.0,42,45,0.035111757055874326,0.7604436226934337,0.8225760183591508,0.8200005292892456,0.9268502581755593,1.1223081658036942,0.7323135755258127,0.7290912866592407,0.8860420650095602
mot_small-tiny_1d-bs.512-ep.300,mot_small_1d,1.0,42,46,0.024471741852423234,0.7575598286497226,0.8245840504876649,0.8205134868621826,0.9268980684643335,1.1277809515054094,0.7288718929254302,0.7275629639625549,0.8852772466539197
mot_small-tiny_1d-bs.512-ep.300,mot_small_1d,1.0,42,47,0.015708419435684517,0.7525599615184954,0.8271179957926946,0.8229890465736389,0.927710843373494,1.121387974755486,0.734225621414914,0.7311520576477051,0.8841300191204589
mot_small-tiny_1d-bs.512-ep.300,mot_small_1d,1.0,42,48,0.00885637463565564,0.751021171806191,0.8267833237712756,0.8231353759765625,0.9279020845285906,1.1200108529960675,0.735755258126195,0.7330407500267029,0.8833652007648184
mot_small-tiny_1d-bs.512-ep.300,mot_small_1d,1.0,42,49,0.0039426493427611176,0.7502029208841504,0.827596098680436,0.823881983757019,0.9278542742398164,1.118672902998915,0.7361376673040153,0.7337230443954468,0.8845124282982791
mot_small-tiny_1d-bs.512-ep.300,mot_small_1d,1.0,42,50,0.0009866357858642205,0.7500337552194455,0.8273092369477911,0.8237109184265137,0.927710843373494,1.1186312513187329,0.7361376673040153,0.7337036728858948,0.8841300191204589
mot_small_1d-bs.512-ep.300,mot_small_1d,0.1,42,1,0.1,3.6599756015785614,0.2680722891566265,0.2422253042459488,0.5229489386115892,3.6790616504092974,0.2638623326959847,0.24415941536426544,0.5189292543021032
mot_small_1d-bs.512-ep.300,mot_small_1d,0.1,42,2,0.09990133642141358,3.100151765275854,0.35695161598776054,0.3298715353012085,0.6378848728246319,3.12777361605409,0.3422562141491396,0.3202362060546875,0.6217973231357553
mot_small_1d-bs.512-ep.300,mot_small_1d,0.1,42,3,0.0996057350657239,2.7869351070226775,0.4392331229680627,0.42013534903526306,0.6871294702620003,2.819222269732911,0.42294455066921605,0.4063088595867157,0.6673040152963671
mot_small_1d-bs.512-ep.300,mot_small_1d,0.1,42,4,0.09911436253643444,2.571015172488923,0.4673455727672595,0.44782376289367676,0.7149072480397781,2.616121981385561,0.44933078393881454,0.43611812591552734,0.6864244741873805
mot_small_1d-bs.512-ep.300,mot_small_1d,0.1,42,5,0.09842915805643154,2.390701564599871,0.5111876075731497,0.4937848746776581,0.756310958118187,2.440692914740305,0.49407265774378584,0.48095154762268066,0.7434034416826004
mot_small_1d-bs.512-ep.300,mot_small_1d,0.1,42,6,0.09755282581475767,2.252189531908092,0.5436029833620195,0.5282811522483826,0.7757697456492637,2.304421839522586,0.5235181644359465,0.511172890663147,0.7548757170172085
mot_small_1d-bs.512-ep.300,mot_small_1d,0.1,42,7,0.09648882429441256,2.153015653223945,0.5664563013960604,0.5517446994781494,0.7863358194683496,2.200613000698345,0.5411089866156787,0.5264073014259338,0.7743785850860421
mot_small_1d-bs.512-ep.300,mot_small_1d,0.1,42,8,0.09524135262330098,2.064997649142655,0.5740103270223752,0.5606668591499329,0.8020175941862688,2.1202086731307137,0.5525812619502868,0.545320987701416,0.7816443594646272
mot_small_1d-bs.512-ep.300,mot_small_1d,0.1,42,9,0.09381533400219318,2.0003969546690294,0.5924172882004207,0.5790802240371704,0.8021132147638171,2.0674614229804016,0.5655831739961759,0.5590762495994568,0.7812619502868069
mot_small_1d-bs.512-ep.300,mot_small_1d,0.1,42,10,0.09221639627510075,1.9246554827913542,0.6058041690571812,0.5897275805473328,0.8131095811818704,1.9871948942399618,0.5770554493307839,0.5666846632957458,0.7923518164435946
mot_small_1d-bs.512-ep.300,mot_small_1d,0.1,42,11,0.09045084971874737,1.8850528916201916,0.6102983362019506,0.5988211631774902,0.8220022948938611,1.9538066740017777,0.5720841300191205,0.5664262175559998,0.7973231357552581
mot_small_1d-bs.512-ep.300,mot_small_1d,0.1,42,12,0.08852566213878946,1.8355885518625377,0.6235417861923886,0.6153722405433655,0.8291738382099828,1.9138528214813875,0.5873804971319312,0.5887423157691956,0.8110898661567878
mot_small_1d-bs.512-ep.300,mot_small_1d,0.1,42,13,0.08644843137107057,1.7898075550959884,0.6343469114553452,0.6218510270118713,0.8331899024670109,1.8628253039620803,0.6034416826003824,0.5959618091583252,0.8149139579349904
mot_small_1d-bs.512-ep.300,mot_small_1d,0.1,42,14,0.08422735529643442,1.7626257338517481,0.6307133295085102,0.6179781556129456,0.8315165423599159,1.8452770663492994,0.6,0.5927345752716064,0.8099426386233269
mot_small_1d-bs.512-ep.300,mot_small_1d,0.1,42,15,0.08187119948743447,1.7162710318580872,0.6442436412315931,0.6329219341278076,0.8412698412698413,1.798085234953842,0.6110898661567877,0.6068213582038879,0.8202676864244742
mot_small_1d-bs.512-ep.300,mot_small_1d,0.1,42,16,0.07938926261462366,1.6802863108083608,0.6576305220883534,0.6477156281471252,0.8440906483075158,1.7675045385415422,0.6202676864244742,0.6165769100189209,0.8210325047801147
mot_small_1d-bs.512-ep.300,mot_small_1d,0.1,42,17,0.07679133974894982,1.65593222674459,0.6663319946452476,0.6548445224761963,0.8466245936125454,1.7419130547780608,0.6336520076481835,0.6296884417533875,0.8183556405353728
mot_small_1d-bs.512-ep.300,mot_small_1d,0.1,42,18,0.07408768370508576,1.6313906046053401,0.6653757888697648,0.6533837914466858,0.8507362784471219,1.714056437330082,0.6413001912045889,0.6372241973876953,0.832887189292543
mot_small_1d-bs.512-ep.300,mot_small_1d,0.1,42,19,0.07128896457825362,1.606531299672042,0.6735991585389176,0.6629783511161804,0.8553738764582138,1.697422239110301,0.6340344168260038,0.628463625907898,0.8347992351816443
mot_small_1d-bs.512-ep.300,mot_small_1d,0.1,42,20,0.06840622763423389,1.5940785512889541,0.6706827309236948,0.6616969108581543,0.8543698603939568,1.6824475786198165,0.6298279158699809,0.6229472756385803,0.8325047801147227
mot_small_1d-bs.512-ep.300,mot_small_1d,0.1,42,21,0.06545084971874736,1.5647759254267348,0.6860298336201951,0.6778016090393066,0.8633581946834958,1.651605402579955,0.6451242829827916,0.640942394733429,0.8416826003824092
mot_small_1d-bs.512-ep.300,mot_small_1d,0.1,42,22,0.06243449435824272,1.5550195376990197,0.6862210747752916,0.6775617003440857,0.8590074584050488,1.6461569674840164,0.6447418738049713,0.6411140561103821,0.838623326959847
mot_small_1d-bs.512-ep.300,mot_small_1d,0.1,42,23,0.05936906572928623,1.5380266262163143,0.6832568368712947,0.674437940120697,0.8589118378275005,1.624582370152665,0.6420650095602295,0.6354858875274658,0.8413001912045889
mot_small_1d-bs.512-ep.300,mot_small_1d,0.1,42,24,0.056266661678215216,1.5261141864034682,0.6892331229680627,0.6791221499443054,0.861397972843756,1.624012094063695,0.6497131931166348,0.6475390791893005,0.8413001912045889
mot_small_1d-bs.512-ep.300,mot_small_1d,0.1,42,25,0.053139525976465665,1.5109834552472352,0.6916714476955441,0.683350682258606,0.8628322815069803,1.601560743634605,0.652772466539197,0.6485964059829712,0.847036328871893
mot_small_1d-bs.512-ep.300,mot_small_1d,0.1,42,26,0.049999999999999996,1.503653649778616,0.6909542933639319,0.6813807487487793,0.8611589213998853,1.5947121381303777,0.6581261950286806,0.6556957364082336,0.8474187380497132
mot_small_1d-bs.512-ep.300,mot_small_1d,0.1,42,27,0.046860474023534326,1.4869762660668717,0.7008988334289539,0.6917871236801147,0.8666571046089119,1.5829669084421307,0.6673040152963671,0.6627342104911804,0.8527724665391969
mot_small_1d-bs.512-ep.300,mot_small_1d,0.1,42,28,0.04373333832178478,1.4778271429076846,0.6995123350545037,0.6886826157569885,0.8659399502772996,1.5749040928215188,0.6604206500956022,0.6542205810546875,0.8504780114722753
mot_small_1d-bs.512-ep.300,mot_small_1d,0.1,42,29,0.040630934270713764,1.4681321897523127,0.7031937272901129,0.693393349647522,0.8681392235609103,1.5651842689878854,0.6650095602294455,0.6590116024017334,0.8497131931166348
mot_small_1d-bs.512-ep.300,mot_small_1d,0.1,42,30,0.03756550564175726,1.4599928057975717,0.7028112449799196,0.6939041018486023,0.8704819277108434,1.562991753135083,0.655831739961759,0.6514575481414795,0.8508604206500956
mot_small_1d-bs.512-ep.300,mot_small_1d,0.1,42,31,0.03454915028125265,1.4498358726683847,0.7055842417288201,0.6974279880523682,0.8700994454006502,1.553037394711438,0.6665391969407266,0.6624417901039124,0.8516252390057362
mot_small_1d-bs.512-ep.300,mot_small_1d,0.1,42,32,0.03159377236576612,1.4435610367203562,0.7091222030981067,0.6998497247695923,0.8698125836680054,1.5491160668105057,0.6661567877629063,0.6641513705253601,0.8489483747609943
mot_small_1d-bs.512-ep.300,mot_small_1d,0.1,42,33,0.028711035421746366,1.4380398766901918,0.7130426467775866,0.705035388469696,0.8731593038821954,1.5393472077057877,0.6669216061185469,0.6620191335678101,0.8581261950286807
mot_small_1d-bs.512-ep.300,mot_small_1d,0.1,42,34,0.025912316294914226,1.4343516732247068,0.710221839739912,0.7018975615501404,0.8707687894434882,1.5433310630900454,0.6718929254302103,0.6706706881523132,0.850095602294455
mot_small_1d-bs.512-ep.300,mot_small_1d,0.1,42,35,0.023208660251050155,1.4277022261992538,0.7116561484031364,0.7033756375312805,0.8738286479250335,1.5294052824235556,0.6680688336520076,0.663482129573822,0.8577437858508604
mot_small_1d-bs.512-ep.300,mot_small_1d,0.1,42,36,0.020610737385376346,1.4235971782375736,0.7131382673551349,0.7041885852813721,0.8741155096576784,1.5285933777205576,0.6695984703632887,0.6650643944740295,0.8565965583173997
mot_small_1d-bs.512-ep.300,mot_small_1d,0.1,42,37,0.01812880051256551,1.4180028940573959,0.7172021419009371,0.7088304758071899,0.8756932491872251,1.5219434690748985,0.6741873804971319,0.6711375713348389,0.8565965583173997
mot_small_1d-bs.512-ep.300,mot_small_1d,0.1,42,38,0.015772644703565562,1.4142728007804095,0.7168196595907439,0.7091042995452881,0.8751195257219354,1.5192187905539518,0.6726577437858509,0.6692484021186829,0.860038240917782
mot_small_1d-bs.512-ep.300,mot_small_1d,0.1,42,39,0.013551568628929433,1.4116396233738666,0.7172499521897112,0.7094083428382874,0.876314782941289,1.5118812838202453,0.6764818355640535,0.6729564070701599,0.8569789674952198
mot_small_1d-bs.512-ep.300,mot_small_1d,0.1,42,40,0.011474337861210542,1.4088680710886468,0.7179671065213233,0.7093039751052856,0.8761713520749665,1.5124332274807115,0.675717017208413,0.6714084148406982,0.8569789674952198
mot_small_1d-bs.512-ep.300,mot_small_1d,0.1,42,41,0.009549150281252632,1.406824740426083,0.7210269650028687,0.7124949097633362,0.8763625932300632,1.5103825643915063,0.6768642447418738,0.6726638674736023,0.8592734225621415
mot_small_1d-bs.512-ep.300,mot_small_1d,0.1,42,42,0.007783603724899257,1.4051794083858453,0.7183017785427424,0.7101715207099915,0.8756932491872251,1.5084824746243128,0.675717017208413,0.6726208329200745,0.8588910133843213
mot_small_1d-bs.512-ep.300,mot_small_1d,0.1,42,43,0.0061846659978068205,1.4032726524938108,0.7220787913558998,0.7138177752494812,0.8762191623637406,1.5072293283378644,0.6783938814531548,0.6748022437095642,0.8592734225621415
mot_small_1d-bs.512-ep.300,mot_small_1d,0.1,42,44,0.004758647376699033,1.4019312035127816,0.7210269650028687,0.7124208211898804,0.876649454962708,1.5059870849375971,0.6803059273422563,0.6765466928482056,0.8592734225621415
mot_small_1d-bs.512-ep.300,mot_small_1d,0.1,42,45,0.0035111757055874327,1.4012962701694986,0.7219353604895774,0.7134177684783936,0.8766016446739339,1.5059550764911718,0.6810707456978967,0.677594006061554,0.860038240917782
mot_small_1d-bs.512-ep.300,mot_small_1d,0.1,42,46,0.0024471741852423235,1.4007648658424154,0.7220787913558998,0.7136424779891968,0.8767450755402563,1.504834324269632,0.6822179732313576,0.6784547567367554,0.860038240917782
mot_small_1d-bs.512-ep.300,mot_small_1d,0.1,42,47,0.0015708419435684518,1.4004396207703302,0.7226525148211895,0.7141737937927246,0.8770797475616753,1.5044272749191487,0.6826003824091779,0.678658127784729,0.8592734225621415
mot_small_1d-bs.512-ep.300,mot_small_1d,0.1,42,48,0.000885637463565564,1.4002829489869355,0.7221744119334481,0.7137649655342102,0.8771275578504494,1.5042733858010053,0.6837476099426386,0.6798107624053955,0.8596558317399617
mot_small_1d-bs.512-ep.300,mot_small_1d,0.1,42,49,0.00039426493427611173,1.4002081148253729,0.7221744119334481,0.7137584686279297,0.8771275578504494,1.5042282600475771,0.6826003824091779,0.678821861743927,0.8592734225621415
mot_small_1d-bs.512-ep.300,mot_small_1d,0.1,42,50,9.866357858642205e-05,1.4001902085824232,0.7221266016446739,0.7137119174003601,0.8771275578504494,1.5041898446602757,0.6826003824091779,0.678821861743927,0.8592734225621415
mot_small_1d-bs.512-ep.300,mot_small_1d,0.3,42,1,0.3,3.081486405594943,0.3287435456110155,0.31327804923057556,0.5475712373302735,3.1553023212498506,0.3158699808795411,0.3106648325920105,0.5296367112810707
mot_small_1d-bs.512-ep.300,mot_small_1d,0.3,42,2,0.29970400926424073,2.3852625584415414,0.47026200038248234,0.4527510702610016,0.7125167336010709,2.43758896194954,0.4451242829827916,0.43439197540283203,0.6944550669216061
mot_small_1d-bs.512-ep.300,mot_small_1d,0.3,42,3,0.2988172051971717,2.0971665841075424,0.5312679288582903,0.5179929733276367,0.7653471026965003,2.157216041812933,0.5151051625239006,0.5103919506072998,0.7426386233269598
mot_small_1d-bs.512-ep.300,mot_small_1d,0.3,42,4,0.29734308760930334,1.8854862299948492,0.5803212851405622,0.5670450925827026,0.8021610250525913,1.9722725366771108,0.5460803059273422,0.5427961349487305,0.7690248565965583
mot_small_1d-bs.512-ep.300,mot_small_1d,0.3,42,5,0.2952874741692947,1.8280958145383805,0.5820424555364314,0.5680644512176514,0.8040256263147829,1.9104975567265177,0.5560229445506693,0.5476612448692322,0.7808795411089866
mot_small_1d-bs.512-ep.300,mot_small_1d,0.3,42,6,0.2926584774442731,1.7217511465043815,0.6000669344042838,0.5935670733451843,0.8120577548288391,1.8184177581028547,0.5541108986615679,0.5528779029846191,0.7969407265774379
mot_small_1d-bs.512-ep.300,mot_small_1d,0.3,42,7,0.28946647288323774,1.658567135683732,0.6318607764390897,0.6231676340103149,0.8208070376745076,1.7303044423090568,0.6061185468451242,0.5961097478866577,0.8038240917782027
mot_small_1d-bs.512-ep.300,mot_small_1d,0.3,42,8,0.28572405786990296,1.544377587953656,0.6527060623446166,0.6393073797225952,0.8434213042646778,1.6563618005347753,0.6175908221797323,0.6099567413330078,0.8164435946462715
mot_small_1d-bs.512-ep.300,mot_small_1d,0.3,42,9,0.28144600200657954,1.5096384034965662,0.6564352648689998,0.6509353518486023,0.8410307898259706,1.6296379599926805,0.6183556405353728,0.6214469075202942,0.8152963671128107
mot_small_1d-bs.512-ep.300,mot_small_1d,0.3,42,10,0.27664918882530226,1.4467222334481855,0.6705393000573724,0.6613202095031738,0.8566647542551157,1.5589001963744884,0.6347992351816444,0.6316685676574707,0.8355640535372849
mot_small_1d-bs.512-ep.300,mot_small_1d,0.3,42,11,0.27135254915624213,1.4354314262403267,0.6771371199082042,0.6683427691459656,0.8569516159877606,1.5232233372062844,0.6409177820267686,0.6283580660820007,0.8455066921606118
mot_small_1d-bs.512-ep.300,mot_small_1d,0.3,42,12,0.2655769864163684,1.403982360177433,0.6836393191814879,0.6781086921691895,0.858433734939759,1.511159864028143,0.6466539196940727,0.6421997547149658,0.8416826003824092
mot_small_1d-bs.512-ep.300,mot_small_1d,0.3,42,13,0.2593452941132117,1.3566817075532762,0.6956397016637981,0.6878728270530701,0.8659399502772996,1.4654365028979446,0.6577437858508605,0.6490205526351929,0.847036328871893
mot_small_1d-bs.512-ep.300,mot_small_1d,0.3,42,14,0.2526820658893033,1.3250337291753276,0.7082616179001722,0.703795850276947,0.8686651367374258,1.4688617742768209,0.6573613766730402,0.659273087978363,0.84282982791587
mot_small_1d-bs.512-ep.300,mot_small_1d,0.3,42,15,0.24561359846230346,1.2950146186873843,0.7068751195257219,0.7025160789489746,0.8759323006310958,1.4161775125828118,0.6692160611854685,0.6684637665748596,0.8554493307839388
mot_small_1d-bs.512-ep.300,mot_small_1d,0.3,42,16,0.23816778784387102,1.285210717223666,0.7077357047236565,0.7031118869781494,0.8695257219353605,1.4326195244579425,0.6573613766730402,0.6576793193817139,0.8435946462715105
mot_small_1d-bs.512-ep.300,mot_small_1d,0.3,42,17,0.2303740192468495,1.2555316571957706,0.7188755020080321,0.7103208899497986,0.8762669726525149,1.4002543783096693,0.675717017208413,0.6718741059303284,0.8550669216061185
mot_small_1d-bs.512-ep.300,mot_small_1d,0.3,42,18,0.22226305111525732,1.2261481227644955,0.7276725951424746,0.721341073513031,0.8817651558615414,1.3596720460268097,0.6963671128107075,0.6923797130584717,0.8596558317399617
mot_small_1d-bs.512-ep.300,mot_small_1d,0.3,42,19,0.21386689373476092,1.2256967760130926,0.7240390131956397,0.7173564434051514,0.8832472748135399,1.3636022141057265,0.6776290630975144,0.6730283498764038,0.8623326959847036
mot_small_1d-bs.512-ep.300,mot_small_1d,0.3,42,20,0.20521868290270173,1.2022788222329888,0.7277682157200229,0.7214128375053406,0.8873589596481163,1.3380969483355492,0.6944550669216061,0.6890455484390259,0.8695984703632887
mot_small_1d-bs.512-ep.300,mot_small_1d,0.3,42,21,0.19635254915624212,1.1681718806231949,0.7412507171543317,0.7354815602302551,0.8914706444826926,1.3164942083121713,0.6967495219885277,0.6958829760551453,0.8707456978967495
mot_small_1d-bs.512-ep.300,mot_small_1d,0.3,42,22,0.18730348307472822,1.173945472171599,0.7369956014534328,0.7300859093666077,0.8887932683113406,1.3202250493416139,0.6936902485659656,0.6937999725341797,0.8630975143403442
mot_small_1d-bs.512-ep.300,mot_small_1d,0.3,42,23,0.17810719718785872,1.1779322792909688,0.7325492445974374,0.7280889749526978,0.8879804934021801,1.3143814466195627,0.6902485659655831,0.6895164251327515,0.8715105162523901
mot_small_1d-bs.512-ep.300,mot_small_1d,0.3,42,24,0.1687999850346457,1.146864699004234,0.7423025435073628,0.7359265685081482,0.8934308663224326,1.3014685111109658,0.6967495219885277,0.6989890336990356,0.8745697896749522
mot_small_1d-bs.512-ep.300,mot_small_1d,0.3,42,25,0.15941857792939704,1.1264426730563204,0.7488525530694206,0.7431625127792358,0.8963951042264295,1.2668109259231597,0.7055449330783938,0.7012881636619568,0.8760994263862333
mot_small_1d-bs.512-ep.300,mot_small_1d,0.3,42,26,0.15000000000000002,1.1282051711630516,0.7519124115509658,0.7441593408584595,0.8941002103652707,1.2676624684671143,0.7158699808795411,0.7134120464324951,0.8738049713193117
mot_small_1d-bs.512-ep.300,mot_small_1d,0.3,42,27,0.140581422070603,1.1170000567630456,0.7532989099254159,0.7456687688827515,0.8974947408682349,1.2648266589892299,0.7108986615678776,0.7076020836830139,0.8810707456978968
mot_small_1d-bs.512-ep.300,mot_small_1d,0.3,42,28,0.13120001496535438,1.1042022588353788,0.7541116848345764,0.7470689415931702,0.8966819659590743,1.2617097697795918,0.7021032504780115,0.6979148387908936,0.8715105162523901
mot_small_1d-bs.512-ep.300,mot_small_1d,0.3,42,29,0.12189280281214132,1.103996729891805,0.7536335819468349,0.7464694380760193,0.8967775865366227,1.2497290237455934,0.7116634799235182,0.7058833837509155,0.8768642447418739
mot_small_1d-bs.512-ep.300,mot_small_1d,0.3,42,30,0.11269651692527179,1.095789835498173,0.7541116848345764,0.7470859289169312,0.9000764964620386,1.252657309362583,0.7032504780114722,0.6994765996932983,0.8810707456978968
mot_small_1d-bs.512-ep.300,mot_small_1d,0.3,42,31,0.10364745084375795,1.079437957846838,0.7609963664180531,0.7548425793647766,0.9006502199273284,1.2379949361826676,0.7112810707456979,0.7081748843193054,0.8791586998087955
mot_small_1d-bs.512-ep.300,mot_small_1d,0.3,42,32,0.09478131709729837,1.075950087085694,0.7622872442149551,0.755250871181488,0.9011761331038439,1.2339454869695192,0.7177820267686424,0.7170640826225281,0.8745697896749522
mot_small_1d-bs.512-ep.300,mot_small_1d,0.3,42,33,0.08613310626523911,1.0649519822045344,0.7676419965576592,0.7626129388809204,0.9032319755211321,1.2207556379912687,0.718546845124283,0.7168257832527161,0.8852772466539197
mot_small_1d-bs.512-ep.300,mot_small_1d,0.3,42,34,0.0777369488847427,1.0639086659676396,0.7683113406004972,0.7629030346870422,0.9026582520558424,1.222555098524513,0.7196940726577438,0.7178640961647034,0.8822179732313575
mot_small_1d-bs.512-ep.300,mot_small_1d,0.3,42,35,0.06962598075315048,1.0585277234192536,0.7713711990820424,0.7658070921897888,0.9030885446548097,1.2160543088019464,0.7216061185468451,0.7196066379547119,0.8833652007648184
mot_small_1d-bs.512-ep.300,mot_small_1d,0.3,42,36,0.06183221215612905,1.0525467953414755,0.7704628035953337,0.7638610005378723,0.9040925607190667,1.2112493482192206,0.7219885277246654,0.7210339903831482,0.8806883365200765
mot_small_1d-bs.512-ep.300,mot_small_1d,0.3,42,37,0.05438640153769654,1.049958238366412,0.7731879900554599,0.7676789164543152,0.90251482118952,1.2066212174541409,0.7231357552581262,0.721147894859314,0.8787762906309752
mot_small_1d-bs.512-ep.300,mot_small_1d,0.3,42,38,0.047317934110696694,1.0434280124853255,0.7738573340982979,0.7679212093353271,0.9042359915853891,1.2044883246631513,0.7269598470363289,0.7251837253570557,0.8837476099426386
mot_small_1d-bs.512-ep.300,mot_small_1d,0.3,42,39,0.0406547058867883,1.0409661645208999,0.7756741250717154,0.769941508769989,0.9054790590935169,1.191234649891607,0.7330783938814531,0.7296760678291321,0.8848948374760994
mot_small_1d-bs.512-ep.300,mot_small_1d,0.3,42,40,0.03442301358363163,1.0373763877589972,0.7776343469114554,0.7712445259094238,0.9051921973608721,1.1936425670383082,0.7304015296367112,0.7275108098983765,0.8883365200764818
mot_small_1d-bs.512-ep.300,mot_small_1d,0.3,42,41,0.0286474508437579,1.0355457620334387,0.7791642761522279,0.7718985676765442,0.9050965767833238,1.1905545353205664,0.7307839388145315,0.7286099195480347,0.8875717017208413
mot_small_1d-bs.512-ep.300,mot_small_1d,0.3,42,42,0.023350811174697773,1.0324997598250845,0.7799292407726143,0.7739498019218445,0.906817747179193,1.1884856594224278,0.7300191204588911,0.7276028394699097,0.8848948374760994
mot_small_1d-bs.512-ep.300,mot_small_1d,0.3,42,43,0.018553997993420463,1.0318009591189232,0.7785427423981641,0.7724025249481201,0.9068655574679672,1.1881473840308692,0.7315487571701721,0.729441225528717,0.8837476099426386
mot_small_1d-bs.512-ep.300,mot_small_1d,0.3,42,44,0.014275942130097098,1.0290623847420117,0.7822241346337732,0.776198148727417,0.9065308854465481,1.1852818943118502,0.7353728489483747,0.732310950756073,0.8848948374760994
mot_small_1d-bs.512-ep.300,mot_small_1d,0.3,42,45,0.010533527116762299,1.0278912538961418,0.7819850831899025,0.7759459614753723,0.906817747179193,1.1849498785248678,0.7349904397705544,0.7326028347015381,0.8875717017208413
mot_small_1d-bs.512-ep.300,mot_small_1d,0.3,42,46,0.00734152255572697,1.0275280690370998,0.7806942053930006,0.7745423316955566,0.9061962134251291,1.1832517313911628,0.7338432122370937,0.7309215068817139,0.88565965583174
mot_small_1d-bs.512-ep.300,mot_small_1d,0.3,42,47,0.004712525830705355,1.026535605217034,0.7812201185695161,0.7750758528709412,0.9072002294893862,1.1820516042909932,0.7365200764818356,0.7339167594909668,0.887189292543021
mot_small_1d-bs.512-ep.300,mot_small_1d,0.3,42,48,0.0026569123906966916,1.0263195030546526,0.7812679288582903,0.7752492427825928,0.9070089883342896,1.1817747068678672,0.7380497131931166,0.7353568077087402,0.88565965583174
mot_small_1d-bs.512-ep.300,mot_small_1d,0.3,42,49,0.001182794802828335,1.0262260654046034,0.7813157391470644,0.7752181887626648,0.9069611780455153,1.1818211863647228,0.7376673040152963,0.7348431944847107,0.88565965583174
mot_small_1d-bs.512-ep.300,mot_small_1d,0.3,42,50,0.0002959907357592661,1.0262087495314685,0.7813635494358386,0.7753207683563232,0.9068655574679672,1.181801061101443,0.7376673040152963,0.7348431944847107,0.88565965583174
mot_small_1d-bs.512-ep.300,mot_small_1d,0.5,42,1,0.5,2.9343879197792377,0.38052208835341367,0.3693156838417053,0.5914610824249379,3.0224684122643555,0.3625239005736138,0.36156418919563293,0.5717017208413002
mot_small_1d-bs.512-ep.300,mot_small_1d,0.5,42,2,0.4995066821070679,2.1815074166323263,0.4780072671638937,0.46128615736961365,0.733744501816791,2.2625746688696897,0.4630975143403442,0.45408257842063904,0.7093690248565966
mot_small_1d-bs.512-ep.300,mot_small_1d,0.5,42,3,0.4980286753286195,1.9175387689091092,0.566312870529738,0.5592561364173889,0.7822719449225474,1.9949267998252271,0.5441682600382409,0.5388638377189636,0.7648183556405354
mot_small_1d-bs.512-ep.300,mot_small_1d,0.5,42,4,0.4955718126821722,1.720327721291369,0.6008797093134443,0.5898990035057068,0.8163606808185121,1.8026015185033386,0.5713193116634799,0.5681139230728149,0.7946462715105163
mot_small_1d-bs.512-ep.300,mot_small_1d,0.5,42,5,0.49214579028215777,1.6423690301279057,0.6124497991967871,0.6002296805381775,0.8214285714285714,1.758695759235331,0.5762906309751434,0.5728375315666199,0.8007648183556405
mot_small_1d-bs.512-ep.300,mot_small_1d,0.5,42,6,0.4877641290737884,1.6093974096138086,0.6218206157965194,0.6178640127182007,0.8229585006693441,1.7293064095550013,0.5900573613766731,0.5904738306999207,0.8026768642447418
mot_small_1d-bs.512-ep.300,mot_small_1d,0.5,42,7,0.48244412147206284,1.5477034732383075,0.6219640466628419,0.6171346306800842,0.8241537578886976,1.6550157331827722,0.5977055449330784,0.5935450196266174,0.8065009560229446
mot_small_1d-bs.512-ep.300,mot_small_1d,0.5,42,8,0.4762067631165049,1.45918471992392,0.6438133486326257,0.6342234015464783,0.8487282463186078,1.596829827565764,0.6026768642447419,0.5992910265922546,0.8263862332695985
mot_small_1d-bs.512-ep.300,mot_small_1d,0.5,42,9,0.46907667001096587,1.3682034285124594,0.6782367565500096,0.6747901439666748,0.8572862880091796,1.528929788797353,0.6344168260038241,0.6415754556655884,0.8260038240917782
mot_small_1d-bs.512-ep.300,mot_small_1d,0.5,42,10,0.46108198137550377,1.351210362005243,0.6773283610633009,0.6686062812805176,0.8595333715815644,1.4863407229830157,0.6359464627151051,0.6315988302230835,0.837093690248566
mot_small_1d-bs.512-ep.300,mot_small_1d,0.5,42,11,0.45225424859373686,1.3765340036496898,0.6835915088927137,0.6797448992729187,0.8551348250143431,1.4781288088621647,0.6458891013384321,0.6366487145423889,0.84282982791587
mot_small_1d-bs.512-ep.300,mot_small_1d,0.5,42,12,0.4426283106939473,1.2957182450330058,0.6927232740485753,0.6853975057601929,0.867039586919105,1.4296049274860332,0.6520076481835564,0.6475296020507812,0.8493307839388146
mot_small_1d-bs.512-ep.300,mot_small_1d,0.5,42,13,0.4322421568553529,1.2859168301624466,0.693631669535284,0.6879943013191223,0.868043602983362,1.4267169842984435,0.6573613766730402,0.6524668335914612,0.8508604206500956
mot_small_1d-bs.512-ep.300,mot_small_1d,0.5,42,14,0.4211367764821722,1.2206584742931454,0.7156722126601645,0.7117509245872498,0.8727290112832281,1.4072360051521609,0.665774378585086,0.669684648513794,0.850095602294455
mot_small_1d-bs.512-ep.300,mot_small_1d,0.5,42,15,0.40935599743717244,1.1954028139973398,0.7159112641040352,0.7121358513832092,0.8806177089309619,1.3384241093185163,0.6753346080305928,0.6729047894477844,0.8573613766730401
mot_small_1d-bs.512-ep.300,mot_small_1d,0.5,42,16,0.39694631307311834,1.1640712142013458,0.7245649263721553,0.718614399433136,0.8857334098297954,1.3279790612069415,0.6787762906309751,0.6747223138809204,0.8653919694072658
mot_small_1d-bs.512-ep.300,mot_small_1d,0.5,42,17,0.38395669874474914,1.18760791456843,0.720501051826353,0.7106337547302246,0.8783706253585771,1.3524485134029935,0.6772466539196941,0.671722948551178,0.8569789674952198
mot_small_1d-bs.512-ep.300,mot_small_1d,0.5,42,18,0.3704384185254288,1.1418936895945715,0.7267641996557659,0.7198323011398315,0.8831038439472174,1.3156945164755243,0.6803059273422563,0.6790463328361511,0.8573613766730401
mot_small_1d-bs.512-ep.300,mot_small_1d,0.5,42,19,0.35644482289126816,1.1465735750094406,0.7210269650028687,0.7174035906791687,0.8859246509848919,1.3080629454516088,0.6806883365200764,0.6796407103538513,0.8638623326959847
mot_small_1d-bs.512-ep.300,mot_small_1d,0.5,42,20,0.34203113817116954,1.0888622759587223,0.7410116657104608,0.7339882850646973,0.8967775865366227,1.2655568854074861,0.6967495219885277,0.6933775544166565,0.8760994263862333
mot_small_1d-bs.512-ep.300,mot_small_1d,0.5,42,21,0.32725424859373686,1.0715065728320883,0.7542073054121247,0.7504538893699646,0.8993115318416524,1.254546261380781,0.7036328871892925,0.7078129053115845,0.8760994263862333
mot_small_1d-bs.512-ep.300,mot_small_1d,0.5,42,22,0.31217247179121366,1.057983353206819,0.7490916045132913,0.7430245876312256,0.8981162746222987,1.2297999146791534,0.7093690248565966,0.7063132524490356,0.8749521988527724
mot_small_1d-bs.512-ep.300,mot_small_1d,0.5,42,23,0.2968453286464312,1.082614815333168,0.7425415949512335,0.7392049431800842,0.8948173646968828,1.2434947318374312,0.691395793499044,0.6922683119773865,0.8803059273422562
mot_small_1d-bs.512-ep.300,mot_small_1d,0.5,42,24,0.2813333083910761,1.0301084438184636,0.7587970931344425,0.7546310424804688,0.9027538726333907,1.21470646612047,0.7120458891013385,0.7141953110694885,0.8814531548757171
mot_small_1d-bs.512-ep.300,mot_small_1d,0.5,42,25,0.26569762988232837,1.0108857329020788,0.7645343277873399,0.7610496282577515,0.9061005928475808,1.1781094786313935,0.7135755258126195,0.7108754515647888,0.8841300191204589
mot_small_1d-bs.512-ep.300,mot_small_1d,0.5,42,26,0.25,1.0107664734575392,0.7619525721935361,0.7543346881866455,0.9046184738955824,1.1908529161267254,0.7196940726577438,0.7189224362373352,0.8745697896749522
mot_small_1d-bs.512-ep.300,mot_small_1d,0.5,42,27,0.23430237011767166,1.0254123679172198,0.7553547523427041,0.7487325072288513,0.9030885446548097,1.1982614170752794,0.7128107074569789,0.7085023522377014,0.8791586998087955
mot_small_1d-bs.512-ep.300,mot_small_1d,0.5,42,28,0.21866669160892396,0.9853319466102646,0.7732836106330082,0.7678025960922241,0.9062440237139032,1.1650348787325975,0.7254302103250478,0.7214521169662476,0.8768642447418739
mot_small_1d-bs.512-ep.300,mot_small_1d,0.5,42,29,0.20315467135356885,0.9814828063635097,0.7728533180340409,0.7663377523422241,0.9085867278638363,1.1651457004291834,0.7158699808795411,0.7123364806175232,0.8868068833652007
mot_small_1d-bs.512-ep.300,mot_small_1d,0.5,42,30,0.1878275282087863,0.9821028495113032,0.7708452859055269,0.7659851312637329,0.907152419200612,1.1671530670691175,0.720076481835564,0.7187380790710449,0.8826003824091778
mot_small_1d-bs.512-ep.300,mot_small_1d,0.5,42,31,0.17274575140626322,0.963206257093338,0.7798814304838402,0.7747920751571655,0.9098297953719641,1.1516725266640775,0.7281070745697896,0.7248189449310303,0.8875717017208413
mot_small_1d-bs.512-ep.300,mot_small_1d,0.5,42,32,0.15796886182883058,0.9569337487015585,0.7811244979919679,0.7750990986824036,0.9098297953719641,1.1492280613623886,0.7346080305927343,0.7347829937934875,0.8814531548757171
mot_small_1d-bs.512-ep.300,mot_small_1d,0.5,42,33,0.14355517710873184,0.942104733179486,0.7876745075540256,0.7831311821937561,0.91312870529738,1.1283808137445104,0.7338432122370937,0.7316592335700989,0.8917782026768643
mot_small_1d-bs.512-ep.300,mot_small_1d,0.5,42,34,0.12956158147457114,0.9458182359156678,0.785140562248996,0.7795175313949585,0.9117900172117039,1.1304469938259964,0.734225621414914,0.7301777601242065,0.8906309751434034
mot_small_1d-bs.512-ep.300,mot_small_1d,0.5,42,35,0.11604330125525078,0.9384696608087624,0.7874354561101549,0.7823383212089539,0.9109772423025435,1.1247495370430882,0.7304015296367112,0.7258050441741943,0.8848948374760994
mot_small_1d-bs.512-ep.300,mot_small_1d,0.5,42,36,0.10305368692688174,0.9299455381164726,0.7908299866131191,0.7858499884605408,0.9137024287626697,1.1185960233553418,0.734225621414914,0.731160044670105,0.8879541108986616
mot_small_1d-bs.512-ep.300,mot_small_1d,0.5,42,37,0.09064400256282756,0.9205007157332128,0.796089118378275,0.7912153601646423,0.913798049340218,1.1052802062171367,0.7411089866156788,0.7399243712425232,0.8921606118546845
mot_small_1d-bs.512-ep.300,mot_small_1d,0.5,42,38,0.07886322351782782,0.9151659695772487,0.7971409447313061,0.7926515936851501,0.9158538917575062,1.1053575854912314,0.7434034416826004,0.7408284544944763,0.8910133843212237
mot_small_1d-bs.512-ep.300,mot_small_1d,0.5,42,39,0.06775784314464717,0.9135857399892889,0.7978102887741442,0.7928767204284668,0.9163319946452476,1.096634199970311,0.751434034416826,0.7487351894378662,0.8936902485659656
mot_small_1d-bs.512-ep.300,mot_small_1d,0.5,42,40,0.057371689306052714,0.9090424546960162,0.8004876649454963,0.7952682375907898,0.9159017020462804,1.0967973727341136,0.7472275334608031,0.7436143755912781,0.8944550669216061
mot_small_1d-bs.512-ep.300,mot_small_1d,0.5,42,41,0.047745751406263165,0.9065454424305294,0.8006789061005929,0.7946175336837769,0.9169535283993115,1.0927356231280996,0.7449330783938815,0.7421647906303406,0.8925430210325048
mot_small_1d-bs.512-ep.300,mot_small_1d,0.5,42,42,0.03891801862449629,0.9034801787002339,0.8038343851596864,0.7990416884422302,0.9178141135972461,1.0894778381114252,0.7510516252390057,0.7488613128662109,0.8925430210325048
mot_small_1d-bs.512-ep.300,mot_small_1d,0.5,42,43,0.030923329989034104,0.9047510417384521,0.8003442340791739,0.7955477833747864,0.9181487856186651,1.0912501595900117,0.7441682600382409,0.7428407073020935,0.8963671128107075
mot_small_1d-bs.512-ep.300,mot_small_1d,0.5,42,44,0.02379323688349516,0.8997011784728431,0.8039778160260088,0.799258291721344,0.9176706827309237,1.0869344561779248,0.7502868068833652,0.7470057606697083,0.8952198852772466
mot_small_1d-bs.512-ep.300,mot_small_1d,0.5,42,45,0.017555878527937163,0.8978325870621157,0.8030216102505259,0.7983272075653076,0.91843564735131,1.0850567469405399,0.7491395793499044,0.7462043166160583,0.8948374760994264
mot_small_1d-bs.512-ep.300,mot_small_1d,0.5,42,46,0.012235870926211617,0.8974730166451473,0.8023522662076878,0.797390341758728,0.9180053547523427,1.0828580487982493,0.7487571701720841,0.7455337047576904,0.8940726577437859
mot_small_1d-bs.512-ep.300,mot_small_1d,0.5,42,47,0.007854209717842259,0.8959502413296111,0.8052208835341366,0.8000810742378235,0.9179575444635686,1.0814381003151887,0.752963671128107,0.7492238879203796,0.8956022944550669
mot_small_1d-bs.512-ep.300,mot_small_1d,0.5,42,48,0.00442818731782782,0.8956042450412233,0.8047427806463952,0.7998829483985901,0.9184834576400841,1.0809372765156324,0.7525812619502869,0.7490701079368591,0.8948374760994264
mot_small_1d-bs.512-ep.300,mot_small_1d,0.5,42,49,0.0019713246713805588,0.8954450759041443,0.805698986421878,0.8007324934005737,0.9184834576400841,1.0809590414422876,0.7544933078393882,0.7509147524833679,0.8952198852772466
mot_small_1d-bs.512-ep.300,mot_small_1d,0.5,42,50,0.0004933178929321103,0.895418895182315,0.805698986421878,0.8006951808929443,0.9184834576400841,1.080952707440174,0.7537284894837476,0.7502022385597229,0.8948374760994264
mot_small_1d-bs.512-ep.300,mot_small_1d,0.7,42,1,0.7,7.163875640019971,0.3336201950659782,0.32677870988845825,0.5424555364314401,7.032713676729804,0.33193116634799236,0.32678940892219543,0.5361376673040152
mot_small_1d-bs.512-ep.300,mot_small_1d,0.7,42,2,0.699309354949895,3.001259370980014,0.5010518263530311,0.49828025698661804,0.6869860393956779,3.086319926683123,0.48565965583174,0.48856499791145325,0.6611854684512428
mot_small_1d-bs.512-ep.300,mot_small_1d,0.7,42,3,0.6972401454600672,1.868568942751568,0.5679384203480589,0.5604845285415649,0.7845190284949322,1.9408494121485869,0.5476099426386233,0.5376429557800293,0.7682600382409178
mot_small_1d-bs.512-ep.300,mot_small_1d,0.7,42,4,0.6938005377550409,1.6353214819815673,0.6084815452285331,0.6019628643989563,0.8226716389366991,1.7219939981318342,0.5992351816443595,0.5935056805610657,0.8019120458891014
mot_small_1d-bs.512-ep.300,mot_small_1d,0.7,42,5,0.6890041063950206,1.6214992388595608,0.6187607573149742,0.6085829734802246,0.8225282080703767,1.750432331384254,0.5835564053537284,0.5804462432861328,0.7996175908221798
mot_small_1d-bs.512-ep.300,mot_small_1d,0.7,42,6,0.6828697807033035,1.7026800059706833,0.6087205966724039,0.6085245609283447,0.8025435073627845,1.8077828985327289,0.5824091778202677,0.5785800218582153,0.7923518164435946
mot_small_1d-bs.512-ep.300,mot_small_1d,0.7,42,7,0.6754217700608878,1.6513241694748209,0.6056129279020845,0.6012483835220337,0.8119143239625167,1.801824033602246,0.5759082217973231,0.5748934745788574,0.7839388145315488
mot_small_1d-bs.512-ep.300,mot_small_1d,0.7,42,8,0.6666894683631067,1.4974068995300864,0.6297571237330274,0.6204070448875427,0.8352935551730732,1.6506405978084295,0.594263862332696,0.5905486941337585,0.8145315487571702
mot_small_1d-bs.512-ep.300,mot_small_1d,0.7,42,9,0.6567073380153521,1.3298198432214723,0.6811531841652324,0.672943115234375,0.8590074584050488,1.4937357477658566,0.6439770554493308,0.6435315012931824,0.8340344168260039
mot_small_1d-bs.512-ep.300,mot_small_1d,0.7,42,10,0.6455147739257051,1.3998466531093683,0.6698699560145344,0.6618369221687317,0.8414610824249379,1.5564034106398632,0.6267686424474187,0.6229210495948792,0.8175908221797323
mot_small_1d-bs.512-ep.300,mot_small_1d,0.7,42,11,0.6331559480312314,1.3718771220484618,0.6678619238860203,0.6617594957351685,0.8509753298909926,1.508288079693942,0.6313575525812619,0.622610867023468,0.8332695984703633
mot_small_1d-bs.512-ep.300,mot_small_1d,0.7,42,12,0.619679634971526,1.2631958994133154,0.6993689041881813,0.6920324563980103,0.8681870338496844,1.4181230008944044,0.6562141491395793,0.6492306590080261,0.8516252390057362
mot_small_1d-bs.512-ep.300,mot_small_1d,0.7,42,13,0.6051390195974938,1.2347004343843706,0.6974564926372155,0.6942356824874878,0.8767928858290304,1.403317424125015,0.6478011472275335,0.6470960378646851,0.8569789674952198
mot_small_1d-bs.512-ep.300,mot_small_1d,0.7,42,14,0.5895914870750408,1.1363017373478055,0.7283897494740869,0.7221865653991699,0.8862593230063109,1.3202834616199735,0.6780114722753346,0.6750602722167969,0.865774378585086
mot_small_1d-bs.512-ep.300,mot_small_1d,0.7,42,15,0.5730983964120412,1.1948299389720807,0.7088353413654619,0.7021356821060181,0.8760757314974182,1.3574801136841053,0.6673040152963671,0.6590725183486938,0.8497131931166348
mot_small_1d-bs.512-ep.300,mot_small_1d,0.7,42,16,0.5557248383023655,1.1816904336459142,0.7107955632052018,0.7026011943817139,0.8795658825779308,1.3722685702672197,0.6684512428298279,0.6655349731445312,0.8558317399617591
mot_small_1d-bs.512-ep.300,mot_small_1d,0.7,42,17,0.5375393782426486,1.1541280390815494,0.7220309810671256,0.7162860631942749,0.8799483648881239,1.3390887988001166,0.6738049713193117,0.6742985248565674,0.8558317399617591
mot_small_1d-bs.512-ep.300,mot_small_1d,0.7,42,18,0.5186137859356001,1.0987114715722077,0.7313061770893097,0.7266877889633179,0.888602027156244,1.2894543970520136,0.679923518164436,0.6807034015655518,0.8611854684512428
mot_small_1d-bs.512-ep.300,mot_small_1d,0.7,42,19,0.49902275204777524,1.0803478114758607,0.7298718684260853,0.7267323136329651,0.8932874354561101,1.2691389269856148,0.6864244741873805,0.6833654642105103,0.8703632887189292
mot_small_1d-bs.512-ep.300,mot_small_1d,0.7,42,20,0.47884359343963717,1.0586453315791766,0.7368999808758845,0.7308786511421204,0.8960604322050105,1.2574130581624194,0.6898661567877629,0.6883136630058289,0.8707456978967495
mot_small_1d-bs.512-ep.300,mot_small_1d,0.7,42,21,0.45815594803123144,1.0650044897359972,0.7417766303308472,0.7403364777565002,0.8967297762478486,1.2754222599999627,0.6910133843212237,0.6993786692619324,0.8630975143403442
mot_small_1d-bs.512-ep.300,mot_small_1d,0.7,42,22,0.437041460507699,1.015992294650024,0.7590839548670874,0.7544329166412354,0.898211895199847,1.2081525550973575,0.7036328871892925,0.7021719217300415,0.8749521988527724
mot_small_1d-bs.512-ep.300,mot_small_1d,0.7,42,23,0.4155834601050035,1.0085692377431508,0.7532989099254159,0.7516353130340576,0.9042359915853891,1.1871703080419829,0.7032504780114722,0.7034369111061096,0.8879541108986616
mot_small_1d-bs.512-ep.300,mot_small_1d,0.7,42,24,0.3938666317475064,0.9904527195463402,0.7576496462038631,0.7540994882583618,0.9063396442914515,1.194383301014654,0.7051625239005737,0.7029313445091248,0.8822179732313575
mot_small_1d-bs.512-ep.300,mot_small_1d,0.7,42,25,0.37197668183525956,0.9702093949120048,0.7624784853700516,0.7575533986091614,0.9110728628800918,1.1643911824855475,0.7139579349904398,0.711915135383606,0.8845124282982791
mot_small_1d-bs.512-ep.300,mot_small_1d,0.7,42,26,0.34999999999999987,0.95705943017326,0.7696978389749474,0.7616592645645142,0.9086345381526104,1.1628802210149527,0.7208413001912046,0.7184202671051025,0.8780114722753346
mot_small_1d-bs.512-ep.300,mot_small_1d,0.7,42,27,0.3280233181647402,0.9661522673976926,0.7689806846433352,0.7631884217262268,0.9066743163128705,1.1629533785934887,0.7204588910133843,0.7140489816665649,0.8814531548757171
mot_small_1d-bs.512-ep.300,mot_small_1d,0.7,42,28,0.3061333682524934,0.934643614289865,0.7774909160451329,0.77061927318573,0.9087779690189329,1.131096840269479,0.7265774378585086,0.7193911671638489,0.8799235181644359
mot_small_1d-bs.512-ep.300,mot_small_1d,0.7,42,29,0.28441653989499627,0.9322263703425588,0.7780646395104226,0.7717211842536926,0.9114553451902849,1.1470996586816034,0.7151051625239006,0.7140453457832336,0.8837476099426386
mot_small_1d-bs.512-ep.300,mot_small_1d,0.7,42,30,0.2629585394923007,0.9113893472434778,0.7810766877031937,0.7766028046607971,0.9138458596289921,1.1256976388380586,0.7315487571701721,0.7331158518791199,0.8894837476099426
mot_small_1d-bs.512-ep.300,mot_small_1d,0.7,42,31,0.2418440519687684,0.9086490666850344,0.7848537005163512,0.7802998423576355,0.9139892904953146,1.1218856957400962,0.7307839388145315,0.7273616790771484,0.8875717017208413
mot_small_1d-bs.512-ep.300,mot_small_1d,0.7,42,32,0.2211564065603627,0.8838124839679122,0.7945591891375023,0.7890374064445496,0.9164754255115701,1.099454578523654,0.7422562141491396,0.7421793937683105,0.887189292543021
mot_small_1d-bs.512-ep.300,mot_small_1d,0.7,42,33,0.20097724795222446,0.8755725363422977,0.7990055459934978,0.7952243089675903,0.917766303308472,1.0820504139303933,0.7460803059273422,0.7423915863037109,0.8902485659655832
mot_small_1d-bs.512-ep.300,mot_small_1d,0.7,42,34,0.1813862140643995,0.8822634677445599,0.7953719640466629,0.7897158861160278,0.9167144769554408,1.0927909282151873,0.7441682600382409,0.7405444383621216,0.891395793499044
mot_small_1d-bs.512-ep.300,mot_small_1d,0.7,42,35,0.16246062175735101,0.8791643794897432,0.7975712373302735,0.7931382656097412,0.9148976859820234,1.0894108642811529,0.7380497131931166,0.7341159582138062,0.8902485659655832
mot_small_1d-bs.512-ep.300,mot_small_1d,0.7,42,36,0.14427516169763435,0.8627211511830432,0.8016829221648498,0.7970297336578369,0.9190571811053738,1.0753010649526096,0.7414913957934991,0.7383975982666016,0.8917782026768643
mot_small_1d-bs.512-ep.300,mot_small_1d,0.7,42,37,0.12690160358795852,0.8476225622618123,0.8076113979728438,0.8026595115661621,0.9207305412124689,1.058400663591024,0.7414913957934991,0.7393185496330261,0.8959847036328872
mot_small_1d-bs.512-ep.300,mot_small_1d,0.7,42,38,0.11040851292495889,0.8416514052877829,0.8086632243258749,0.80494225025177,0.9214955058328552,1.0530653200459525,0.7479923518164436,0.7443946003913879,0.8959847036328872
mot_small_1d-bs.512-ep.300,mot_small_1d,0.7,42,39,0.09486098040250598,0.8444555548505406,0.8086154140371008,0.8047863841056824,0.9224995218971123,1.0533218296262548,0.7564053537284895,0.7544795274734497,0.897131931166348
mot_small_1d-bs.512-ep.300,mot_small_1d,0.7,42,40,0.08032036502847376,0.8336808844263773,0.8134920634920635,0.8086855411529541,0.9224995218971123,1.0468256569273384,0.7564053537284895,0.7521741986274719,0.8952198852772466
mot_small_1d-bs.512-ep.300,mot_small_1d,0.7,42,41,0.06684405196876839,0.8350300933872908,0.8111971696309046,0.8059938549995422,0.9218301778542742,1.0468615282106126,0.752963671128107,0.7494595050811768,0.8956022944550669
mot_small_1d-bs.512-ep.300,mot_small_1d,0.7,42,42,0.05448522607429477,0.8305183398972098,0.8146873207114171,0.8102352619171143,0.9235035379613693,1.041596108139359,0.7652007648183556,0.7630821466445923,0.897131931166348
mot_small_1d-bs.512-ep.300,mot_small_1d,0.7,42,43,0.04329266198464772,0.8318809356806177,0.8119621342512908,0.8078758120536804,0.923407917383821,1.0426069985384239,0.7506692160611854,0.7484014630317688,0.8990439770554494
mot_small_1d-bs.512-ep.300,mot_small_1d,0.7,42,44,0.03331053163689321,0.8248692609356931,0.8161694396634156,0.811801552772522,0.9237903996940141,1.0371990780073643,0.7567877629063098,0.7531324625015259,0.8956022944550669
mot_small_1d-bs.512-ep.300,mot_small_1d,0.7,42,45,0.024578229939112014,0.8225835228221643,0.8158347676419966,0.8114550113677979,0.923407917383821,1.0339722000618055,0.7537284894837476,0.7504337430000305,0.8975143403441682
mot_small_1d-bs.512-ep.300,mot_small_1d,0.7,42,46,0.017130219296696253,0.8219065678053546,0.8168865939950277,0.812305748462677,0.9239338305603366,1.0314444328585273,0.7548757170172085,0.7510945796966553,0.8978967495219885
mot_small_1d-bs.512-ep.300,mot_small_1d,0.7,42,47,0.010995893604979155,0.8202088166888163,0.8183209026582521,0.8137826323509216,0.924411933448078,1.0301909641827498,0.7621414913957935,0.7585204839706421,0.9009560229445507
mot_small_1d-bs.512-ep.300,mot_small_1d,0.7,42,48,0.006199462244958943,0.8197678875845644,0.8184165232358004,0.8142410516738892,0.9245075540256263,1.0295562685789614,0.761376673040153,0.7575784921646118,0.9001912045889101
mot_small_1d-bs.512-ep.300,mot_small_1d,0.7,42,49,0.0027598545399327803,0.819541744575785,0.8186555746796711,0.8142979145050049,0.9245075540256263,1.029452374606014,0.7602294455066921,0.7563484311103821,0.8998087954110898
mot_small_1d-bs.512-ep.300,mot_small_1d,0.7,42,50,0.0006906450501049539,0.8194921766738177,0.8183687129470262,0.8140832781791687,0.9246509848919487,1.029447646715445,0.7606118546845124,0.7569096088409424,0.8998087954110898
mot_small_1d-bs.512-ep.300,mot_small_1d,1.0,42,1,1.0,40.66732312288355,0.17312105565117614,0.17738328874111176,0.41542359915853894,40.43353073090942,0.17246653919694072,0.17990714311599731,0.4160611854684512
mot_small_1d-bs.512-ep.300,mot_small_1d,1.0,42,2,0.9990133642141358,10.4059179951297,0.3420826161790017,0.33656594157218933,0.5452763434691146,10.675592472813097,0.33078393881453155,0.3338693678379059,0.5265774378585086
mot_small_1d-bs.512-ep.300,mot_small_1d,1.0,42,3,0.996057350657239,5.388154549087113,0.4967967106521323,0.49379733204841614,0.7105087014725568,6.0044925959570685,0.47189292543021033,0.4629169702529907,0.702868068833652
mot_small_1d-bs.512-ep.300,mot_small_1d,1.0,42,4,0.9911436253643444,4.001066323515789,0.5309332568368713,0.5275942087173462,0.7610441767068273,4.487932386817714,0.51434034416826,0.5127095580101013,0.7418738049713193
mot_small_1d-bs.512-ep.300,mot_small_1d,1.0,42,5,0.9842915805643155,2.4271129583350377,0.5240963855421686,0.5162501931190491,0.7947026200038249,2.659220031388175,0.49177820267686423,0.4897712469100952,0.7694072657743786
mot_small_1d-bs.512-ep.300,mot_small_1d,1.0,42,6,0.9755282581475768,1.975094565973156,0.5884490342321668,0.5863745212554932,0.7948938611589214,2.140379543559729,0.5537284894837476,0.5502613186836243,0.7717017208413002
mot_small_1d-bs.512-ep.300,mot_small_1d,1.0,42,7,0.9648882429441257,1.7354598856036123,0.6196213425129088,0.616112470626831,0.8182252820807038,1.9585417767555717,0.5804971319311664,0.5835764408111572,0.7873804971319311
mot_small_1d-bs.512-ep.300,mot_small_1d,1.0,42,8,0.9524135262330098,1.6576482269818205,0.6187129470262,0.6060181260108948,0.8158347676419966,1.8464708142253226,0.5889101338432122,0.5795151591300964,0.7977055449330784
mot_small_1d-bs.512-ep.300,mot_small_1d,1.0,42,9,0.9381533400219317,1.3861133789190896,0.6760374832663989,0.6657402515411377,0.8504494167144769,1.5538540550217346,0.6443594646271511,0.6407756805419922,0.8317399617590823
mot_small_1d-bs.512-ep.300,mot_small_1d,1.0,42,10,0.9221639627510075,1.451428069601462,0.6713998852553069,0.6603273153305054,0.8404092560719066,1.6464442178350562,0.6374760994263863,0.631454348564148,0.8141491395793499
mot_small_1d-bs.512-ep.300,mot_small_1d,1.0,42,11,0.9045084971874737,1.4863706075522793,0.6712086441002104,0.6692920923233032,0.8483935742971888,1.6477837885315059,0.64282982791587,0.6315934062004089,0.8240917782026769
mot_small_1d-bs.512-ep.300,mot_small_1d,1.0,42,12,0.8852566213878946,1.2518093238986685,0.6967393383056034,0.6877471208572388,0.8718206157965194,1.4354507708868607,0.6520076481835564,0.6407990455627441,0.8535372848948375
mot_small_1d-bs.512-ep.300,mot_small_1d,1.0,42,13,0.8644843137107058,1.2466853944811636,0.7059189137502391,0.6999685764312744,0.8701950659781985,1.4429337102186155,0.6661567877629063,0.660847008228302,0.8466539196940727
mot_small_1d-bs.512-ep.300,mot_small_1d,1.0,42,14,0.8422735529643444,1.1132423381181675,0.7270510613884108,0.7205471992492676,0.8917575062153376,1.3204670732837334,0.6772466539196941,0.671438455581665,0.869980879541109
mot_small_1d-bs.512-ep.300,mot_small_1d,1.0,42,15,0.8187119948743449,1.1965004504581873,0.7087397207879136,0.702971339225769,0.8742111302352267,1.41189045222266,0.6634799235181644,0.661772608757019,0.8435946462715105
mot_small_1d-bs.512-ep.300,mot_small_1d,1.0,42,16,0.7938926261462367,1.144134697118027,0.7259036144578314,0.7221546769142151,0.8768406961178046,1.3756152501297727,0.6726577437858509,0.6753780841827393,0.850095602294455
mot_small_1d-bs.512-ep.300,mot_small_1d,1.0,42,17,0.7679133974894983,1.1290263755756027,0.7281506980302161,0.7221069931983948,0.8824823101931536,1.3486018981350083,0.681453154875717,0.6780776381492615,0.8608030592734226
mot_small_1d-bs.512-ep.300,mot_small_1d,1.0,42,18,0.7408768370508576,1.1104752671356113,0.7227959456875119,0.718015193939209,0.8888410786001147,1.343091546782572,0.6795411089866157,0.6786866188049316,0.8569789674952198
mot_small_1d-bs.512-ep.300,mot_small_1d,1.0,42,19,0.7128896457825363,1.0051313116847271,0.7538248231019316,0.7502967715263367,0.9009848919487474,1.2102831721989649,0.7066921606118547,0.7021108269691467,0.8783938814531549
mot_small_1d-bs.512-ep.300,mot_small_1d,1.0,42,20,0.6840622763423391,1.0994411019117158,0.7187320711417097,0.7121685743331909,0.8950086058519794,1.3415524980534104,0.6661567877629063,0.6659798622131348,0.8608030592734226
mot_small_1d-bs.512-ep.300,mot_small_1d,1.0,42,21,0.6545084971874737,1.0357186584997915,0.7477529164276152,0.7447248697280884,0.8981162746222987,1.2795633319686976,0.6887189292543021,0.6911005973815918,0.8680688336520076
mot_small_1d-bs.512-ep.300,mot_small_1d,1.0,42,22,0.6243449435824273,0.9809873948979045,0.7545419774335437,0.7498820424079895,0.9038056989864218,1.22425587728876,0.6982791586998088,0.6967787742614746,0.8749521988527724
mot_small_1d-bs.512-ep.300,mot_small_1d,1.0,42,23,0.5936906572928624,0.9484628873246194,0.7670682730923695,0.7621991038322449,0.9080608146873207,1.165612978233206,0.7181644359464627,0.7132754325866699,0.8829827915869981
mot_small_1d-bs.512-ep.300,mot_small_1d,1.0,42,24,0.5626666167821522,0.9580350895186961,0.7671160833811437,0.7607734203338623,0.9030885446548097,1.2089754852236572,0.7135755258126195,0.7099990844726562,0.8768642447418739
mot_small_1d-bs.512-ep.300,mot_small_1d,1.0,42,25,0.5313952597646567,1.0106516079547916,0.7430196978389749,0.7357211112976074,0.9063874545802256,1.2500172631462492,0.6994263862332696,0.6957269906997681,0.8764818355640536
mot_small_1d-bs.512-ep.300,mot_small_1d,1.0,42,26,0.5,0.9302178797062552,0.7707018550392044,0.7625181674957275,0.9107381908586728,1.1704185179497042,0.7170172084130019,0.7107142806053162,0.8764818355640536
mot_small_1d-bs.512-ep.300,mot_small_1d,1.0,42,27,0.4686047402353433,0.9304327212457881,0.7700803212851406,0.7665103077888489,0.9092082616179001,1.161947426148628,0.7162523900573614,0.7113347053527832,0.8764818355640536
mot_small_1d-bs.512-ep.300,mot_small_1d,1.0,42,28,0.4373333832178479,0.849797917999075,0.7952763434691146,0.7887858748435974,0.9193440428380187,1.0794916929751919,0.739961759082218,0.7317035794258118,0.8887189292543021
mot_small_1d-bs.512-ep.300,mot_small_1d,1.0,42,29,0.4063093427071377,0.8865176241173072,0.7826544272327405,0.7761633396148682,0.9150411168483458,1.1433667009692803,0.7189292543021033,0.7188296318054199,0.8837476099426386
mot_small_1d-bs.512-ep.300,mot_small_1d,1.0,42,30,0.3756550564175726,0.8538828565459289,0.7924555364314401,0.7877228260040283,0.9179575444635686,1.098201659806144,0.7346080305927343,0.7341455221176147,0.891395793499044
mot_small_1d-bs.512-ep.300,mot_small_1d,1.0,42,31,0.34549150281252644,0.849726835430683,0.7976190476190477,0.7925937175750732,0.918100975329891,1.1047668048574182,0.7338432122370937,0.7325433492660522,0.8936902485659656
mot_small_1d-bs.512-ep.300,mot_small_1d,1.0,42,32,0.31593772365766115,0.8258538050094374,0.8017785427423981,0.7968021631240845,0.9212564543889845,1.0826269379537374,0.7411089866156788,0.7402294874191284,0.8879541108986616
mot_small_1d-bs.512-ep.300,mot_small_1d,1.0,42,33,0.28711035421746367,0.8233453988071426,0.8040734366035571,0.8011488318443298,0.9209217823675655,1.066641690489439,0.7453154875717017,0.7433289289474487,0.8921606118546845
mot_small_1d-bs.512-ep.300,mot_small_1d,1.0,42,34,0.2591231629491423,0.8288131698547118,0.7980015299292408,0.7930499911308289,0.9209217823675655,1.0766182106266058,0.7411089866156788,0.7372706532478333,0.8921606118546845
mot_small_1d-bs.512-ep.300,mot_small_1d,1.0,42,35,0.23208660251050156,0.8189264380651442,0.8079938802830369,0.8043062686920166,0.9199177663033085,1.0653893027661179,0.7464627151051625,0.7432088255882263,0.8925430210325048
mot_small_1d-bs.512-ep.300,mot_small_1d,1.0,42,36,0.2061073738537635,0.8065668530299117,0.8087588449034232,0.8047857880592346,0.9243163128705297,1.0497447814357896,0.7449330783938815,0.7396076321601868,0.8963671128107075
mot_small_1d-bs.512-ep.300,mot_small_1d,1.0,42,37,0.18128800512565513,0.7834320862632017,0.815308854465481,0.8105368614196777,0.9264199655765921,1.0310653832400962,0.745697896749522,0.7417587041854858,0.8944550669216061
mot_small_1d-bs.512-ep.300,mot_small_1d,1.0,42,38,0.15772644703565564,0.7783782550084429,0.8156913367756741,0.8127198815345764,0.9262765347102696,1.02365249283683,0.7510516252390057,0.7480292320251465,0.897131931166348
mot_small_1d-bs.512-ep.300,mot_small_1d,1.0,42,39,0.13551568628929433,0.7830679075146615,0.8150219927328362,0.8120830059051514,0.9274717919296233,1.0276683712552657,0.7541108986615679,0.7517108917236328,0.8986615678776291
mot_small_1d-bs.512-ep.300,mot_small_1d,1.0,42,40,0.11474337861210543,0.7605896404628932,0.8245362401988908,0.8206698894500732,0.9286192388602027,1.0072110586366962,0.7632887189292543,0.7586309909820557,0.8967495219885278
mot_small_1d-bs.512-ep.300,mot_small_1d,1.0,42,41,0.09549150281252633,0.7659318631774588,0.8205201759418627,0.8158808350563049,0.9281889462612354,1.0143025064559557,0.7541108986615679,0.7517516613006592,0.8998087954110898
mot_small_1d-bs.512-ep.300,mot_small_1d,1.0,42,42,0.07783603724899257,0.7615649678734936,0.8227672595142475,0.8192795515060425,0.9295754446356856,1.009029306006933,0.7621414913957935,0.7585155367851257,0.8986615678776291
mot_small_1d-bs.512-ep.300,mot_small_1d,1.0,42,43,0.06184665997806821,0.7592263231771721,0.8239625167336011,0.8207190632820129,0.9301969783897495,1.0055141514619494,0.7586998087954111,0.756062388420105,0.9009560229445507
mot_small_1d-bs.512-ep.300,mot_small_1d,1.0,42,44,0.04758647376699032,0.7512865971141939,0.8297953719640466,0.8259766101837158,0.9301013578122012,0.9998569291590732,0.7594646271510517,0.7561013102531433,0.8975143403441682
mot_small_1d-bs.512-ep.300,mot_small_1d,1.0,42,45,0.035111757055874326,0.7489782918090003,0.8294128896538535,0.8258568048477173,0.9305316504111685,0.9949193090143441,0.7598470363288718,0.7558724284172058,0.9024856596558317
mot_small_1d-bs.512-ep.300,mot_small_1d,1.0,42,46,0.024471741852423234,0.7478522594172495,0.8280742015681775,0.8238745927810669,0.9301969783897495,0.9919794655210885,0.7609942638623327,0.7576882243156433,0.901338432122371
mot_small_1d-bs.512-ep.300,mot_small_1d,1.0,42,47,0.015708419435684517,0.7458130533185919,0.8307037674507554,0.8268283009529114,0.9299101166571047,0.9909232210702695,0.7632887189292543,0.759498655796051,0.9036328871892926
mot_small_1d-bs.512-ep.300,mot_small_1d,1.0,42,48,0.00885637463565564,0.7452494206723075,0.8300344234079173,0.8262972831726074,0.9303882195448461,0.990327767249959,0.7609942638623327,0.7573091983795166,0.902868068833652
mot_small_1d-bs.512-ep.300,mot_small_1d,1.0,42,49,0.0039426493427611176,0.7449402022165695,0.830560336584433,0.8266647458076477,0.9304360298336202,0.9899244618461419,0.7625239005736137,0.7593411207199097,0.9036328871892926
mot_small_1d-bs.512-ep.300,mot_small_1d,1.0,42,50,0.0009866357858642205,0.7448259223417106,0.8310862497609486,0.8271960616111755,0.9303404092560719,0.9899013409878966,0.7644359464627151,0.7609907388687134,0.9036328871892926
mot_tiny-small_1d-bs.512-ep.300,mot_tiny_1d,0.1,42,1,0.1,2.621332156541904,0.43956779498948173,0.42329320311546326,0.6572002294893862,2.693817042392709,0.4091778202676864,0.40731924772262573,0.6351816443594647
mot_tiny-small_1d-bs.512-ep.300,mot_tiny_1d,0.1,42,2,0.09990133642141358,2.0814991847213538,0.5542168674698795,0.5419081449508667,0.7603748326639893,2.147620807596648,0.5319311663479923,0.526742696762085,0.7403441682600382
mot_tiny-small_1d-bs.512-ep.300,mot_tiny_1d,0.1,42,3,0.0996057350657239,1.8404415668276715,0.6018837253777013,0.5916399955749512,0.7918340026773761,1.9283441226295486,0.5736137667304015,0.5687070488929749,0.7625239005736137
mot_tiny-small_1d-bs.512-ep.300,mot_tiny_1d,0.1,42,4,0.09911436253643444,1.7076179969832828,0.6270797475616753,0.6175926327705383,0.8140179766685791,1.8253977729987003,0.5912045889101338,0.5886586904525757,0.7793499043977056
mot_tiny-small_1d-bs.512-ep.300,mot_tiny_1d,0.1,42,5,0.09842915805643154,1.6012392158967903,0.6470166379804934,0.6404590010643005,0.8253968253968254,1.7163109438369197,0.6076481835564054,0.6036161780357361,0.7938814531548757
mot_tiny-small_1d-bs.512-ep.300,mot_tiny_1d,0.1,42,6,0.09755282581475767,1.5139292218895346,0.6631765155861541,0.655977189540863,0.8395008605851979,1.6416681147442265,0.6217973231357553,0.6189679503440857,0.8087954110898662
mot_tiny-small_1d-bs.512-ep.300,mot_tiny_1d,0.1,42,7,0.09648882429441256,1.4659170609264625,0.6727863836297572,0.6646235585212708,0.8442818894626124,1.5855713882592166,0.6347992351816444,0.6283565759658813,0.8225621414913958
mot_tiny-small_1d-bs.512-ep.300,mot_tiny_1d,0.1,42,8,0.09524135262330098,1.4036383250403026,0.6839739912029069,0.6748708486557007,0.8544176706827309,1.5425199315379272,0.6451242829827916,0.6394651532173157,0.8191204588910134
mot_tiny-small_1d-bs.512-ep.300,mot_tiny_1d,0.1,42,9,0.09381533400219318,1.3844092885767167,0.6932013769363167,0.6866447329521179,0.8524096385542169,1.5444793234363796,0.6462715105162524,0.6420513391494751,0.8191204588910134
mot_tiny-small_1d-bs.512-ep.300,mot_tiny_1d,0.1,42,10,0.09221639627510075,1.3321362515666741,0.7030981067125646,0.6943972706794739,0.8633581946834958,1.4819780543019165,0.6596558317399618,0.6532610058784485,0.8321223709369024
mot_tiny-small_1d-bs.512-ep.300,mot_tiny_1d,0.1,42,11,0.09045084971874737,1.2989157864367626,0.7104608911837828,0.7040037512779236,0.8661311914323963,1.4522612985643784,0.6673040152963671,0.6627876162528992,0.8309751434034417
mot_tiny-small_1d-bs.512-ep.300,mot_tiny_1d,0.1,42,12,0.08852566213878946,1.2933210039895677,0.7121342512908778,0.7098250389099121,0.8673264486517499,1.4608388269836543,0.665774378585086,0.6651005744934082,0.8332695984703633
mot_tiny-small_1d-bs.512-ep.300,mot_tiny_1d,0.1,42,13,0.08644843137107057,1.2625056547834987,0.7187798814304839,0.711439847946167,0.8744023713903232,1.4367740113238303,0.6680688336520076,0.6646278500556946,0.8439770554493308
mot_tiny-small_1d-bs.512-ep.300,mot_tiny_1d,0.1,42,14,0.08422735529643442,1.2435004058680312,0.7212660164467394,0.7161464691162109,0.8732071141709696,1.4130159396286448,0.6749521988527725,0.669498085975647,0.84282982791587
mot_tiny-small_1d-bs.512-ep.300,mot_tiny_1d,0.1,42,15,0.08187119948743447,1.2047170200227528,0.7332185886402753,0.7269564867019653,0.8799961751768981,1.3816776837263236,0.6810707456978967,0.6783792972564697,0.8504780114722753
mot_tiny-small_1d-bs.512-ep.300,mot_tiny_1d,0.1,42,16,0.07938926261462366,1.1973418941413907,0.733744501816791,0.7295981645584106,0.8777012813157391,1.3823219780712237,0.6826003824091779,0.6849139332771301,0.8443594646271511
mot_tiny-small_1d-bs.512-ep.300,mot_tiny_1d,0.1,42,17,0.07679133974894982,1.1721637583207527,0.7384299101166572,0.7325341701507568,0.8815739147064449,1.3611419035873267,0.6833652007648183,0.6804702877998352,0.8451242829827916
mot_tiny-small_1d-bs.512-ep.300,mot_tiny_1d,0.1,42,18,0.07408768370508576,1.1737058008120653,0.7428284566838784,0.735811173915863,0.8827213616370243,1.3527369322330045,0.6841300191204589,0.6780931353569031,0.8493307839388146
mot_tiny-small_1d-bs.512-ep.300,mot_tiny_1d,0.1,42,19,0.07128896457825362,1.1546838727182493,0.743689041881813,0.7369357943534851,0.8832472748135399,1.3462486529669389,0.6837476099426386,0.6792101263999939,0.8523900573613766
mot_tiny-small_1d-bs.512-ep.300,mot_tiny_1d,0.1,42,20,0.06840622763423389,1.1471146284268632,0.7445974373685217,0.7390078902244568,0.888602027156244,1.33567472206247,0.691395793499044,0.6876506805419922,0.8516252390057362
mot_tiny-small_1d-bs.512-ep.300,mot_tiny_1d,0.1,42,21,0.06545084971874736,1.117162022724688,0.7536335819468349,0.7480921149253845,0.8921399885255307,1.3105370895356567,0.6948374760994264,0.6901426911354065,0.8562141491395794
mot_tiny-small_1d-bs.512-ep.300,mot_tiny_1d,0.1,42,22,0.06243449435824272,1.1134501796626843,0.7530598584815452,0.7478176355361938,0.892235609103079,1.3206153636224867,0.6921606118546845,0.689714789390564,0.8520076481835565
mot_tiny-small_1d-bs.512-ep.300,mot_tiny_1d,0.1,42,23,0.05936906572928623,1.0976263904553294,0.7601357812201186,0.7539357542991638,0.8948651749856569,1.292496468596887,0.697131931166348,0.6916913390159607,0.858508604206501
mot_tiny-small_1d-bs.512-ep.300,mot_tiny_1d,0.1,42,24,0.056266661678215216,1.1017017831399305,0.7543985465672213,0.7477731108665466,0.8920443679479824,1.3147214900467181,0.6883365200764818,0.6888458132743835,0.8535372848948375
mot_tiny-small_1d-bs.512-ep.300,mot_tiny_1d,0.1,42,25,0.053139525976465665,1.0887939265636533,0.7575540256263148,0.7509677410125732,0.8952476572958501,1.2946408579955822,0.698661567877629,0.695300281047821,0.8569789674952198
mot_tiny-small_1d-bs.512-ep.300,mot_tiny_1d,0.1,42,26,0.049999999999999996,1.0831317270570378,0.7587014725568942,0.7535808682441711,0.8938611589213998,1.2889197821826825,0.7047801147227534,0.7017449140548706,0.8550669216061185
mot_tiny-small_1d-bs.512-ep.300,mot_tiny_1d,0.1,42,27,0.046860474023534326,1.0679422547425566,0.7652036718301779,0.7586625814437866,0.8984987569324919,1.2780358805027336,0.7055449330783938,0.7017410397529602,0.8630975143403442
mot_tiny-small_1d-bs.512-ep.300,mot_tiny_1d,0.1,42,28,0.04373333832178478,1.0723211817724068,0.759944540065022,0.7523683309555054,0.8945305029642379,1.2822459160711752,0.698661567877629,0.6964784264564514,0.8539196940726578
mot_tiny-small_1d-bs.512-ep.300,mot_tiny_1d,0.1,42,29,0.040630934270713764,1.0592506297073758,0.7673073245362402,0.7612935900688171,0.8958691910499139,1.2675444914779517,0.7032504780114722,0.6988735198974609,0.8573613766730401
mot_tiny-small_1d-bs.512-ep.300,mot_tiny_1d,0.1,42,30,0.03756550564175726,1.050482035549541,0.7688850640657869,0.7614869475364685,0.8999808758844904,1.267662453879362,0.7116634799235182,0.7085325717926025,0.860038240917782
mot_tiny-small_1d-bs.512-ep.300,mot_tiny_1d,0.1,42,31,0.03454915028125265,1.044510938214353,0.7728533180340409,0.7680796980857849,0.8993115318416524,1.2593304373338163,0.7158699808795411,0.7148287892341614,0.8646271510516252
mot_tiny-small_1d-bs.512-ep.300,mot_tiny_1d,0.1,42,32,0.03159377236576612,1.0434164648006787,0.7690763052208835,0.7628830671310425,0.8984987569324919,1.2577531482703828,0.7108986615678776,0.7068191766738892,0.8619502868068833
mot_tiny-small_1d-bs.512-ep.300,mot_tiny_1d,0.1,42,33,0.028711035421746366,1.0364501905340975,0.7736660929432013,0.7690571546554565,0.9011761331038439,1.2572717086762817,0.7082217973231357,0.7056010961532593,0.8581261950286807
mot_tiny-small_1d-bs.512-ep.300,mot_tiny_1d,0.1,42,34,0.025912316294914226,1.0346490220190074,0.7739051443870721,0.7685825824737549,0.9011761331038439,1.2571756045631424,0.7089866156787763,0.7096976637840271,0.8611854684512428
mot_tiny-small_1d-bs.512-ep.300,mot_tiny_1d,0.1,42,35,0.023208660251050155,1.0294879673315658,0.775865366226812,0.7703590393066406,0.9015586154140371,1.2467735830274185,0.7120458891013385,0.708382248878479,0.865774378585086
mot_tiny-small_1d-bs.512-ep.300,mot_tiny_1d,0.1,42,36,0.020610737385376346,1.0263665083102593,0.7766303308471983,0.7704674005508423,0.9034710269650029,1.245608231670314,0.7120458891013385,0.7078716158866882,0.864244741873805
mot_tiny-small_1d-bs.512-ep.300,mot_tiny_1d,0.1,42,37,0.01812880051256551,1.0233233957587933,0.7780646395104226,0.7727035284042358,0.9037578886976477,1.244059636715949,0.7128107074569789,0.7089329361915588,0.8615678776290631
mot_tiny-small_1d-bs.512-ep.300,mot_tiny_1d,0.1,42,38,0.015772644703565562,1.020115978928911,0.7800726716389367,0.7745761871337891,0.9029451137884873,1.2406611046873133,0.7154875717017208,0.7121330499649048,0.8619502868068833
mot_tiny-small_1d-bs.512-ep.300,mot_tiny_1d,0.1,42,39,0.013551568628929433,1.0161578154148985,0.7819372729011284,0.7763116955757141,0.9042838018741634,1.2343683800779384,0.7147227533460803,0.7119821310043335,0.8661567877629063
mot_tiny-small_1d-bs.512-ep.300,mot_tiny_1d,0.1,42,40,0.011474337861210542,1.0143474382614628,0.7806463951042264,0.7740851640701294,0.9039491298527443,1.2308678606956,0.7166347992351817,0.7132333517074585,0.8650095602294455
mot_tiny-small_1d-bs.512-ep.300,mot_tiny_1d,0.1,42,41,0.009549150281252632,1.0130294964677815,0.7823675655000957,0.7764216661453247,0.9055268693822911,1.2298395554376607,0.7147227533460803,0.711620032787323,0.8665391969407266
mot_tiny-small_1d-bs.512-ep.300,mot_tiny_1d,0.1,42,42,0.007783603724899257,1.0112266210416325,0.7829412889653854,0.7773634195327759,0.9049531459170014,1.2310346118350786,0.7154875717017208,0.7121021151542664,0.8650095602294455
mot_tiny-small_1d-bs.512-ep.300,mot_tiny_1d,0.1,42,43,0.0061846659978068205,1.0100093651146158,0.7821285140562249,0.7760887145996094,0.9052878179384204,1.2280676190757387,0.720076481835564,0.7162356376647949,0.8661567877629063
mot_tiny-small_1d-bs.512-ep.300,mot_tiny_1d,0.1,42,44,0.004758647376699033,1.0085970825163213,0.7834193918531268,0.7775382995605469,0.9049531459170014,1.2286858772000664,0.7170172084130019,0.7133480310440063,0.8673040152963671
mot_tiny-small_1d-bs.512-ep.300,mot_tiny_1d,0.1,42,45,0.0035111757055874327,1.0079412815971616,0.7840409256071906,0.7780491709709167,0.9049053356282272,1.2282310296199062,0.7196940726577438,0.7166265845298767,0.865774378585086
mot_tiny-small_1d-bs.512-ep.300,mot_tiny_1d,0.1,42,46,0.0024471741852423235,1.0076614623544868,0.7836106330082234,0.7776810526847839,0.9047619047619048,1.2269891713363035,0.7189292543021033,0.7154984474182129,0.865774378585086
mot_tiny-small_1d-bs.512-ep.300,mot_tiny_1d,0.1,42,47,0.0015708419435684518,1.0071610043850883,0.7842799770510613,0.7783194780349731,0.9051921973608721,1.2264230731796353,0.720076481835564,0.7163139581680298,0.8669216061185469
mot_tiny-small_1d-bs.512-ep.300,mot_tiny_1d,0.1,42,48,0.000885637463565564,1.007043232993474,0.7842799770510613,0.77850341796875,0.9052878179384204,1.2262769462045702,0.7196940726577438,0.7159099578857422,0.865774378585086
mot_tiny-small_1d-bs.512-ep.300,mot_tiny_1d,0.1,42,49,0.00039426493427611173,1.0069834661201074,0.7842799770510613,0.7784603238105774,0.9053356282271945,1.2262923056491246,0.7193116634799235,0.7157530188560486,0.8661567877629063
mot_tiny-small_1d-bs.512-ep.300,mot_tiny_1d,0.1,42,50,9.866357858642205e-05,1.006970370561312,0.7843277873398355,0.7785328030586243,0.9053356282271945,1.2262463965333898,0.7196940726577438,0.716065526008606,0.8661567877629063
mot_tiny-small_1d-bs.512-ep.300,mot_tiny_1d,0.3,42,1,0.3,2.211587154106101,0.5094664371772806,0.4958513677120209,0.7119430101357812,2.3616971951369803,0.4707456978967495,0.474116712808609,0.6875717017208413
mot_tiny-small_1d-bs.512-ep.300,mot_tiny_1d,0.3,42,2,0.29970400926424073,1.790351316882812,0.5817077835150124,0.5739704370498657,0.7787339835532606,1.9443332183429434,0.5541108986615679,0.5580193996429443,0.749904397705545
mot_tiny-small_1d-bs.512-ep.300,mot_tiny_1d,0.3,42,3,0.2988172051971717,1.6241576405778901,0.6172308280742016,0.6110220551490784,0.8009179575444636,1.7769825105685348,0.5782026768642448,0.5756893157958984,0.7778202676864244
mot_tiny-small_1d-bs.512-ep.300,mot_tiny_1d,0.3,42,4,0.29734308760930334,1.4452059791931164,0.6561005928475808,0.6480771899223328,0.8388315165423599,1.5883988374961722,0.6210325047801147,0.6105872988700867,0.8137667304015297
mot_tiny-small_1d-bs.512-ep.300,mot_tiny_1d,0.3,42,5,0.2952874741692947,1.376487232572286,0.6661885637789252,0.6567093729972839,0.8468636450564161,1.5685863691807704,0.6240917782026769,0.6203853487968445,0.8195028680688337
mot_tiny-small_1d-bs.512-ep.300,mot_tiny_1d,0.3,42,6,0.2926584774442731,1.4361000710314284,0.6545706636068082,0.6555270552635193,0.8343851596863645,1.6472179711890722,0.6179732313575526,0.6217629313468933,0.7965583173996176
mot_tiny-small_1d-bs.512-ep.300,mot_tiny_1d,0.3,42,7,0.28946647288323774,1.4255533688928776,0.6633677567412507,0.6597557067871094,0.8369669152801683,1.639177317281982,0.6210325047801147,0.6184070706367493,0.8068833652007649
mot_tiny-small_1d-bs.512-ep.300,mot_tiny_1d,0.3,42,8,0.28572405786990296,1.295254547934752,0.6855995410212278,0.6791067719459534,0.8598680436029834,1.5223141001013907,0.6447418738049713,0.6395990252494812,0.822944550669216
mot_tiny-small_1d-bs.512-ep.300,mot_tiny_1d,0.3,42,9,0.28144600200657954,1.2110799921473119,0.7123733027347485,0.7097131609916687,0.8692866704914898,1.4594553566343698,0.6585086042065009,0.6633896827697754,0.8260038240917782
mot_tiny-small_1d-bs.512-ep.300,mot_tiny_1d,0.3,42,10,0.27664918882530226,1.2197857070867408,0.6989864218779881,0.6887074112892151,0.8727290112832281,1.44630448467189,0.6443594646271511,0.6390002965927124,0.8374760994263862
mot_tiny-small_1d-bs.512-ep.300,mot_tiny_1d,0.3,42,11,0.27135254915624213,1.324845259676109,0.6775196022183974,0.6744725108146667,0.8550392044367948,1.5257307238606148,0.6393881453154876,0.6318070888519287,0.831357552581262
mot_tiny-small_1d-bs.512-ep.300,mot_tiny_1d,0.3,42,12,0.2655769864163684,1.2202110866853761,0.7022375215146299,0.697856605052948,0.8680914132721361,1.4691591660333636,0.6581261950286806,0.653299868106842,0.834416826003824
mot_tiny-small_1d-bs.512-ep.300,mot_tiny_1d,0.3,42,13,0.2593452941132117,1.1787967499502987,0.7102696500286861,0.7044997215270996,0.8747848537005164,1.4472744812245122,0.6554493307839389,0.6499326825141907,0.8401529636711281
mot_tiny-small_1d-bs.512-ep.300,mot_tiny_1d,0.3,42,14,0.2526820658893033,1.0653392133714592,0.7417288200420731,0.7371719479560852,0.8899885255306942,1.3295062617635636,0.6822179732313576,0.679898202419281,0.8497131931166348
mot_tiny-small_1d-bs.512-ep.300,mot_tiny_1d,0.3,42,15,0.24561359846230346,1.0765638034096137,0.7379039969401415,0.7370185852050781,0.8898929049531459,1.333692412804919,0.6906309751434034,0.6902635097503662,0.8573613766730401
mot_tiny-small_1d-bs.512-ep.300,mot_tiny_1d,0.3,42,16,0.23816778784387102,1.080885289663292,0.7335054503729203,0.7292595505714417,0.8851596863645056,1.370970220912255,0.6760994263862332,0.6744474768638611,0.847036328871893
mot_tiny-small_1d-bs.512-ep.300,mot_tiny_1d,0.3,42,17,0.2303740192468495,1.0822823379116822,0.7422547332185886,0.7350467443466187,0.8820998278829604,1.3752112452432257,0.6826003824091779,0.6791307330131531,0.84282982791587
mot_tiny-small_1d-bs.512-ep.300,mot_tiny_1d,0.3,42,18,0.22226305111525732,1.0204337197203643,0.7532032893478676,0.7472067475318909,0.8960604322050105,1.302784578750056,0.6837476099426386,0.6820100545883179,0.8539196940726578
mot_tiny-small_1d-bs.512-ep.300,mot_tiny_1d,0.3,42,19,0.21386689373476092,0.9998548653231089,0.7530598584815452,0.7503694295883179,0.9000286861732645,1.2682553905829872,0.6925430210325048,0.688994288444519,0.860038240917782
mot_tiny-small_1d-bs.512-ep.300,mot_tiny_1d,0.3,42,20,0.20521868290270173,0.9777096139014531,0.7641040351883726,0.7599750757217407,0.904188181296615,1.2808858050898886,0.6925430210325048,0.6925953030586243,0.8634799235181644
mot_tiny-small_1d-bs.512-ep.300,mot_tiny_1d,0.3,42,21,0.19635254915624212,0.9478221823275944,0.7714190093708166,0.7661756873130798,0.9068655574679672,1.25299882177641,0.6906309751434034,0.6881784796714783,0.8646271510516252
mot_tiny-small_1d-bs.512-ep.300,mot_tiny_1d,0.3,42,22,0.18730348307472822,0.9647535645818136,0.7674985656913368,0.7631778120994568,0.9009370816599732,1.2755018157667228,0.6975143403441683,0.698788583278656,0.8650095602294455
mot_tiny-small_1d-bs.512-ep.300,mot_tiny_1d,0.3,42,23,0.17810719718785872,0.9997769346837219,0.7506215337540639,0.7469026446342468,0.9016542359915853,1.282706662938426,0.6894837476099427,0.6854026317596436,0.8653919694072658
mot_tiny-small_1d-bs.512-ep.300,mot_tiny_1d,0.3,42,24,0.1687999850346457,0.9332132589340575,0.7737139032319755,0.7704343199729919,0.9083476764199656,1.252792718715923,0.7040152963671128,0.707068920135498,0.8680688336520076
mot_tiny-small_1d-bs.512-ep.300,mot_tiny_1d,0.3,42,25,0.15941857792939704,0.9117899127069452,0.7779212086441002,0.772449791431427,0.9115031554790591,1.235022818745892,0.6956022944550669,0.6953539848327637,0.8634799235181644
mot_tiny-small_1d-bs.512-ep.300,mot_tiny_1d,0.3,42,26,0.15000000000000002,0.9207151802896109,0.7767737617135207,0.7705397009849548,0.9091126410403518,1.2330465677819333,0.7047801147227534,0.7054731845855713,0.8665391969407266
mot_tiny-small_1d-bs.512-ep.300,mot_tiny_1d,0.3,42,27,0.140581422070603,0.9034526870181853,0.7804551539491299,0.7762191295623779,0.9093995027729967,1.2081632340615385,0.7066921606118547,0.7019004821777344,0.8711281070745698
mot_tiny-small_1d-bs.512-ep.300,mot_tiny_1d,0.3,42,28,0.13120001496535438,0.8951357035181859,0.7825588066551922,0.7773367166519165,0.9112641040351884,1.2025114916478699,0.707074569789675,0.7057130336761475,0.8722753346080306
mot_tiny-small_1d-bs.512-ep.300,mot_tiny_1d,0.3,42,29,0.12189280281214132,0.909441574966276,0.7803595333715816,0.7740557789802551,0.9099732262382865,1.2278823852539062,0.708604206500956,0.7053860425949097,0.8688336520076482
mot_tiny-small_1d-bs.512-ep.300,mot_tiny_1d,0.3,42,30,0.11269651692527179,0.8621143215950553,0.7926945878753108,0.7882176041603088,0.9169057181105373,1.1798288028053299,0.7154875717017208,0.7108369469642639,0.8764818355640536
mot_tiny-small_1d-bs.512-ep.300,mot_tiny_1d,0.3,42,31,0.10364745084375795,0.8670260678698215,0.7958022566456301,0.7912752628326416,0.9153757888697648,1.1886900586334286,0.7139579349904398,0.7132150530815125,0.8718929254302104
mot_tiny-small_1d-bs.512-ep.300,mot_tiny_1d,0.3,42,32,0.09478131709729837,0.8414812660691477,0.8042168674698795,0.7992968559265137,0.9196787148594378,1.164957680346633,0.720076481835564,0.7191666960716248,0.875717017208413
mot_tiny-small_1d-bs.512-ep.300,mot_tiny_1d,0.3,42,33,0.08613310626523911,0.8465074136850368,0.8044081086249761,0.80164635181427,0.917096959265634,1.1780661530066174,0.7189292543021033,0.7187840938568115,0.8726577437858508
mot_tiny-small_1d-bs.512-ep.300,mot_tiny_1d,0.3,42,34,0.0777369488847427,0.8453508294273868,0.8001529929240773,0.7950645685195923,0.9195830942818894,1.1619551824566055,0.720076481835564,0.7166435122489929,0.8783938814531549
mot_tiny-small_1d-bs.512-ep.300,mot_tiny_1d,0.3,42,35,0.06962598075315048,0.8386028774565687,0.8041690571811054,0.7999148368835449,0.9194874737043411,1.1642173781677596,0.7170172084130019,0.7156010270118713,0.8806883365200765
mot_tiny-small_1d-bs.512-ep.300,mot_tiny_1d,0.3,42,36,0.06183221215612905,0.8322608635516302,0.8032606616943966,0.7990907430648804,0.9209695926563396,1.1532071509279211,0.7216061185468451,0.716270387172699,0.8768642447418739
mot_tiny-small_1d-bs.512-ep.300,mot_tiny_1d,0.3,42,37,0.05438640153769654,0.8154706001099357,0.8118665136737426,0.8067983388900757,0.9219736087205966,1.1429423782611212,0.720076481835564,0.716107189655304,0.8818355640535372
mot_tiny-small_1d-bs.512-ep.300,mot_tiny_1d,0.3,42,38,0.047317934110696694,0.813652614718255,0.8131573914706445,0.8095903992652893,0.9236469688276917,1.1434401561379661,0.725812619502868,0.7231379151344299,0.8822179732313575
mot_tiny-small_1d-bs.512-ep.300,mot_tiny_1d,0.3,42,39,0.0406547058867883,0.8128211529721354,0.8133008223369669,0.8099021315574646,0.923407917383821,1.1351842716136809,0.7246653919694073,0.7225908637046814,0.8818355640535372
mot_tiny-small_1d-bs.512-ep.300,mot_tiny_1d,0.3,42,40,0.03442301358363163,0.8068327275442334,0.8161694396634156,0.8110589385032654,0.9239816408491107,1.1270888137087995,0.7254302103250478,0.7207897901535034,0.8822179732313575
mot_tiny-small_1d-bs.512-ep.300,mot_tiny_1d,0.3,42,41,0.0286474508437579,0.804651243596853,0.815308854465481,0.8106626272201538,0.9235991585389176,1.1249810009112093,0.7300191204588911,0.7260951399803162,0.8814531548757171
mot_tiny-small_1d-bs.512-ep.300,mot_tiny_1d,0.3,42,42,0.023350811174697773,0.8044362058145271,0.8175081277490917,0.813292384147644,0.9257028112449799,1.1284870592631528,0.7284894837476099,0.7247883081436157,0.8833652007648184
mot_tiny-small_1d-bs.512-ep.300,mot_tiny_1d,0.3,42,43,0.018553997993420463,0.8000710442317424,0.8165997322623829,0.8120574951171875,0.9255593803786575,1.1228035600417887,0.7296367112810708,0.7269971966743469,0.8822179732313575
mot_tiny-small_1d-bs.512-ep.300,mot_tiny_1d,0.3,42,44,0.014275942130097098,0.7967480502454153,0.8194205393000574,0.814852237701416,0.9244597437368521,1.1230170255409373,0.7296367112810708,0.7258132696151733,0.8833652007648184
mot_tiny-small_1d-bs.512-ep.300,mot_tiny_1d,0.3,42,45,0.010533527116762299,0.7940407541610243,0.8201376936316696,0.8160801529884338,0.9253681392235609,1.1184669421690143,0.7288718929254302,0.725868821144104,0.8841300191204589
mot_tiny-small_1d-bs.512-ep.300,mot_tiny_1d,0.3,42,46,0.00734152255572697,0.7945913029209472,0.8195161598776056,0.815287172794342,0.9255593803786575,1.1171470248220527,0.7304015296367112,0.7266452312469482,0.8822179732313575
mot_tiny-small_1d-bs.512-ep.300,mot_tiny_1d,0.3,42,47,0.004712525830705355,0.7923597367549859,0.8200420730541212,0.8155531287193298,0.9257028112449799,1.1153689236759456,0.7281070745697896,0.7241448760032654,0.8833652007648184
mot_tiny-small_1d-bs.512-ep.300,mot_tiny_1d,0.3,42,48,0.0026569123906966916,0.7918136012693234,0.8213807611397973,0.817057192325592,0.9257506215337541,1.1148026913119549,0.7319311663479924,0.7285510897636414,0.8848948374760994
mot_tiny-small_1d-bs.512-ep.300,mot_tiny_1d,0.3,42,49,0.001182794802828335,0.7916332612554711,0.8209026582520559,0.816608726978302,0.9262287244214955,1.1146096442899103,0.7307839388145315,0.7272764444351196,0.8848948374760994
mot_tiny-small_1d-bs.512-ep.300,mot_tiny_1d,0.3,42,50,0.0002959907357592661,0.7916054991012459,0.821285140562249,0.8169997334480286,0.9262287244214955,1.1145384400114275,0.7307839388145315,0.7274639010429382,0.8852772466539197
mot_tiny-small_1d-bs.512-ep.300,mot_tiny_1d,0.5,42,1,0.5,13.593251165410805,0.2664467393383056,0.2690320611000061,0.5083668005354752,14.063077021465702,0.25659655831739964,0.27264755964279175,0.4948374760994264
mot_tiny-small_1d-bs.512-ep.300,mot_tiny_1d,0.5,42,2,0.4995066821070679,3.0634020781466873,0.5396825396825397,0.5364691615104675,0.7292981449607956,3.359214712693632,0.5216061185468451,0.5216029286384583,0.7120458891013385
mot_tiny-small_1d-bs.512-ep.300,mot_tiny_1d,0.5,42,3,0.4980286753286195,2.042703240431616,0.5755402562631479,0.5653480291366577,0.7843277873398355,2.2754661501707583,0.5521988527724665,0.5483134984970093,0.7636711281070746
mot_tiny-small_1d-bs.512-ep.300,mot_tiny_1d,0.5,42,4,0.4955718126821722,2.4848061001854798,0.621342512908778,0.6157997250556946,0.8043124880474278,3.0547913297868368,0.5808795411089867,0.5760108828544617,0.7762906309751434
mot_tiny-small_1d-bs.512-ep.300,mot_tiny_1d,0.5,42,5,0.49214579028215777,1.8520020550399374,0.6187129470262,0.6093845963478088,0.8179384203480589,2.135187905422816,0.5831739961759083,0.5792997479438782,0.7934990439770554
mot_tiny-small_1d-bs.512-ep.300,mot_tiny_1d,0.5,42,6,0.4877641290737884,1.5547001675087628,0.6586823484413846,0.6537482738494873,0.840839548670874,1.788806057523359,0.6179732313575526,0.6144241094589233,0.8133843212237094
mot_tiny-small_1d-bs.512-ep.300,mot_tiny_1d,0.5,42,7,0.48244412147206284,1.7157968115136326,0.6476859820233314,0.6409704685211182,0.8248709122203098,2.0070728046716284,0.609942638623327,0.6047184467315674,0.7950286806883365
mot_tiny-small_1d-bs.512-ep.300,mot_tiny_1d,0.5,42,8,0.4762067631165049,1.5282578204781085,0.6629852744310576,0.6590827107429504,0.8438037865748709,1.8501685731497595,0.6317399617590822,0.6287262439727783,0.8087954110898662
mot_tiny-small_1d-bs.512-ep.300,mot_tiny_1d,0.5,42,9,0.46907667001096587,1.4668375964738325,0.6803882195448461,0.6761951446533203,0.8429432013769363,1.7851850958216942,0.6359464627151051,0.6368290781974792,0.8034416826003824
mot_tiny-small_1d-bs.512-ep.300,mot_tiny_1d,0.5,42,10,0.46108198137550377,1.4649352122730133,0.6755593803786575,0.6658229827880859,0.8454293363931918,1.7809402640873342,0.6233269598470363,0.6180882453918457,0.8164435946462715
mot_tiny-small_1d-bs.512-ep.300,mot_tiny_1d,0.5,42,11,0.45225424859373686,1.3210100437309482,0.6849301969783897,0.6817848086357117,0.8622107477529164,1.6247786308565741,0.6451242829827916,0.6407685875892639,0.8244741873804972
mot_tiny-small_1d-bs.512-ep.300,mot_tiny_1d,0.5,42,12,0.4426283106939473,1.3641325220548302,0.6890896921017403,0.6840022206306458,0.8601549053356282,1.7033214503446912,0.6374760994263863,0.631693959236145,0.827151051625239
mot_tiny-small_1d-bs.512-ep.300,mot_tiny_1d,0.5,42,13,0.4322421568553529,1.3880097423326583,0.6726429527634347,0.6701446771621704,0.8571906674316313,1.7568283635389281,0.6248565965583174,0.6221829056739807,0.8099426386233269
mot_tiny-small_1d-bs.512-ep.300,mot_tiny_1d,0.5,42,14,0.4211367764821722,1.0997481775639457,0.7314017976668579,0.7267698645591736,0.8891757506215338,1.4391107650377555,0.6780114722753346,0.6762158274650574,0.8462715105162524
mot_tiny-small_1d-bs.512-ep.300,mot_tiny_1d,0.5,42,15,0.40935599743717244,1.1186361686748856,0.7357047236565308,0.7294577956199646,0.8850640657869574,1.455642405522713,0.6768642447418738,0.6710242629051208,0.8535372848948375
mot_tiny-small_1d-bs.512-ep.300,mot_tiny_1d,0.5,42,16,0.39694631307311834,1.2380094632155856,0.7220787913558998,0.7155804634094238,0.8788487282463187,1.5932289225649423,0.6680688336520076,0.665330708026886,0.8413001912045889
mot_tiny-small_1d-bs.512-ep.300,mot_tiny_1d,0.5,42,17,0.38395669874474914,1.255553379959804,0.7173455727672595,0.7074422240257263,0.8715337540638746,1.6444348906011927,0.6581261950286806,0.6531830430030823,0.8286806883365201
mot_tiny-small_1d-bs.512-ep.300,mot_tiny_1d,0.5,42,18,0.3704384185254288,1.2039139695276058,0.7181105373876459,0.7128027081489563,0.876984126984127,1.5292576616626397,0.669980879541109,0.6613780856132507,0.8443594646271511
mot_tiny-small_1d-bs.512-ep.300,mot_tiny_1d,0.5,42,19,0.35644482289126816,1.0988203405444812,0.7358481545228533,0.7329773902893066,0.8910881621724995,1.4262922735560692,0.6841300191204589,0.6831158995628357,0.8527724665391969
mot_tiny-small_1d-bs.512-ep.300,mot_tiny_1d,0.5,42,20,0.34203113817116954,1.1040279952352192,0.7273857334098298,0.721549928188324,0.8928093325683687,1.5075653572155459,0.6619502868068834,0.659756600856781,0.8581261950286807
mot_tiny-small_1d-bs.512-ep.300,mot_tiny_1d,0.5,42,21,0.32725424859373686,1.0124816004508175,0.7545897877223179,0.7546596527099609,0.8997896347293938,1.3950887618055763,0.6795411089866157,0.6808613538742065,0.8527724665391969
mot_tiny-small_1d-bs.512-ep.300,mot_tiny_1d,0.5,42,22,0.31217247179121366,1.0566797816381786,0.7610919869956014,0.7565354108810425,0.8972556894243642,1.4412444907894097,0.692925430210325,0.6943080425262451,0.8596558317399617
mot_tiny-small_1d-bs.512-ep.300,mot_tiny_1d,0.5,42,23,0.2968453286464312,0.9622685475658563,0.7627653471026965,0.7572482824325562,0.9051921973608721,1.3327250683056922,0.6921606118546845,0.6889155507087708,0.8684512428298279
mot_tiny-small_1d-bs.512-ep.300,mot_tiny_1d,0.5,42,24,0.2813333083910761,0.9982452489240468,0.7555459934978007,0.7533508539199829,0.8995027729967489,1.4227969503311537,0.6806883365200764,0.6838675141334534,0.8520076481835565
mot_tiny-small_1d-bs.512-ep.300,mot_tiny_1d,0.5,42,25,0.26569762988232837,0.9794544209757323,0.7526295658825779,0.7466046214103699,0.9043794224517117,1.392577558995205,0.6852772466539196,0.6844581365585327,0.8596558317399617
mot_tiny-small_1d-bs.512-ep.300,mot_tiny_1d,0.5,42,26,0.25,0.9523604636120281,0.7663511187607573,0.759505033493042,0.9060527825588066,1.351063690769057,0.6856596558317399,0.6840800642967224,0.8653919694072658
mot_tiny-small_1d-bs.512-ep.300,mot_tiny_1d,0.5,42,27,0.23430237011767166,0.8426680597709091,0.791116848345764,0.7869220972061157,0.9167144769554408,1.2380438080709248,0.7135755258126195,0.709150493144989,0.8738049713193117
mot_tiny-small_1d-bs.512-ep.300,mot_tiny_1d,0.5,42,28,0.21866669160892396,0.8633432886207918,0.7883438515968636,0.7860251665115356,0.914467393383056,1.264753078365873,0.7051625239005737,0.7041563391685486,0.8745697896749522
mot_tiny-small_1d-bs.512-ep.300,mot_tiny_1d,0.5,42,29,0.20315467135356885,0.8736269400620875,0.7827500478102888,0.7769841551780701,0.9142761522279594,1.2630024284523258,0.7005736137667304,0.697446346282959,0.8684512428298279
mot_tiny-small_1d-bs.512-ep.300,mot_tiny_1d,0.5,42,30,0.1878275282087863,0.8081805122858435,0.8004876649454963,0.7950183749198914,0.9229776247848537,1.2156271144947175,0.7108986615678776,0.7078642249107361,0.877246653919694
mot_tiny-small_1d-bs.512-ep.300,mot_tiny_1d,0.5,42,31,0.17274575140626322,0.8208301647782303,0.7983840122394339,0.7932992577552795,0.9210174029451138,1.225890582287061,0.710133843212237,0.7104074358940125,0.874187380497132
mot_tiny-small_1d-bs.512-ep.300,mot_tiny_1d,0.5,42,32,0.15796886182883058,0.7834497640729748,0.81033658443297,0.8065783977508545,0.9255115700898834,1.1966052622457763,0.720076481835564,0.7193647027015686,0.875717017208413
mot_tiny-small_1d-bs.512-ep.300,mot_tiny_1d,0.5,42,33,0.14355517710873184,0.7897065794246788,0.8094281889462612,0.8070564270019531,0.923073245362402,1.2029173696018314,0.7189292543021033,0.7189841270446777,0.877246653919694
mot_tiny-small_1d-bs.512-ep.300,mot_tiny_1d,0.5,42,34,0.12956158147457114,0.8066904540726733,0.7998661311914324,0.7947115302085876,0.9243163128705297,1.2114534804743518,0.7193116634799235,0.7139019966125488,0.8822179732313575
mot_tiny-small_1d-bs.512-ep.300,mot_tiny_1d,0.5,42,35,0.11604330125525078,0.7908014298214878,0.8058424172882004,0.8018521666526794,0.9238860202715624,1.2053576737471339,0.7124282982791587,0.7107115983963013,0.8791586998087955
mot_tiny-small_1d-bs.512-ep.300,mot_tiny_1d,0.5,42,36,0.10305368692688174,0.7761603756830008,0.8089022757697456,0.8049461245536804,0.9241728820042073,1.183451386665067,0.7193116634799235,0.7157670855522156,0.8837476099426386
mot_tiny-small_1d-bs.512-ep.300,mot_tiny_1d,0.5,42,37,0.09064400256282756,0.7543894768125994,0.8181774717919297,0.812804102897644,0.9278064639510423,1.163496248671931,0.7196940726577438,0.7155574560165405,0.8868068833652007
mot_tiny-small_1d-bs.512-ep.300,mot_tiny_1d,0.5,42,38,0.07886322351782782,0.7560982526340364,0.8183209026582521,0.8153302669525146,0.9290017211703959,1.171146758974852,0.7212237093690248,0.7191006541252136,0.8795411089866156
mot_tiny-small_1d-bs.512-ep.300,mot_tiny_1d,0.5,42,39,0.06775784314464717,0.7491574850062336,0.8203289347867662,0.8175841569900513,0.9292885829030407,1.1546854504207809,0.7219885277246654,0.7202544212341309,0.8829827915869981
mot_tiny-small_1d-bs.512-ep.300,mot_tiny_1d,0.5,42,40,0.057371689306052714,0.7340786595215965,0.8266398929049531,0.8223378658294678,0.9312488047427806,1.137709490336606,0.722753346080306,0.7191560864448547,0.8864244741873805
mot_tiny-small_1d-bs.512-ep.300,mot_tiny_1d,0.5,42,41,0.047745751406263165,0.7314088376034831,0.8284566838783706,0.8242567181587219,0.9311053738764582,1.1347155146115597,0.7319311663479924,0.7285486459732056,0.8833652007648184
mot_tiny-small_1d-bs.512-ep.300,mot_tiny_1d,0.5,42,42,0.03891801862449629,0.7372341582779219,0.8256358768406962,0.8223360180854797,0.9322528208070376,1.1461382411861967,0.7281070745697896,0.7264031767845154,0.8845124282982791
mot_tiny-small_1d-bs.512-ep.300,mot_tiny_1d,0.5,42,43,0.030923329989034104,0.7242828155024418,0.8288391661885638,0.8252018094062805,0.933017785427424,1.1331677467827588,0.7284894837476099,0.7253909111022949,0.8879541108986616
mot_tiny-small_1d-bs.512-ep.300,mot_tiny_1d,0.5,42,44,0.02379323688349516,0.7199373427621035,0.8304169057181106,0.8262903690338135,0.9319181487856186,1.1319029011188455,0.7338432122370937,0.7311453223228455,0.887189292543021
mot_tiny-small_1d-bs.512-ep.300,mot_tiny_1d,0.5,42,45,0.017555878527937163,0.7153899369173238,0.8339070567986231,0.8305699825286865,0.9332568368712947,1.1228199858510473,0.7349904397705544,0.7315183281898499,0.8894837476099426
mot_tiny-small_1d-bs.512-ep.300,mot_tiny_1d,0.5,42,46,0.012235870926211617,0.7159544902268229,0.8336201950659782,0.8298140168190002,0.9331612162937464,1.121811654143762,0.7323135755258127,0.7284188270568848,0.8887189292543021
mot_tiny-small_1d-bs.512-ep.300,mot_tiny_1d,0.5,42,47,0.007854209717842259,0.7126372781076175,0.8349588831516542,0.830872654914856,0.9343564735131,1.1184971001590416,0.7334608030592734,0.7289644479751587,0.8906309751434034
mot_tiny-small_1d-bs.512-ep.300,mot_tiny_1d,0.5,42,48,0.00442818731782782,0.7115342969487698,0.8353413654618473,0.8315290808677673,0.934021801491681,1.1175855100496777,0.7346080305927343,0.7313603758811951,0.8894837476099426
mot_tiny-small_1d-bs.512-ep.300,mot_tiny_1d,0.5,42,49,0.0019713246713805588,0.7111346858891457,0.8359150889271372,0.8320549726486206,0.9343564735131,1.1168210469058093,0.735755258126195,0.7319607734680176,0.8891013384321224
mot_tiny-small_1d-bs.512-ep.300,mot_tiny_1d,0.5,42,50,0.0004933178929321103,0.7110817918906956,0.8358194683495889,0.8319491744041443,0.9343086632243259,1.1167407252820454,0.735755258126195,0.732177197933197,0.8887189292543021
mot_tiny-small_1d-bs.512-ep.300,mot_tiny_1d,0.7,42,1,0.7,31.716389450157866,0.30326066169439664,0.2999212145805359,0.48551348250143433,35.634686454349904,0.30019120458891013,0.2975535988807678,0.487189292543021
mot_tiny-small_1d-bs.512-ep.300,mot_tiny_1d,0.7,42,2,0.699309354949895,4.526358023909953,0.5020558424172882,0.49780359864234924,0.7047714668196596,4.912302239675139,0.4837476099426386,0.4867743253707886,0.6783938814531548
mot_tiny-small_1d-bs.512-ep.300,mot_tiny_1d,0.7,42,3,0.6972401454600672,3.336367778008425,0.5427902084528591,0.538067638874054,0.7713233887932683,3.768520791398408,0.5162523900573613,0.5047850608825684,0.7441682600382409
mot_tiny-small_1d-bs.512-ep.300,mot_tiny_1d,0.7,42,4,0.6938005377550409,2.6102555570969006,0.6203863071332951,0.6176536083221436,0.7943679479824058,2.833582108973545,0.5850860420650096,0.5822458863258362,0.7648183556405354
mot_tiny-small_1d-bs.512-ep.300,mot_tiny_1d,0.7,42,5,0.6890041063950206,3.6899891647423493,0.5754924459743737,0.5664983987808228,0.7685982023331421,4.130925469188799,0.5441682600382409,0.5410730838775635,0.7437858508604207
mot_tiny-small_1d-bs.512-ep.300,mot_tiny_1d,0.7,42,6,0.6828697807033035,2.5119470153855286,0.6203384968445209,0.6128750443458557,0.8057467967106521,2.877231278428612,0.5835564053537284,0.576653003692627,0.7831739961759082
mot_tiny-small_1d-bs.512-ep.300,mot_tiny_1d,0.7,42,7,0.6754217700608878,1.847306230187211,0.6472556894243642,0.6398841738700867,0.8374928284566838,2.225546833570783,0.6152963671128107,0.6114063858985901,0.8
mot_tiny-small_1d-bs.512-ep.300,mot_tiny_1d,0.7,42,8,0.6666894683631067,1.9887092504247832,0.6427137119908204,0.6385151743888855,0.8248709122203098,2.41108809228609,0.5862332695984703,0.5830274820327759,0.7908221797323136
mot_tiny-small_1d-bs.512-ep.300,mot_tiny_1d,0.7,42,9,0.6567073380153521,1.7640842671922343,0.667431631287053,0.6611425876617432,0.8357716580608147,2.1753391915024123,0.6183556405353728,0.6152047514915466,0.8034416826003824
mot_tiny-small_1d-bs.512-ep.300,mot_tiny_1d,0.7,42,10,0.6455147739257051,1.7574625075444776,0.6607860011474469,0.6522128582000732,0.845811818703385,2.1481730590586907,0.6179732313575526,0.6136026978492737,0.8091778202676865
mot_tiny-small_1d-bs.512-ep.300,mot_tiny_1d,0.7,42,11,0.6331559480312314,1.9907388575880904,0.6586345381526104,0.6572641730308533,0.8434691145534519,2.3563742468051654,0.6267686424474187,0.6217348575592041,0.8160611854684512
mot_tiny-small_1d-bs.512-ep.300,mot_tiny_1d,0.7,42,12,0.619679634971526,1.6724434106841009,0.6798623063683304,0.6806889176368713,0.8528399311531841,2.1730433330937053,0.6275334608030593,0.6281788349151611,0.8160611854684512
mot_tiny-small_1d-bs.512-ep.300,mot_tiny_1d,0.7,42,13,0.6051390195974938,1.7680874242908435,0.6480684643335246,0.643745481967926,0.8440906483075158,2.254251655884956,0.6042065009560229,0.6013177037239075,0.7977055449330784
mot_tiny-small_1d-bs.512-ep.300,mot_tiny_1d,0.7,42,14,0.5895914870750408,1.3517202259500707,0.7049627079747561,0.7006857395172119,0.8804742780646395,1.786297172706852,0.6573613766730402,0.6540424823760986,0.8416826003824092
mot_tiny-small_1d-bs.512-ep.300,mot_tiny_1d,0.7,42,15,0.5730983964120412,1.3979446143396363,0.7143335245744884,0.7051294445991516,0.871342512908778,1.864483916827871,0.654302103250478,0.6477731466293335,0.837093690248566
mot_tiny-small_1d-bs.512-ep.300,mot_tiny_1d,0.7,42,16,0.5557248383023655,1.5218227623206158,0.7114649072480398,0.7080399990081787,0.8725377701281316,1.950566710842271,0.6596558317399618,0.6565614342689514,0.8355640535372849
mot_tiny-small_1d-bs.512-ep.300,mot_tiny_1d,0.7,42,17,0.5375393782426486,1.5189964475356317,0.7160546949703577,0.7073889970779419,0.866370242876267,2.0431093292528084,0.6531548757170172,0.6521502733230591,0.8206500956022944
mot_tiny-small_1d-bs.512-ep.300,mot_tiny_1d,0.7,42,18,0.5186137859356001,1.3153437143713549,0.7224612736660929,0.7153980731964111,0.8768406961178046,1.7490953653310042,0.6680688336520076,0.6618220806121826,0.8390057361376673
mot_tiny-small_1d-bs.512-ep.300,mot_tiny_1d,0.7,42,19,0.49902275204777524,1.2284085767450148,0.729106903805699,0.7253450155258179,0.8867374258940524,1.6456451401427872,0.6760994263862332,0.6746975183486938,0.8546845124282982
mot_tiny-small_1d-bs.512-ep.300,mot_tiny_1d,0.7,42,20,0.47884359343963717,1.2675082631128471,0.7147160068846816,0.7069340348243713,0.8845859628992159,1.770333592431267,0.6512428298279158,0.6502018570899963,0.8489483747609943
mot_tiny-small_1d-bs.512-ep.300,mot_tiny_1d,0.7,42,21,0.45815594803123144,1.1070578872963721,0.7437368521705872,0.7472862005233765,0.8970644482692676,1.5858695823421443,0.6653919694072657,0.6708174347877502,0.8516252390057362
mot_tiny-small_1d-bs.512-ep.300,mot_tiny_1d,0.7,42,22,0.437041460507699,1.2594802595274606,0.7410116657104608,0.7353857159614563,0.8922834193918531,1.7675996696515932,0.6638623326959847,0.6638103723526001,0.8565965583173997
mot_tiny-small_1d-bs.512-ep.300,mot_tiny_1d,0.7,42,23,0.4155834601050035,1.0806434603625625,0.7503824823101931,0.7459394335746765,0.9006980302161025,1.5515128958065696,0.6726577437858509,0.6694084405899048,0.8615678776290631
mot_tiny-small_1d-bs.512-ep.300,mot_tiny_1d,0.7,42,24,0.3938666317475064,1.0705405886575856,0.7529164276152228,0.7510688304901123,0.9008414610824249,1.6075109069707516,0.6764818355640535,0.6812705993652344,0.8497131931166348
mot_tiny-small_1d-bs.512-ep.300,mot_tiny_1d,0.7,42,25,0.37197668183525956,1.017140530928938,0.7547810288774144,0.7478781938552856,0.9061962134251291,1.524148871748215,0.6787762906309751,0.6769734025001526,0.8638623326959847
mot_tiny-small_1d-bs.512-ep.300,mot_tiny_1d,0.7,42,26,0.34999999999999987,1.0051651869113825,0.7578886976477338,0.7513105869293213,0.9091126410403518,1.5103385473072644,0.6783938814531548,0.6770907640457153,0.8623326959847036
mot_tiny-small_1d-bs.512-ep.300,mot_tiny_1d,0.7,42,27,0.3280233181647402,0.8599193776900874,0.7924555364314401,0.7885777354240417,0.9186746987951807,1.3601570063749646,0.7128107074569789,0.7096285820007324,0.8734225621414914
mot_tiny-small_1d-bs.512-ep.300,mot_tiny_1d,0.7,42,28,0.3061333682524934,0.9007091730132024,0.7779690189328744,0.7766462564468384,0.9151845477146682,1.4058037912868404,0.7055449330783938,0.7023230791091919,0.8730401529636711
mot_tiny-small_1d-bs.512-ep.300,mot_tiny_1d,0.7,42,29,0.28441653989499627,0.9234283611044461,0.7772040543124881,0.7727734446525574,0.9108816217249952,1.4106942929911568,0.6982791586998088,0.694811224937439,0.8646271510516252
mot_tiny-small_1d-bs.512-ep.300,mot_tiny_1d,0.7,42,30,0.2629585394923007,0.8504073570143494,0.7900172117039587,0.7848138213157654,0.9216389366991776,1.367374332639501,0.6940726577437859,0.6946558356285095,0.8711281070745698
mot_tiny-small_1d-bs.512-ep.300,mot_tiny_1d,0.7,42,31,0.2418440519687684,0.8581578127397226,0.7884394721744119,0.7832391262054443,0.917766303308472,1.3571975839297585,0.7047801147227534,0.7041661143302917,0.8738049713193117
mot_tiny-small_1d-bs.512-ep.300,mot_tiny_1d,0.7,42,32,0.2211564065603627,0.782729832066886,0.8082329317269076,0.8050450086593628,0.9251290877796902,1.3040173605340846,0.718546845124283,0.720172643661499,0.8738049713193117
mot_tiny-small_1d-bs.512-ep.300,mot_tiny_1d,0.7,42,33,0.20097724795222446,0.7780867419933174,0.8121533754063874,0.8092499375343323,0.9244597437368521,1.2856129983643045,0.7181644359464627,0.7160040140151978,0.8795411089866156
mot_tiny-small_1d-bs.512-ep.300,mot_tiny_1d,0.7,42,34,0.1813862140643995,0.7993439885757921,0.8019219736087206,0.7964813113212585,0.9260852935551731,1.3115206716621355,0.7131931166347992,0.7091627717018127,0.877246653919694
mot_tiny-small_1d-bs.512-ep.300,mot_tiny_1d,0.7,42,35,0.16246062175735101,0.772797431332998,0.8079460699942628,0.8043120503425598,0.9279977051061389,1.2894978320849328,0.7120458891013385,0.7115743160247803,0.8810707456978968
mot_tiny-small_1d-bs.512-ep.300,mot_tiny_1d,0.7,42,36,0.14427516169763435,0.7871945261339722,0.8042646777586536,0.8008518815040588,0.9255115700898834,1.2978541007689264,0.7105162523900573,0.7076185345649719,0.877246653919694
mot_tiny-small_1d-bs.512-ep.300,mot_tiny_1d,0.7,42,37,0.12690160358795852,0.739098888848794,0.8184643335245745,0.8131558895111084,0.9304838401223944,1.2494742253086535,0.7166347992351817,0.713539183139801,0.8848948374760994
mot_tiny-small_1d-bs.512-ep.300,mot_tiny_1d,0.7,42,38,0.11040851292495889,0.7398387741509075,0.8184643335245745,0.8155525326728821,0.9312009944540065,1.2555834710028158,0.7162523900573614,0.7131372094154358,0.8833652007648184
mot_tiny-small_1d-bs.512-ep.300,mot_tiny_1d,0.7,42,39,0.09486098040250598,0.7266207292125977,0.8222413463377318,0.8195498585700989,0.9327309236947792,1.2305091609918364,0.7189292543021033,0.7170108556747437,0.8879541108986616
mot_tiny-small_1d-bs.512-ep.300,mot_tiny_1d,0.7,42,40,0.08032036502847376,0.7056390341391958,0.831229680627271,0.8272541761398315,0.9340696117804551,1.2069685430873192,0.722753346080306,0.7193413376808167,0.8860420650095602
mot_tiny-small_1d-bs.512-ep.300,mot_tiny_1d,0.7,42,41,0.06684405196876839,0.7000456780998856,0.8329508510231401,0.8292500376701355,0.934691145534519,1.198792790546016,0.7296367112810708,0.7263630628585815,0.8879541108986616
mot_tiny-small_1d-bs.512-ep.300,mot_tiny_1d,0.7,42,42,0.05448522607429477,0.7084939018857938,0.8292694587875311,0.8263567090034485,0.9352170587110347,1.217102288561615,0.724282982791587,0.7229883074760437,0.8814531548757171
mot_tiny-small_1d-bs.512-ep.300,mot_tiny_1d,0.7,42,43,0.04329266198464772,0.6906231082997237,0.8334289539108817,0.8298925161361694,0.9366513673742589,1.202081519103187,0.7281070745697896,0.7263415455818176,0.8883365200764818
mot_tiny-small_1d-bs.512-ep.300,mot_tiny_1d,0.7,42,44,0.03331053163689321,0.6842315799306788,0.8371103461464907,0.8331234455108643,0.9354082998661312,1.1965089422339008,0.7307839388145315,0.7274467349052429,0.8879541108986616
mot_tiny-small_1d-bs.512-ep.300,mot_tiny_1d,0.7,42,45,0.024578229939112014,0.6787760166074104,0.8394530502964238,0.8363158702850342,0.9368426085293555,1.1845195514978004,0.735755258126195,0.732393205165863,0.8894837476099426
mot_tiny-small_1d-bs.512-ep.300,mot_tiny_1d,0.7,42,46,0.017130219296696253,0.6787588490106609,0.8376840696117804,0.8341333270072937,0.9367947982405814,1.18297342479115,0.7334608030592734,0.7303058505058289,0.8910133843212237
mot_tiny-small_1d-bs.512-ep.300,mot_tiny_1d,0.7,42,47,0.010995893604979155,0.6743319015882284,0.8409351692484223,0.8369925022125244,0.9378944348823867,1.1777065838728078,0.7338432122370937,0.7299387454986572,0.8906309751434034
mot_tiny-small_1d-bs.512-ep.300,mot_tiny_1d,0.7,42,48,0.006199462244958943,0.6726386392520066,0.8418913750239051,0.8383094668388367,0.9370338496844521,1.1767552260914906,0.7361376673040153,0.7326072454452515,0.8887189292543021
mot_tiny-small_1d-bs.512-ep.300,mot_tiny_1d,0.7,42,49,0.0027598545399327803,0.6720278291817171,0.8420348058902276,0.8384266495704651,0.9371772805507745,1.1753857497731313,0.7361376673040153,0.7326037883758545,0.8891013384321224
mot_tiny-small_1d-bs.512-ep.300,mot_tiny_1d,0.7,42,50,0.0006906450501049539,0.6719361976584141,0.8424650984891949,0.8388000726699829,0.9372729011283228,1.1753023545099262,0.7349904397705544,0.7314862012863159,0.8894837476099426
mot_tiny-small_1d-bs.512-ep.300,mot_tiny_1d,1.0,42,1,1.0,50.27143792309071,0.21069994262765346,0.1978389024734497,0.40313635494358385,49.154960956172324,0.21032504780114722,0.1981590837240219,0.3873804971319312
mot_tiny-small_1d-bs.512-ep.300,mot_tiny_1d,1.0,42,2,0.9990133642141358,8.337378515935487,0.45558424172882006,0.4453066885471344,0.6973130617708931,9.410801962274439,0.43250478011472276,0.4386659264564514,0.669980879541109
mot_tiny-small_1d-bs.512-ep.300,mot_tiny_1d,1.0,42,3,0.996057350657239,5.782258689414933,0.5524000764964621,0.5443662405014038,0.7569803021610251,6.2751393188709965,0.5246653919694073,0.5201579928398132,0.7365200764818356
mot_tiny-small_1d-bs.512-ep.300,mot_tiny_1d,1.0,42,4,0.9911436253643444,5.7896186148694015,0.5796519410977242,0.5732688307762146,0.7590361445783133,6.262441929075048,0.5499043977055449,0.5433438420295715,0.7388145315487572
mot_tiny-small_1d-bs.512-ep.300,mot_tiny_1d,1.0,42,5,0.9842915805643155,4.023681348814155,0.5818034040925607,0.5739200115203857,0.7829890992541595,4.607898159282385,0.5506692160611855,0.5420575141906738,0.7537284894837476
mot_tiny-small_1d-bs.512-ep.300,mot_tiny_1d,1.0,42,6,0.9755282581475768,2.7950880295415526,0.6123063683304647,0.6088758111000061,0.81033658443297,3.257991847663719,0.5835564053537284,0.5761130452156067,0.7904397705544933
mot_tiny-small_1d-bs.512-ep.300,mot_tiny_1d,1.0,42,7,0.9648882429441257,3.561537827057509,0.6031746031746031,0.5954012870788574,0.800392044367948,4.313784868812926,0.5564053537284895,0.5568239688873291,0.7652007648183556
mot_tiny-small_1d-bs.512-ep.300,mot_tiny_1d,1.0,42,8,0.9524135262330098,3.484722182681853,0.6363071332950851,0.6303269863128662,0.8076592082616179,4.310993925426476,0.6003824091778203,0.5951282978057861,0.7743785850860421
mot_tiny-small_1d-bs.512-ep.300,mot_tiny_1d,1.0,42,9,0.9381533400219317,2.314404727441901,0.6547140944731307,0.6471394896507263,0.8431344425320328,2.8909381757046937,0.605736137667304,0.6042736768722534,0.804206500956023
mot_tiny-small_1d-bs.512-ep.300,mot_tiny_1d,1.0,42,10,0.9221639627510075,2.635209637815352,0.6349206349206349,0.6259767413139343,0.8313731114935934,3.197619235036934,0.5961759082217973,0.5917981863021851,0.8
mot_tiny-small_1d-bs.512-ep.300,mot_tiny_1d,1.0,42,11,0.9045084971874737,2.623958513781864,0.6590648307515777,0.6580919027328491,0.8294606999426276,3.1714075879886545,0.6290630975143403,0.6252449154853821,0.7961759082217973
mot_tiny-small_1d-bs.512-ep.300,mot_tiny_1d,1.0,42,12,0.8852566213878946,3.049567054986361,0.662459361254542,0.6599569916725159,0.8386880856760375,3.5523631692160613,0.6084130019120458,0.6071171760559082,0.8084130019120459
mot_tiny-small_1d-bs.512-ep.300,mot_tiny_1d,1.0,42,13,0.8644843137107058,3.4999100558729057,0.5807037674507554,0.5784844756126404,0.8186555746796711,4.092267029508806,0.5552581261950287,0.5490389466285706,0.7827915869980879
mot_tiny-small_1d-bs.512-ep.300,mot_tiny_1d,1.0,42,14,0.8422735529643444,2.200638315285066,0.6623637406769937,0.6581131219863892,0.8519793459552496,2.75910513533233,0.6183556405353728,0.6117706298828125,0.8221797323135756
mot_tiny-small_1d-bs.512-ep.300,mot_tiny_1d,1.0,42,15,0.8187119948743449,2.1703046525862915,0.6605947599923504,0.6549514532089233,0.852457448842991,2.7995335828733716,0.613001912045889,0.6108275055885315,0.8198852772466539
mot_tiny-small_1d-bs.512-ep.300,mot_tiny_1d,1.0,42,16,0.7938926261462367,2.077631493147301,0.6953050296423791,0.6887045502662659,0.8657487091222031,2.6879360804366335,0.6447418738049713,0.639488935470581,0.8309751434034417
mot_tiny-small_1d-bs.512-ep.300,mot_tiny_1d,1.0,42,17,0.7679133974894983,1.5296098300936027,0.7293459552495697,0.7238136529922485,0.8837731879900554,2.2915263072026617,0.6504780114722754,0.6544473171234131,0.8378585086042065
mot_tiny-small_1d-bs.512-ep.300,mot_tiny_1d,1.0,42,18,0.7408768370508576,2.3628230911068124,0.6875119525721936,0.6860018372535706,0.8417479441575827,2.948712222389236,0.6282982791586998,0.6280167102813721,0.8076481835564053
mot_tiny-small_1d-bs.512-ep.300,mot_tiny_1d,1.0,42,19,0.7128896457825363,1.585806295278538,0.7146681965959074,0.7107481360435486,0.8844425320328935,2.167823272179919,0.6638623326959847,0.6602876782417297,0.847036328871893
mot_tiny-small_1d-bs.512-ep.300,mot_tiny_1d,1.0,42,20,0.6840622763423391,1.8703653014944124,0.6995123350545037,0.6893425583839417,0.8697647733792312,2.5387855340144374,0.6409177820267686,0.6348227262496948,0.8321223709369024
mot_tiny-small_1d-bs.512-ep.300,mot_tiny_1d,1.0,42,21,0.6545084971874737,1.500166462949139,0.7200229489386116,0.7236303091049194,0.887932683113406,2.158563585445484,0.6523900573613767,0.6558653116226196,0.8405353728489484
mot_tiny-small_1d-bs.512-ep.300,mot_tiny_1d,1.0,42,22,0.6243449435824273,1.7963350198993402,0.7199751386498374,0.717557966709137,0.8742111302352267,2.570283476207726,0.6397705544933079,0.6440317034721375,0.837093690248566
mot_tiny-small_1d-bs.512-ep.300,mot_tiny_1d,1.0,42,23,0.5936906572928624,1.2795448157317233,0.7462229871868427,0.7401171326637268,0.8995027729967489,1.926243795537128,0.6768642447418738,0.675829291343689,0.8581261950286807
mot_tiny-small_1d-bs.512-ep.300,mot_tiny_1d,1.0,42,24,0.5626666167821522,1.2738737247486738,0.7415853891757507,0.7400025129318237,0.9023235800344234,2.0020319251211833,0.6653919694072657,0.6697332262992859,0.8546845124282982
mot_tiny-small_1d-bs.512-ep.300,mot_tiny_1d,1.0,42,25,0.5313952597646567,1.231617816298385,0.7462707974756168,0.7393768429756165,0.9032319755211321,1.9332823890117112,0.6688336520076482,0.6680030822753906,0.8627151051625239
mot_tiny-small_1d-bs.512-ep.300,mot_tiny_1d,1.0,42,26,0.5,1.183909047240394,0.7545419774335437,0.7477661967277527,0.9076783323771276,1.862441596474292,0.6803059273422563,0.6810921430587769,0.8604206500956023
mot_tiny-small_1d-bs.512-ep.300,mot_tiny_1d,1.0,42,27,0.4686047402353433,1.0683155054342999,0.7721361637024288,0.7688882350921631,0.9128418435647351,1.7606997743391397,0.6975143403441683,0.6958027482032776,0.8627151051625239
mot_tiny-small_1d-bs.512-ep.300,mot_tiny_1d,1.0,42,28,0.4373333832178479,1.053507489167748,0.7713711990820424,0.7707805037498474,0.9107860011474469,1.7584434873971155,0.7013384321223709,0.7012823224067688,0.8661567877629063
mot_tiny-small_1d-bs.512-ep.300,mot_tiny_1d,1.0,42,29,0.4063093427071377,1.0729468503037565,0.7697456492637216,0.7655089497566223,0.907487091222031,1.7382980084100144,0.6891013384321224,0.6872079968452454,0.8588910133843213
mot_tiny-small_1d-bs.512-ep.300,mot_tiny_1d,1.0,42,30,0.3756550564175726,1.0033481803627036,0.7763912794033276,0.7708808779716492,0.9192484222604704,1.713306212561992,0.6826003824091779,0.6843882203102112,0.8707456978967495
mot_tiny-small_1d-bs.512-ep.300,mot_tiny_1d,1.0,42,31,0.34549150281252644,0.9611959397211475,0.7885829030407344,0.7843438982963562,0.9178141135972461,1.6313850417419784,0.7043977055449331,0.7025021314620972,0.8669216061185469
mot_tiny-small_1d-bs.512-ep.300,mot_tiny_1d,1.0,42,32,0.31593772365766115,0.870169075845327,0.8027347485178811,0.7989575266838074,0.9237903996940141,1.58612310580952,0.710133843212237,0.7120479345321655,0.8673040152963671
mot_tiny-small_1d-bs.512-ep.300,mot_tiny_1d,1.0,42,33,0.28711035421746367,0.86877685250687,0.8046949703576209,0.8011005520820618,0.9222126601644673,1.5550701484169605,0.708604206500956,0.7075779438018799,0.875717017208413
mot_tiny-small_1d-bs.512-ep.300,mot_tiny_1d,1.0,42,34,0.2591231629491423,0.8602142569256869,0.8059858481545229,0.8001916408538818,0.9266112067316886,1.5572873190301781,0.7112810707456979,0.710101306438446,0.877246653919694
mot_tiny-small_1d-bs.512-ep.300,mot_tiny_1d,1.0,42,35,0.23208660251050156,0.8119117009477876,0.8094281889462612,0.8057029247283936,0.9304360298336202,1.5203480955747528,0.7108986615678776,0.7116711139678955,0.8829827915869981
mot_tiny-small_1d-bs.512-ep.300,mot_tiny_1d,1.0,42,36,0.2061073738537635,0.8768903665183311,0.7993402180149168,0.797302782535553,0.924411933448078,1.5761847180572568,0.7024856596558318,0.7024498581886292,0.8711281070745698
mot_tiny-small_1d-bs.512-ep.300,mot_tiny_1d,1.0,42,37,0.18128800512565513,0.7814284985050414,0.8194683495888315,0.8143142461776733,0.9315834767641996,1.4849074383766656,0.720076481835564,0.7169347405433655,0.8814531548757171
mot_tiny-small_1d-bs.512-ep.300,mot_tiny_1d,1.0,42,38,0.15772644703565564,0.769765091890768,0.8201855039204436,0.8172184228897095,0.9321572002294893,1.471516869218582,0.7170172084130019,0.7159391045570374,0.8818355640535372
mot_tiny-small_1d-bs.512-ep.300,mot_tiny_1d,1.0,42,39,0.13551568628929433,0.7630389451205468,0.820615796519411,0.8173011541366577,0.933352457448843,1.4492143809681413,0.7170172084130019,0.7150813341140747,0.8848948374760994
mot_tiny-small_1d-bs.512-ep.300,mot_tiny_1d,1.0,42,40,0.11474337861210543,0.7319556238273289,0.8303690954293363,0.8267479538917542,0.9358864027538726,1.4181430284197427,0.7216061185468451,0.7185766696929932,0.8814531548757171
mot_tiny-small_1d-bs.512-ep.300,mot_tiny_1d,1.0,42,41,0.09549150281252633,0.7157304478913609,0.8353413654618473,0.8323497176170349,0.9370816599732262,1.3943148684091367,0.7265774378585086,0.7244406342506409,0.8887189292543021
mot_tiny-small_1d-bs.512-ep.300,mot_tiny_1d,1.0,42,42,0.07783603724899257,0.7273302437539173,0.8302256645630139,0.8273701667785645,0.9365557467967106,1.423053865450974,0.7216061185468451,0.7202802300453186,0.8803059273422562
mot_tiny-small_1d-bs.512-ep.300,mot_tiny_1d,1.0,42,43,0.06184665997806821,0.7048762011970291,0.8360107095046854,0.8327205181121826,0.9373685217058711,1.407701338408782,0.7208413001912046,0.7195945978164673,0.8864244741873805
mot_tiny-small_1d-bs.512-ep.300,mot_tiny_1d,1.0,42,44,0.04758647376699032,0.6927853823392062,0.8393574297188755,0.835402250289917,0.9380856760374833,1.3920009182698412,0.724282982791587,0.7222139835357666,0.887189292543021
mot_tiny-small_1d-bs.512-ep.300,mot_tiny_1d,1.0,42,45,0.035111757055874326,0.6862278987718918,0.84217823675655,0.8394408226013184,0.9388506406578696,1.3774594629699823,0.7292543021032505,0.7264796495437622,0.8898661567877629
mot_tiny-small_1d-bs.512-ep.300,mot_tiny_1d,1.0,42,46,0.024471741852423234,0.684499161720823,0.8422260470453241,0.839012861251831,0.9380856760374833,1.3744335925829798,0.7292543021032505,0.726752519607544,0.8894837476099426
mot_tiny-small_1d-bs.512-ep.300,mot_tiny_1d,1.0,42,47,0.015708419435684517,0.6785719731634172,0.8445687511952572,0.841050922870636,0.9401893287435457,1.3657104215020204,0.7307839388145315,0.7278298139572144,0.8902485659655832
mot_tiny-small_1d-bs.512-ep.300,mot_tiny_1d,1.0,42,48,0.00885637463565564,0.675900638023693,0.8454293363931918,0.8424696326255798,0.9397112258558041,1.3649260526405467,0.7300191204588911,0.727152407169342,0.887189292543021
mot_tiny-small_1d-bs.512-ep.300,mot_tiny_1d,1.0,42,49,0.0039426493427611176,0.6750323864077263,0.8451424746605469,0.8418899774551392,0.9392809332568369,1.3626856627017545,0.7304015296367112,0.7274891138076782,0.8879541108986616
mot_tiny-small_1d-bs.512-ep.300,mot_tiny_1d,1.0,42,50,0.0009866357858642205,0.6748606456946998,0.8451902849493211,0.8419123291969299,0.93966341556703,1.36261328702675,0.7300191204588911,0.7267487049102783,0.8879541108986616
mot_tiny_1d-bs.512-ep.300,mot_tiny_1d,0.1,42,1,0.1,1.6848200354664566,0.6735035379613693,0.6608031988143921,0.840504876649455,1.7588991781493675,0.648565965583174,0.6375688314437866,0.8198852772466539
mot_tiny_1d-bs.512-ep.300,mot_tiny_1d,0.1,42,2,0.09990133642141358,1.2926381071568174,0.7549244597437369,0.7469497919082642,0.8854465480971505,1.390608035902676,0.7269598470363289,0.7201927304267883,0.8688336520076482
mot_tiny_1d-bs.512-ep.300,mot_tiny_1d,0.1,42,3,0.0996057350657239,1.129293740513813,0.7778255880665519,0.7699695825576782,0.9003633581946835,1.2593694333136651,0.7407265774378585,0.7345542311668396,0.8787762906309752
mot_tiny_1d-bs.512-ep.300,mot_tiny_1d,0.1,42,4,0.09911436253643444,1.0166721194441082,0.8067508127749091,0.8000156283378601,0.9135589978963473,1.159762647639725,0.7598470363288718,0.7558141946792603,0.8868068833652007
mot_tiny_1d-bs.512-ep.300,mot_tiny_1d,0.1,42,5,0.09842915805643154,0.9468413863817668,0.8171256454388984,0.811958909034729,0.91843564735131,1.102532375474277,0.7667304015296367,0.7617497444152832,0.8975143403441682
mot_tiny_1d-bs.512-ep.300,mot_tiny_1d,0.1,42,6,0.09755282581475767,0.9018229395008652,0.8238668961560528,0.8190786838531494,0.9203002486135016,1.066840206459877,0.7797323135755259,0.7775854468345642,0.8967495219885278
mot_tiny_1d-bs.512-ep.300,mot_tiny_1d,0.1,42,7,0.09648882429441256,0.8519054319097563,0.8331899024670109,0.8272688984870911,0.9258940524000765,1.0303549874125202,0.7835564053537285,0.7772290110588074,0.9017208413001913
mot_tiny_1d-bs.512-ep.300,mot_tiny_1d,0.1,42,8,0.09524135262330098,0.8177255472550544,0.8385924650984892,0.8342294096946716,0.9302447886785237,1.0076291924908787,0.7858508604206501,0.7815952301025391,0.9024856596558317
mot_tiny_1d-bs.512-ep.300,mot_tiny_1d,0.1,42,9,0.09381533400219318,0.7915901877862315,0.8441384585962899,0.8393310308456421,0.9316790973417479,0.9805308143221854,0.7873804971319311,0.7839999198913574,0.908604206500956
mot_tiny_1d-bs.512-ep.300,mot_tiny_1d,0.1,42,10,0.09221639627510075,0.7624995929603482,0.8493497800726716,0.8436151742935181,0.9341652323580034,0.9666319531646786,0.7961759082217973,0.791645348072052,0.9021032504780114
mot_tiny_1d-bs.512-ep.300,mot_tiny_1d,0.1,42,11,0.09045084971874737,0.7442178662362667,0.8523140179766686,0.8474063277244568,0.9365557467967106,0.9533473115122341,0.7988527724665392,0.793274998664856,0.9063097514340345
mot_tiny_1d-bs.512-ep.300,mot_tiny_1d,0.1,42,12,0.08852566213878946,0.7220798376801594,0.857429718875502,0.852308452129364,0.9384681583476764,0.9387202202703939,0.8011472275334608,0.7967660427093506,0.9051625239005736
mot_tiny_1d-bs.512-ep.300,mot_tiny_1d,0.1,42,13,0.08644843137107057,0.7053862568251055,0.8619716963090457,0.8567082285881042,0.9399024670109007,0.9246993442338466,0.8015296367112811,0.7976981401443481,0.9093690248565965
mot_tiny_1d-bs.512-ep.300,mot_tiny_1d,0.1,42,14,0.08422735529643442,0.6916625759163421,0.8605851979345955,0.8553410172462463,0.9405718110537388,0.9199731006221151,0.8030592734225621,0.7980859279632568,0.9059273422562142
mot_tiny_1d-bs.512-ep.300,mot_tiny_1d,0.1,42,15,0.08187119948743447,0.6802714118585461,0.862736660929432,0.8580232858657837,0.9424842226047045,0.9087451387773736,0.805736137667304,0.8023392558097839,0.9112810707456979
mot_tiny_1d-bs.512-ep.300,mot_tiny_1d,0.1,42,16,0.07938926261462366,0.6663386585106469,0.8669917766303309,0.8622133135795593,0.9436794798240581,0.901907131275301,0.8068833652007649,0.8013641834259033,0.9116634799235181
mot_tiny_1d-bs.512-ep.300,mot_tiny_1d,0.1,42,17,0.07679133974894982,0.6539329945368575,0.8700038248231019,0.8659259080886841,0.9451137884872824,0.8924154263381521,0.8080305927342256,0.8037038445472717,0.9131931166347992
mot_tiny_1d-bs.512-ep.300,mot_tiny_1d,0.1,42,18,0.07408768370508576,0.6444244734938639,0.8725377701281316,0.8678889274597168,0.9451137884872824,0.883519334957203,0.807265774378585,0.8023567795753479,0.9108986615678776
mot_tiny_1d-bs.512-ep.300,mot_tiny_1d,0.1,42,19,0.07128896457825362,0.6371880558850683,0.8734461656148403,0.8692755103111267,0.9454484605087015,0.8836793275909716,0.8114722753346081,0.8088087439537048,0.908604206500956
mot_tiny_1d-bs.512-ep.300,mot_tiny_1d,0.1,42,20,0.06840622763423389,0.6280852877904498,0.8753107668770319,0.8715792298316956,0.9467393383056034,0.8780188332552208,0.8152963671128107,0.8118722438812256,0.912810707456979
mot_tiny_1d-bs.512-ep.300,mot_tiny_1d,0.1,42,21,0.06545084971874736,0.6199616337169035,0.8769363166953529,0.8726624846458435,0.9478867852361829,0.8700670340776899,0.8099426386233269,0.8065476417541504,0.9135755258126195
mot_tiny_1d-bs.512-ep.300,mot_tiny_1d,0.1,42,22,0.06243449435824272,0.6140122151917403,0.8789443488238669,0.8744223117828369,0.9478867852361829,0.8716745197886947,0.8099426386233269,0.806688129901886,0.9135755258126195
mot_tiny_1d-bs.512-ep.300,mot_tiny_1d,0.1,42,23,0.05936906572928623,0.6061126813306752,0.8797093134442532,0.8754861950874329,0.948938611589214,0.8596894754734368,0.8133843212237094,0.80865478515625,0.9154875717017208
mot_tiny_1d-bs.512-ep.300,mot_tiny_1d,0.1,42,24,0.056266661678215216,0.6007987217730787,0.8820520175941863,0.8776713609695435,0.9487951807228916,0.8589552804571264,0.8164435946462715,0.8117362856864929,0.9135755258126195
mot_tiny_1d-bs.512-ep.300,mot_tiny_1d,0.1,42,25,0.053139525976465665,0.5971705259249073,0.8813348632625742,0.8771378397941589,0.9505163511187608,0.8579979672258716,0.8175908221797323,0.812165379524231,0.9135755258126195
mot_tiny_1d-bs.512-ep.300,mot_tiny_1d,0.1,42,26,0.049999999999999996,0.590562495612624,0.8826735513482501,0.8785165548324585,0.9502294893861158,0.8537609632794761,0.8164435946462715,0.8126733303070068,0.9139579349904398
mot_tiny_1d-bs.512-ep.300,mot_tiny_1d,0.1,42,27,0.046860474023534326,0.5865648105144957,0.8835819468349588,0.8795945644378662,0.9515681774717919,0.8517291504839866,0.8141491395793499,0.8095152378082275,0.9162523900573614
mot_tiny_1d-bs.512-ep.300,mot_tiny_1d,0.1,42,28,0.04373333832178478,0.5822655334370522,0.8834863262574106,0.8797159790992737,0.9514725568942436,0.8505695970290933,0.8145315487571702,0.8104274272918701,0.9162523900573614
mot_tiny_1d-bs.512-ep.300,mot_tiny_1d,0.1,42,29,0.040630934270713764,0.5789547322197202,0.8842512908777969,0.880463182926178,0.9515681774717919,0.8466340190821806,0.8126195028680688,0.8087577819824219,0.91434034416826
mot_tiny_1d-bs.512-ep.300,mot_tiny_1d,0.1,42,30,0.03756550564175726,0.5759232463242105,0.8853031172308281,0.8812552094459534,0.9513769363166954,0.8480452397129504,0.8126195028680688,0.8079389929771423,0.9147227533460803
mot_tiny_1d-bs.512-ep.300,mot_tiny_1d,0.1,42,31,0.03454915028125265,0.5725195801356118,0.8850640657869574,0.8810876607894897,0.9524287626697265,0.8414450636329432,0.815678776290631,0.8106890916824341,0.9162523900573614
mot_tiny_1d-bs.512-ep.300,mot_tiny_1d,0.1,42,32,0.03159377236576612,0.5696962252245006,0.8868330464716007,0.8827206492424011,0.9519984700707592,0.8420212441147171,0.8187380497131931,0.8146591186523438,0.9173996175908222
mot_tiny_1d-bs.512-ep.300,mot_tiny_1d,0.1,42,33,0.028711035421746366,0.5670785199937002,0.8872155287817939,0.883091151714325,0.9528590552686939,0.8413151115577946,0.8149139579349904,0.8109480142593384,0.9181644359464627
mot_tiny_1d-bs.512-ep.300,mot_tiny_1d,0.1,42,34,0.025912316294914226,0.5658836472351343,0.8859724612736661,0.8821356296539307,0.9520940906483075,0.8437214430158042,0.8141491395793499,0.8107151985168457,0.9151051625239006
mot_tiny_1d-bs.512-ep.300,mot_tiny_1d,0.1,42,35,0.023208660251050155,0.5631230236308071,0.8882195448460509,0.8842362761497498,0.9533371581564353,0.8391673297772672,0.8145315487571702,0.8095594644546509,0.9166347992351817
mot_tiny_1d-bs.512-ep.300,mot_tiny_1d,0.1,42,36,0.020610737385376346,0.5614537818866379,0.8888888888888888,0.8849433064460754,0.9534327787339836,0.8386014409548466,0.815678776290631,0.811839759349823,0.9177820267686424
mot_tiny_1d-bs.512-ep.300,mot_tiny_1d,0.1,42,37,0.01812880051256551,0.559946084072677,0.8889845094664371,0.8848843574523926,0.9534327787339836,0.8363674185699989,0.815678776290631,0.8107839822769165,0.9170172084130019
mot_tiny_1d-bs.512-ep.300,mot_tiny_1d,0.1,42,38,0.015772644703565562,0.5587893940335957,0.8895582329317269,0.8856462240219116,0.9531937272901129,0.8367169732117516,0.8160611854684512,0.8115383982658386,0.9173996175908222
mot_tiny_1d-bs.512-ep.300,mot_tiny_1d,0.1,42,39,0.013551568628929433,0.557740124855472,0.8896060432205011,0.8856382966041565,0.953576209600306,0.8362781852882634,0.8168260038240918,0.8126575946807861,0.9170172084130019
mot_tiny_1d-bs.512-ep.300,mot_tiny_1d,0.1,42,40,0.011474337861210542,0.5569204865552472,0.8902275769745649,0.8861801624298096,0.9540065021992733,0.8348096785536232,0.8152963671128107,0.8111183047294617,0.9173996175908222
mot_tiny_1d-bs.512-ep.300,mot_tiny_1d,0.1,42,41,0.009549150281252632,0.5561211161596138,0.8895582329317269,0.8855400681495667,0.9537674507554026,0.8349290559670209,0.8145315487571702,0.8101062178611755,0.9170172084130019
mot_tiny_1d-bs.512-ep.300,mot_tiny_1d,0.1,42,42,0.007783603724899257,0.5555638953271116,0.8897972843755976,0.8857201933860779,0.953910881621725,0.834493399304596,0.815678776290631,0.8114843964576721,0.9170172084130019
mot_tiny_1d-bs.512-ep.300,mot_tiny_1d,0.1,42,43,0.0061846659978068205,0.555128847670432,0.8900363358194684,0.8859604001045227,0.9540065021992733,0.8340378157723246,0.8141491395793499,0.809434175491333,0.9173996175908222
mot_tiny_1d-bs.512-ep.300,mot_tiny_1d,0.1,42,44,0.004758647376699033,0.5547963239239744,0.8896538535092752,0.8856503367424011,0.953910881621725,0.8339130452668462,0.8145315487571702,0.8098673820495605,0.9177820267686424
mot_tiny_1d-bs.512-ep.300,mot_tiny_1d,0.1,42,45,0.0035111757055874327,0.5545436932448334,0.8899885255306942,0.8859895467758179,0.9540065021992733,0.8339620119754945,0.8149139579349904,0.810189962387085,0.9173996175908222
mot_tiny_1d-bs.512-ep.300,mot_tiny_1d,0.1,42,46,0.0024471741852423235,0.5543731635468119,0.8900363358194684,0.8860217928886414,0.9538630713329509,0.8339517101047144,0.8145315487571702,0.8099229335784912,0.9173996175908222
mot_tiny_1d-bs.512-ep.300,mot_tiny_1d,0.1,42,47,0.0015708419435684518,0.5542661090908463,0.8901319563970166,0.8861443996429443,0.9540065021992733,0.8338787698836901,0.8152963671128107,0.8108076453208923,0.9173996175908222
mot_tiny_1d-bs.512-ep.300,mot_tiny_1d,0.1,42,48,0.000885637463565564,0.554204951009278,0.8901797666857908,0.8861672282218933,0.9538630713329509,0.833866383423085,0.8152963671128107,0.8110896348953247,0.9173996175908222
mot_tiny_1d-bs.512-ep.300,mot_tiny_1d,0.1,42,49,0.00039426493427611173,0.5541785481464432,0.8901797666857908,0.8861672282218933,0.953910881621725,0.8338606139669911,0.8152963671128107,0.8110896348953247,0.9173996175908222
mot_tiny_1d-bs.512-ep.300,mot_tiny_1d,0.1,42,50,9.866357858642205e-05,0.5541716960630492,0.8901319563970166,0.8861191272735596,0.953910881621725,0.8338530327120429,0.8152963671128107,0.8110896348953247,0.9173996175908222
mot_tiny_1d-bs.512-ep.300,mot_tiny_1d,0.3,42,1,0.3,1.210780277423636,0.7336966915280169,0.7261415123939514,0.8748326639892905,1.3617145005877114,0.6906309751434034,0.6865503191947937,0.8458891013384321
mot_tiny_1d-bs.512-ep.300,mot_tiny_1d,0.3,42,2,0.29970400926424073,0.970055641054674,0.7833715815643526,0.7762308716773987,0.9096385542168675,1.1336547771329861,0.7483747609942638,0.7438222765922546,0.8887189292543021
mot_tiny_1d-bs.512-ep.300,mot_tiny_1d,0.3,42,3,0.2988172051971717,0.8464404618815314,0.8123924268502581,0.8074247241020203,0.9213042646777586,1.0516809000339837,0.7552581261950286,0.7511501908302307,0.8940726577437859
mot_tiny_1d-bs.512-ep.300,mot_tiny_1d,0.3,42,4,0.29734308760930334,0.7783285298933831,0.8250143430866322,0.8209689855575562,0.9285714285714286,1.011330561154659,0.7640535372848949,0.7617231607437134,0.8933078393881453
mot_tiny_1d-bs.512-ep.300,mot_tiny_1d,0.3,42,5,0.2952874741692947,0.7255831711331935,0.8376362593230063,0.8365849256515503,0.9344520940906483,0.9701490383986989,0.7743785850860421,0.7746193408966064,0.902868068833652
mot_tiny_1d-bs.512-ep.300,mot_tiny_1d,0.3,42,6,0.2926584774442731,0.6846300321364863,0.8467202141900937,0.8431148529052734,0.9367947982405814,0.930775581491153,0.7912045889101338,0.7907168865203857,0.901338432122371
mot_tiny_1d-bs.512-ep.300,mot_tiny_1d,0.3,42,7,0.28946647288323774,0.6603391490125775,0.8505450372920252,0.8468143939971924,0.9394721744119334,0.9295520330250377,0.7896749521988528,0.7850959897041321,0.9116634799235181
mot_tiny_1d-bs.512-ep.300,mot_tiny_1d,0.3,42,8,0.28572405786990296,0.6267295771015376,0.8579556320520176,0.8556188344955444,0.9433926180914133,0.9093725186233083,0.7969407265774379,0.7938787937164307,0.9074569789674952
mot_tiny_1d-bs.512-ep.300,mot_tiny_1d,0.3,42,9,0.28144600200657954,0.6037787129031379,0.8639797284375598,0.8603718280792236,0.9462612354178619,0.892921166210284,0.7961759082217973,0.792765200138092,0.9108986615678776
mot_tiny_1d-bs.512-ep.300,mot_tiny_1d,0.3,42,10,0.27664918882530226,0.5814648850923014,0.8679479824058137,0.8636090159416199,0.9476477337923122,0.8751174241133447,0.8038240917782027,0.8018016219139099,0.9097514340344168
mot_tiny_1d-bs.512-ep.300,mot_tiny_1d,0.3,42,11,0.27135254915624213,0.567655997787887,0.8718206157965194,0.8688462972640991,0.9498948173646968,0.8755339846784252,0.7946462715105163,0.7910847663879395,0.9105162523900574
mot_tiny_1d-bs.512-ep.300,mot_tiny_1d,0.3,42,12,0.2655769864163684,0.5512130964917146,0.8761713520749665,0.8728689551353455,0.9527634346911455,0.8691380451559793,0.804206500956023,0.8007878661155701,0.912810707456979
mot_tiny_1d-bs.512-ep.300,mot_tiny_1d,0.3,42,13,0.2593452941132117,0.5309662194251102,0.8813826735513483,0.8775599598884583,0.9544367947982406,0.850034497846381,0.8026768642447418,0.7971614599227905,0.9177820267686424
mot_tiny_1d-bs.512-ep.300,mot_tiny_1d,0.3,42,14,0.2526820658893033,0.519522264140996,0.8840600497227004,0.8797288537025452,0.9544367947982406,0.8559526534654898,0.8084130019120459,0.8042464256286621,0.9089866156787763
mot_tiny_1d-bs.512-ep.300,mot_tiny_1d,0.3,42,15,0.24561359846230346,0.5099929857719102,0.8842991011665711,0.8805718421936035,0.9570663606808185,0.839023199136125,0.8045889101338433,0.8009455800056458,0.9166347992351817
mot_tiny_1d-bs.512-ep.300,mot_tiny_1d,0.3,42,16,0.23816778784387102,0.5016266518602136,0.8888410786001147,0.8860212564468384,0.9575922738573341,0.8503941253312003,0.807265774378585,0.803402304649353,0.91434034416826
mot_tiny_1d-bs.512-ep.300,mot_tiny_1d,0.3,42,17,0.2303740192468495,0.48724544570377165,0.892904953145917,0.8895480632781982,0.9579269458787532,0.8289692909722118,0.8133843212237094,0.810366690158844,0.9193116634799235
mot_tiny_1d-bs.512-ep.300,mot_tiny_1d,0.3,42,18,0.22226305111525732,0.47812923634569787,0.8924746605469497,0.888582706451416,0.9604608911837828,0.8257814979917917,0.8152963671128107,0.8105918169021606,0.9177820267686424
mot_tiny_1d-bs.512-ep.300,mot_tiny_1d,0.3,42,19,0.21386689373476092,0.4773751787939635,0.8926659017020463,0.8895565867424011,0.9605087014725568,0.8277427629576587,0.8126195028680688,0.8095839023590088,0.9170172084130019
mot_tiny_1d-bs.512-ep.300,mot_tiny_1d,0.3,42,20,0.20521868290270173,0.4619921874671713,0.8985943775100401,0.896564781665802,0.9617995792694588,0.8183297618625269,0.8152963671128107,0.8112308979034424,0.9231357552581262
mot_tiny_1d-bs.512-ep.300,mot_tiny_1d,0.3,42,21,0.19635254915624212,0.45555803146114265,0.8982597054886211,0.8963707089424133,0.9630426467775866,0.8204121314316817,0.817208413001912,0.8148687481880188,0.9196940726577438
mot_tiny_1d-bs.512-ep.300,mot_tiny_1d,0.3,42,22,0.18730348307472822,0.457717583087827,0.9001721170395869,0.8976644277572632,0.9622298718684261,0.828930944147347,0.8080305927342256,0.803856372833252,0.9170172084130019
mot_tiny_1d-bs.512-ep.300,mot_tiny_1d,0.3,42,23,0.17810719718785872,0.44111865335998124,0.9039969401415184,0.901021420955658,0.9642857142857143,0.8091335858259329,0.8191204588910134,0.8150871992111206,0.9208413001912046
mot_tiny_1d-bs.512-ep.300,mot_tiny_1d,0.3,42,24,0.1687999850346457,0.44172968456817646,0.9009370816599732,0.8978355526924133,0.9640944731306177,0.8127533469555711,0.8183556405353728,0.814545214176178,0.920076481835564
mot_tiny_1d-bs.512-ep.300,mot_tiny_1d,0.3,42,25,0.15941857792939704,0.43216644051107356,0.906817747179193,0.9041017293930054,0.9659590743928094,0.8139775234244294,0.8191204588910134,0.81479811668396,0.9196940726577438
mot_tiny_1d-bs.512-ep.300,mot_tiny_1d,0.3,42,26,0.15000000000000002,0.43318798957397203,0.9039491298527443,0.9016352295875549,0.9664371772805508,0.8170818657081852,0.8168260038240918,0.8147022724151611,0.9204588910133843
mot_tiny_1d-bs.512-ep.300,mot_tiny_1d,0.3,42,27,0.140581422070603,0.42222612942352555,0.9103078982597055,0.9073913097381592,0.9668674698795181,0.809678073686122,0.8195028680688337,0.8153877854347229,0.9196940726577438
mot_tiny_1d-bs.512-ep.300,mot_tiny_1d,0.3,42,28,0.13120001496535438,0.42052758020432734,0.9097819850831899,0.9070505499839783,0.9665806081468732,0.8080681029514875,0.815678776290631,0.8129023909568787,0.9250478011472275
mot_tiny_1d-bs.512-ep.300,mot_tiny_1d,0.3,42,29,0.12189280281214132,0.41636572697578,0.9097819850831899,0.9072832465171814,0.9676324344999043,0.8033812455419829,0.8133843212237094,0.8099128603935242,0.9208413001912046
mot_tiny_1d-bs.512-ep.300,mot_tiny_1d,0.3,42,30,0.11269651692527179,0.4131053128281705,0.912459361254542,0.9097044467926025,0.9671065213233888,0.8044377139148019,0.8183556405353728,0.8149983882904053,0.9212237093690249
mot_tiny_1d-bs.512-ep.300,mot_tiny_1d,0.3,42,31,0.10364745084375795,0.4094311123620167,0.9140849110728628,0.9117429852485657,0.968827691719258,0.7987932106732867,0.8198852772466539,0.816428542137146,0.9258126195028681
mot_tiny_1d-bs.512-ep.300,mot_tiny_1d,0.3,42,32,0.09478131709729837,0.4063296639958037,0.9144195830942818,0.9119543433189392,0.96815834767642,0.7990068949887219,0.8221797323135756,0.8181268572807312,0.9223709369024856
mot_tiny_1d-bs.512-ep.300,mot_tiny_1d,0.3,42,33,0.08613310626523911,0.4018328355361317,0.9165232358003442,0.914171040058136,0.969497035762096,0.7963656343419967,0.8187380497131931,0.8145849108695984,0.9246653919694072
mot_tiny_1d-bs.512-ep.300,mot_tiny_1d,0.3,42,34,0.0777369488847427,0.4006673805935703,0.9161885637789252,0.9139804244041443,0.9699273283610633,0.8002446322322576,0.8191204588910134,0.8159706592559814,0.9235181644359465
mot_tiny_1d-bs.512-ep.300,mot_tiny_1d,0.3,42,35,0.06962598075315048,0.39788352255384424,0.917431631287053,0.9151550531387329,0.969162363740677,0.7954221619702662,0.821414913957935,0.8176330327987671,0.924282982791587
mot_tiny_1d-bs.512-ep.300,mot_tiny_1d,0.3,42,36,0.06183221215612905,0.3960293959331093,0.9178619238860203,0.9154254794120789,0.9699273283610633,0.7924542851931279,0.8252390057361376,0.8223007917404175,0.924282982791587
mot_tiny_1d-bs.512-ep.300,mot_tiny_1d,0.3,42,37,0.05438640153769654,0.3947633487769262,0.9186746987951807,0.9160929322242737,0.9695926563396443,0.7935830635960653,0.8217973231357553,0.8180031776428223,0.9239005736137668
mot_tiny_1d-bs.512-ep.300,mot_tiny_1d,0.3,42,38,0.047317934110696694,0.3925554059755052,0.9192484222604704,0.9169594049453735,0.9695926563396443,0.7929009709257925,0.8237093690248566,0.8195324540138245,0.9223709369024856
mot_tiny_1d-bs.512-ep.300,mot_tiny_1d,0.3,42,39,0.0406547058867883,0.39131119757816607,0.9207783515012431,0.9186190962791443,0.9698795180722891,0.7924221746324354,0.8187380497131931,0.8147127628326416,0.9239005736137668
mot_tiny_1d-bs.512-ep.300,mot_tiny_1d,0.3,42,40,0.03442301358363163,0.39066957492722587,0.9203480589022758,0.9176519513130188,0.9707401032702238,0.7920119203527388,0.8240917782026769,0.8200613260269165,0.924282982791587
mot_tiny_1d-bs.512-ep.300,mot_tiny_1d,0.3,42,41,0.0286474508437579,0.38948669659747154,0.9204436794798241,0.9179316163063049,0.9703576209600306,0.7915890666312515,0.8202676864244742,0.8161336779594421,0.9250478011472275
mot_tiny_1d-bs.512-ep.300,mot_tiny_1d,0.3,42,42,0.023350811174697773,0.3888699839233235,0.9210652132338879,0.9186338782310486,0.9707879135589979,0.7904721787053358,0.8202676864244742,0.816443681716919,0.924282982791587
mot_tiny_1d-bs.512-ep.300,mot_tiny_1d,0.3,42,43,0.018553997993420463,0.38852260007436973,0.9210652132338879,0.9186905026435852,0.9708835341365462,0.7901769320777907,0.821414913957935,0.8171018958091736,0.924282982791587
mot_tiny_1d-bs.512-ep.300,mot_tiny_1d,0.3,42,44,0.014275942130097098,0.3880403733522492,0.9213998852553069,0.919098973274231,0.9706922929814497,0.7906559260351936,0.8206500956022944,0.8163641095161438,0.9239005736137668
mot_tiny_1d-bs.512-ep.300,mot_tiny_1d,0.3,42,45,0.010533527116762299,0.38781875195250637,0.9216867469879518,0.9192774891853333,0.9707401032702238,0.7908412838529219,0.8206500956022944,0.8165901303291321,0.924282982791587
mot_tiny_1d-bs.512-ep.300,mot_tiny_1d,0.3,42,46,0.00734152255572697,0.38770008743732604,0.9217345572767259,0.9193153381347656,0.9707401032702238,0.7911440555725681,0.8202676864244742,0.8163970708847046,0.9250478011472275
mot_tiny_1d-bs.512-ep.300,mot_tiny_1d,0.3,42,47,0.004712525830705355,0.38758350553966703,0.9215433161216294,0.9190605282783508,0.9708357238477721,0.7910285942413156,0.8195028680688337,0.8155012726783752,0.924282982791587
mot_tiny_1d-bs.512-ep.300,mot_tiny_1d,0.3,42,48,0.0026569123906966916,0.3875329066335095,0.9217823675655001,0.919282078742981,0.9709313444253204,0.7910727039577856,0.8191204588910134,0.8151981830596924,0.924282982791587
mot_tiny_1d-bs.512-ep.300,mot_tiny_1d,0.3,42,49,0.001182794802828335,0.3875112697712936,0.9216867469879518,0.9191982746124268,0.9709313444253204,0.7910466764898647,0.8195028680688337,0.8157537579536438,0.924282982791587
mot_tiny_1d-bs.512-ep.300,mot_tiny_1d,0.3,42,50,0.0002959907357592661,0.38750531555339196,0.9218301778542742,0.9193344116210938,0.9708835341365462,0.7910332688865881,0.8195028680688337,0.8157537579536438,0.924282982791587
mot_tiny_1d-bs.512-ep.300,mot_tiny_1d,0.5,42,1,0.5,1.1380858320103797,0.7347963281698221,0.7306963205337524,0.8811436221074775,1.3206821456238143,0.6887189292543021,0.6864697337150574,0.848565965583174
mot_tiny_1d-bs.512-ep.300,mot_tiny_1d,0.5,42,2,0.4995066821070679,0.8891706335359925,0.7928858290304074,0.7861382961273193,0.9149454962707975,1.0901367661601955,0.7495219885277247,0.7421064972877502,0.8852772466539197
mot_tiny_1d-bs.512-ep.300,mot_tiny_1d,0.5,42,3,0.4980286753286195,0.8118628397752095,0.8072767259514247,0.8033614158630371,0.9226429527634347,1.056481189618375,0.7579349904397705,0.7526073455810547,0.8898661567877629
mot_tiny_1d-bs.512-ep.300,mot_tiny_1d,0.5,42,4,0.4955718126821722,0.756810361556146,0.8194683495888315,0.8172513842582703,0.9274717919296233,1.0422058090880997,0.7560229445506692,0.7564456462860107,0.8921606118546845
mot_tiny_1d-bs.512-ep.300,mot_tiny_1d,0.5,42,5,0.49214579028215777,0.7014814357863349,0.8311340600497227,0.8295503258705139,0.9334480780263913,1.0127418933817351,0.7720841300191205,0.772350013256073,0.8975143403441682
mot_tiny_1d-bs.512-ep.300,mot_tiny_1d,0.5,42,6,0.4877641290737884,0.64302212121861,0.8434691145534519,0.839459240436554,0.9406674316312871,0.9352993631454088,0.7896749521988528,0.7865063548088074,0.9051625239005736
mot_tiny_1d-bs.512-ep.300,mot_tiny_1d,0.5,42,7,0.48244412147206284,0.6468671027960662,0.8420826161790017,0.8380898237228394,0.9418148785618665,0.97639463873256,0.7774378585086043,0.7717925310134888,0.9078393881453155
mot_tiny_1d-bs.512-ep.300,mot_tiny_1d,0.5,42,8,0.4762067631165049,0.6020999196428805,0.8535570854847964,0.8528633117675781,0.9454962707974757,0.9468134382258866,0.7862332695984704,0.7841987609863281,0.908604206500956
mot_tiny_1d-bs.512-ep.300,mot_tiny_1d,0.5,42,9,0.46907667001096587,0.5769308527561464,0.8587205966724039,0.8571359515190125,0.9474564926372155,0.9374235477775734,0.7896749521988528,0.7889021039009094,0.9051625239005736
mot_tiny_1d-bs.512-ep.300,mot_tiny_1d,0.5,42,10,0.46108198137550377,0.5559637890784912,0.8678523618282654,0.8631724715232849,0.9486517498565691,0.9129469701938374,0.7980879541108986,0.7973239421844482,0.9097514340344168
mot_tiny_1d-bs.512-ep.300,mot_tiny_1d,0.5,42,11,0.45225424859373686,0.5383514805354405,0.8677567412507171,0.8650274872779846,0.9530981067125646,0.9196071515347716,0.7950286806883365,0.7928903698921204,0.908604206500956
mot_tiny_1d-bs.512-ep.300,mot_tiny_1d,0.5,42,12,0.4426283106939473,0.5290100669787887,0.8689041881812967,0.866334080696106,0.9538630713329509,0.9199682027842301,0.7938814531548757,0.7908275723457336,0.9105162523900574
mot_tiny_1d-bs.512-ep.300,mot_tiny_1d,0.5,42,13,0.4322421568553529,0.5136553869577547,0.8741155096576784,0.8707346320152283,0.9561101549053356,0.9056303553098018,0.7950286806883365,0.7898428440093994,0.9131931166347992
mot_tiny_1d-bs.512-ep.300,mot_tiny_1d,0.5,42,14,0.4211367764821722,0.4810442196796218,0.8840600497227004,0.880446195602417,0.9574966532797858,0.8898633449984782,0.8015296367112811,0.7966795563697815,0.9108986615678776
mot_tiny_1d-bs.512-ep.300,mot_tiny_1d,0.5,42,15,0.40935599743717244,0.469725768592121,0.8852553069420539,0.8828904628753662,0.9608911837827501,0.8699849247248633,0.7996175908221798,0.7969423532485962,0.9173996175908222
mot_tiny_1d-bs.512-ep.300,mot_tiny_1d,0.5,42,16,0.39694631307311834,0.4659769425179676,0.888602027156244,0.8870073556900024,0.960221839739912,0.8900296971629272,0.7984703632887189,0.7940418720245361,0.912810707456979
mot_tiny_1d-bs.512-ep.300,mot_tiny_1d,0.5,42,17,0.38395669874474914,0.4487565492530424,0.8940524000764964,0.891672670841217,0.9619908204245554,0.8638918196493991,0.8130019120458891,0.8098679184913635,0.9177820267686424
mot_tiny_1d-bs.512-ep.300,mot_tiny_1d,0.5,42,18,0.3704384185254288,0.43887978636026154,0.8934308663224326,0.8906057476997375,0.9626601644673933,0.8617461881035828,0.8065009560229446,0.802314817905426,0.9162523900573614
mot_tiny_1d-bs.512-ep.300,mot_tiny_1d,0.5,42,19,0.35644482289126816,0.43720466681615555,0.8943870720979155,0.8917196393013,0.9644769554408109,0.8645389578766395,0.8095602294455067,0.8062471151351929,0.9177820267686424
mot_tiny_1d-bs.512-ep.300,mot_tiny_1d,0.5,42,20,0.34203113817116954,0.4158010524735895,0.9013195639701663,0.8998055458068848,0.9665806081468732,0.8463520509563031,0.8095602294455067,0.8051480650901794,0.9212237093690249
mot_tiny_1d-bs.512-ep.300,mot_tiny_1d,0.5,42,21,0.32725424859373686,0.4115388095663847,0.9040447504302926,0.9028587937355042,0.9660068846815835,0.8605109614122438,0.8107074569789675,0.8107171058654785,0.9223709369024856
mot_tiny_1d-bs.512-ep.300,mot_tiny_1d,0.5,42,22,0.31217247179121366,0.4106068769817166,0.9032319755211321,0.9015020728111267,0.9665806081468732,0.8592932670111866,0.8061185468451243,0.8016706109046936,0.9193116634799235
mot_tiny_1d-bs.512-ep.300,mot_tiny_1d,0.5,42,23,0.2968453286464312,0.3903195454482025,0.9092082616179001,0.9068036079406738,0.9685408299866132,0.839434903438415,0.8141491395793499,0.8102365136146545,0.9208413001912046
mot_tiny_1d-bs.512-ep.300,mot_tiny_1d,0.5,42,24,0.2813333083910761,0.39692710020000016,0.9057659208261618,0.9031015038490295,0.968493019697839,0.849101687662916,0.8091778202676865,0.8048913478851318,0.9239005736137668
mot_tiny_1d-bs.512-ep.300,mot_tiny_1d,0.5,42,25,0.26569762988232837,0.38437910220390026,0.9106903805698986,0.9088810086250305,0.9696404666284184,0.8524658947100375,0.8080305927342256,0.8051965832710266,0.9231357552581262
mot_tiny_1d-bs.512-ep.300,mot_tiny_1d,0.5,42,26,0.25,0.3795575221972339,0.9122681200994454,0.9105129241943359,0.9710747752916428,0.8463147435088003,0.8141491395793499,0.8133907914161682,0.9181644359464627
mot_tiny_1d-bs.512-ep.300,mot_tiny_1d,0.5,42,27,0.23430237011767166,0.36861493478520785,0.9183878370625359,0.9156473278999329,0.9710269650028687,0.8423975009079417,0.8133843212237094,0.8115373253822327,0.9208413001912046
mot_tiny_1d-bs.512-ep.300,mot_tiny_1d,0.5,42,28,0.21866669160892396,0.3690890639387734,0.9153757888697648,0.9128201007843018,0.9708357238477721,0.8426592970897318,0.8084130019120459,0.806200385093689,0.9235181644359465
mot_tiny_1d-bs.512-ep.300,mot_tiny_1d,0.5,42,29,0.20315467135356885,0.3611177598388228,0.9195352839931153,0.9172600507736206,0.9718397399120291,0.8355065471583525,0.8091778202676865,0.8047564625740051,0.9216061185468452
mot_tiny_1d-bs.512-ep.300,mot_tiny_1d,0.5,42,30,0.1878275282087863,0.35685625995498105,0.9201568177471792,0.9179325103759766,0.9722222222222222,0.83166483045764,0.8130019120458891,0.8098936676979065,0.9231357552581262
mot_tiny_1d-bs.512-ep.300,mot_tiny_1d,0.5,42,31,0.17274575140626322,0.35284764261951546,0.9215433161216294,0.919869601726532,0.973130617708931,0.8292798591161549,0.8107074569789675,0.8072263598442078,0.9254302103250478
mot_tiny_1d-bs.512-ep.300,mot_tiny_1d,0.5,42,32,0.15796886182883058,0.3501261445572737,0.923073245362402,0.92139732837677,0.9735131000191242,0.8280210542405313,0.8137667304015297,0.8092920780181885,0.9223709369024856
mot_tiny_1d-bs.512-ep.300,mot_tiny_1d,0.5,42,33,0.14355517710873184,0.3423949699598828,0.9262765347102696,0.9245633482933044,0.974134633773188,0.8224606887788207,0.8130019120458891,0.8091553449630737,0.9235181644359465
mot_tiny_1d-bs.512-ep.300,mot_tiny_1d,0.5,42,34,0.12956158147457114,0.3409418515343811,0.9269458787531076,0.9253607392311096,0.9743258749282846,0.8260774849477736,0.8152963671128107,0.8129849433898926,0.9235181644359465
mot_tiny_1d-bs.512-ep.300,mot_tiny_1d,0.5,42,35,0.11604330125525078,0.33802275357635786,0.9271849301969783,0.9250810146331787,0.9751864601262191,0.8215481351484076,0.8187380497131931,0.8140040636062622,0.9265774378585087
mot_tiny_1d-bs.512-ep.300,mot_tiny_1d,0.5,42,36,0.10305368692688174,0.3350521710662637,0.9286192388602027,0.9267787337303162,0.9750430292598967,0.8153803101461202,0.8202676864244742,0.8172572255134583,0.924282982791587
mot_tiny_1d-bs.512-ep.300,mot_tiny_1d,0.5,42,37,0.09064400256282756,0.3333574242791566,0.928380187416332,0.9261792898178101,0.975473321858864,0.818903472637811,0.8183556405353728,0.8149635195732117,0.924282982791587
mot_tiny_1d-bs.512-ep.300,mot_tiny_1d,0.5,42,38,0.07886322351782782,0.32996616292396497,0.9304838401223944,0.9281274676322937,0.975473321858864,0.8181760755141424,0.817208413001912,0.813965916633606,0.9246653919694072
mot_tiny_1d-bs.512-ep.300,mot_tiny_1d,0.5,42,39,0.06775784314464717,0.32800493205703907,0.9318225282080703,0.9299890995025635,0.9758558041690572,0.8152084299528803,0.8149139579349904,0.8111364841461182,0.9254302103250478
mot_tiny_1d-bs.512-ep.300,mot_tiny_1d,0.5,42,40,0.057371689306052714,0.3271766508667436,0.9312009944540065,0.9289805889129639,0.9763817173455728,0.8169008309708955,0.8160611854684512,0.8115575313568115,0.9246653919694072
mot_tiny_1d-bs.512-ep.300,mot_tiny_1d,0.5,42,41,0.047745751406263165,0.3260241075509546,0.9320137693631669,0.9300941228866577,0.9761904761904762,0.8159071016038125,0.8160611854684512,0.8114997148513794,0.9265774378585087
mot_tiny_1d-bs.512-ep.300,mot_tiny_1d,0.5,42,42,0.03891801862449629,0.3251873732388282,0.933017785427424,0.9311386346817017,0.9762382864792504,0.8139708568215598,0.815678776290631,0.8120682239532471,0.9246653919694072
mot_tiny_1d-bs.512-ep.300,mot_tiny_1d,0.5,42,43,0.030923329989034104,0.3246409303486792,0.9327787339835533,0.9309886693954468,0.9764295276343469,0.8135288924149756,0.8168260038240918,0.8129984140396118,0.9258126195028681
mot_tiny_1d-bs.512-ep.300,mot_tiny_1d,0.5,42,44,0.02379323688349516,0.32380733063216877,0.9335436986039396,0.9318106174468994,0.9765729585006694,0.8145911185736866,0.8168260038240918,0.8123825788497925,0.9246653919694072
mot_tiny_1d-bs.512-ep.300,mot_tiny_1d,0.5,42,45,0.017555878527937163,0.3235714207144216,0.933352457448843,0.931425929069519,0.9764773379231211,0.8147476663097141,0.815678776290631,0.8113729357719421,0.9250478011472275
mot_tiny_1d-bs.512-ep.300,mot_tiny_1d,0.5,42,46,0.012235870926211617,0.32348088639989414,0.9333046471600689,0.931383490562439,0.9765251482118952,0.8152549335195275,0.8175908221797323,0.8140503168106079,0.924282982791587
mot_tiny_1d-bs.512-ep.300,mot_tiny_1d,0.5,42,47,0.007854209717842259,0.32328049711160667,0.933352457448843,0.9314305782318115,0.9766207687894435,0.8150582709230383,0.817208413001912,0.8130558133125305,0.9250478011472275
mot_tiny_1d-bs.512-ep.300,mot_tiny_1d,0.5,42,48,0.00442818731782782,0.32321905779733695,0.9334958883151654,0.9315750002861023,0.9766207687894435,0.815120137581178,0.8160611854684512,0.8117391467094421,0.9250478011472275
mot_tiny_1d-bs.512-ep.300,mot_tiny_1d,0.5,42,49,0.0019713246713805588,0.3231938059003067,0.9334958883151654,0.9315409064292908,0.9766207687894435,0.8150396853970296,0.817208413001912,0.8130239248275757,0.9250478011472275
mot_tiny_1d-bs.512-ep.300,mot_tiny_1d,0.5,42,50,0.0004933178929321103,0.3231872578473364,0.9334958883151654,0.9315437078475952,0.9766207687894435,0.8150198197957434,0.817208413001912,0.8129683136940002,0.9250478011472275
mot_tiny_1d-bs.512-ep.300,mot_tiny_1d,0.7,42,1,0.7,1.1751638391684063,0.7227959456875119,0.719281017780304,0.8768885064065787,1.3980762984966912,0.675717017208413,0.6767005920410156,0.8439770554493308
mot_tiny_1d-bs.512-ep.300,mot_tiny_1d,0.7,42,2,0.699309354949895,0.8967204306407877,0.7877223178427998,0.7809536457061768,0.9122681200994454,1.1229577584202841,0.7468451242829828,0.7423450946807861,0.8822179732313575
mot_tiny_1d-bs.512-ep.300,mot_tiny_1d,0.7,42,3,0.6972401454600672,0.8305754870387194,0.7993880283036909,0.7961629629135132,0.9207305412124689,1.1118197847734674,0.7533460803059273,0.7485460042953491,0.8860420650095602
mot_tiny_1d-bs.512-ep.300,mot_tiny_1d,0.7,42,4,0.6938005377550409,0.7805799767674213,0.8113884107860011,0.8093010187149048,0.9249378466245937,1.0992548911566944,0.7518164435946463,0.7515705227851868,0.8868068833652007
mot_tiny_1d-bs.512-ep.300,mot_tiny_1d,0.7,42,5,0.6890041063950206,0.7502364504973367,0.8183687129470262,0.8170015811920166,0.9282845668387837,1.1057269721824399,0.7621414913957935,0.7616031169891357,0.891395793499044
mot_tiny_1d-bs.512-ep.300,mot_tiny_1d,0.7,42,6,0.6828697807033035,0.6628552402358457,0.8360585197934596,0.8330565094947815,0.9397590361445783,1.0017770552042566,0.780114722753346,0.7790200114250183,0.9017208413001913
mot_tiny_1d-bs.512-ep.300,mot_tiny_1d,0.7,42,7,0.6754217700608878,0.6898174823914917,0.8311340600497227,0.8276423811912537,0.9394243641231593,1.073309130695992,0.7636711281070746,0.7577939629554749,0.902868068833652
mot_tiny_1d-bs.512-ep.300,mot_tiny_1d,0.7,42,8,0.6666894683631067,0.6485024536287473,0.8382577930770702,0.8372954726219177,0.9443966341556703,1.0510577593889108,0.7682600382409178,0.7679468393325806,0.9009560229445507
mot_tiny_1d-bs.512-ep.300,mot_tiny_1d,0.7,42,9,0.6567073380153521,0.6001446096179909,0.8512143813348633,0.8499542474746704,0.9454006502199274,1.0278383601464003,0.7762906309751434,0.7750358581542969,0.9032504780114723
mot_tiny_1d-bs.512-ep.300,mot_tiny_1d,0.7,42,10,0.6455147739257051,0.5708331398809816,0.861397972843756,0.8570559620857239,0.948269267546376,0.994376664316677,0.7869980879541109,0.7839195728302002,0.9108986615678776
mot_tiny_1d-bs.512-ep.300,mot_tiny_1d,0.7,42,11,0.6331559480312314,0.5551344311061793,0.8629279020845286,0.8604724407196045,0.9513291260279212,0.9976288352368211,0.7850860420650095,0.7822368144989014,0.9070745697896749
mot_tiny_1d-bs.512-ep.300,mot_tiny_1d,0.7,42,12,0.619679634971526,0.5313445647694363,0.8664658634538153,0.8640295267105103,0.9540543124880474,0.9914497535953558,0.7892925430210325,0.7857164740562439,0.9074569789674952
mot_tiny_1d-bs.512-ep.300,mot_tiny_1d,0.7,42,13,0.6051390195974938,0.5227730383173552,0.8700994454006502,0.8673021197319031,0.9554886211512718,0.9856222338703805,0.7858508604206501,0.7811039090156555,0.908604206500956
mot_tiny_1d-bs.512-ep.300,mot_tiny_1d,0.7,42,14,0.5895914870750408,0.4807206516991749,0.8798049340218015,0.8765838742256165,0.9580225664563013,0.9577769489178922,0.7954110898661568,0.7908750176429749,0.9066921606118546
mot_tiny_1d-bs.512-ep.300,mot_tiny_1d,0.7,42,15,0.5730983964120412,0.4750771131313059,0.8780359533371581,0.8760785460472107,0.9617039586919105,0.9437571035060555,0.7912045889101338,0.7906549572944641,0.9162523900573614
mot_tiny_1d-bs.512-ep.300,mot_tiny_1d,0.7,42,16,0.5557248383023655,0.47020096148740587,0.8841078600114745,0.8825794458389282,0.9607477529164277,0.9616049618839534,0.7904397705544933,0.7868411540985107,0.9108986615678776
mot_tiny_1d-bs.512-ep.300,mot_tiny_1d,0.7,42,17,0.5375393782426486,0.4412376022995442,0.8917096959265634,0.8893620371818542,0.9630426467775866,0.9270416471288035,0.8038240917782027,0.799662709236145,0.9154875717017208
mot_tiny_1d-bs.512-ep.300,mot_tiny_1d,0.7,42,18,0.5186137859356001,0.44171737434531655,0.8881717345572767,0.8859016299247742,0.9624211130235226,0.9412678574512839,0.7980879541108986,0.7934430837631226,0.9158699808795411
mot_tiny_1d-bs.512-ep.300,mot_tiny_1d,0.7,42,19,0.49902275204777524,0.4330428836222109,0.8911837827500478,0.8889283537864685,0.9653375406387454,0.936259297795779,0.8026768642447418,0.7975272536277771,0.91434034416826
mot_tiny_1d-bs.512-ep.300,mot_tiny_1d,0.7,42,20,0.47884359343963717,0.4129475295190306,0.8965385350927519,0.8948355317115784,0.9674411933448078,0.9199231025593686,0.8026768642447418,0.7992359399795532,0.9196940726577438
mot_tiny_1d-bs.512-ep.300,mot_tiny_1d,0.7,42,21,0.45815594803123144,0.3949434443080054,0.902180149168101,0.9004390239715576,0.9676324344999043,0.9225530066408117,0.8068833652007649,0.8067305684089661,0.920076481835564
mot_tiny_1d-bs.512-ep.300,mot_tiny_1d,0.7,42,22,0.437041460507699,0.39652648658774325,0.9014151845477146,0.9001786708831787,0.9689233122968063,0.9170527514718458,0.7996175908221798,0.7952762842178345,0.918546845124283
mot_tiny_1d-bs.512-ep.300,mot_tiny_1d,0.7,42,23,0.4155834601050035,0.37182606007497015,0.9090648307515777,0.9067236185073853,0.9706922929814497,0.8978338150403695,0.805736137667304,0.8009240627288818,0.9189292543021033
mot_tiny_1d-bs.512-ep.300,mot_tiny_1d,0.7,42,24,0.3938666317475064,0.3789841667783719,0.9058615414037101,0.9032443761825562,0.9704532415375788,0.9077324088627248,0.8015296367112811,0.7971494793891907,0.9231357552581262
mot_tiny_1d-bs.512-ep.300,mot_tiny_1d,0.7,42,25,0.37197668183525956,0.3625002737185722,0.9126027921208644,0.9108157157897949,0.9715528781793842,0.9109814149699749,0.8003824091778202,0.7970679998397827,0.9196940726577438
mot_tiny_1d-bs.512-ep.300,mot_tiny_1d,0.7,42,26,0.34999999999999987,0.3570565580523796,0.9138936699177663,0.9127025604248047,0.9728437559762861,0.8991296232088574,0.8076481835564053,0.8069016933441162,0.9151051625239006
mot_tiny_1d-bs.512-ep.300,mot_tiny_1d,0.7,42,27,0.3280233181647402,0.34197806819580917,0.919439663415567,0.9169805645942688,0.9737043411742207,0.8955209123017,0.805736137667304,0.8043825626373291,0.9189292543021033
mot_tiny_1d-bs.512-ep.300,mot_tiny_1d,0.7,42,28,0.3061333682524934,0.3424462427667095,0.9171447695544082,0.9147781133651733,0.973130617708931,0.8986845333763108,0.8049713193116634,0.8022119998931885,0.9227533460803059
mot_tiny_1d-bs.512-ep.300,mot_tiny_1d,0.7,42,29,0.28441653989499627,0.33220541566114486,0.9208261617900172,0.918801486492157,0.9742302543507363,0.8846881501761267,0.8099426386233269,0.8056912422180176,0.9219885277246654
mot_tiny_1d-bs.512-ep.300,mot_tiny_1d,0.7,42,30,0.2629585394923007,0.3274818954059238,0.9255115700898834,0.9235567450523376,0.9747561675272519,0.8817136418067246,0.8110898661567878,0.8082994222640991,0.9231357552581262
mot_tiny_1d-bs.512-ep.300,mot_tiny_1d,0.7,42,31,0.2418440519687684,0.3224502650746243,0.9260852935551731,0.9248442649841309,0.9754255115700898,0.8824115395773893,0.807265774378585,0.8049169778823853,0.9231357552581262
mot_tiny_1d-bs.512-ep.300,mot_tiny_1d,0.7,42,32,0.2211564065603627,0.3201426277882876,0.9266590170204628,0.9256652593612671,0.9754255115700898,0.8790065218340143,0.8068833652007649,0.8032681345939636,0.918546845124283
mot_tiny_1d-bs.512-ep.300,mot_tiny_1d,0.7,42,33,0.20097724795222446,0.3088995824468412,0.9314878561866514,0.9298534989356995,0.9765251482118952,0.8696750509579368,0.8080305927342256,0.8046606183052063,0.9239005736137668
mot_tiny_1d-bs.512-ep.300,mot_tiny_1d,0.7,42,34,0.1813862140643995,0.3065079457218639,0.9313444253203289,0.9300660490989685,0.9766685790782176,0.8720876660903143,0.8099426386233269,0.807222306728363,0.9227533460803059
mot_tiny_1d-bs.512-ep.300,mot_tiny_1d,0.7,42,35,0.16246062175735101,0.30294024176022183,0.933017785427424,0.9313057661056519,0.9775291642761522,0.8678357344968369,0.8133843212237094,0.8088564872741699,0.9258126195028681
mot_tiny_1d-bs.512-ep.300,mot_tiny_1d,0.7,42,36,0.14427516169763435,0.29961398646853854,0.9343564735131,0.9327593445777893,0.9777204054312488,0.859156268322217,0.8179732313575526,0.8144975900650024,0.9250478011472275
mot_tiny_1d-bs.512-ep.300,mot_tiny_1d,0.7,42,37,0.12690160358795852,0.2970992837177451,0.9350736278447122,0.9336503744125366,0.9783419391853126,0.8633824197101775,0.8149139579349904,0.8115798830986023,0.9223709369024856
mot_tiny_1d-bs.512-ep.300,mot_tiny_1d,0.7,42,38,0.11040851292495889,0.29267564985304817,0.9374163319946452,0.9353793859481812,0.9778638362975712,0.8636171898923914,0.8118546845124283,0.8078625202178955,0.9231357552581262
mot_tiny_1d-bs.512-ep.300,mot_tiny_1d,0.7,42,39,0.09486098040250598,0.2897706758590701,0.9389462612354179,0.9374443888664246,0.9788200420730542,0.8570319487533423,0.8118546845124283,0.8084662556648254,0.9239005736137668
mot_tiny_1d-bs.512-ep.300,mot_tiny_1d,0.7,42,40,0.08032036502847376,0.2886135253059999,0.9382769171925799,0.9363089203834534,0.9789156626506024,0.8607571647454402,0.8141491395793499,0.8100183606147766,0.9239005736137668
mot_tiny_1d-bs.512-ep.300,mot_tiny_1d,0.7,42,41,0.06684405196876839,0.28751963127363844,0.9382769171925799,0.9366087913513184,0.9789634729393766,0.8597786912498693,0.8122370936902485,0.8077119588851929,0.9250478011472275
mot_tiny_1d-bs.512-ep.300,mot_tiny_1d,0.7,42,42,0.05448522607429477,0.28630288834096734,0.9395677949894817,0.938240647315979,0.9793937655383439,0.856526524706051,0.8145315487571702,0.8111317157745361,0.9235181644359465
mot_tiny_1d-bs.512-ep.300,mot_tiny_1d,0.7,42,43,0.04329266198464772,0.28547076815103434,0.9395199847007076,0.9380256533622742,0.9792503346720214,0.8557647974951545,0.8145315487571702,0.8100250959396362,0.9231357552581262
mot_tiny_1d-bs.512-ep.300,mot_tiny_1d,0.7,42,44,0.03331053163689321,0.28424406904270555,0.9400937081659974,0.9385749101638794,0.9793937655383439,0.8573818462072778,0.8149139579349904,0.8108959794044495,0.9235181644359465
mot_tiny_1d-bs.512-ep.300,mot_tiny_1d,0.7,42,45,0.024578229939112014,0.2839562851421964,0.9403805698986422,0.9388860464096069,0.979441575827118,0.857426075543318,0.8137667304015297,0.8098223805427551,0.9239005736137668
mot_tiny_1d-bs.512-ep.300,mot_tiny_1d,0.7,42,46,0.017130219296696253,0.28387721539182037,0.9408108624976095,0.9393932819366455,0.9798240581373111,0.8579768689595034,0.8133843212237094,0.8098326921463013,0.9235181644359465
mot_tiny_1d-bs.512-ep.300,mot_tiny_1d,0.7,42,47,0.010995893604979155,0.28356936206368966,0.9408108624976095,0.9392473697662354,0.9794893861158921,0.8577579906748084,0.8152963671128107,0.8113003373146057,0.9235181644359465
mot_tiny_1d-bs.512-ep.300,mot_tiny_1d,0.7,42,48,0.006199462244958943,0.28347792372828484,0.9407630522088354,0.9392409324645996,0.9797284375597629,0.8577847613887167,0.8145315487571702,0.8107114434242249,0.9235181644359465
mot_tiny_1d-bs.512-ep.300,mot_tiny_1d,0.7,42,49,0.0027598545399327803,0.2834456468499352,0.9406674316312871,0.9391389489173889,0.9798240581373111,0.8576410523336203,0.8149139579349904,0.8111114501953125,0.9235181644359465
mot_tiny_1d-bs.512-ep.300,mot_tiny_1d,0.7,42,50,0.0006906450501049539,0.2834378690422322,0.9406674316312871,0.9391427636146545,0.9797284375597629,0.8576156681855823,0.8149139579349904,0.8111114501953125,0.9235181644359465
mot_tiny_1d-bs.512-ep.300,mot_tiny_1d,1.0,42,1,1.0,1.3783442773926575,0.6993210938994071,0.6963951587677002,0.8644100210365271,1.6456294028754443,0.6588910133843212,0.658791720867157,0.831357552581262
mot_tiny_1d-bs.512-ep.300,mot_tiny_1d,1.0,42,2,0.9990133642141358,1.0253482723035463,0.7709409064830751,0.7634309530258179,0.9032319755211321,1.3000258465797905,0.7384321223709369,0.732937753200531,0.8730401529636711
mot_tiny_1d-bs.512-ep.300,mot_tiny_1d,1.0,42,3,0.996057350657239,0.9522042660212557,0.7837062535857716,0.7809672355651855,0.9132721361637024,1.2938984537215807,0.739961759082218,0.7375627756118774,0.8803059273422562
mot_tiny_1d-bs.512-ep.300,mot_tiny_1d,1.0,42,4,0.9911436253643444,0.8872896284919369,0.7954675846242111,0.7934289574623108,0.9194874737043411,1.2582585599180844,0.7422562141491396,0.7384884357452393,0.8814531548757171
mot_tiny_1d-bs.512-ep.300,mot_tiny_1d,1.0,42,5,0.9842915805643155,0.8867380025852339,0.7971409447313061,0.7965041995048523,0.9218301778542742,1.3196189012399824,0.7380497131931166,0.7375330328941345,0.8868068833652007
mot_tiny_1d-bs.512-ep.300,mot_tiny_1d,1.0,42,6,0.9755282581475768,0.7679125898357194,0.8194683495888315,0.8174629807472229,0.9332568368712947,1.1943517083191735,0.7583173996175908,0.7578628063201904,0.8910133843212237
mot_tiny_1d-bs.512-ep.300,mot_tiny_1d,1.0,42,7,0.9648882429441257,0.8258429970652816,0.8147351310001912,0.8122398257255554,0.9300535475234271,1.2928731681283983,0.7472275334608031,0.7435961961746216,0.8936902485659656
mot_tiny_1d-bs.512-ep.300,mot_tiny_1d,1.0,42,8,0.9524135262330098,0.7538231723644602,0.8213807611397973,0.8201090097427368,0.9380378657487092,1.2576269058606822,0.7533460803059273,0.753196120262146,0.8906309751434034
mot_tiny_1d-bs.512-ep.300,mot_tiny_1d,1.0,42,9,0.9381533400219317,0.6886475773335506,0.8386880856760375,0.8368979096412659,0.9420061197169631,1.2127123765234282,0.7674952198852772,0.7633591294288635,0.8978967495219885
mot_tiny_1d-bs.512-ep.300,mot_tiny_1d,1.0,42,10,0.9221639627510075,0.6332260546936864,0.8545611015490534,0.8493143320083618,0.9460699942627654,1.1635933841391686,0.7774378585086043,0.7752628326416016,0.9066921606118546
mot_tiny_1d-bs.512-ep.300,mot_tiny_1d,1.0,42,11,0.9045084971874737,0.6341550671637093,0.8501147446930579,0.8484079241752625,0.9472174411933448,1.175264588277609,0.7682600382409178,0.7636907696723938,0.9009560229445507
mot_tiny_1d-bs.512-ep.300,mot_tiny_1d,1.0,42,12,0.8852566213878946,0.5958557971510063,0.8540351883725378,0.8514206409454346,0.9524287626697265,1.1578496805340563,0.7743785850860421,0.7699547410011292,0.9078393881453155
mot_tiny_1d-bs.512-ep.300,mot_tiny_1d,1.0,42,13,0.8644843137107058,0.5690231779196632,0.8646968827691719,0.8626129627227783,0.9540065021992733,1.1452773544574102,0.7808795411089866,0.776954710483551,0.9070745697896749
mot_tiny_1d-bs.512-ep.300,mot_tiny_1d,1.0,42,14,0.8422735529643444,0.5520367572220499,0.8654618473895582,0.8631003499031067,0.953910881621725,1.1453566695262551,0.7736137667304015,0.7695444226264954,0.9001912045889101
mot_tiny_1d-bs.512-ep.300,mot_tiny_1d,1.0,42,15,0.8187119948743449,0.5274972627486205,0.8678045515394913,0.8656085729598999,0.9599349780072671,1.1014438045640293,0.780114722753346,0.7783540487289429,0.9112810707456979
mot_tiny_1d-bs.512-ep.300,mot_tiny_1d,1.0,42,16,0.7938926261462367,0.5235161888916284,0.8709600305985848,0.869901716709137,0.9590265825205584,1.1243926039161463,0.7831739961759082,0.7797627449035645,0.9066921606118546
mot_tiny_1d-bs.512-ep.300,mot_tiny_1d,1.0,42,17,0.7679133974894983,0.48191884161751636,0.8803786574870912,0.877998948097229,0.9616561484031364,1.0849476458693554,0.7904397705544933,0.7859532237052917,0.9108986615678776
mot_tiny_1d-bs.512-ep.300,mot_tiny_1d,1.0,42,18,0.7408768370508576,0.47983846438275307,0.8791834002677377,0.8769403696060181,0.959887167718493,1.1088038537515965,0.7831739961759082,0.7787755727767944,0.9116634799235181
mot_tiny_1d-bs.512-ep.300,mot_tiny_1d,1.0,42,19,0.7128896457825363,0.46036292444704413,0.8858768406961178,0.884077787399292,0.9656244023713904,1.0871903858950671,0.7908221797323136,0.7859538793563843,0.9101338432122371
mot_tiny_1d-bs.512-ep.300,mot_tiny_1d,1.0,42,20,0.6840622763423391,0.4281554950722136,0.891566265060241,0.8897355794906616,0.9662459361254542,1.0547583439609973,0.795793499043977,0.7926352024078369,0.9158699808795411
mot_tiny_1d-bs.512-ep.300,mot_tiny_1d,1.0,42,21,0.6545084971874737,0.4053880701012173,0.8979250334672021,0.8955459594726562,0.9674890036335819,1.0600915781170643,0.7977055449330784,0.7973385453224182,0.9135755258126195
mot_tiny_1d-bs.512-ep.300,mot_tiny_1d,1.0,42,22,0.6243449435824273,0.4076695384293493,0.8954867087397208,0.8949583172798157,0.9697360872059667,1.053096542212521,0.795793499043977,0.7922636270523071,0.918546845124283
mot_tiny_1d-bs.512-ep.300,mot_tiny_1d,1.0,42,23,0.5936906572928624,0.3766669017859594,0.9046662841843565,0.9025173783302307,0.9709313444253204,1.0265963844313903,0.7988527724665392,0.7932506799697876,0.9154875717017208
mot_tiny_1d-bs.512-ep.300,mot_tiny_1d,1.0,42,24,0.5626666167821522,0.3807738731458689,0.9016542359915853,0.8987939953804016,0.9710747752916428,1.03172809899879,0.7869980879541109,0.7826376557350159,0.918546845124283
mot_tiny_1d-bs.512-ep.300,mot_tiny_1d,1.0,42,25,0.5313952597646567,0.35555069349445423,0.9097819850831899,0.9079219698905945,0.9724612736660929,1.03224076367701,0.795793499043977,0.7930238842964172,0.9181644359464627
mot_tiny_1d-bs.512-ep.300,mot_tiny_1d,1.0,42,26,0.5,0.354743918717808,0.912794033275961,0.912305474281311,0.9729871868426085,1.0190043717451807,0.7980879541108986,0.7966880798339844,0.9135755258126195
mot_tiny_1d-bs.512-ep.300,mot_tiny_1d,1.0,42,27,0.4686047402353433,0.32791477404171476,0.9190571811053738,0.9162812829017639,0.9748995983935743,1.0102105777076735,0.8026768642447418,0.8007374405860901,0.9166347992351817
mot_tiny_1d-bs.512-ep.300,mot_tiny_1d,1.0,42,28,0.4373333832178479,0.32661990814807196,0.9184834576400841,0.9160510897636414,0.9746605469497036,1.0135802974664458,0.7980879541108986,0.7941192388534546,0.9208413001912046
mot_tiny_1d-bs.512-ep.300,mot_tiny_1d,1.0,42,29,0.4063093427071377,0.31385075218432673,0.9211130235226621,0.919369101524353,0.9760948556129279,0.9887619383248498,0.8045889101338433,0.8010362386703491,0.9239005736137668
mot_tiny_1d-bs.512-ep.300,mot_tiny_1d,1.0,42,30,0.3756550564175726,0.3065074613614574,0.9259418626888506,0.9243694543838501,0.9762382864792504,0.9897583284979796,0.8068833652007649,0.8043443560600281,0.9196940726577438
mot_tiny_1d-bs.512-ep.300,mot_tiny_1d,1.0,42,31,0.34549150281252644,0.30397482628711986,0.9256550009562058,0.9246878027915955,0.9771944922547332,0.9981218137431099,0.8007648183556405,0.7971423268318176,0.918546845124283
mot_tiny_1d-bs.512-ep.300,mot_tiny_1d,1.0,42,32,0.31593772365766115,0.29571046754447106,0.9279498948173647,0.9277820587158203,0.9770032510996366,0.9851099280508708,0.8007648183556405,0.79705411195755,0.9162523900573614
mot_tiny_1d-bs.512-ep.300,mot_tiny_1d,1.0,42,33,0.28711035421746367,0.2798177022782583,0.9342130426467776,0.9327422976493835,0.9791547140944731,0.9688044079403121,0.804206500956023,0.8010040521621704,0.9219885277246654
mot_tiny_1d-bs.512-ep.300,mot_tiny_1d,1.0,42,34,0.2591231629491423,0.2759586419218424,0.9348345764008414,0.9339439272880554,0.9790112832281507,0.9706397630972342,0.8080305927342256,0.8045199513435364,0.920076481835564
mot_tiny_1d-bs.512-ep.300,mot_tiny_1d,1.0,42,35,0.23208660251050156,0.2695376255198085,0.9370338496844521,0.9355201721191406,0.9797284375597629,0.9645199485764221,0.8076481835564053,0.8028093576431274,0.924282982791587
mot_tiny_1d-bs.512-ep.300,mot_tiny_1d,1.0,42,36,0.2061073738537635,0.266938092034231,0.939328743545611,0.9381017088890076,0.9799674890036336,0.9537920468623962,0.8107074569789675,0.8066636919975281,0.924282982791587
mot_tiny_1d-bs.512-ep.300,mot_tiny_1d,1.0,42,37,0.18128800512565513,0.26208302076014717,0.9407630522088354,0.9395732283592224,0.9809236947791165,0.9562971476159178,0.8118546845124283,0.8079765439033508,0.9204588910133843
mot_tiny_1d-bs.512-ep.300,mot_tiny_1d,1.0,42,38,0.15772644703565564,0.25666489184392893,0.942962325492446,0.9412628412246704,0.980780263912794,0.9595853874833816,0.8080305927342256,0.8036139011383057,0.9219885277246654
mot_tiny_1d-bs.512-ep.300,mot_tiny_1d,1.0,42,39,0.13551568628929433,0.2529023538061665,0.9450659781985083,0.9436214566230774,0.9815452285331804,0.9478632793827677,0.8126195028680688,0.8084250092506409,0.9231357552581262
mot_tiny_1d-bs.512-ep.300,mot_tiny_1d,1.0,42,40,0.11474337861210543,0.2504139081723696,0.9459265633964429,0.9442072510719299,0.9809715050678907,0.9531722643179373,0.8114722753346081,0.8076997399330139,0.920076481835564
mot_tiny_1d-bs.512-ep.300,mot_tiny_1d,1.0,42,41,0.09549150281252633,0.24931582954969933,0.9455440810862498,0.9439986944198608,0.9814974182444062,0.9532138685879242,0.8114722753346081,0.8065927624702454,0.9219885277246654
mot_tiny_1d-bs.512-ep.300,mot_tiny_1d,1.0,42,42,0.07783603724899257,0.2473610782513862,0.9471696309045706,0.9460704922676086,0.9818320902658252,0.9472397011051215,0.8122370936902485,0.8086351752281189,0.920076481835564
mot_tiny_1d-bs.512-ep.300,mot_tiny_1d,1.0,42,43,0.06184665997806821,0.2461755887617183,0.9480780263912794,0.9467917084693909,0.9821189519984701,0.9462702049124081,0.8133843212237094,0.8090569972991943,0.9204588910133843
mot_tiny_1d-bs.512-ep.300,mot_tiny_1d,1.0,42,44,0.04758647376699032,0.24433889979955045,0.9486517498565691,0.9473025798797607,0.9820711417096959,0.9484228830720453,0.8122370936902485,0.807485818862915,0.9196940726577438
mot_tiny_1d-bs.512-ep.300,mot_tiny_1d,1.0,42,45,0.035111757055874326,0.2439031023257867,0.9485083189902467,0.9474130868911743,0.9823101931535666,0.948129710093511,0.8114722753346081,0.8073906898498535,0.920076481835564
mot_tiny_1d-bs.512-ep.300,mot_tiny_1d,1.0,42,46,0.024471741852423234,0.2437934011910563,0.9489864218779881,0.9478329420089722,0.9823580034423408,0.9485468249931847,0.8110898661567878,0.8069584369659424,0.9208413001912046
mot_tiny_1d-bs.512-ep.300,mot_tiny_1d,1.0,42,47,0.015708419435684517,0.24334237561396418,0.9492254733218589,0.947812557220459,0.9821189519984701,0.9484399784591412,0.8118546845124283,0.8071803450584412,0.9204588910133843
mot_tiny_1d-bs.512-ep.300,mot_tiny_1d,1.0,42,48,0.00885637463565564,0.2431884063637537,0.9490820424555364,0.9477394819259644,0.9823101931535666,0.9483381340654129,0.8110898661567878,0.8065477609634399,0.9196940726577438
mot_tiny_1d-bs.512-ep.300,mot_tiny_1d,1.0,42,49,0.0039426493427611176,0.243141065753653,0.9490342321667623,0.947683572769165,0.9823580034423408,0.9481073018469729,0.8118546845124283,0.8075603246688843,0.9196940726577438
mot_tiny_1d-bs.512-ep.300,mot_tiny_1d,1.0,42,50,0.0009866357858642205,0.2431306372547861,0.9489864218779881,0.9476464986801147,0.9823580034423408,0.9480779731706725,0.8122370936902485,0.8079603314399719,0.9196940726577438
